:020000040800F2
:10000000802100206D020008B5A70008DD17000858
:10001000B1A70008D50C000881A800080000000066
:10002000000000000000000000000000BDA7000864
:10003000D90C000800000000B9A70008C1A70008FB
:10004000870200088702000887020008870200086C
:10005000870200088702000887020008870200085C
:10006000870200088702000887020008870200084C
:10007000870200088702000887020008870200083C
:10008000870200088702000887020008870200082C
:10009000870200088702000887020008870200081C
:1000A000870200088702000887020008870200080C
:1000B00087020008870200088702000887020008FC
:1000C00087020008870200088702000887020008EC
:1000D00087020008870200088702000887020008DC
:1000E00087020008870200088702000887020008CC
:1000F00087020008870200088702000887020008BC
:1001000087020008870200088702000887020008AB
:10011000870200088702000887020008870200089B
:10012000870200088702000887020008870200088B
:10013000870200088702000887020008870200087B
:10014000870200088702000887020008870200086B
:10015000870200088702000887020008870200085B
:10016000870200088702000887020008870200084B
:1001700087020008870200088702000800000000CC
:10018000870200088702000800F002F800F05FF81C
:1001900014A696E8000CB244B344DA4501D100F04D
:1001A00056F8BAE80F000FA696E83000A5EB040554
:1001B00004EB0607AAEB0704A7F101074FEA1515A0
:1001C0004FEA3414A4F10104AC4201D300F03FF82B
:1001D00013F0010F18BFFB1A43F0010300F001F800
:1001E000DBE718475C4A01007C4A0100103A24BF53
:1001F00078C878C1FAD8520724BF30C830C144BF8C
:1002000004680C6070470000704700000023002461
:1002100000250026103A28BF78C1FBD8520728BF16
:1002200030C148BF0B607047662910F0648200201F
:1002300070471FB510F052FA00F0D4FB0400002004
:1002400000210FF0E9FCE0601FBD10B510BD00F00B
:10025000CDFC1146FFF7EDFF0EF05EFB00F0EBFC6E
:1002600003B4FFF7F2FF03BC00F02CFD0948804700
:1002700009480047FEE7FEE7FEE7FEE7FEE7FEE788
:10028000FEE7FEE7FEE7FEE704480549054A064BA0
:10029000704700006DA80008890100088001002057
:1002A00080210020801100208011002053EA020CE0
:1002B00000F069802DE9F04B4FF00006002B1FBFC6
:1002C000B3FA83F503FA05F424FA05F65E4012BF8B
:1002D0001643B2FA82F502FA05F4C5F120051EBFF5
:1002E00022FA05FC44EA0C04203556EA044C4FEA95
:1002F000144418BF641C4FF000084FF000099042EE
:1003000071EB030C39D3002919BFB1FA81F701FA57
:1003100007F6B0FA80F700FA07F6C7F120071EBF0C
:1003200020FA07FC46EA0C062037B6FBF4FCA7EBE4
:100330000507103F07F01F0BCBF120062CFA06F63D
:100340000CFA0BFB44BFB3460026202FA4BF5E4629
:100350004FF0000B5BEA060C08BF4FF0010B19EBE6
:100360000B0948EB0608ABFB027C06FB02CC0BFB3F
:1003700003CCC01B71EB0C01C1E70B4602464146A2
:100380004846BDE8F08B13B5084318BF4FF0FF3067
:100390000146AFF30080BDE81C4070470FB41CB5A8
:1003A000074B06AA7B4469460090059800F001FBC4
:1003B0000020694600F010FB1CBC5DF814FB000037
:1003C0003106000070B5044685690068C10601D594
:1003D000302600E02026C00707D070BDD4E90121F7
:1003E00030469047206A401C20626D1EF6D570BDD5
:1003F00070B5044685690078C00707D170BDD4E99F
:10040000012120209047206A401C20626D1EF6D5F5
:1004100070BD2DE9F0474FF0000A89460446C0F848
:1004200020A02046E1688847002876D0252806D0FD
:10043000D4E901219047206A401C2062F1E7E1687D
:10044000204600258847C4F81CA006460027C4F8AB
:1004500018A02A2E09D030460FF0CAFB38B304EB9F
:100460008708303EC8F8186019E059F8041B204688
:1004700004EB87029161E1688847012F064618D195
:10048000E069002820DA25F020051DE0D8F81800E2
:1004900000EB800006EB40003038C8F8180020461A
:1004A000E168884706460FF0A3FB0028EED1012F34
:1004B0000AD02E2E08D12046E16888477F1C0646C8
:1004C000022F45F02005C4DBA069002803DA404272
:1004D00045F00105A061E80701D025F01005B6B18F
:1004E000A6F14100192802D8203645F400654A4695
:1004F0003146204625604D46FFF796FE58B101284B
:1005000006D0ED1D25F0070000F1080989E704E099
:1005100005F1040985E730468AE7206ABDE8F087DF
:100520004FF0000200B5134694469646203922BF8C
:10053000A0E80C50A0E80C50B1F12001BFF4F7AFD7
:10054000090728BFA0E80C5048BF0CC05DF804EBB9
:10055000890028BF40F8042B08BF704748BF20F827
:10056000022B11F0804F18BF00F8012B7047704725
:100570007047704710B500F039FA006810BD10B52B
:10058000044600F033FA046010BD2DE9FF4F0C461D
:100590001E464FF0FF378BB0D2E90001DDF86080D6
:1005A0000A908A46C1F30A5505B93D46002108461E
:1005B0004FF00000BAF1000F00F4400005DA00EB44
:1005C00080004FF4400101EA50004FEA9059B9F120
:1005D000010F00DDB9460A9850EA4A000ED044F6F1
:1005E0001050A5F2FF3545432F14B8F1000F1ED06F
:1005F0007542291E1EDDC9F100021CE0B8F1010F91
:100600004FF0000001D0302103E0F24305E0215417
:10061000401CB042FBDB30460022002121540B99E4
:10062000C1F80880C1E900200FB0BDE8F08FBD1B04
:100630006D1CDEE74A4600DA694206A800F060FA5F
:1006400006AB93E8070003AB83E8070050460A991E
:100650000EF011FA8DE80700A0F500501F38009049
:100660000398002D0ADD42F21F014A460844002388
:1006700003A9039068460EF07BFC09E0A0F500504A
:100680004A461F38002303A9039068460EF085FCF4
:100690008DE807000004000C03D04FF0FF30410844
:1006A00000E01046B8F1000F03D00022009215467A
:1006B0001EE0751E05D400F09DF9303262556D1EA6
:1006C000F9D5B3460122084302D000227F1C04E082
:1006D0002078302801D100227F1E002A099784D07B
:1006E0001DE0112D07DA00F085F9303262556D1CDE
:1006F00050EA0102F5D1084302D00098C8B10EE0DB
:100700000021681E05E0235C625C63542254401E95
:10071000491C8142F7DBAB46A81B401E0990002014
:1007200004F80B000B98099AC0F80880C0E9002B68
:100730007AE711264FF0000857E72DE9F04F884679
:100740000446D21D22F0070191B0D1E90001CDE9A4
:100750000A010EF059FD02460B98C00F01D02D2062
:1007600007E02068810701D52B2002E0202101EA63
:10077000C000032A099001D0072A05DB0346414641
:10078000204600F07DF90BE12078800601D5E06974
:1007900000E00620B8F1650F814606D0B8F1660F7B
:1007A00018D0B8F1670F70D131E00020B9F1110F06
:1007B000009001DB112301E009F101030AAA01A95C
:1007C0000CA8FFF7E2FEDDE90C70002609F1010537
:1007D000834647E001204B4600904FF000470AAAAD
:1007E00001A90CA8FFF7D1FEDDE90DB00C995D461B
:1007F000002610B909F101000D18B9EB050003D46A
:10080000C0F1FF3609F10105A5EB09002BE0B9F1B4
:10081000010F01DA4FF001090020B9F1110F00902A
:10082000484601DD112300E003460AAA01A90CA8ED
:10083000FFF7ABFEDDE90C704D46002683462078BD
:1008400000070AD4AB4500DA5D4601A8012D04DD9E
:10085000411911F8011C302907D04F4502DA17F170
:10086000040F04DA012082460FE06D1EEEE7002F30
:1008700002DCED1B3E4403E0781CA84200DD7D1C39
:10088000B81B00F1010A4FF000472078000703D49D
:10089000AA4501DB4FF0FF3A0021B7F1004F0DF1FF
:1008A00043088DF8431024D002202B23002F01DAB7
:1008B0007F422D230A21021EA0F1010000DC5FB15E
:1008C00097FBF1FC97FBF1F201FB1C7C17460CF146
:1008D000300C08F801CDEEE7A8F101000370218883
:1008E000090501D5452100E06521A0F1010800F8C6
:1008F000011C09980FA9A1EB0807FF1D00B10120F9
:10090000411901EBEA70A1693844081A401EA06140
:100910002078C00602D42046FFF754FD099828B17C
:10092000D4E901219047206A401C20622078C0064B
:1009300022D52046FFF746FD1EE0002E04DBB3451E
:1009400002DD01A8805D00E03020D4E9012190475C
:10095000206A401C2062761CAAF101005FEA000AAE
:100960000AD100F03FF8C0680168405CD4E9012179
:100970009047206A401C2062281EA5F10105DCDC9E
:1009800007E0D4E9012118F8010B9047206A401CC8
:100990002062381EA7F10107F3DC2046FFF728FD8F
:1009A000032011B041E6000001694A1C0261087889
:1009B000704700B58FB0CDE901310021059105499F
:1009C0007944CDE9031011466846FFF722FD0FB0C8
:1009D00000BD0000E5FFFFFF0A6802F8010B0A6096
:1009E0007047000000487047300000200048704702
:1009F0001000002030B5B0F10A0271F100034FEA97
:100A0000900E4EEA817EB0EB0E0061EB91014FEA51
:100A1000101E4EEA017E10EB0E0041EB11114FEA61
:100A2000102E4EEA016E10EB0E0041EB11214FEA41
:100A3000104E4EEA014E10EB0E0041EB11414018F2
:100A400041F100014FEAD00040EA41704FEAD10184
:100A50004FEA810444EA907410EB800544EB0104F2
:100A60006D1944EB0404521BA3414FF0000348BF2F
:100A70000A3200D530BD401C41F1000130BD0000FC
:100A80002DE9F0411F46044603260168072A01F4B8
:100A9000006004DB08B116A505E016A503E008B167
:100AA00015A500E015A521F010002060A069C01E6A
:100AB000A0610FB1401EA0612046FFF783FC4FB13B
:100AC000D4E9012138469047206A401C2062C01CAE
:100AD000206206E0206AFAE7D4E9012115F8010B4B
:100AE0009047761EF8D22046FFF782FCBDE8F081E1
:100AF0004E414E006E616E00494E4600696E6600C2
:100B00002DE9F047814616468AB0354878440DC82D
:100B10008DE80D0032487844801C03AC0DC884E891
:100B20000D0041F69B300844372190FBF1F290FB19
:100B3000F1F5A5F1800501FB12041B3C02D56442CE
:100B4000012000E00020DFF898A080460027FA444A
:100B5000AAF1BE0A0EE0E0070AD03246684607EB6B
:100B6000470101230AEB81010EF017FA8DE8070017
:100B700064107F1C002CEED1194F7F44AE3F19E06A
:100B8000E80715D007EB04100DF1180A90E80E00E5
:100B90008AE80E00C068F04201D1981908903246E8
:100BA000012306A903A80EF0F8F903AB83E80700B8
:100BB0006D10641C002DE3D14FF0010332466946ED
:100BC000B8F1000F03A802D00EF0D2F901E00EF048
:100BD000E4F9C9E90001C9F808200AB0BDE8F087C6
:100BE00094FD000000487047100000207546FFF794
:100BF000F9FFAE4605006946534620F007008546DA
:100C000018B020B5FFF740FBBDE820404FF00006CC
:100C10004FF000074FF000084FF0000BAC46ACE877
:100C2000C009ACE8C009ACE8C009ACE8C00921F0D3
:100C300007018D46704710B50446AFF3008020468B
:100C4000BDE81040FFF70CBB30B44FF0013C50F84A
:100C5000042B51F8043BCCFA52F4D51A20D1FCB93C
:100C600050F8042B51F8043BCCFA52F4D51A17D1A2
:100C7000B4B950F8042B51F8043BCCFA52F4D51A0D
:100C80000ED16CB950F8042B51F8043BCCFA52F455
:100C9000D51A05D1002CDAD030BC4FF000007047D7
:100CA00029BAB1FA81F111F01801D1F12000844084
:100CB000F2D1CA40CB4012F0FF0213F0FF0330BC68
:100CC000D01A704701491820ABBEFEE7260002008B
:100CD00070470000FEE7000070470000B3F5804F4A
:100CE00003461DD1B0B553F822C00020CCF6F070F9
:100CF0000CEA000E91E83100D1F818C040EA0E006D
:100D000040EA0410C96840EA052040EA0C0040EAC5
:100D10000141BDE8B040002043F82210704700BFF9
:100D20006FF07041002043F8221070472DE9F04F1A
:100D300083B00B68024650F8230001F1240B20F029
:100D4000010042F82300D1E902C0D1E900E301909B
:100D50008869D1E9049A0290C86BD1E907760090BE
:100D60009BE83008D1F8308052F82E008021CFF671
:100D7000F0710840BCF1080F08BF43F0400301992F
:100D8000194341EA090141EA0A0139433143214348
:100D9000294341EA0B01029B41EA08011943009BE8
:100DA0001943084340EA0C01002042F82E1003B01A
:100DB000BDE8F08F70B5D1E900C3D1E902E44CEA97
:100DC000031343EA0E23D1E9045643EA0443002403
:100DD000CFF6F074896904EB05552B43FE361943B1
:100DE00041EA066100EB82020020516070BD000004
:100DF000B0B5044600F0E6F8054640F20000C2F245
:100E000000000078611C18BF044400BF00F0DAF84D
:100E1000401BA042FAD3B0BD2DE9F04F83B000F1E2
:100E2000200200F13E4741F60045009207F1FF77AE
:100E3000C4F2020508224FEAB726A84208BF0722DB
:100E400000254FF000084FF00009072E38BF4FEA89
:100E5000B72201920AE000BF09F1010908F1020876
:100E6000B9F1100F05F1040500F0A2800F6801220E
:100E700002FA09FE17EA0E0AEED0D1F804C00322E6
:100E80000CF003077E1E02FA08F4012E6FEA040B31
:100E900012D88468CE6804EA0B0406FA08F63443D4
:100EA0008460446824EA0E06CCF3001404FA09F4C2
:100EB0002643466004E000BF032F01D103271EE054
:100EC000C6688C6806EA0B0604FA08F42643022F6B
:100ED000C66014D16FF00302009E02EA590756F86B
:100EE00007C005F01C040F220B69A2402CEA020285
:100EF000A3401A43F251D1F804C00CF00307026872
:100F000007FA08F302EA0B021A431CF4403F02609E
:100F1000A2D0002243F644030292C4F202031A68EC
:100F200043F6004442F480421A601A68C4F2010495
:100F300002F480420292029A29F003024FF6084C12
:100F40002244CFF6FF7C52F80C3005F00C070F2638
:100F5000BE40B343019E06FA07F73B4342F80C300C
:100F6000A2684B6842EA0A0743F60C4CDE0258BFFF
:100F700022EA0A07A760C4F2010CDCF800209E02F6
:100F800042EA0A0758BF22EA0A07CCF800706268F2
:100F90009E0342EA0A0758BF22EA0A0767602268EE
:100FA000DB0342EA0A0758BF22EA0A07276053E731
:100FB00003B0BDE8F08F0000002A08BF090481617A
:100FC0007047000040F27C10C2F2000000687047D9
:100FD00040F2000040F27C11C2F20000C2F20001B7
:100FE00000780A68104408607047000080B543F636
:100FF0000040C4F20200016841F400710160016820
:1010000041F480610160016841F480710160032056
:1010100000F074F80F2000F005F800F027F8002029
:1010200080BD000070B540F20006C2F2000640F23A
:1010300008013278C2F200014FF47A730968B3FBF9
:10104000F2F20446B1FBF2F1084600F0B1FB0F2CBE
:101050004FF0010508D838B94FF0FF302146002283
:10106000002500F01FF87460284670BD82B0002093
:1010700043F640010190C4F202014A6842F4804202
:101080004A604A6802F480420192019A009008681E
:1010900040F080500860086800F080500090009890
:1010A00002B0704710B54EF60C5CCEF2000CDCF8C6
:1010B0000030C3F3022E8EF00704042C28BF042452
:1010C000BEF103034FF0FF3E0EFA04F438BF0023D5
:1010D000A14399400EFA03F39A43114300F00F0223
:1010E00000F160430901043A03F5644362440028B7
:1010F00048BF02F10C03197010BD00004EF60C51F0
:10110000CEF200010A684FF6FF031A4060F30A228C
:1011100042F0806040F0FD7008607047002804BF16
:10112000012070472DE9F04143F60808C4F2020897
:101130000446D8F8F8030D4600F00700814207D9AD
:1011400088F8F853D8F8F80300F00700A84277D1E0
:101150002068810717D5410705D5D8F8001041F45C
:10116000E051C8F80010010705D5D8F8001041F487
:101170006041C8F80010D8F80010A26821F0F00112
:101180001143C8F80010C00740D1D8F8F80300F0A8
:101190000700854207D288F8F853D8F8F80300F022
:1011A0000700A8424CD12068410707D5D8F80010A5
:1011B000E26821F4E0511143C8F80010000708D597
:1011C000D8F80000216920F4604040EAC100C8F866
:1011D000000000F055F8D8F8001040F6BC02C1F34A
:1011E0000311C0F60102515C40F2080220FA01F13D
:1011F00040F20400C2F200000068C2F20002116076
:10120000FFF710FF0020BDE8F08100BF6068811E7D
:10121000022907D258F8081C89015CBF0120BDE8EB
:10122000F08111E0012807D158F8081C89035CBF40
:101230000120BDE8F08107E058F8081C890703D4B5
:101240000120BDE8F08100BFD8F8001021F00301B3
:101250000843C8F80000FFF7B5FE064641F288379C
:10126000D8F80000616800F00C00B0EB810F8CD062
:10127000FFF7A8FE801BB842F2D90320BDE8F08139
:1012800010B543F60404C4F202046168C1F381019D
:1012900042F20040C0F2F400DFE801F002040A026A
:1012A00010BD00BF41F20020C0F27A0010BD00BFA7
:1012B000216801F03F02216823684902C3F38811C5
:1012C00006D4A1FB00010023FEF7F0FF07E000BFFA
:1012D00041F20020C0F27A004843B0FBF2F02168EE
:1012E0000222C1F3014102EB4101B0FBF1F010BD5C
:1012F000002804BF012070472DE9F04182B0044668
:10130000007843F60006C007C4F202060CD0B068AD
:1013100000F00C00042840F081803068800303D581
:101320006068002800F06881207880071BD5B068CD
:1013300010F00C0F09D0B06800F00C00082840F045
:1013400087807068400200F183803068800703D591
:10135000E068012840F050813068216920F0F800F1
:1013600040EAC10030602078000713D4207840079D
:101370002AD4A569002D00F03A81B06800F00C0075
:10138000082840F0A580012D40F00E81012002B018
:10139000BDE8F0816069002800F082800020C4F27E
:1013A00047200121C0F8801EFFF70CFE054600BF54
:1013B000706F8007DAD4FFF705FE401B0228F7D9CB
:1013C000032002B0BDE8F081306C5FEAC0080AD4A7
:1013D00000200190306C40F080503064306C00F0A0
:1013E00080500190019847F20007C4F20007386866
:1013F000C00547D4386840F480703860FFF7E2FDDC
:10140000054600BF3868C0053CD4FFF7DBFD401B34
:101410000228F7D9032002B0BDE8F081B06800F0DF
:101420000C00082803D1706840023FF576AF616870
:101430003068B1F5803F07D0B1F5A02F40F09A8019
:1014400040F480203060306840F4803030609AE0B2
:10145000E068002840F20000C4F247205CD001217F
:101460000160FFF7AFFD0546306880073FF574AFB8
:10147000FFF7A8FD401B0228F6D9032002B0BDE803
:10148000F08100BFA168306F012905D0052955D131
:1014900040F004003067306F40F00100306756E0E4
:1014A0000020C4F247200021C0F8801EFFF78AFD0B
:1014B000054600BF706F80077FF558AFFFF782FDCC
:1014C000401B0228F6D9032002B0BDE8F08100BF1E
:1014D0000027C4F2472700203866FFF773FD022D6E
:1014E00005460DD13068800140F18A80FFF76AFD22
:1014F000401B02284FF00300F4D902B0BDE8F08190
:101500003068800173D5FFF75DFD401B02284FF066
:101510000300F5D9F1E700BF00210160FFF752FD9C
:10152000054600BF306880077FF51DAFFFF74AFD15
:10153000401B02284FF00300F4D9DEE720F0010041
:101540003067306F002920F0040030677AD0FFF751
:1015500039FD054641F28837306F800700F18480FD
:10156000FFF730FD401BB842F6D9032002B0BDE8BA
:10157000F08100BF20F4803030603068002920F412
:10158000802030607AD0FFF71DFD0546306880036B
:101590003FF5CAAEFFF716FD401B6428F6D90320BD
:1015A00002B0BDE8F08100BF7068E16900F480021C
:1015B0008A4221D1216A00F03F028A421CD147F6BB
:1015C000C071626A0140B1EB821F15D1A16A4FF66A
:1015D000FF73C903994300F44032A1F580318A4278
:1015E0000AD1E16A00F07060B0EB016F04D1002015
:1015F00002B0BDE8F08100BF012002B0BDE8F0817B
:1016000004F11C052FCD084340EA8210D9034FF6A0
:10161000FF729143A1F5803140EA05600843706094
:1016200001203866FFF7CEFC044600BF3068800119
:10163000DDD4FFF7C7FC001B02284FF00300F5D9EB
:101640005BE700BFFFF7BEFC054641F2883700BFED
:10165000306F800708D5FFF7B5FC401BB8424FF04C
:101660000300F5D949E700BFB8F1000F3FF581AE9F
:10167000306C20F0805030647BE600BFFFF7A2FCA6
:10168000054600BF306880037FF54EAEFFF79AFC39
:10169000401B64284FF00300F4D92EE7002804BF54
:1016A0000120704770B5044690F8490015460E4673
:1016B00028B9002084F84800204600F01DF8206872
:1016C00004F10801FFF732FB2068A2683146FFF7FA
:1016D00071FBD4E90102236B2946FFF7FFFA20686A
:1016E000A16850F8212042F0010240F82120012099
:1016F00084F84900002070BD2DE9F04786B040F223
:101700007000C2F200000178002600290596CDE99C
:1017100003660296019648D10121017043F6380014
:101720000096C4F20200016840F6004441F0010155
:1017300001600068C4F2020400F00100009000980B
:1017400001AD4FF480584FF002094FF0030A0C2707
:1017500004F500602946CDF80480CDE90296CDF865
:1017600010A00597FFF758FB4FF68070CDE90109EF
:1017700004F580602946CDE9036A0597FFF74CFB25
:101780004CF23370CDE9010920462946CDE9036AC0
:101790000597FFF741FB04F540602946CDE9018933
:1017A000CDE9036A0597FFF737FB06B0BDE8F08780
:1017B000411E0020B0EB116F1CBF012070474EF29C
:1017C0001002CEF2000251604EF62351CEF200011B
:1017D000F0230B700721906011607047FEE7000056
:1017E000B0B540F2800C4FF0D8442A25C6F6004C24
:1017F0002580050AACF80050C5B2ACF80050150AB7
:10180000ACF80050D5B2ACF800502B2525800D0A5D
:10181000ACF80050CDB2101A591AACF800501D0A9D
:1018200001300131DDF810E0ACF80050DDB201FB11
:1018300000F240F27100ACF800502C25C2F200001A
:10184000258000EB4E00B0F80700110902F00F0EE2
:1018500000F0D78011F00304A1F101034AD0012C5C
:101860001A46ACF80000ACF80000ACF80000ACF888
:101870000000ACF80000ACF80000ACF80000ACF8D8
:101880000000ACF80000ACF80000ACF80000ACF8C8
:101890000000ACF80000ACF80000ACF80000ACF8B8
:1018A000000028D0022CACF80000ACF80000ACF826
:1018B0000000ACF80000ACF80000ACF80000ACF898
:1018C0000000ACF80000ACF80000ACF80000ACF888
:1018D0000000ACF80000ACF80000ACF80000ACF878
:1018E0000000ACF8000040F0D9808A1E032B05D21E
:1018F00087E000BF0A46032BC0F08380043AACF8AF
:101900000000ACF80000ACF80000ACF80000ACF847
:101910000000ACF80000ACF80000ACF80000ACF837
:101920000000ACF80000ACF80000ACF80000ACF827
:101930000000ACF80000ACF80000ACF80000ACF817
:101940000000ACF80000ACF80000ACF80000ACF807
:101950000000ACF80000ACF80000ACF80000ACF8F7
:101960000000ACF80000ACF80000ACF80000ACF8E7
:101970000000ACF80000ACF80000ACF80000ACF8D7
:101980000000ACF80000ACF80000ACF80000ACF8C7
:101990000000ACF80000ACF80000ACF80000ACF8B7
:1019A0000000ACF80000ACF80000ACF80000ACF8A7
:1019B0000000ACF80000ACF80000ACF80000ACF897
:1019C0000000ACF80000ACF80000ACF80000ACF887
:1019D0000000ACF80000ACF80000ACF80000ACF877
:1019E0000000ACF80000ACF80000ACF80000ACF867
:1019F0000000ACF80000ACF80000ACF800007FF488
:101A00007DAFBEF1000F48D0BEF1010FACF8000071
:101A100043D0BEF1020FACF800003ED0BEF1030F80
:101A2000ACF8000039D0BEF1040FACF8000034D09F
:101A3000BEF1050FACF800002FD0BEF1060FACF8D8
:101A400000002AD0BEF1070FACF8000025D0BEF18F
:101A5000080FACF8000020D0BEF1090FACF8000070
:101A60001BD0BEF10A0FACF8000016D0BEF10B0F70
:101A7000ACF8000011D0BEF10C0FACF8000008BFAC
:101A8000B0BDBEF10D0FACF8000006D0BEF10E0FD8
:101A9000ACF8000018BFACF80000B0BDCA1EACF82E
:101AA0000000ACF80000ACF80000ACF80000ACF8A6
:101AB0000000ACF80000ACF80000ACF80000ACF896
:101AC0000000ACF80000ACF80000ACF80000ACF886
:101AD0000000ACF80000ACF80000ACF80000032BEC
:101AE000BFF40CAF8DE70000B0B540F2800E4FF0B0
:101AF000D8442A25C6F6004E2580050AAEF80050C7
:101B0000C5B2AEF80050150AAEF80050D5B2AEF826
:101B100000502B2525800D0AAEF80050CDB2101ACA
:101B2000591AAEF800501D0A01300131DDF810C01D
:101B3000AEF80050DDB24843AEF800502C25030942
:101B400000F00F00258000F0D68013F00304A3F10D
:101B5000010249D0012C1146AEF800C0AEF800C019
:101B6000AEF800C0AEF800C0AEF800C0AEF800C0DD
:101B7000AEF800C0AEF800C0AEF800C0AEF800C0CD
:101B8000AEF800C0AEF800C0AEF800C0AEF800C0BD
:101B9000AEF800C0AEF800C027D0022CAEF800C0EE
:101BA000AEF800C0AEF800C0AEF800C0AEF800C09D
:101BB000AEF800C0AEF800C0AEF800C0AEF800C08D
:101BC000AEF800C0AEF800C0AEF800C0AEF800C07D
:101BD000AEF800C0AEF800C0AEF800C040F0C8805B
:101BE000991E032A04D286E01946032AC0F0838096
:101BF0000439AEF800C0AEF800C0AEF800C0AEF8D0
:101C000000C0AEF800C0AEF800C0AEF800C0AEF83C
:101C100000C0AEF800C0AEF800C0AEF800C0AEF82C
:101C200000C0AEF800C0AEF800C0AEF800C0AEF81C
:101C300000C0AEF800C0AEF800C0AEF800C0AEF80C
:101C400000C0AEF800C0AEF800C0AEF800C0AEF8FC
:101C500000C0AEF800C0AEF800C0AEF800C0AEF8EC
:101C600000C0AEF800C0AEF800C0AEF800C0AEF8DC
:101C700000C0AEF800C0AEF800C0AEF800C0AEF8CC
:101C800000C0AEF800C0AEF800C0AEF800C0AEF8BC
:101C900000C0AEF800C0AEF800C0AEF800C0AEF8AC
:101CA00000C0AEF800C0AEF800C0AEF800C0AEF89C
:101CB00000C0AEF800C0AEF800C0AEF800C0AEF88C
:101CC00000C0AEF800C0AEF800C0AEF800C0AEF87C
:101CD00000C0AEF800C0AEF800C0AEF800C0AEF86C
:101CE00000C0AEF800C0AEF800C0AEF800C0AEF85C
:101CF00000C07FF47DAFD0B30128AEF800C036D06D
:101D00000228AEF800C032D00328AEF800C02ED0B2
:101D10000428AEF800C02AD00528AEF800C026D0AE
:101D20000628AEF800C022D00728AEF800C01ED0AA
:101D30000828AEF800C01AD00928AEF800C016D0A6
:101D40000A28AEF800C012D00B28AEF800C00ED0A2
:101D50000C28AEF800C008BFB0BD0D28AEF800C01A
:101D600005D00E28AEF800C018BFAEF800C0B0BD58
:101D7000D91EAEF800C0AEF800C0AEF800C0AEF894
:101D800000C0AEF800C0AEF800C0AEF800C0AEF8BB
:101D900000C0AEF800C0AEF800C0AEF800C0AEF8AB
:101DA00000C0AEF800C0AEF800C0AEF800C0AEF89B
:101DB00000C0032ABFF41CAF9DE7000080B54FF0C0
:101DC000D84C2A23ACF8003080234FEA102EC6F6F8
:101DD0000043C0B2A3F800E01880A3F800E0188028
:101DE0002B20ACF80000080AC9B2188019801880AE
:101DF0002C201980ACF8000040F27100C2F2000003
:101E000000EB4200B0F80700188080BD10B540F22A
:101E1000800C4FF0D84E2A24C6F6004CAEF8004095
:101E2000040AACF80040C4B2ACF80040140AACF8A4
:101E30000040D4B2ACF800402B24AEF800400C0AAD
:101E4000ACF80040CCB2101A591AACF800401C0A89
:101E500001300131ACF80040DCB201FB00F2ACF81B
:101E600000402C24AEF800402AB3029840F27101E1
:101E7000C2F2000101EB4000B0F80700042A02F0B2
:101E800003010BD322F00302043AACF80000ACF8D3
:101E90000000ACF80000ACF80000F5D1002908BF44
:101EA00010BD0129ACF8000005D00229ACF80000F3
:101EB00018BFACF8000010BD10B540F2800C4FF018
:101EC000D84E2A24C6F6004CAEF80040040AACF8FE
:101ED0000040C4B2ACF80040140AACF80040D4B2E0
:101EE000ACF800402B24AEF800400C0AACF80040DF
:101EF000CCB2101A591AACF800401C0A013001315A
:101F0000ACF80040DCB201FB00F2ACF800402C243D
:101F1000AEF80040EAB10298042A02F003010BD3A4
:101F200022F00302043AACF80000ACF80000ACF870
:101F30000000ACF80000F5D1002908BF10BD012950
:101F4000ACF8000005D00229ACF8000018BFACF8CE
:101F5000000010BD2DE9F04140F22C16C2F200063F
:101F600006F10E043779757996F80880022808BFC3
:101F700006F11004B4F800E006F10A04022808BFD4
:101F800006F10C0440F2800C20884FF0D8442A2639
:101F9000C6F6004C2680160AACF80060D6B23A4469
:101FA000013AACF80060160AD2B2ACF80060ACF8A6
:101FB00000202B2222801A0AACF80020DAB2ACF8FA
:101FC0000020EA18130AD2B2ACF80030ACF80020B6
:101FD0002C225FEAC873228002D1424647E000BF4C
:101FE00011F8012B82B353B2002B734648BF03464E
:101FF000ACF800305306734648BF0346ACF80030D7
:102000009306734648BF0346ACF80030D3067346C8
:1020100048BF0346ACF800301307734648BF034679
:10202000ACF800305307734648BF0346ACF80030A5
:102030009307734648BF0346D2070246ACF8003008
:1020400008BF72460FE000BF7246ACF800E0ACF883
:1020500000E0ACF800E0ACF800E0ACF800E0ACF870
:1020600000E0ACF800E0ACF80020A8F101025FFA53
:1020700088F3012B08BFBDE8F08100BF0B78002B6F
:1020800064D05CB2002C744648BF0446ACF80040F3
:102090005C06744648BF0446ACF800409C06744693
:1020A00048BF0446ACF80040DC06744648BF04460E
:1020B000ACF800401C07744648BF0446ACF800402A
:1020C0005C07744648BF0446ACF800409C07744661
:1020D00048BF0446DB070346ACF8004008BF734620
:1020E000ACF800304B78002B44D05CB2002C744626
:1020F00048BF0446ACF800405C06744648BF04463E
:10210000ACF800409C06744648BF0446ACF800405A
:10211000DC06744648BF0446ACF800401C07744611
:1021200048BF0446ACF800405C07744648BF04460C
:10213000ACF800409C07744648BF0446DB070346E2
:10214000ACF8004008BF734623E000BF7346ACF80C
:1021500000E0ACF800E0ACF800E0ACF800E0ACF86F
:1021600000E0ACF800E0ACF800E0ACF800304B78F0
:10217000002BBAD17346ACF800E0ACF800E0ACF844
:1021800000E0ACF800E0ACF800E0ACF800E0ACF83F
:1021900000E0023AACF80030130601F102017FF4CE
:1021A0006DAFBDE8F08100002DE9F04F8FB001EB7D
:1021B000410544F63A0140F27108C0F60101C2F24D
:1021C00000080DF1600C01EB450608EB45059CE8A5
:1021D0001016002808BF05F1170637793078757892
:1021E000F1789E46737996F802B00E900491411AE8
:1021F000E81BCDE908750D90ABEB03000292CDE929
:102200000B03CAB198F80660032E019600F2BC8257
:10221000CDF80CE0DFE806F0022A162098F800005E
:102220000F46B8F80410E046012804BFA1EB0908E6
:10223000A1EB0C09022026E000200F460190614628
:102240004A4628E0B8F804000F46A0EB0908A0EBC6
:102250000C09012017E000BFB8F804000F46A0EBFE
:102260000908A0EB0C0900200DE000BF98F8000061
:102270000F46B8F80410E046012804BFA1EB090896
:10228000A1EB0C09032001F065F9DDF80CE05146E3
:10229000C24622464C464FF0D8452A2680202E8042
:1022A000A6B2C6F60040360A0680E6B206801FFADD
:1022B0008AF6360A06805FFA8AF606802B262E807A
:1022C000160A0680D6B206800E0A0680CEB20680B6
:1022D0002C262E808D1A0D9A39024FEA02280B9A6D
:1022E000AAEB040705F1010C1202BEF1010F07F180
:1022F000010A1FFA8CF705D8002600230D96CDE9B8
:102300000A360AE073464FF0010E01267F080D964B
:102310002EEA05069E460A960B9792FBF7F2089C5A
:10232000079298FBF7F2069291FBF7F205921EF0E6
:10233000FD02B2FA82F20E994FEA5217049A08BFD0
:102340001146099B08BF23460C9A08BF9346CAF35F
:102350000B124FEA0B241B020902002A0AF00F0A93
:1023600000F09681561E0C9602F003060896961E03
:1023700004960992033A039209E000BF00220D92ED
:102380000E994C4643465FEA0C4200F0F0810E91F4
:1023900001F478464FF4FC6101EA53120899D646DD
:1023A000C4F3C4253244DDF824A0A146984602EBCC
:1023B000050B00296AD0A0F800B0A0F800B0A0F882
:1023C00000B0A0F800B0A0F800B0A0F800B0A0F8ED
:1023D00000B0A0F800B0A0F800B0A0F800B0A0F8DD
:1023E00000B0A0F800B0A0F800B0A0F800B0A0F8CD
:1023F00000B0A0F800B0DDF830A0012946D0A0F868
:1024000000B0A0F800B0A0F800B0A0F800B0A0F8AC
:1024100000B0A0F800B0A0F800B0A0F800B0A0F89C
:1024200000B0A0F800B0A0F800B0A0F800B0A0F88C
:1024300000B0A0F800B0A0F800B0A0F800B0DDF83F
:1024400010A0022922D0A0F800B0A0F800B0A0F897
:1024500000B0A0F800B0A0F800B0A0F800B0A0F85C
:1024600000B0A0F800B0A0F800B0A0F800B0A0F84C
:1024700000B0A0F800B0A0F800B0A0F800B0A0F83C
:1024800000B0A0F800B0DDF80CA000BF0C99032943
:10249000C0F08680AAF1040A5FEA0A42A0F800B000
:1024A000A0F800B0A0F800B0A0F800B0A0F800B00C
:1024B000A0F800B0A0F800B0A0F800B0A0F800B0FC
:1024C000A0F800B0A0F800B0A0F800B0A0F800B0EC
:1024D000A0F800B0A0F800B0A0F800B0A0F800B0DC
:1024E000A0F800B0A0F800B0A0F800B0A0F800B0CC
:1024F000A0F800B0A0F800B0A0F800B0A0F800B0BC
:10250000A0F800B0A0F800B0A0F800B0A0F800B0AB
:10251000A0F800B0A0F800B0A0F800B0A0F800B09B
:10252000A0F800B0A0F800B0A0F800B0A0F800B08B
:10253000A0F800B0A0F800B0A0F800B0A0F800B07B
:10254000A0F800B0A0F800B0A0F800B0A0F800B06B
:10255000A0F800B0A0F800B0A0F800B0A0F800B05B
:10256000A0F800B0A0F800B0A0F800B0A0F800B04B
:10257000A0F800B0A0F800B0A0F800B0A0F800B03B
:10258000A0F800B0A0F800B0A0F800B0A0F800B02B
:10259000A0F800B0A0F800B0A0F800B07FF47AAFC7
:1025A000F246BEF1000F47D0BAF1010FA0F800B01B
:1025B00042D0BAF1020FA0F800B03DD0BAF1030F3B
:1025C000A0F800B038D0BAF1040FA0F800B033D0B2
:1025D000BAF1050FA0F800B02ED0BAF1060FA0F89E
:1025E00000B029D0BAF1070FA0F800B024D0BAF19A
:1025F000080FA0F800B01FD0BAF1090FA0F800B082
:102600001AD0BAF10A0FA0F800B015D0BAF10B0F2A
:10261000A0F800B010D0BAF10C0FA0F800B00BD0A9
:10262000BAF10D0FA0F800B006D0BAF10E0FA0F865
:1026300000B018BFA0F800B0ACF1010C0D9A0B9ED1
:102640001FFA8CF5B2FA82F2751B4FEA521218BFCC
:1026500001252A43FDB2B5FA85F508BF6F090A992D
:102660000A43012A7FF48AAE3A064C46434607D015
:10267000059A0E991144069A1344079A144482E667
:10268000059A0E99891A069A9B1A079AA41A7AE64D
:10269000BAF1000F6BD00A9A002A79D04FF4FC6887
:1026A00009E000BF059A891A069A9B1A079AA41A8C
:1026B0005FEA0C425BD001F4784208EA5316C4F397
:1026C000C42532442A44BAF1010F028034D0BAF151
:1026D000020F028030D0BAF1030F02802CD0BAF181
:1026E000040F028028D0BAF1050F028024D0BAF17D
:1026F000060F028020D0BAF1070F02801CD0BAF179
:10270000080F028018D0BAF1090F028014D0BAF174
:102710000A0F028010D0BAF10B0F02800CD0BAF170
:102720000C0F028008D0BAF10D0F028004D0BAF16C
:102730000E0F028018BF0280ACF1010C0B9D1FFA36
:102740008CF2FEB295423A46B6FA86F608BF720996
:10275000BEF1020F28BF17463A06A3D0059A1144CE
:10276000069A1344079A14445FEA0C42A3D10298D4
:1027700030B101980FB0BDE8F04F00F0EBBE00BFE4
:102780000FB0BDE8F08F00BF0F465146E24680E52E
:102790004FF4FC6E06E000BF00270D975FEA0C4780
:1027A0001746E4D001F478420EEA5316C4F3C42568
:1027B00032442A44BAF1010F028035D0BAF1020F37
:1027C000028031D0BAF1030F02802DD0BAF1040F8C
:1027D000028029D0BAF1050F028025D0BAF1060F88
:1027E000028021D0BAF1070F02801DD0BAF1080F84
:1027F000028019D0BAF1090F028015D0BAF10A0F80
:10280000028011D0BAF10B0F02800DD0BAF10C0F7B
:10281000028009D0BAF10D0F028005D0BAF10E0F77
:10282000028018BF028000BF0D9AACF1010C0B9D15
:10283000B2FA82F21FFA8CF65209AE1B18BF0126BB
:102840003243FAB2B2FA82F63A4608BF7209A3D00E
:102850003F0607D0059F3944069F3B44079F3C44F1
:102860009CE700BF059FC91B069FDB1B079FE41B5E
:1028700094E700002DE9F04F03AF9DB047F8500CEE
:10288000B86940F22C16C2F2000647F8340C96F8EC
:102890003D0047E90A3147F8780C96F84100337952
:1028A000717947F8480C08204FF0080A47F8382C8F
:1028B00047F8581C47F8541C5FFA8AF29A4215D21E
:1028C00002F1080A5FFA8AF29A420FD202F1080A6C
:1028D0005FFA8AF29A4209D20832D5B29D4250FA82
:1028E00082FAE9D3924647F8205C01E047F8202CB1
:1028F00057F8582C501CC1B20B2000EB810020F07F
:102900000700ADEB000BDD460020CBF800004BF8D4
:102910002100B06A47F8741C47F81C0CF06AD6F81E
:10292000388047F8180C306B47F87C3C47F8140C9B
:10293000706BC3F1200C47F8300C57F8500C00288E
:10294000104618BF581CC3B2072000EB830020F0CC
:102950000700ADEB0005AD46ADEB0009CD46ADEB94
:1029600000018D46B6F812E01C3645CE022B2860D9
:10297000C9F8002047F83C1C0E6047E91195C0F0EB
:10298000298157F8500C2C46002808BF8046022B9E
:10299000A3F1010047F84C8C04D10126C00740F098
:1029A000BE8017E147E9190C20F0010047F82C0C14
:1029B0004FF4803000EB084C4FF00008002647F839
:1029C0005CBC2DE0586857F81C1CD9F8042000EBBB
:1029D000010B606857F8181CBBF57F4F084457F887
:1029E000141C0A444FF47F41A8BF8B46B0F57F4FBB
:1029F000A8BF0846B2F57F4FA8BF0A46A06057F8A7
:102A00002C0CC3F808B0C9F80820023657F85CBC93
:102A100057E9119408F10808B0420CF5003C79D050
:102A200057F8245C57F83CBC042D21461ED151F8C0
:102A3000080057F81C2C5BF80830841859F8080077
:102A400057F8182CB4F57F4F024457F8140C18446B
:102A50004FF47F43A8BF1C46B2F57F4FA8BF1A466C
:102A6000B0F57F4FA8BF184621E000BF052D09D360
:102A700057F8300CB0EB2C4F02DD062DD7D001E01B
:102A8000052DD4D051F8080057F81C2C57F8184CD5
:102A9000801A59F808205BF80830121B57F8144CBC
:102AA00022EAE2721B1B20EAE07423EAE37001EBE6
:102AB00008035C6009EB08040BEB0809042D626055
:102AC000C9F804003FF47EAF052D0FD357F8301C32
:102AD0000CF58030B1EB204F04DD062D3FF472AFD2
:102AE00004E000BF052D3FF46DAF00BF586857F8F4
:102AF0001C1C6268401A57F8181CD9F80450521A66
:102B000057F8141C20EAE07B6D1A22EAE27025EAED
:102B1000E57273E757E9190C0136C0075AD057F828
:102B2000240C042822D16FF0030000EB86016058CA
:102B300057F81C2C57F83C5C104459F801206B588E
:102B400057F8181CB0F57F4F114457F8142CA046C5
:102B500013444FF47F42A8BF1046B1F57F4FA8BF82
:102B60001146B3F57F4FB8BF1A462DE0052811D3A3
:102B700057F84C0C57F8301C304400B2814205DD48
:102B800057F8240C0628CED004E000BF57F8240CD8
:102B90000528C8D06FF0030000EB8600215857F8D5
:102BA0001C2C57F83C5C891A59F8002057F8183C3F
:102BB0002858D21A57F8143CA046C31A21EAE170EB
:102BC00022EAE27123EAE37248F8260049F8261067
:102BD00045F8262057F8480C4FF0FF31404347F89E
:102BE000180C57F87C0C01FA0CFC072846D857F84B
:102BF000380C57F8742C0078032A0CEA0061CBF8E3
:102C00000410C0F0B781010657F87C0C0125AAEB2F
:102C1000000857F8380C4FF0000A00F101090220B3
:102C2000022412E019F8010B2546010621FA0AF0E8
:102C30001044E3B2013457F8746C00EA0C02E0B2BD
:102C4000B0424BF8232080F095810AEB080357F837
:102C5000202C5FFA83FA57F87C6CA2EB0A02B2458B
:102C600001FA02F2DED902EA0C014BF82010981B9F
:102C7000AC1CB2405FFA80FAD4E700BF08280FD13D
:102C800057F8741C022998BF0221481E02390329F3
:102C900000F0030C42D20123BCF1000F5ED169E1C8
:102CA0000F287BD8AAEB000857F8380C4FF0010921
:102CB0004FF0000A002501E08946981C417802780F
:102CC000090451EA02625FFA8AF122FA01F101EA8B
:102CD0000C0118BF0D4409F1010157F8746CCCB216
:102CE00003465FFA89F0B4424BF8205080F04281ED
:102CF000C24457F8205C5FFA8AF057F87C6C2D1AB2
:102D0000B04202FA05F5D7D905EA0C004BF82400C9
:102D100009F10209AAEB060AB540CEE720F0030844
:102D200057F8380C002200BF8618835C7478B1789D
:102D3000F6780BEB820504321B06240609063606DC
:102D40009045C5E90134E9602E61EDD1531C104472
:102D500047F8380CBCF1000F00F00C8157F8380C24
:102D6000BCF1010F01784FEA01614BF8231000F02C
:102D7000018157F8380C0BEB83024178BCF1020F4C
:102D80004FEA0161516000F0F58057F8380C817806
:102D900009060BEB83008160ECE000BF10280DD129
:102DA00057F8741C022998BF0221481E02390329D2
:102DB00000F0030C46D2012374E000BF172800F294
:102DC0009780AAEB000857F8380C4FF001094FF034
:102DD000000A002502E000BF8946D81C427801782D
:102DE0008478120442EA016151EA04225FFA8AF10E
:102DF00022FA01F101EA0C0118BF0D4409F10101A9
:102E000057F8746CCCB203465FFA89F0B4424BF8C1
:102E1000205080F0AF80C24457F8205C5FFA8AF0FF
:102E200057F87C6C2D1AB04202FA05F5D4D905EAA0
:102E30000C004BF8240009F10209AAEB060AB54080
:102E4000CBE700BF57F8385C20F0030800202B4682
:102E500005EB40067478994615F81030F278240492
:102E6000B17844EA036A73793579120442EA016160
:102E70001A04F37942EA0562B5790BEB80041B046E
:102E800043EA0563C4F804A057F8385C08340430FA
:102E90000EC4804506F10803DAD109F10801431C8C
:102EA00047F8381CBCF1000F64D057F8380CBCF15F
:102EB000010F417802784FEA014141EA02614BF883
:102EC000231057D057F8380CBCF1020FC178827824
:102ED0004FEA014141EA02610BEB8302516049D0A4
:102EE00057F8380C41790279090441EA026150E748
:102EF00018283FD057F87C0C1F283BD857F87C0C7B
:102F00004FF00109AAEB000857F8380C4FF0000AFF
:102F1000002501E09146181D01685FFA8AF209BA9E
:102F200021FA02F202EA0C02002918BF154409F145
:102F3000010257F8746CD4B203465FFA89F0B442C8
:102F40004BF8205016D2C24457F8205C5FFA8AF042
:102F500057F87C6C2D1AB04201FA05F5DAD905EA6A
:102F60000C004BF8240009F10209AAEB060AB5404F
:102F7000D1E700BF57F8786C002E00F08B8157F82E
:102F800048CC57F8281C57F8580CA1EB0C0189B213
:102F9000841C57F87C0C47F8301CACF1010147F851
:102FA0001C1C57F8181C02300CFB00F801F0030041
:102FB00047F8340C881EBB6947F8580CC81E47F800
:102FC000600C0020A3EB0C054B1E47F8700C5FFA59
:102FD00088F0802247F8140CD8B2C6F6004247F8B1
:102FE000380C4FF0000900204FF0000A47F8543C1D
:102FF00047F84C0C1AE000BF57F8700C4FEA400934
:1030000057F8740C0021984288BF0121032B4FF020
:10301000000388BF012357F84C0C1940013C0844B9
:103020002106654447F84C0C00F07882E1B2022991
:1030300047F8644C47F86C1C12D3DBF800305BF89F
:10304000048F032E4FEA530047F8700C47F85CBC1E
:1030500018D0052E08D0042E16D128F001010DE05D
:1030600047F85CBC12E000BF43EA080323F0010606
:1030700046EA930357F848CC43EA580149EA010964
:1030800002E000BF49EA980957F870ACA9B2080AF3
:1030900047F8200CE8B247F8240C57F81C0C29EA32
:1030A0000A0910FA85F1080A47F8280CC8B200236B
:1030B000002147F8685C47F82C0C0CE0634457F893
:1030C000140CDCB24FEA4A0A4FEA4909844201F182
:1030D000010180F0BD80BAF1FF3F4BDDB9F1FF3F48
:1030E000ECDC4FF0D8462A20308057F8300C50FAEC
:1030F00083F4250A1580E5B2158057F81C0C0444AA
:10310000250AE4B22B2015801480308057F8200C5B
:10311000108057F8240C108057F8280C108057F8AE
:103120002C0C10802C20308057F8340C57F8184C99
:1031300078B1A2F800E057F8544C012809D0A2F861
:1031400000E057F8584C02281CBFA2F800E057F8DE
:10315000604C57F8380C0328B0D300BF043C250658
:10316000A2F800E0A2F800E0A2F800E0A2F800E077
:10317000F4D1A3E74FF0D8462A20308057F8300C1E
:1031800050FA83F4250A1580E5B2158057F81C0C17
:103190000444250AE4B22B2015801480308057F8AF
:1031A000200C108057F8240C108057F8280C108041
:1031B00057F82C0C10802C20308057F8504C57F8C2
:1031C0004C0C002C0C4608BF044657F8405C57F8DE
:1031D000446CE4B257F83C0C55F8245056F824607F
:1031E00050F824404FF4FC6005F4784500EA561688
:1031F00057F8340C3544C4F3C42457F818BC05EB15
:10320000040878B1A2F8008057F854BC012809D00E
:10321000A2F8008057F858BC02281CBFA2F8008012
:1032200057F860BC57F8380C57F848CC0328FFF41F
:1032300045AF00BFABF1040B5FEA0B64A2F800805E
:10324000A2F80080A2F80080A2F80080F2D135E751
:1032500057F8786C57F8644C052E0FD057F85CBCC3
:1032600057E91B35022E3FF4C7AE012E7FF4C8AEDE
:1032700057F8700C4FEA5009C2E600BF57F8701CAF
:1032800057F85CBC480040EA510057E91B3540EA5A
:103290000109B5E657F8486C57F87C0C721E47F8E0
:1032A000142C57F8182C8021531E02F0030E951E83
:1032B000033A06FB00F8C6F6004147F8602C0022EE
:1032C0004FF0D84CD8B247F8385C47F84C2C47F848
:1032D000303C47F82C0C21E057F8342C57F8544C6C
:1032E000324457F8583C47F8342CE2B293424FF03E
:1032F000000388BF0123022A4FF0000288BF012289
:10330000013C1A40230657F84C3C57F85CBC134468
:1033100047F8544C47F84C3C00F000815BF8049FA0
:10332000B9F1000F47F85CBCD6D057F8343C9AB2DC
:10333000100A57F8142C47F81C0CD8B212FA83F272
:1033400057F8503C47F8200C100A002B5FFA82FA1D
:1033500047F8240C70D000244FF0000BB9F1FF3F68
:103360005CDC2A22ACF8002057F8282CBEF1000FB4
:1033700052FA8BF24FEA12230B80D3B20B8057F82C
:10338000143C1A444FEA1223D2B20B800A804FF049
:103390002B02ACF8002057F81C0C4FF02C020880D0
:1033A00057F8200C088057F8240C0880A1F800A0DA
:1033B000ACF8002057F8402C57F8443C57F83C5CD8
:1033C00052F8242053F8243055F824504FF4FC6070
:1033D00002F4784200EA53131A44C5F3C4231A4492
:1033E00057F8183C0ED00A8057F8303CBEF1010F58
:1033F00008D00A8057F8383CBEF1020F1CBF0A8083
:1034000057F8603C57F82C0C032807D3043B1D06E3
:103410000A800A800A800A80F8D100BFB3445FFAAC
:103420008BF25FFA88F39A42BFF456AF5FEA49091C
:1034300004F1010492D14FE757F84C2CD4B200228A
:10344000B9F1FF3F5CDC2A23ACF8003057F8283C88
:10345000BEF1000F53FA82F34FEA13260E80DEB25C
:103460000E8057F8145C2B444FEA1326DBB20E8013
:103470000B804FF02B03ACF8003057F81C0C4FF0CA
:103480002C03088057F8200C088057F8240C08807B
:10349000A1F800A0ACF8003057F8445C57F8403C65
:1034A00055F8246057F83C5C53F8243055F8245004
:1034B0004FF4FC6003F4784300EA56163344C5F336
:1034C000C42557F8186C2B440ED00B8057F8306C7D
:1034D000BEF1010F08D00B8057F8386CBEF1020F17
:1034E0001CBF0B8057F8606C57F82C0C032807D3CF
:1034F000043E35060B800B800B800B80F8D100BF9B
:1035000057F8486C5FFA88F53244D3B2AB42BFF447
:10351000E3AE5FEA490993D1DEE600BF57F8500CED
:1035200098B157F87C2C57F8400C57F8441C57F8C2
:103530003C3C50F8220051F8221053F8222040F26F
:103540002C13C2F200031C3307C3A7F10C04A546D9
:10355000BDE8F08F4FF0D84136220A8040F2710169
:103560000428C2F2000107D244F67812C0F6010224
:1035700032F8100003E000BF02208871E8208022AA
:10358000C6F600421080887940F2DF12022840F22D
:103590003F1038BF40F23F1238BF40F2DF104A8080
:1035A000888070472DE9F04F03AF91B040F22C1C9A
:1035B000C2F2000C47E90C309CF83D009CF804A0D6
:1035C0009CF805E09CF8413047F84C0C0820082591
:1035D00047F8282C5FFA85F9D14514D209F108057E
:1035E0005FFA85F9D1450ED209F108055FFA85F930
:1035F000D14508D209F108025FFA82F9D14550FAA3
:1036000082F5E7D315460EF101005FFA80F80B2032
:1036100000EB880020F0070047F8143CADEB0003F6
:103620009D4657F82C6C00200CF11202022E0CF172
:103630000A04186043F8280008BF0CF11402022E97
:1036400008BF0CF10C04CAF120004FF0FF3C1688B3
:103650002488BAF1070F0CFA00F247E9072A47E974
:103660000E3E4FD80878B8F1030F02EA006247F81F
:10367000208C5A60C0F0EC81A5EB0A02000647F8E6
:10368000242C01F1010B01254FF000080221022238
:1036900028E000BF534657F81CAC57F8382C0EEA08
:1036A0000A0042F82100ACEB0300AA1C0EFA03FE4C
:1036B0005FFA80F81BF8010B1546000620FA08F1A6
:1036C00071445FFA82FE013257F8203C01EA0A0C8D
:1036D000D1B2994257F8383C57F818AC43F82EC08D
:1036E00080F0B68157F8243C08EB030C5FFA8CF8A5
:1036F000A9EB0803D04500FA03FECBD857F81CAC61
:10370000D8E700BFBAF1080F12D1B8F1020F98BF85
:103710004FF00208A8F10100A8F10202032A00F00C
:10372000030C51D20120BCF1000F71D190E100BF18
:10373000BAF10F0F00F28A80A5EB0A004FF0000CDF
:103740004FF0010E4FF0000B47F8200C10E000BFC7
:1037500057F81C3C57F8382C0CEA030042F82500B7
:103760001A460EF1020EABEB0A0B0CFA0AFC023100
:1037700048780B78000450EA03605FFA8BF320FA74
:1037800003F303EA020318BF9C4457F8382C5FFA8E
:103790008EFA0EF10103DDB242F82AC057F818ACD8
:1037A000454580F0558157F8202C93445FFA8BF201
:1037B000A9EB020C524500FA0CFCC9D857F81C2C96
:1037C0009E460231D4E700BF57F838AC20F0030E14
:1037D000002300BFCD5CCA184FEA0568557892F8FF
:1037E0000290D2780AEB830004332D064FEA096970
:1037F00012069E45C0E90185C0F80C900261E9D12E
:1038000057F818AC581C1944BCF1000F00F0208187
:103810000A7857F8383C1206BCF1010F43F8202013
:1038200000F016814A7857F8383C120603EB800303
:10383000BCF1020F5A6000F00B818978090657F835
:10384000382C02EB8000816002E100BFBAF1100F5A
:103850000ED1B8F1020F98BF4FF00208A8F1010095
:10386000A8F10202032A00F003054FD2012086E0EE
:10387000BAF1170F47F8208C00F2A080A5EB0A08D8
:103880004FF0000C4FF0010E4FF0000B10E000BFA6
:1038900057F81C3C57F8382C0CEA030042F8250076
:1038A0001A460EF1020EABEB0A0B0CFA0AFC0331BE
:1038B0004B7808788D781B0443EA006050EA0520B5
:1038C0005FFA8BF320FA03F303EA020318BF9C4468
:1038D0000EF1010357F8202CDDB2954257F8382C31
:1038E0005FFA8EFA42F82AC057F818AC80F0B08020
:1038F000C3445FFA8BF2A9EB020C524500FA0CFCB0
:10390000C6D857F81C2C9E460331D1E720F003009F
:1039100047F8180C00200A4647F81C5C904601EB5B
:103920004002D37892F8029092F805E0557892F828
:1039300004C01B0411F810B043EA09694FEA0E43B2
:103940002D0443EA0C6CD37945EA0B6B57F8385CCD
:1039500092F806E01B0405EB800543EA0E63C5E917
:1039600003C357F8183C0430834202F10802C5E94A
:1039700001B9D3D157F81C5C08F108010130002DC2
:1039800066D04A780B78120442EA036257F8383C52
:10399000012D43F820205BD0CA788B78120442EACC
:1039A000036257F8383C022D03EB80035A604FD076
:1039B0004A790979120442EA016140E7BAF1180F25
:1039C00046D0BAF11F0F43D857F81C2CA5EB0A08B4
:1039D0004FF0000C4FF0010E4FF0000B10E000BF55
:1039E00057F81C3C57F8382C0CEA030042F8250025
:1039F0001A460EF1020EABEB0A0B0CFA0AFC04316C
:103A000008685FFA8BF300BA20FA03F3134000282A
:103A100018BF9C440EF1010357F8202CDDB29542EB
:103A200057F8382C5FFA8EFA42F82AC057F818ACCB
:103A30000ED2C3445FFA8BF2A9EB020C524500FA96
:103A40000CFCCDD857F81C2C9E460431D8E700BF9B
:103A500057F84CCC57F8148C8021C6F60041BCF1C5
:103A6000000FA8F1010047F8440C00F0958157F8C9
:103A7000340C57F8303C851C0AF1020008FB00F2B8
:103A800057F8280CA3EB0803A0EB080080B247F816
:103A9000280C08EB080047F8300C404447F8340C79
:103AA00000EB080900205FFA82FE4FF0000B0022B5
:103AB00047F83C3C47F8482C0DE000BF57F8482C2D
:103AC0004FEA420B013D2A0657F83C2C424447F886
:103AD0003C2C00F02582EAB2022A47F8405C23D34E
:103AE00057F8380CBCF1030F036850F8042F47F85F
:103AF000380C4FEA530013D0BCF1050F06D0BCF1CF
:103B0000040F0FD122F0010207E000BF134323F09E
:103B1000010545EA930343EA52024BEA020B01E036
:103B20004BEA920B47F8480C57F83C3C2BEA000B49
:103B30009AB2120A47F8182CDAB247F81C2C57F838
:103B4000442C4FF0000C12FA83F2130AD2B247F859
:103B5000203C47F8242C07E057F8148CD4445FFA33
:103B60008CF2724580F0FC80B0F1FF3F08DDBBF1C4
:103B7000FF3F1FDD40004FEA4B0BC246EEE700BFA0
:103B80004FF0000A4200B2F1FF3F2DDC8200B2F19B
:103B9000FF3F31DCC200B2F1FF3F33DC00014FEAEE
:103BA0000B1BB0F1FF3FCA44ECDD57F82C2C9ABB3D
:103BB000D4E700BF4FF0000A4FEA4B02B2F1FF3FDB
:103BC00076DC4FEA8B02B2F1FF3F75DC4FEACB02A5
:103BD000B2F1FF3F74DC4FEA0B1B0001BBF1FF3F6A
:103BE000CA44E9DD71E000BF4FEA4B0BC244104606
:103BF00057F82C2C82B9B1E757F8300C4FEA8B0BF1
:103C000004E000BF57F8340C4FEACB0B8244104657
:103C100057F82C2C002AA1D04FF0D8452A222A8010
:103C200057F8282C52FA8CF2130A0B80D3B252FAAE
:103C30008AF2013A0B80130AD2B20B800A802B223F
:103C40002A8057F8182C08FB0AF30A8057F81C2C16
:103C500013F003080A8057F8202C0A8057F8242C08
:103C60000A804FF02C022A80A3F1010210D0B8F193
:103C7000010F15460C8006D0B8F1020F0C801ABF58
:103C80000C80DD1E9D1ED2B2032A06D264E700BF5F
:103C90001D46D2B2032AFFF45FAF57F8148C00BF61
:103CA000043D2A060C800C800C800C80F8D155E76E
:103CB0004000C24408E000BF57F8303C800002E0FA
:103CC00057F8343CC0009A4493464FF0D8452A2216
:103CD0002A8057F8282C52FA8CF2130A0B80D3B2A0
:103CE00052FA8AF2013A0B80130AD2B20B800A8090
:103CF0002B222A8057F8182C08FB0AF30A8057F861
:103D00001C2CA3F101080A8057F8202C0A8057F8D0
:103D1000242C0A802C222A8013F0030210D0012ABE
:103D200045460E8005D0022A0E801ABF0E80DD1E89
:103D30009D1E5FFA88F2032AFFF40EAF06E000BF73
:103D40001D465FFA88F2032AFFF406AF57F8148C79
:103D5000043D2A060E800E800E800E80F8D1FDE60E
:103D600057F84CCC57F8405CBCF1050F0CD0BCF1B7
:103D7000020F3FF4A3AEBCF1010F7FF4A3AE57F8DE
:103D8000482C4FEA520B9DE657F8483C5A0042EA4D
:103D9000530242EA030B95E608EB080208FB0AF01F
:103DA00047F83C2C424402EB0806C0B247F8402CCE
:103DB00047F82C0C0DE000BF57F8342C013A47F8B7
:103DC000342C120657F8302C424447F8302C00F0BF
:103DD000A78057F8382C52F8049FB9F1000F47F824
:103DE000382CE9D057F8303C9AB2120A47F8182C10
:103DF000DAB247F81C2C57F8442C12FA83F2130A53
:103E000047F8203CD2B2002347F8242CB9F1FF3FF9
:103E100004DD4FEA4909C24678E000BF4FF0000ACE
:103E20004FEA4902B2F1FF3F10DC4FEA8902B2F1DA
:103E3000FF3F0DDC4FEAC902B2F1FF3F0CDC4FEA55
:103E40000919B9F1FF3FB244EADD09E0C24406E0D6
:103E500057F83C5C02E000BF57F8405CAA4491462A
:103E60004FF0D8402A22028057F8282C08FB0AFE7F
:103E700052FA83F2150A0D80D5B252FA8AF2013A4B
:103E80000D80150AD2B20D800A802B22028057F8CD
:103E9000182C1EF003080A8057F81C2CAEF1010CF8
:103EA0000A8057F8202C0A8057F8242C0A804FF0FB
:103EB0002C02028016D0B8F1010FE3460C8008D026
:103EC000B8F1020F0C801ABF0C80AEF1030BAEF1FB
:103ED000020B5FFA8CF2032A09D257F8148C57F8B8
:103EE0002C0C13E0F3465FFA8CF2032AF5D357F853
:103EF000148C57F82C0C00BFABF1040B5FEA0B627B
:103F00000C800C800C800C80F6D100BF5344DAB2D8
:103F10008242BFF451AFB9F1000F7FF477AF4BE7A6
:103F2000A7F10C04A546BDE8F08F00002DE9F04F85
:103F300095B01E9E1C46042B139098BF0424022E9D
:103F4000A4F1020098BF0226B04238BF0646A14243
:103F50004FF001001191C0F0A28140F27101119F58
:103F6000C2F200014B882744013F9F4200F2978133
:103F7000A2424FF00200C0F092818B881719013FD6
:103F80009F4200F28C81DDE91F300731119F31F82B
:103F900010000A92013AA4EB06097D1E099231F83D
:103FA000132007901FFA89F00895C4F1010AC9F19E
:103FB00001084FF0000B4FF0FF350B904FF0000C55
:103FC0000020002600270192CDE90E00CDE90C006B
:103FD00014940DE0139810F0FD0F00F0CB804FF01B
:103FE000000E1498013814900006704600F05681B7
:103FF0005FEA0C6118D04FF0010C5FEA0B6118BF4B
:10400000BCF1000F3ED140EA070109065AD0F9B2CF
:10401000B1FA81F14B09C1B2B1FA81F14FEA511EF7
:10402000F1B255FA89F278E05FFA8BF155FA84F231
:104030008A42E0DD0FFA8AF10BF1010B621EB1F149
:10404000FF3F5FFA8BF1D3B2C4BFAAEB430A144619
:104050000AEB41020FFA82FABAF1000FE4D4119A86
:104060004FF0000C521A0F92089A0A440E92E2B2D4
:10407000914228BF4FF0010C5FEA0B6118BFBCF101
:10408000000FC0D0119AE1B2521A0F92089A0AEBAF
:10409000410152FA84F20E925FFA8BF2A1EB4201D7
:1040A000BE460FB253000137BB427746D4BFAAEBDE
:1040B00042010134ABF1010B8A4640EA07010906CF
:1040C000A5D100BFF1B255FA89F28A4222DD0FFA7A
:1040D00088F10136A9F10102B1F1FF3FF1B2D3B28B
:1040E000C4BFA8EB4308914608EB41020FFA82F8DF
:1040F000B8F1000FE6D4119BCA431A440D925A1826
:104100000C925FFA89F291424FF0010E54D20027CF
:1041100057E000BF01234FF0010E002B3B4618BFB4
:1041200001238A42D8BF1F46310649D0F9B201297E
:1041300046D1BEF1000F43D05FFA89F0119AC14316
:1041400011440D9152FA89F10C9108EB4000F1B243
:10415000A0EB410003B24A0001339A42D4BFA8EB5E
:10416000410009F10109013E012780464FF0010E8F
:1041700027E000BF0A990D980C9AC91A0130013A3C
:1041800089B2019D129380B292B20B4605900692BD
:104190000095CDF840C0FDF7A7FC0998129900954D
:1041A000084481B2DDE905020B464FF0FF35FDF70B
:1041B0009BFCDDF840C012E701273106B6D100BFF5
:1041C00086461498C3B20B98984229D213980128B6
:1041D0003FF607AF09981293184481B20F980B4627
:1041E00085B20E98049582B22846079D05920095E7
:1041F000CDF840C0CDF818E0FDF75EFE0A981299A0
:104200000095401A81B2DDE904020B464FF0FF35FC
:10421000FDF752FEDDF818E0DDF840C0E1E600BF32
:10422000139801283FF6D6AE0A980697C01A85B2B1
:104230000F98079F81B20D98049182B208462946D3
:1042400012932B4605920097CDF840C0FDF734FE3F
:104250000C982B4681B20E98029182B208462946EC
:1042600003920097FDF728FE09981299059A0844D1
:1042700085B2049829462B460097FDF71DFE02984B
:10428000039A29462B464FF0FF350097FDF714FEA1
:10429000129B069FDDF840C09CE600BF002015B0D1
:1042A000BDE8F08F2DE9F04F8FB08E46DDE918178D
:1042B000032B4FF003054FF0030688BF1D4603296B
:1042C00088BF0E46012F4FF0010198BF0F46AE4543
:1042D000C0F0438140F2710CC2F2000C0A90BCF8AD
:1042E00002000EEB0504013C844200F23681B2422A
:1042F0004FF00201C0F03181BCF804009419013C78
:10430000844200F22A813146B34298BF29460239DD
:1043100089B2AEF101038F4238BF39460593531E6F
:104320004FF0FF30069305FB05F406FB06F700EBA4
:104330004603DDF86C9003FB147A731A691A03F1D3
:104340000108013101FB01F500EB48010CEB4900CC
:10435000B0F8070008FB08FB0D943C4601FB15B7BD
:104360000490AEF10200DDF828C0019000204FF06B
:1043700000090E90CDE907E2CDE90B4506E000BF4C
:104380000C9D31B20029824640F3E68030B2012113
:104390000D9BA1EB40015943B1EB4A0F7ADA0FFABA
:1043A00088F1884278DA01293C464FF0FF3307DA7A
:1043B00095E000BF0FFA88F00028274640F38F8071
:1043C0000FFA89F04000013000FB0BF0B0EB470F13
:1043D00008DD09F101090FFA89F04000013000FB06
:1043E0000B7400E03C464FEA480189B2C1F101017B
:1043F000780069438842DDDDA8F101081FFA88F0E2
:1044000003EB400101FB1544B1B28142D2D1BCF1B2
:10441000010F39D80E9D911BAEEB0500AEEB0902E2
:104420008FB2DDF8108080B292B239463B460390DD
:104430000992CDF80080FDF73FFD05993B4609EB59
:10444000010029448DB280B239462A460290CDF847
:104450000080FDF731FD0698099A304487B2039831
:1044600039463B46CDF80080FDF726FD02983946D7
:104470002A463B46CDF80080FDF71EFDDDF828C03A
:10448000DDE907E24FF0FF331CF0FD0F42D0B046EC
:1044900025E000BF50462BE0BCF1010F1CD80E9B5D
:1044A000911B059AAEEB03001A4495B289B21B9C8E
:1044B00080B22A460B4609900094FDF7A7FC0698A7
:1044C0002A46304481B209980B460094FDF79EFCC1
:1044D000DDF828C0DDE907E23C464FF0FF33013E3E
:1044E00030B20D9903EB400000FB11A027460B9C56
:1044F0000E9D4FEA4A012BB25B00013363439942A0
:10450000BFF63EAF013529B24900013101FB04007D
:104510000E9535E7911B019AAEEB090001304A4434
:1045200095B289B21FFA80F81A9F40462A460B4678
:104530000097FDF755F906982A46304481B2404667
:104540000B460097FDF74CF9DDF828C0DDE907E2DE
:104550004FF0FF33B046C2E7002108460FB0BDE878
:10456000F08F00002DE9F04F91B0DDE91B861D9F13
:10457000B8F1040F4FF0040B98BFD846042E88BF43
:10458000B346022F40F2710E98BF02270826082B6F
:1045900098BF3346C2F2000E5C1EBEF8023011FA1C
:1045A00084F59D4204D9012011B0BDE8F08F00BF11
:1045B0001A9B082B88BF1E46013EBEF8043012FA33
:1045C00086F9994504D9022011B0BDE8F08F00BFEB
:1045D000A3B20F90B0B2B8EB530F88BF4FEA5308A5
:1045E000BBEB500F88BF4FEA500B5846D84538BF39
:1045F0004046023883B29F4238BF3B460BEB020075
:10460000ABEB0302541CA8EB0302DDF87CC00132C3
:104610000A90A9EB0B0002FB02F90EF107021093BE
:1046200032F81C30099008FB08F007931E9B0C9091
:104630000BFB0BF0DDF83CC00B904FF0FF3032F875
:10464000132000EB4B0604FB04FABCF1010F00EB56
:10465000440003921FD8089010980D960844013822
:1046600082B20A98079E87B209980E9183B20846D3
:10467000394606930096FDF737FA1098069B281ADC
:10468000013080B2AAB2394600960D9EFDF72CFA91
:104690000898DDE90E1CDDE90B3E1CF0FD0F06FB62
:1046A0001E3700FB19A6A5EB0800069014D10A9B43
:1046B000109A1FFA83FC099B5018AA1A1E9D80B2FB
:1046C00092B29BB20E9161460095FDF789F806986B
:1046D000DDE90B3EDDE90E1C4144013800254FF0B9
:1046E00000080891029005E00FFA8BF100290746B7
:1046F00040F3E0800FFA8BF00121A1EB400101FBB8
:104700000EF1B1EB470F73DA21B28842109571DADE
:104710000129354605DA8FE020B200282E4640F305
:104720008B800FFA88F04000013000FB0AF0B0EBFC
:10473000460F09DD08F101080FFA88F0400001304A
:1047400000FB0A6501E000BF3546610089B2C1F196
:104750000101700001FB09F18842DDDD013CA0B2DE
:104760004FF0FF3101EB400101FB19551FFA8BF1AE
:104770008142D1D1BCF1010F35D80A99089A10981D
:10478000A1EB0B01101AA2EB08028CB2079E80B2BB
:1047900092B2214623460D900E920096FDF78CFBB7
:1047A0000699109A08EB0100114480B28AB22146A2
:1047B0002346049005920096FDF77EFB09980E9A19
:1047C000584484B20D98214623460096FDF774FBA9
:1047D0000498059A214623460096FDF76DFBDDE916
:1047E0000B3EDDF83CC01CF0FD0F41D05C4623E0E1
:1047F00038462DE0BCF1010F1DD80A990898069A99
:10480000A1EB0B01401B2A4489B2079D80B292B2F2
:104810000B460D900E920095FDF74EFB0998009502
:10482000584481B2DDE90D020B46FDF745FBDDE999
:104830000B3EDDF83CC03546ABF1010B0FFA8BF0B7
:104840004FF0FF3101EB400000FB1E702E46109D23
:104850002AB25200013279005A439142BFF644AF66
:10486000013529B24900013101FB03003CE700BFDB
:1048700008980A99A0EB0800029A0130A1EB0B01FD
:10488000424489B284B2039E92B220460B460E92F5
:104890000096FDF729F909980E9A584481B22046EE
:1048A0000B460096FDF720F9DDE90B3EDDF83CC034
:1048B0005C46C1E7002011B0BDE8F08F2DE9F04F54
:1048C0008BB0032B0546D8BF032399424FF001005C
:1048D000C0F29D818A4640F27101C2F20001914608
:1048E0004A8803EB0A08A8F10107974200F38F8179
:1048F00018B281454FF00200C0F289818A8803EB2B
:10490000090BABF10107974200F38181C3F34E001D
:1049100040F277324FF60077C4185A43C0F27F074F
:104920000DF1500E24B207EA920207319EE8405082
:10493000B2FBF4F231F81E4009950394179C4FF630
:10494000FF7531F81410BCF1010F089107F5000153
:1049500001EA02210A91A6F10101029100F2AC8064
:10496000BCF1000F08BFA9EB030B00EB0901A9EB99
:1049700000000FFA8BF2069206FA80F2059208BF49
:10498000084609B2891B0491BCF1000F08BF01253C
:10499000099E4FF0000984B2E046079522E000BF6F
:1049A00002991FFA8BF50144089E8AB280B229460B
:1049B0002B460096FDF780FA1498BAB2381A0130E7
:1049C00080B229462B460096FDF776FA099E079D90
:1049D0001FFA8BF0A0421CBF09F10109AB44A042B1
:1049E00000F0148106980FFA8BF1401A48BF40423C
:1049F0000A9A00B25043149F00F500420FFA89F35F
:104A0000AAEB1240BB420AEB124705DBB8F1000FDC
:104A10000ED0059A8A420EDD022ED9D0BAB21FFA04
:104A20008BF1089F80B20B460097FDF75DF8CDE74C
:104A3000049A8A42F0DB022E32D0012EB0D0002E32
:104A4000C6D1DDF850801FFA8BF508FA80F101918C
:104A50000139089E8AB280B229462B460096FDF79E
:104A60002BFA38B2A0EB08080198404508DC039EF9
:104A700080B21FFA88F229462B460096FDF734F8DB
:104A800008F10100BAB2089F80B229462B46009770
:104A9000FDF712FADDF85480079D099E98E700BFE4
:104AA000149A39B202FA80F0891A884290DC8AB2EC
:104AB0001FFA8BF1039FB5E7BCF1020F08BFAAEB09
:104AC000030800EB0A01AAEB00000FFA88F2069235
:104AD00006FA80F2059208BF084609B2891B0491C4
:104AE000BCF1020F08BF0125099C00271FFA80FABC
:104AF000B346079520E000BF02991FFA88F50144EC
:104B0000089C8BB281B228462A460094FDF7D4F95E
:104B1000A6EB0B00013081B2B3B228462A460094BE
:104B2000FDF7CAF9099C079D1FFA88F050451CBF84
:104B3000A8440137504569D006980FFA88F1401A09
:104B400048BF40420A9A00B2504300F5FE423BB2D1
:104B5000A9EB12405B4509EB12460BDA022CE3D0BD
:104B600081B21FFA88F0B3B2089E02460096FCF7A5
:104B7000BBFFD7E7159A022A04D1049A8A42EDDBDB
:104B800003E000BF059A8A42E8DC022C30D0012CF9
:104B9000B2D0002CC8D10BFA80F1019101391FFA73
:104BA00088F5089C8BB281B228462A460094FDF70E
:104BB00083F930B2A0EB0B0B0198584508DC039C3D
:104BC00081B21FFA8BF328462A460094FCF78CFF2B
:104BD0000BF10100B3B2089E81B228462A46009626
:104BE000FDF76AF9DDF850B0079D099C9CE700BF0E
:104BF00031B20BFA80F0A1EB0B02904294DC81B24F
:104C00001FFA88F0039E93B2AFE700BF00200BB0FD
:104C1000BDE8F08F2DE9F04F83B0032B04D20325BC
:104C2000284603B0BDE8F08F0D9CB3EB440F15D9B7
:104C30000C9F0425032FF3D36600BE42F0D25E1E04
:104C400040F27103C2F200035D8811FA86FAAA45A8
:104C50000AD90125284603B0BDE8F08F0325284670
:104C600003B0BDE8F08F00BF013F9B8812FA87F6C2
:104C70009E4205D90225284603B0BDE8F08F00BF4B
:104C800004EB020B0128A6EB040835D8CDF808B0D8
:104C9000029B0F9D013B1FFA8AFB9BB201900846C5
:104CA000894611465A460095FCF79AFD08F1010025
:104CB000B3B281B248465A460095FCF791FD04EB29
:104CC0000900013882B202981FFA88F786B20F9D58
:104CD000484631463B460095FCF782FDAAEB0400AE
:104CE00001303B460F9F80B231465A460097FCF791
:104CF00077FDDDE9010B494610F0FD0F0CD10E9F49
:104D00006018AAEB040180B28AB21FFA8BF11FFA75
:104D100088F30097FCF764FD0025284603B0BDE842
:104D2000F08F00002DE9F04F9DB01492DDE927E2ED
:104D300040F27108BEF1040F98BF4FF0040E022A32
:104D400098BF02220727072B98BF3B46C2F20008F4
:104D50000C46591EB8F8023014FA81F59D421290A3
:104D600004D901201DB0BDE8F08F00BF26980728A8
:104D700088BF0746781E149FB8F8043017FA80F7EA
:104D80009F4203D902201DB0BDE8F08F02958EB27C
:104D900085B2AE4238BF3546BEEB550F88BF4FEAED
:104DA000550EAEF10206DDE92973964238BF324650
:104DB000049208F1070232F8175032F81320CDF8A8
:104DC00044E00D925FEA0E62A0EB0E00DDF848E0D1
:104DD00007950390109400F08F81119D0498149A08
:104DE000A5EB0009E8B21C90601C0E900398491BCB
:104DF00010440F90681C0690481EC9F10108C5F1C7
:104E0000010A0C91059000204FF0FF362946002240
:104E10004FF0000B0027CDE915221A92CDF84C90E7
:104E2000CDE917221B920EE019991EF0FD0F00F03C
:104E3000CB8000260139C8B21C90002830464FF0C4
:104E4000FF3600F0598119911B99090636D00121CE
:104E5000DDF868C01B9139061CD01B99D1B1E9B2AD
:104E6000621A189254FA85F217920AEB4101FAB2CB
:104E7000A1EB42010EB253000136B342D8BFAAEBF8
:104E80004201DDF868C04FF0FF36A7F101078A46FE
:104E9000C8BF013540EA0C01090637D05FFA8CF132
:104EA000B1FA81F14B09C1B2B1FA81F14FF0FF3291
:104EB0004E095FFA8BF152FA89F255E0F9B256FACF
:104EC00085F28A42C3DD0FFA8AF101376A1EB1F119
:104ED000FF3FF9B2D3B2C4BFAAEB430A15460AEBAF
:104EE00041020FFA82FABAF1000FE7D4621A18925F
:104EF00062181792EAB291424FF0000128BF0121D7
:104F0000DDF868C01B913906A7D1C3E75FFA8BF1C2
:104F100056FA89F28A4223DD0FFA88F10BF1010B70
:104F2000A9F10102B1F1FF3F5FFA8BF1D3B2C4BF27
:104F3000A8EB4308914608EB41020FFA82F8B8F15A
:104F4000000FE3D4CA43224416920E9A01260A4463
:104F500015925FFA89F291425AD24FF0000C5EE04E
:104F6000DDF868C001230126002B634618BF01232A
:104F70008A42D8BF9C465FEA0B614FD05FFA8CF142
:104F800001294BD1002E49D05FFA89F0C143214459
:104F900016910E9908EB400051FA89F115915FFACC
:104FA0008BF1A0EB410003B24A0001339A42D4BF17
:104FB000A8EB410009F10109ABF1010B4FF0010C25
:104FC000804601262BE000BF069816991C9A0844DB
:104FD0001499159B891A119A84B21144059A89B2C1
:104FE0001A44079E92B220460B460B920096FCF79D
:104FF0007BFD0F981C990B9A084481B220460B4602
:105000000096FCF771FD1999DDF848E0109C10E757
:105010004FF0010C5FEA0B61B0D100BF06461C984F
:10502000139980B289B28142CDF868C026D2BEF110
:10503000010F5FD814991C9B119A1898C91A104433
:1050400011440C9A179B89B21A440D9C80B292B2FB
:105050000B460A900B920094FCF746FD0F981C99A2
:105060000094084481B2DDE90A020B46FCF73CFDDE
:10507000DDF848E0109C1999DCE600BFBEF1010F95
:105080003FF6D2AE14991C9B119A1898C91A169B18
:10509000114410441A448EB20D9C80B292B2314633
:1050A00033460A900B920094FCF706FF0C99159872
:1050B000179A0844114480B28AB2314633460890A8
:1050C00009920094FCF7F8FE0F981C990B9A08447B
:1050D00086B20A98314633460094FCF7EDFE0898F4
:1050E000099A314633460094FCF7E6FEDDF848E0C5
:1050F000109C99E619999DE6049F029DBEF1010F4F
:1051000034D81198149B039A1844E1191A440139B0
:1051100086B21FFA82F820460D9C8AB23146434679
:105120000094FCF7E1FCE81B013080B2AAB23146E2
:1051300043460094FCF7D8FCDDF848E0109C1EF0D4
:10514000FD0F16D11199149E039B38193144EA1BA7
:105150003344079F80B289B292B29BB20097FCF7AA
:10516000C3FC00201DB0BDE8F08F00BF1EF0FD0F96
:10517000E8D000201DB0BDE8F08F00002DE9F04F11
:1051800085B01446022A064698BF0224A0424FF07A
:10519000010074D340F27105C2F200056A88A719B4
:1051A000013F97426BD8A1424FF0020067D3AA8813
:1051B0000F19013F974262D805EB4300B0F807B0E2
:1051C000A6F1010804910139C4F1010900230196F7
:1051D000029120E0301BA1EB0A0104EB080285B22A
:1051E00097B289B228463A460B46CDF800B0FCF794
:1051F0007BFC029E3A4606EB0A0081B228460B462B
:10520000CDF800B0FCF770FC4FF0FF3010FA84F0DE
:10521000039B504532DD01330FFA89F05FFA83FAC0
:10522000611EB0F1FF3FC4BFA9EB41090C4609EB79
:105230004A000FFA80F90499019EB9F1000F039317
:10524000C8D40499A6EB0A00091B08EB0A0287B22E
:1052500095B289B238462A460B46CDF800B0FCF725
:1052600043FC02982A46204481B238460B46CDF8CA
:1052700000B0FCF739FC0499ACE700BF002005B092
:10528000BDE8F08F2DE9F04F87B0022A4FF00204FD
:1052900098BF2246022B864688BF1C4690424FF09C
:1052A00001007CD3894640F27101C2F200014B88B3
:1052B0000EEB0207013F9F4271D8A1454FF002005B
:1052C0006DD38B8809EB0407013F9F4267D8109884
:1052D000AEF1010301EB40000693A9F10103B0F820
:1052E0000700059302FB02F34FF0FF3204FB04FCBE
:1052F00002EB4402039002FB13CBDDF80CA04FF04D
:10530000000801250493CDF808C002E0210483467B
:1053100044D0A0B2A5EB40005843B0EB4B0F29DAC4
:10532000069AAEEB0800A9EB0401424486B297B29C
:1053300089B230463A460B46CDF800A07546FCF7D8
:10534000D3FB05983A46204481B230460B46CDF84F
:1053500000A0FCF7C9FB013C049BA0B24FF0FF3159
:1053600001EB4000DDF808C000FB13B0AE4601259C
:1053700001E000BF58461FFA88F2520001324FEA9E
:105380004B0102FB0CF29142C0DA08F101081FFA4E
:1053900088F14900013101FB0C00B7E7002007B09C
:1053A000BDE8F08F2DE9F04F85B0DDE90E750226DE
:1053B000022F98BF3746022D40F2710E88BF2E464D
:1053C0000425042A98BF2A46C2F2000E541EBEF8D5
:1053D000022010FA84FA924504D9012005B0BDE8F4
:1053E000F08F00BF042B88BF1D46013DBEF804208E
:1053F00011FA85F3934203D9022005B0BDE8F08F7E
:10540000A2B2ACB2B7EB520F88BF57083A18B6EB4E
:10541000540F88BF66080492AAEB0702DDF840C06B
:10542000039272184FF0FF3107FB07FB06FB06F7EC
:1054300001EB460101FB1B790EEB4C019B1BB1F804
:105440000780029291B201939BB21FFA8AF2CDF8C3
:1054500000C0FCF7C5F94FF0000A012304E000BFCB
:1054600031B20029814641DD30B2A3EB400000FBA0
:105470000BF0B0EB490F25DA04980299039AA0EBE0
:105480000A00891B524484B295B289B220462A464A
:105490000B46CDF80080FCF727FB01982A463044E4
:1054A00081B220460B46CDF80080FCF71DFB013E83
:1054B00030B24FF0FF3101EB400000FB1B900123A5
:1054C00001E000BF48460FFA8AF2520001324FEA6B
:1054D00049017A439142C3DA0AF1010A0FFA8AF1CB
:1054E0004900013101FB0700BAE700BF002005B009
:1054F000BDE8F08F2DE9F04F81B0032A0546D8BFF3
:10550000032290424FF00100C0F2858040F2710CFE
:10551000C2F2000CBCF8026057190C46791EB14269
:1055200079DC10B284424FF0020074DBBCF804E076
:105530001619711E71456EDCC2F34E0E0EEB0201A0
:105540000FFA81F940F277314FF6007A0A98514309
:10555000C0F27F0A0AEA9101B1FBF9FB0CEB4001B2
:10556000B1F807900AF500004FF6FF78CEF1000180
:10557000012B00EA0B2A27D8002B04BFA61A71467C
:1055800008190FFA86FB87B2002B08BF4FF00108FD
:1055900030B2BBEB000048BF404200B20AFB00F053
:1055A00000F50040A5EB104105EB1042B4B288B203
:1055B00092B221462346CDF80090FCF795FABC4202
:1055C0004644E5D126E000BF022B04BFAF1A714666
:1055D00048190FFA87FB86B2022B08BF4FF001086B
:1055E00038B2BBEB000048BF404200B20AFB00F0FB
:1055F00000F5FE40A4EB104104EB1040BDB289B2AF
:1056000083B228462A46CDF80090FCF76DFAB542E1
:105610004744E5D1002001B0BDE8F08F2DE9F04707
:1056200084460120D2FA50F540F27102C2F2000223
:1056300056881CFA85F4B44288BFBDE8F087D3FAD7
:1056400050F0968811FA80F3B34284BF0220BDE87F
:10565000F0871FFA80F980204FF0D84A2A26C6F634
:105660000040A7B2AAF800604FEA1C2606805FFA45
:105670008CF63F0A06800780E7B207802B271FFAC7
:1056800085F89DB2AAF800700F0AC9B207800180A0
:10569000290A0180D9B2DDF820E001802C21AAF886
:1056A000001008F1010109F101034B4302EB4E0127
:1056B000B1F807101A0903F00F0C75D012F00304AB
:1056C000A2F1010E2AD0012C7346018001800180D5
:1056D00001800180018001800180018001800180C2
:1056E0000180018001800180018018D0022C01809E
:1056F00001800180018001800180018001800180A2
:10570000018001800180018001800180018040F0E2
:105710008B80931EBEF1030F04D245E01346BEF109
:10572000030F41D3043B018001800180018001808F
:105730000180018001800180018001800180018061
:105740000180018001800180018001800180018051
:105750000180018001800180018001800180018041
:105760000180018001800180018001800180018031
:105770000180018001800180018001800180018021
:105780000180018001800180018001800180018011
:105790000180018001800180018001800180018001
:1057A000018001800180BDD1BCF1000F38D0BCF177
:1057B000010F018034D0BCF1020F018030D0BCF168
:1057C000030F01802CD0BCF1040F018028D0BCF164
:1057D000050F018024D0BCF1060F018020D0BCF160
:1057E000070F01801CD0BCF1080F018018D0BCF15C
:1057F000090F018014D0BCF10A0F018010D0BCF158
:105800000B0F01800CD0BCF10C0F018008D0BCF153
:105810000D0F018004D0BCF10E0F018018BF018074
:105820000020BDE8F08700BFD31E01800180018009
:105830000180018001800180018001800180018060
:1058400001800180018001800180BEF1030FBFF45F
:1058500069AFA9E72DE9F04F87B0109E0527022E0A
:1058600098BF0226052B40F2710E98BF3B46052AD1
:1058700088BF1746C2F2000E013FBEF8024010FA80
:1058800087F5A54204D9012007B0BDE8F08F00BF1D
:105890005C1EBEF8042011FA84F3934204D902205E
:1058A00007B0BDE8F08F00BFDDF844C0BAB2A4B2C3
:1058B000A24238BF1446B6EB540F88BF66089B1B44
:1058C0000EEB4C023144B2F80780039189B2059384
:1058D0009BB2AAB2C6F101070446CDF800C0FBF79F
:1058E0007FFF30190290DDF80890A5EB060B4FF012
:1058F000000ACDF810B023E01FFA8AF00690A9EB59
:105900000600ABEB0A019346324484B295B289B2E9
:1059100020462A460B46CDF80080FCF7E5F80598AE
:105920002A46504481B220460B46CDF80080FCF751
:10593000DBF84FF0FF30069910FA86F088422DDD33
:1059400038B20AF1010A711EB0F1FF3FC4BFA7EBE4
:1059500041070E4607EB4A0007B25A46DDF80CB085
:10596000002FC9D4049AA9EB0A00ABEB06015244FC
:1059700084B295B289B220462A460B46CDF8008003
:10598000FCF7B2F805982A46304481B220460B460F
:10599000CDF80080FCF7A8F8049AADE7002007B026
:1059A000BDE8F08FB0B540F2710CC2F2000CBCF84B
:1059B000023080214FF0D84E2A22C6F60041BCF8B2
:1059C0000440AEF8002000221D0A0A800A800D80E3
:1059D000DDB20D802B25AEF800500A800A80220A25
:1059E0000A80E2B20A802C22AEF800205A1C631C06
:1059F0000CEB40005343B0F807001A0903F00F0CFA
:105A000076D012F00304A2F1010E2BD0012C7346C4
:105A10000880088008800880088008800880088046
:105A20000880088008800880088008800880088036
:105A300019D0022C0880088008800880088008801F
:105A40000880088008800880088008800880088016
:105A50000880088040F08A80931EBEF1030F05D2B3
:105A600046E000BF1346BEF1030F41D3043B08805C
:105A700008800880088008800880088008800880E6
:105A800008800880088008800880088008800880D6
:105A900008800880088008800880088008800880C6
:105AA00008800880088008800880088008800880B6
:105AB00008800880088008800880088008800880A6
:105AC0000880088008800880088008800880088096
:105AD0000880088008800880088008800880088086
:105AE0000880088008800880088008800880BDD170
:105AF000BCF1000F39D0BCF1010F088035D0BCF1EA
:105B0000020F088031D0BCF1030F08802DD0BCF10A
:105B1000040F088029D0BCF1050F088025D0BCF106
:105B2000060F088021D0BCF1070F08801DD0BCF102
:105B3000080F088019D0BCF1090F088015D0BCF1FE
:105B40000A0F088011D0BCF10B0F08800DD0BCF1FA
:105B50000C0F088008BFB0BDBCF10D0F088004D049
:105B6000BCF10E0F088018BF0880B0BDD31E08809E
:105B700008800880088008800880088008800880E5
:105B80000880088008800880088008800880BEF1AE
:105B9000030FBFF46BAFABE72DE9F04F89B040F2D4
:105BA0007105C2F20005089169888246A88801F152
:105BB0000109A979441C4846022938BF204681B210
:105BC0000020002204F096FE68782B46012800F0A1
:105BD0002582002841F0DE8598798026C6F60046A9
:105BE000022880F05D830120D9FA50F087B2390A8B
:105BF0005FFA80F90130079181B200F00F050809C2
:105C000005904FF0FF3000EB11100690C1F301102A
:105C100004906FF0010000EB111003906FF0020090
:105C2000BAF1000F00EB11104FF0000A4FF0D84806
:105C30004FF0000B029013D10BE100BF80B204F0D3
:105C400077FE0120FBF7D4F80BF1010B40F2710352
:105C50001FFA8BF0A1B2C2F20003884201F29A85CA
:105C600058888742A4EB0B00E8D8998882B28A4210
:105C7000E4D82A21A8F80010A6F800A0A6F800A0F1
:105C80000799C2B231802B21A6F80090A8F8001025
:105C9000C0F307213180328031802C213280A8F876
:105CA000001008990F2F03EB4101B1F80710C0F065
:105CB0008180049B059ABBB3318031803180318073
:105CC000318031803180318031803180318031804C
:105CD0003180318031803180069A012B24D031808F
:105CE000318031803180318031803180318031802C
:105CF0003180318031803180318031803180039A30
:105D0000022B11D03180318031803180318031805F
:105D100031803180318031803180318031803180FB
:105D200031803180029A00BF069B032B42D300BF13
:105D3000043A31803180318031803180318031804E
:105D400031803180318031803180318031803180CB
:105D500031803180318031803180318031803180BB
:105D600031803180318031803180318031803180AB
:105D7000318031803180318031803180318031809B
:105D8000318031803180318031803180318031808B
:105D9000318031803180318031803180318031807B
:105DA000318031803180318031803180318031806B
:105DB0003180BDD1002D3FF441AF012D31803FF442
:105DC0003DAF022D31803FF439AF032D31803FF4D8
:105DD00035AF042D31803FF431AF052D31803FF4D4
:105DE0002DAF062D31803FF429AF072D31803FF4D0
:105DF00025AF082D31803FF421AF092D31803FF4CC
:105E00001DAF0A2D31803FF419AF0B2D31803FF4C7
:105E100015AF0C2D31803FF411AF0D2D31803FF4C3
:105E20000DAF0E2D318018BF318007E71FFA8BF0C0
:105E300004F07EFD0120FAF7DBFF0BF1010B40F2CD
:105E400071031FFA8BF0A1B2C2F20003884201F283
:105E5000A18458888742E9D898881FFA8BF181423B
:105E6000E4D82A20A8F80000A6F800A0A6F800A010
:105E700007985FFA8BF130802B20A6F80090A8F8E5
:105E80000000CBF307203080318030802C2031801F
:105E9000A8F8000008980F2F03EB4000B0F80700A7
:105EA000C0F08080049A0599B2B330803080308091
:105EB0003080308030803080308030803080308062
:105EC000308030803080308030800699012A23D0A5
:105ED0003080308030803080308030803080308042
:105EE0003080308030803080308030803080308032
:105EF0000399022A10D0308030803080308030808A
:105F00003080308030803080308030803080308011
:105F10003080308030800299069A032A42D300BF35
:105F20000439308030803080308030803080308064
:105F300030803080308030803080308030803080E1
:105F400030803080308030803080308030803080D1
:105F500030803080308030803080308030803080C1
:105F600030803080308030803080308030803080B1
:105F700030803080308030803080308030803080A1
:105F80003080308030803080308030803080308091
:105F90003080308030803080308030803080308081
:105FA0003080BDD1002D3FF441AF012D30803FF452
:105FB0003DAF022D30803FF439AF032D30803FF4E8
:105FC00035AF042D30803FF431AF052D30803FF4E4
:105FD0002DAF062D30803FF429AF072D30803FF4E0
:105FE00025AF082D30803FF421AF092D30803FF4DC
:105FF0001DAF0A2D30803FF419AF0B2D30803FF4D8
:1060000015AF0C2D30803FF411AF0D2D30803FF4D3
:106010000DAF0E2D308018BF308007E79879032828
:1060200001F2B883DFE810F0040040056C0296032B
:106030000120D9FA50F087B2390A0791C1B2013074
:10604000069181B200F00F08080904904FF0FF306C
:1060500000EB111005906FF0010000EB111080268D
:1060600003906FF00200C6F60046C1F30119BAF1C1
:10607000000F00EB11104FF0000A029001F0688150
:106080004FF0D8454FF0000B12E000BF80B204F093
:106090004FFC0120FAF7ACFE0BF1010B40F271034B
:1060A0001FFA8BF0A1B2C2F20003884201F27283A0
:1060B00058888742A4EB0B00E8D8998882B28A42BC
:1060C000E4D82A212980A6F800A0A6F800A0079904
:1060D000C2B2318006990F2F31804FF02B012980F9
:1060E000C0F307213180328031804FF02C013280A3
:1060F0002980089903EB4101B1F80710C0F08480B2
:10610000049AB9F1000F39D031803180318031806B
:1061100031803180318031803180318031803180F7
:106120003180318031803180059A4B46B9F1010FC1
:1061300024D0318031803180318031803180318094
:1061400031803180318031803180318031803180C7
:106150003180039A022B11D031803180318031801F
:1061600031803180318031803180318031803180A7
:106170003180318031803180029A00BF059B032B32
:1061800042D300BF043A3180318031803180318088
:106190003180318031803180318031803180318077
:1061A0003180318031803180318031803180318067
:1061B0003180318031803180318031803180318057
:1061C0003180318031803180318031803180318047
:1061D0003180318031803180318031803180318037
:1061E0003180318031803180318031803180318027
:1061F0003180318031803180318031803180318017
:10620000318031803180BDD1B8F1000F3FF43EAF15
:10621000B8F1010F31803FF439AFB8F1020F31808E
:106220003FF434AFB8F1030F31803FF42FAFB8F132
:10623000040F31803FF42AAFB8F1050F31803FF4ED
:1062400025AFB8F1060F31803FF420AFB8F1070F4A
:1062500031803FF41BAFB8F1080F31803FF416AF27
:10626000B8F1090F31803FF411AFB8F10A0F318056
:106270003FF40CAFB8F10B0F31803FF407AFB8F12A
:106280000C0F31803FF402AFB8F10D0F31803FF4B5
:10629000FDAEB8F10E0F318018BF3180F6E600BFB9
:1062A0000120D4FA50F084B2210A0791C1B2013022
:1062B000069181B200F00F08080904904FF0FF30FA
:1062C00000EB111005906FF0010000EB111003902E
:1062D0006FF00200C1F30117BAF1000F00EB1110CB
:1062E000029000F01B854FF0000A4FF0D8454FF0A8
:1062F000000B11E004F01CFB0120FAF779FD0BF113
:10630000010B40F271031FFA8BF01FFA89F1C2F200
:106310000003884201F23E82A9EB0B015A8888B241
:106320009042E7D89A889442E4D82A222A80C1F37E
:106330000722C9B232803180328031802B212980FE
:10634000A6F800A0A6F800A007990F2C31800699A6
:1063500031804FF02C012980089903EB4101B1F8FD
:106360000710C0F08180049AC7B33180318031803A
:106370003180318031803180318031803180318095
:1063800031803180318031803180059A3B46012F48
:1063900024D0318031803180318031803180318032
:1063A0003180318031803180318031803180318065
:1063B0003180039A022B11D03180318031803180BD
:1063C0003180318031803180318031803180318045
:1063D0003180318031803180029A00BF059B032BD0
:1063E00042D300BF043A3180318031803180318026
:1063F0003180318031803180318031803180318015
:106400003180318031803180318031803180318004
:1064100031803180318031803180318031803180F4
:1064200031803180318031803180318031803180E4
:1064300031803180318031803180318031803180D4
:1064400031803180318031803180318031803180C4
:1064500031803180318031803180318031803180B4
:10646000318031803180BDD1B8F1000F3FF442AFAF
:10647000B8F1010F31803FF43DAFB8F1020F318028
:106480003FF438AFB8F1030F31803FF433AFB8F1C8
:10649000040F31803FF42EAFB8F1050F31803FF487
:1064A00029AFB8F1060F31803FF424AFB8F1070FE0
:1064B00031803FF41FAFB8F1080F31803FF41AAFBD
:1064C000B8F1090F31803FF415AFB8F10A0F3180F0
:1064D0003FF410AFB8F10B0F31803FF40BAFB8F1C0
:1064E0000C0F31803FF406AFB8F10D0F31803FF44F
:1064F00001AFB8F10E0F318018BF3180FAE600BF4E
:106500000120D4FA50F084B2210A0791C1B20130BF
:10651000069181B200F00F05080904904FF0FF309A
:1065200000EB11100590C1F3011003906FF0010012
:1065300000EB1110802602906FF00200C6F60046B4
:10654000BAF1000F00EB1110019000F0F7844FF04A
:10655000000A4FF0D8482A274FF0000B14E000BF84
:106560001FFA8BF004F0E4F90120FAF741FC0BF17B
:10657000010B40F271031FFA8BF01FFA89F1C2F28E
:106580000003884201F20681A9EB0B00598882B210
:106590008A42E5D899888C42E2D8C0F30721C0B27C
:1065A000A8F8007031803080318030802B20A8F82E
:1065B0000000A6F800A0A6F800A007980F2C3080D5
:1065C000069830804FF02C00A8F80000089803EBE4
:1065D0004000B0F80700C0F08180039A0499BAB374
:1065E000308030803080308030803080308030802B
:1065F000308030803080308030803080308030801B
:106600000599012A24D0308030803080308030805D
:1066100030803080308030803080308030803080FA
:106620003080308030800299022A11D03080308052
:1066300030803080308030803080308030803080DA
:10664000308030803080308030803080019900BFD1
:10665000059A032A42D300BF04393080308030804D
:1066600030803080308030803080308030803080AA
:10667000308030803080308030803080308030809A
:10668000308030803080308030803080308030808A
:10669000308030803080308030803080308030807A
:1066A000308030803080308030803080308030806A
:1066B000308030803080308030803080308030805A
:1066C000308030803080308030803080308030804A
:1066D00030803080308030803080BDD1002D3FF45C
:1066E0003FAF012D30803FF43BAF022D30803FF4AF
:1066F00037AF032D30803FF433AF042D30803FF4AB
:106700002FAF052D30803FF42BAF062D30803FF4A6
:1067100027AF072D30803FF423AF082D30803FF4A2
:106720001FAF092D30803FF41BAF0A2D30803FF49E
:1067300017AF0B2D30803FF413AF0C2D30803FF49A
:106740000FAF0D2D30803FF40BAF0E2D308018BFF2
:10675000308005E70120D4FA50F084B2210A079175
:10676000C1B20130069181B200F00F060809049011
:106770004FF0FF3000EB111005906FF0010000EBBF
:10678000111003906FF00200C1F30117BAF1000F6E
:1067900000EB1110029000F0D98440F280084FF015
:1067A000000AC6F600484FF0D8454FF0000B11E044
:1067B00004F0BEF80120FAF71BFB0BF1010B40F2CD
:1067C00071031FFA8BF01FFA89F1C2F200038842AD
:1067D00000F2E087A9EB0B015A8888B29042E7D813
:1067E0009A889442E4D82A222A80C1F30722C9B2A7
:1067F000A8F80020A8F80010A8F80020A8F80010B9
:106800002B212980A8F800A0A8F800A007990F2C38
:10681000A8F800100699A8F800104FF02C01298064
:10682000089903EB4101B1F80710C0F0F280049A17
:10683000002F67D0A8F80010A8F80010A8F80010E2
:10684000A8F80010A8F80010A8F80010A8F8001088
:10685000A8F80010A8F80010A8F80010A8F8001078
:10686000A8F80010A8F80010A8F80010A8F8001068
:10687000A8F80010059A3B46012F43D0A8F8001055
:10688000A8F80010A8F80010A8F80010A8F8001048
:10689000A8F80010A8F80010A8F80010A8F8001038
:1068A000A8F80010A8F80010A8F80010A8F8001028
:1068B000A8F80010A8F80010A8F80010039A022BFE
:1068C00020D0A8F80010A8F80010A8F80010A8F828
:1068D0000010A8F80010A8F80010A8F80010A8F8F8
:1068E0000010A8F80010A8F80010A8F80010A8F8E8
:1068F0000010A8F80010A8F80010A8F80010A8F8D8
:106900000010029A059B032BC0F08380043AA8F87C
:106910000010A8F80010A8F80010A8F80010A8F8B7
:106920000010A8F80010A8F80010A8F80010A8F8A7
:106930000010A8F80010A8F80010A8F80010A8F897
:106940000010A8F80010A8F80010A8F80010A8F887
:106950000010A8F80010A8F80010A8F80010A8F877
:106960000010A8F80010A8F80010A8F80010A8F867
:106970000010A8F80010A8F80010A8F80010A8F857
:106980000010A8F80010A8F80010A8F80010A8F847
:106990000010A8F80010A8F80010A8F80010A8F837
:1069A0000010A8F80010A8F80010A8F80010A8F827
:1069B0000010A8F80010A8F80010A8F80010A8F817
:1069C0000010A8F80010A8F80010A8F80010A8F807
:1069D0000010A8F80010A8F80010A8F80010A8F8F7
:1069E0000010A8F80010A8F80010A8F80010A8F8E7
:1069F0000010A8F80010A8F80010A8F80010A8F8D7
:106A00000010A8F80010A8F80010A8F800107FF4F3
:106A10007DAF002E3FF4CCAE012EA8F800103FF45D
:106A2000C7AE022EA8F800103FF4C2AE032EA8F89D
:106A300000103FF4BDAE042EA8F800103FF4B8AE2D
:106A4000052EA8F800103FF4B3AE062EA8F80010EB
:106A50003FF4AEAE072EA8F800103FF4A9AE082E02
:106A6000A8F800103FF4A4AE092EA8F800103FF4D7
:106A70009FAE0A2EA8F800103FF49AAE0B2EA8F88D
:106A800000103FF495AE0C2EA8F800103FF490AE25
:106A90000D2EA8F800103FF48BAE0E2EA8F80010B3
:106AA00018BFA8F8001083E60120D9FA50F087B289
:106AB000390A0791C1B20130069181B200F00F0985
:106AC000080904904FF0FF3000EB11100590C1F35E
:106AD000011003906FF0010000EB1110802602906E
:106AE0006FF00200C6F60046BAF1000F00EB11107D
:106AF000019000F03B854FF0000A4FF0D8482A255E
:106B00004FF0000B13E000BF1FFA8BF003F010FFF3
:106B10000120FAF76DF90BF1010B40F271031FFA36
:106B20008BF0A1B2C2F20003884200F2338658888B
:106B30008742E9D8A4EB0B00998882B28A42E3D855
:106B4000A8F80050A6F800A0A6F800A007990F2FFB
:106B50003180069931804FF02B01A8F80010C0F366
:106B60000721C0B231803080318030804FF02C005E
:106B7000A8F80000089803EB4000B0F80700C0F048
:106B80008180039A0499BAB330803080308030809D
:106B90003080308030803080308030803080308075
:106BA00030803080308030800599012A24D03080B8
:106BB0003080308030803080308030803080308055
:106BC000308030803080308030803080308002995A
:106BD000022A11D030803080308030803080308088
:106BE0003080308030803080308030803080308025
:106BF00030803080019900BF059A032A42D300BF3C
:106C00000439308030803080308030803080308077
:106C100030803080308030803080308030803080F4
:106C200030803080308030803080308030803080E4
:106C300030803080308030803080308030803080D4
:106C400030803080308030803080308030803080C4
:106C500030803080308030803080308030803080B4
:106C600030803080308030803080308030803080A4
:106C70003080308030803080308030803080308094
:106C80003080BDD1B9F1000F3FF43EAFB9F1010F33
:106C900030803FF439AFB9F1020F30803FF434AFA8
:106CA000B9F1030F30803FF42FAFB9F1040F3080FA
:106CB0003FF42AAFB9F1050F30803FF425AFB9F1A9
:106CC000060F30803FF420AFB9F1070F30803FF45A
:106CD0001BAFB9F1080F30803FF416AFB9F1090FBF
:106CE00030803FF411AFB9F10A0F30803FF40CAFA0
:106CF000B9F10B0F30803FF407AFB9F10C0F3080C2
:106D00003FF402AFB9F10D0F30803FF4FDAEB9F1A1
:106D10000E0F308018BF3080F6E600BF4FF0000B3A
:106D20004FF0D8454FF0000A14E000BF1FFA8AF078
:106D300003F0FEFD0120FAF75BF80AF1010A40F2C8
:106D400071031FFA8AF01FFA89F1C2F20003884228
:106D500000F22085AAF10100598882B28A42E5D862
:106D600099888C42E2D82A212980C0F30721C0B239
:106D700031803080318030802B202880A6F800B010
:106D8000A6F800B007980F2C3080069830804FF09E
:106D90002C002880089803EB4000B0F80700C0F0F2
:106DA00081800499C7B3308030803080308030805B
:106DB0003080308030803080308030803080308053
:106DC00030803080308005993A46012F24D03080C1
:106DD0003080308030803080308030803080308033
:106DE0003080308030803080308030803080039937
:106DF000022A11D030803080308030803080308066
:106E00003080308030803080308030803080308002
:106E100030803080029900BF059A032A42D300BF18
:106E20000439308030803080308030803080308055
:106E300030803080308030803080308030803080D2
:106E400030803080308030803080308030803080C2
:106E500030803080308030803080308030803080B2
:106E600030803080308030803080308030803080A2
:106E70003080308030803080308030803080308092
:106E80003080308030803080308030803080308082
:106E90003080308030803080308030803080308072
:106EA0003080BDD1B8F1000F3FF440AFB8F1010F11
:106EB00030803FF43BAFB8F1020F30803FF436AF83
:106EC000B8F1030F30803FF431AFB8F1040F3080D8
:106ED0003FF42CAFB8F1050F30803FF427AFB8F185
:106EE000060F30803FF422AFB8F1070F30803FF437
:106EF0001DAFB8F1080F30803FF418AFB8F1090F9B
:106F000030803FF413AFB8F10A0F30803FF40EAF7A
:106F1000B8F10B0F30803FF409AFB8F10C0F30809F
:106F20003FF404AFB8F10D0F30803FF4FFAEB8F17D
:106F30000E0F308018BF3080F8E600BF4FF0000B16
:106F40004FF0D84A4FF0000819E000BFA9EB080045
:106F500080B227462C461FFA89F503F0E9FC012090
:106F6000F9F746FF08F1010840F271031FFA88F0B3
:106F7000C2F20003A84225463C4600F20B84A8F169
:106F80000100598882B28A42E0D899888C42DDD8C3
:106F90002A21AAF80010C0F30721C0B23180308046
:106FA000318030802B20AAF80000A6F800B0A6F8A7
:106FB00000B007980F2C3080069830804FF02C00DE
:106FC000AAF80000089803EB4000B0F80700C0F0F2
:106FD0008180039A0499BAB3308030803080308049
:106FE0003080308030803080308030803080308021
:106FF00030803080308030800599012A24D0308064
:107000003080308030803080308030803080308000
:107010003080308030803080308030803080029905
:10702000022A11D030803080308030803080308033
:1070300030803080308030803080308030803080D0
:1070400030803080019900BF059A032A42D300BFE7
:107050000439308030803080308030803080308023
:1070600030803080308030803080308030803080A0
:107070003080308030803080308030803080308090
:107080003080308030803080308030803080308080
:107090003080308030803080308030803080308070
:1070A0003080308030803080308030803080308060
:1070B0003080308030803080308030803080308050
:1070C0003080308030803080308030803080308040
:1070D0003080BDD1002D3FF439AF012D30803FF419
:1070E00035AF022D30803FF431AF032D30803FF4B7
:1070F0002DAF042D30803FF429AF052D30803FF4B3
:1071000025AF062D30803FF421AF072D30803FF4AE
:107110001DAF082D30803FF419AF092D30803FF4AA
:1071200015AF0A2D30803FF411AF0B2D30803FF4A6
:107130000DAF0C2D30803FF409AF0D2D30803FF4A2
:1071400005AF0E2D308018BF3080FFE680254FF050
:107150000008C6F600454FF0D84A4FF0000B11E08A
:1071600003F0E6FB0120F9F743FE0BF1010B40F2BF
:1071700071031FFA8BF01FFA89F1C2F200038842F3
:1071800000F2088359881FFA8BF08842E8D8998862
:107190008C42E5D82A21AAF80010CBF307215FFA28
:1071A0008BF229802A8029802B212A80AAF80010BE
:1071B000A5F80080A5F8008007990F2C2980069972
:1071C00029804FF02C01AAF80010089903EB410127
:1071D000B1F80710C0F08080049ABFB329802980DD
:1071E0002980298029802980298029802980298057
:1071F000298029802980298029802980059A3B4679
:10720000012F23D029802980298029802980298065
:107210002980298029802980298029802980298026
:1072200029802980039A022B10D029802980298067
:107230002980298029802980298029802980298006
:1072400029802980298029802980029A059B032B87
:1072500042D300BF043A29802980298029802980CF
:1072600029802980298029802980298029802980D6
:1072700029802980298029802980298029802980C6
:1072800029802980298029802980298029802980B6
:1072900029802980298029802980298029802980A6
:1072A0002980298029802980298029802980298096
:1072B0002980298029802980298029802980298086
:1072C0002980298029802980298029802980298076
:1072D000298029802980BDD1002E3FF441AF012EA5
:1072E00029803FF43DAF022E29803FF439AF032EB1
:1072F00029803FF435AF042E29803FF431AF052EAD
:1073000029803FF42DAF062E29803FF429AF072EA8
:1073100029803FF425AF082E29803FF421AF092EA4
:1073200029803FF41DAF0A2E29803FF419AF0B2EA0
:1073300029803FF415AF0C2E29803FF411AF0D2E9C
:1073400029803FF40DAF0E2E298018BF298007E752
:107350004FF0D84B00250FE0A8B203F0E9FA012066
:10736000F9F746FD013540F27103A8B2A1B2C2F2AD
:107370000003884200F20E8258888742ECD8681ECB
:10738000998882B28A42E7D82A21ABF80010A6F881
:1073900000A0A6F800A007990F2F31800699318030
:1073A0004FF02B01ABF80010C0F30721C0B23180C1
:1073B0003080318030804FF02C00ABF8000008980E
:1073C00003EB4000B0F80700C0F084800499B9F1E5
:1073D000000F39D030803080308030803080308075
:1073E000308030803080308030803080308030801D
:1073F0003080308005994A46B9F1010F24D03080A1
:1074000030803080308030803080308030803080FC
:107410003080308030803080308030803080039900
:10742000022A11D03080308030803080308030802F
:1074300030803080308030803080308030803080CC
:1074400030803080029900BF059A032A42D300BFE2
:10745000043930803080308030803080308030801F
:10746000308030803080308030803080308030809C
:10747000308030803080308030803080308030808C
:10748000308030803080308030803080308030807C
:10749000308030803080308030803080308030806C
:1074A000308030803080308030803080308030805C
:1074B000308030803080308030803080308030804C
:1074C000308030803080308030803080308030803C
:1074D0003080BDD1B8F1000F3FF43EAFB8F1010FDD
:1074E00030803FF439AFB8F1020F30803FF434AF51
:1074F000B8F1030F30803FF42FAFB8F1040F3080A4
:107500003FF42AAFB8F1050F30803FF425AFB8F152
:10751000060F30803FF420AFB8F1070F30803FF402
:107520001BAFB8F1080F30803FF416AFB8F1090F68
:1075300030803FF411AFB8F10A0F30803FF40CAF48
:10754000B8F10B0F30803FF407AFB8F10C0F30806B
:107550003FF402AFB8F10D0F30803FF4FDAEB8F14B
:107560000E0F308018BF3080F6E600BF4FF0000BE2
:107570004FF0D84A4FF0000814E000BFA4EB080019
:1075800080B2A5B203F0D4F90120F9F731FC08F17B
:10759000010840F271031FFA88F0C2F20003A8420A
:1075A00000F2F88058888742E8D8A8F1010099884D
:1075B00082B28A42E2D82A21AAF80010A6F800B0C6
:1075C000A6F800B007990F2F3180069931804FF04F
:1075D0002B01AAF80010C0F30721C0B2318030801F
:1075E000318030804FF02C00AAF80000089803EB9F
:1075F0004000B0F80700C0F08180039A0499BAB344
:1076000030803080308030803080308030803080FA
:1076100030803080308030803080308030803080EA
:107620000599012A24D0308030803080308030802D
:1076300030803080308030803080308030803080CA
:107640003080308030800299022A11D03080308022
:1076500030803080308030803080308030803080AA
:10766000308030803080308030803080019900BFA1
:10767000059A032A42D300BF04393080308030801D
:10768000308030803080308030803080308030807A
:10769000308030803080308030803080308030806A
:1076A000308030803080308030803080308030805A
:1076B000308030803080308030803080308030804A
:1076C000308030803080308030803080308030803A
:1076D000308030803080308030803080308030802A
:1076E000308030803080308030803080308030801A
:1076F00030803080308030803080BDD1B9F1000FD3
:107700003FF43CAFB9F1010F30803FF437AFB9F12E
:10771000020F30803FF432AFB9F1030F30803FF4F5
:107720002DAFB9F1040F30803FF428AFB9F1050F48
:1077300030803FF423AFB9F1060F30803FF41EAF25
:10774000B9F1070F30803FF419AFB9F1080F30805D
:107750003FF414AFB9F1090F30803FF40FAFB9F126
:107760000A0F30803FF40AAFB9F10B0F30803FF4BD
:1077700005AFB9F10C0F30803FF400AFB9F10D0F38
:1077800030803FF4FBAEB9F10E0F308018BF30806F
:10779000F4E600BF002009B0BDE8F04F03F0C8B820
:1077A000B0B54FF0010CD3FA5CF440F27103C2F2B1
:1077B00000035D8811FA84F4AC4288BFB0BD049D1B
:1077C0009B88D5FA5CF512FA85F59D4200D9B0BDCB
:1077D000DDE905EC079BCDE90412A9B2A4B207913B
:1077E000714662460694BDE8B040FAF7DDBC000081
:1077F00010B584B040F2710CC2F2000CBCF802E08B
:10780000BCF804C00024CDE90044CDE902ECFAF74D
:10781000CBFC04B010BD00002DE9F04F86B040F263
:10782000710BC2F2000BBBF8026084B2B646B442E0
:1078300038BFA646BBF8045089B2B24238BF1646DC
:10784000A942AC4638BF8C46AB42B7B238BF1D46E2
:10785000AEEB060A4FF0FF30BC424FF0FF341FFA88
:1078600085F9039738BF0124049438BFA6EB0E0AAC
:10787000494538BF012005900F98ACEB05080BEB8C
:10788000400038BFA5EB0C08B0F807005FEA0A41DA
:10789000CDF8008036D05FEA084140F28001C6F69C
:1078A0000041CDF804A077D01FFA88F21FFA8AF3BE
:1078B000934240F0BD804FF0D8424FF02A082B256C
:1078C0002C2600BF0FFA8EF73F125FFA8EF3A2F854
:1078D00000800F800B800F800B800FFA8CF31F123B
:1078E0005FFA8CF44B4515800F800C800F800C8064
:1078F0001680088000F0E281049B9E44059B9C4416
:10790000E0E700BF1FFA8EF4A24232461FFA8CF75E
:1079100040F2800138BF724638BFB6461FFA8EF675
:10792000BB422B464FF0D8484FF02A07C6F600411D
:1079300094B238BF634638BFAC46A8F80070360A28
:107940005FFA8EF70E800F80270A0F80D2B21FFADF
:107950008CF5009F0A802B22A8F800202A0A1FFA23
:1079600083F90A805FFA8CF20A804FEA19220A80B2
:10797000DAB20A807A1C2C2312F00302A8F8003035
:1079800000F0E280012A088040F0E4807A1EBBB259
:10799000032B80F0E98091E11FFA8EF4A242324677
:1079A0001FFA8CF738BF724638BFB6461FFA8EF6FC
:1079B000BB422B464FF0D8484FF02A071FFA82FBF4
:1079C00038BF634638BFAC46A8F80070360A5FFA85
:1079D0008EF70E800F804FEA1B27D2B21FFA8CF56C
:1079E0000F800A802B22A8F800202A0A1FFA83F9A8
:1079F0000A805FFA8CF20A804FEA19220A80DAB212
:107A00000A800AF101022C2312F00302A8F80030C8
:107A100000F04681012A088040F05481DDF804A07E
:107A2000AAF101021FFA8AF3032B80F03F8145E19E
:107A30004FF0000680F0A280A6EB52027346654626
:107A40004FF0000AF4070FFA8CFB03D1CB4501D0AD
:107A5000019F56E04FF0D8482A24A8F800401CB2F5
:107A60002412DBB22EB20C800B800C800B802B23F7
:107A7000A8F800305E45EBB21EDA340A0C800B80A9
:107A8000ABF101031C0ADBB20C800B802C23A8F89D
:107A90000030ACEB050313F00307A3F101051ED082
:107AA000012F2E4608801BD0022F08801ABF0880A5
:107AB000DE1E9E1E14E000BF0BF10104270AE4B293
:107AC0000F800C80340A0C800B802C23A8F8003027
:107AD000A5EB0C0313F00307A3F10105E0D11E464B
:107AE000ABB2DDE90087032B7346654609D300BFBF
:107AF000043E33040880088008800880F8D173466B
:107B000065465FEA0A6440F0D980ABEB0904B4FA39
:107B100084F44FEA541A059C3A44A44414B2B4F1D4
:107B2000FF3F4FF00006C8BF0126049FC8BFBE44F8
:107B3000B4F1FF3FC8BFA2EB0802F4070FFA8CFBB9
:107B40003FF484AF86E700BF3A46BBB2032B0BD2AB
:107B5000B4E000BF022A08801ABF0880FA1EBA1ECD
:107B6000BBB2032BC0F0AA8093B2043A032B088067
:107B7000088008800880F7D1A0E000BFA6EB530280
:107B80004FF0D847F146654600230293F3070FFAFA
:107B90008EFB02D1039B9B4561D10FFA89F32EB274
:107BA0002A243612EDB25B455FFA89F84FF0D84AC5
:107BB0003C8017DA1B0A0B80ABF101031F0ADBB212
:107BC000A1F800800F800B802B23AAF800302C2313
:107BD0000E800D800E800D80AAF80030AEEB0904F7
:107BE00016E000BF0BF101073C0A0C80FCB21B0A37
:107BF0000C800B802B23A1F80080AAF800302C23E6
:107C0000A9EB0E040E800D800E800D80AAF80030C6
:107C1000DDF804A04FF0D84714F00303A4F10105E8
:107C20000CD00880DDF80080012B2E4609D0022BF5
:107C300008801ABF0880E61EA61E02E0DDF800805C
:107C40002646ABB2032BF146654608D3043E330407
:107C50000880088008800880F8D1F1466546029BBC
:107C60001B062BD1039B4244ABEB0303B3FA83F314
:107C70005B090293049B00269E4413B2B3F1FF3FBD
:107C8000C8BF0126059CC8BFA444B3F1FF3FC8BFCD
:107C9000A2EB0A02F3070FFA8EFB3FF47BAF7CE7FF
:107CA00052461FFA8AF3032B08D300BF93B2043A5B
:107CB000032B0880088008800880F7D106B0BDE853
:107CC000F08F00BF0880DDF804A0022A1ABF0880E8
:107CD000AAF10302AAF102021FFA8AF3032BE5D2EA
:107CE000ECE700002DE9F04F85B01FFA80F940F273
:107CF0007100C2F20000468889B2B646B14538BF6D
:107D0000CE468588B242DDF838A038BF1646A94273
:107D1000AC4638BF8C46AB42B4B238BF1D46AEEB62
:107D200006084FF0FF370294A1454FF0FF341FFAC9
:107D300085F9ACEB050B00EB4A0038BF0124039436
:107D400038BFA6EB0E08494538BF0127049738BF56
:107D5000A5EB0C0BB0F807005FEA08413ED05FEAE4
:107D60000B4140F28001C6F60041CDF8008000F0E2
:107D70007F801FFA8BF21FFA88F3934240F0BA809B
:107D80004FF0D8424FF02A0A2B252C260FFA8EF7F7
:107D90003C0AA2F800A00C805FFA8EF40C807C1CD8
:107DA000270AE4B20F800C800FFA8CF4270A1580A2
:107DB0000F805FFA8CF70F80671C3B0A0B80FBB2C9
:107DC0004C450B801680088008800880088000F0F1
:107DD0006182039B9E44049B9C44D7E71FFA8EF468
:107DE000A24232463CBF7246B6461FFA8CF680214C
:107DF0001FFA8EF4B3422B464FF0D8464FF02A07B5
:107E0000C6F600413CBF6346AC463780240A5FFAA1
:107E10008EF70C800F80012717FA82F2140AD2B273
:107E20001FFA8CF50C800A802B2232802A0A0A80E5
:107E30005FFA8CF20A8017FA83F2130AD2B20B802F
:107E40000A800BF101022C2312F00302338000F0B0
:107E50000981012A088008800880088040F00A8192
:107E6000ABF101021FFA8BF3032B80F0E18111E2E9
:107E70001FFA8EF4A24232463CBF7246B6461FFA43
:107E80008CF61FFA8EF4B3422B464FF0D8464FF0D3
:107E90002A073CBF6346AC463780240A5FFA8EF758
:107EA0000C800F80012717FA82F2140AD2B21FFA4F
:107EB0008CF50C800A802B2232802A0A0A805FFA15
:107EC0008CF20A8017FA83F2009F130AD2B20B8059
:107ED0000A807A1C2C2312F00302338000F0948174
:107EE000012A088008800880088040F08F817A1E6F
:107EF000B9E100BFCDF804B080F0CC800026A6EB3D
:107F00005202734665464FF0000AF4070FFA8CFBE5
:107F100003D100BFCB4540F082802EB25E451FB238
:107F20004FF0D8484FF02A0430DAA8F800403C0A55
:107F3000DBB20C800B807B1C1C0ADBB20C800B803C
:107F40002B23A8F80030330A0B80EBB20B804FEAEA
:107F50001B230B805FFA8CF30B802C23A8F80030D6
:107F6000ACEB050313F00307A3F1010531D0012F9A
:107F70002E46088008800880088033D0022F0880B1
:107F800008800880088027D19E1E2BE0A8F80040BA
:107F90003C0ADBB20C800B807B1C1C0ADBB20C8021
:107FA0000B802B23A8F800300BF101031C0ADBB275
:107FB0000C800B80731C1C0ADBB20C800B802C2302
:107FC000A8F80030A5EB0C0313F00307A3F101059B
:107FD000CDD11E4606E000BFDE1E08800880088066
:107FE000088000BFABB2DDF80080032B7346654606
:107FF00015D300BF043E3304088008800880088041
:108000000880088008800880088008800880088030
:108010000880088008800880ECD1734665465FEAD6
:108020000A6440F03781ABEB0904B4FA84F44FEAF8
:10803000541A049C4244A44414B2B4F1FF3F4FF0DC
:108040000006C8BF0126039FC8BFBE44B4F1FF3F6E
:10805000019CC8BF121BF4070FFA8CFB3FF45AAF08
:108060005BE700BF5A461FFA8BF3032B80F0E080DA
:1080700010E100BF022A088008800880088040F0D4
:10808000CD80ABF102021FFA8BF3032B80F0D0807E
:1080900000E100BF0025A5EB53024FF02C09744608
:1080A00063464FF0000AED070FFA8EFB04D100BFC4
:1080B000029DAB4540F0858025B25D4532DA4FF038
:1080C000D8472A262D0A3E800D80E5B20D804FEA62
:1080D0001B250D805FFA8EF50D802B253D801DB28E
:1080E0002E0ADBB20E800B806B1C1D0ADBB20D80EA
:1080F0000B80A7F80090AEEB040313F00306A3F186
:1081000001043AD0012E25460880088008800880A6
:108110003CD0022E088008800880088030D19D1E47
:1081200034E000BF4FF0D8492A26A9F800600BF1CF
:108130000106370A0F80F6B20135DDF800800E80A7
:108140002E0AEDB20E800D802B25A9F800501DB22D
:108150002E0ADBB20E800B806B1C1D0ADBB20D8079
:108160000B802C23A9F800304FF02C09A4EB0E0350
:1081700013F00306A3F10104C4D11D4606E000BFBD
:10818000DD1E088008800880088000BFA3B2032B92
:108190007446634615D300BF043D2B040880088055
:1081A000088008800880088008800880088008808F
:1081B000088008800880088008800880ECD1744618
:1081C00063465FEA0A6565D1029DABEB0505B5FA2A
:1081D00085F54FEA551A039DAE44019D2A4416B217
:1081E000B6F1FF3F4FF00005C8BF0125049FC8BF8F
:1081F000BC44B6F1FF3FC8BFA2EB0802ED070FFA7F
:108200008EFB3FF455AF57E73A462CE0022A088030
:1082100008800880088021D1BA1E24E0ABF1030257
:1082200008800880088008801FFA8BF3032B31D365
:1082300093B2043A032B08800880088008800880E5
:1082400008800880088008800880088008800880EE
:10825000088008800880EBD11CE000BFFA1E08806F
:10826000088008800880BBB2032B13D393B2043A72
:10827000032B088008800880088008800880088018
:1082800008800880088008800880088008800880AE
:108290000880EBD105B0BDE8F08F00002DE9F04F6C
:1082A00085B01FFA80F940F27100C2F200004688E2
:1082B00089B2B646B14538BFCE468588B2420E9FD8
:1082C00038BF1646A942AC4638BF8C46AB42B4B262
:1082D00038BF1D46AEEB060A4FF0FF380294A145A9
:1082E0004FF0FF341FFA85F9ACEB050B00EB4700AC
:1082F00038BF0124039438BFA6EB0E0A494538BFA6
:108300004FF00108CDF8108038BFA5EB0C0BB0F88A
:1083100007005FEA0A4145D05FEA0B4140F2800165
:10832000C6F60041CDF800A000F08C801FFA8BF259
:108330001FFA8AF3934240F0CB804FF0D8424FF0BF
:108340002A082B252C2600BF0FFA8EF73C0AA2F82C
:1083500000800C805FFA8EF40C80BC1C270AE4B20B
:108360000F800C800FFA8CF4270A15800F805FFABB
:108370008CF70F80A71C3B0A0B80FBB24C450B808F
:10838000168008800880088008800880088008809F
:108390000880088000F0F882039B9E44049B9C4464
:1083A000D2E700BF1FFA8EF4A24232463CBF7246AB
:1083B000B6461FFA8CF680211FFA8EF4B3422B4684
:1083C0004FF0D8464FF02A07C6F600413CBF63463F
:1083D000AC463780240A5FFA8EF70C800F800227A4
:1083E00017FA82F2140AD2B21FFA8CF50C800A80B6
:1083F0002B2232802A0A0A805FFA8CF20A8017FA4E
:1084000083F2130AD2B20B800A800BF101022C23F3
:1084100012F00302338000F03D81012A08800880B9
:10842000088008800880088008800880088040F064
:108430003981ABF101021FFA8BF3032B80F04482E8
:10844000A2E200BF1FFA8EF4A24232463CBF72463F
:10845000B6461FFA8CF61FFA8EF4B3422B464FF045
:10846000D8464FF02A073CBF6346AC463780240A03
:108470005FFA8EF70C800F80022717FA82F2140A37
:10848000D2B21FFA8CF50C800A802B2232802A0A85
:108490000A805FFA8CF20A8017FA83F2009F130AAF
:1084A000D2B20B800A807A1C2C2312F00302338094
:1084B00000F0EA81012A088008800880088008808E
:1084C000088008800880088040F0E0817A1E2FE252
:1084D000CDF804B080F0FA800026A6EB5202734675
:1084E000654600240294F4070FFA8CFB03D100BF09
:1084F000CB4540F0AC802EB25E451FB24FF0D8485D
:108500004FF02A043EDAA8F800403C0ADBB20C80A7
:108510000B80BB1C1C0ADBB20C800B802B23A8F841
:108520000030330A0B80EBB20B800BF101031C0A05
:10853000DBB20C800B802C23A8F80030ACEB0503D9
:10854000DDF800A013F00306A3F101053FD0012ED2
:10855000A846088008800880088008800880088075
:108560000880088042D0022E088008800880088099
:10857000088008800880088008802BD1A3F10208B9
:1085800034E000BFA8F800403C0ADBB20C800B804E
:10859000BB1C1C0ADBB20C800B802B23A8F800301C
:1085A0000BF101031C0ADBB20C800B80B31C1C0A0C
:1085B000DBB20C800B802C23A8F80030A5EB0C0359
:1085C000DDF800A013F00306A3F10105BFD1984622
:1085D0000CE000BFA3F10308088008800880088031
:1085E0000880088008800880088000BFABB2032B99
:1085F000734665462BD300BFA8F104085FEA084321
:10860000088008800880088008800880088008802A
:10861000088008800880088008800880088008801A
:10862000088008800880088008800880088008800A
:1086300008800880088008800880088008800880FA
:108640000880088008800880D6D173466546029C61
:10865000240640F09981ABEB0904B4FA84F4640970
:108660000294049C5244A44414B2B4F1FF3F4FF06E
:108670000006C8BF0126039FC8BFBE44B4F1FF3F38
:10868000019CC8BF121BF4070FFA8CFB3FF430AFFC
:1086900031E700BF5A461FFA8BF3032B80F0148199
:1086A00072E100BF022A08800880088008800880E4
:1086B000088008800880088040F0F680ABF1020254
:1086C0001FFA8BF3032B80F0FF805DE10025A5EB03
:1086D00053024FF02C08744663464FF00009ED0733
:1086E0000FFA8EFB04D100BF029DAB4540F0A7807E
:1086F00025B25D453CDA4FF0D8472A262D0A3E8048
:108700000D80E5B20D800BF101052E0AEDB20E8051
:108710000D802B253D801DB22E0ADBB20E800B8012
:10872000AB1C1D0ADBB20D800B80A7F80080AEEBFE
:10873000040313F00306A3F1010444D0012E2546DF
:1087400008800880088008800880088008800880E9
:10875000088045D0022E08800880088008800880A4
:10876000088008800880088030D19D1E38E000BF56
:108770004FF0D8482A26A8F800600BF10106370A06
:108780000F80F6B20235DDF800A00E802E0AEDB2A1
:108790000E800D802B25A8F800501DB22E0ADBB2EA
:1087A0000E800B80AB1C1D0ADBB20D800B802C23CE
:1087B000A8F800304FF02C08A4EB0E0313F00306CA
:1087C000A3F10104BAD11D460AE000BFDD1E0880F6
:1087D0000880088008800880088008800880088059
:1087E000A3B2032B7446634629D300BF043D2B0478
:1087F0000880088008800880088008800880088039
:108800000880088008800880088008800880088028
:108810000880088008800880088008800880088018
:108820000880088008800880088008800880088008
:108830000880088008800880D8D1744663465FEAC3
:10884000096540F0A180029DABEB0505B5FA85F501
:108850004FEA5519039DAE44019D2A4416B2B6F164
:10886000FF3F4FF00005C8BF0125049FC8BFBC44AF
:10887000B6F1FF3FC8BFA2EB0A02ED070FFA8EFB6D
:108880003FF432AF34E700BF3A4651E0022A088095
:108890000880088008800880088008800880088098
:1088A0003CD1BA1E44E000BFABF10302088008804F
:1088B00008800880088008800880088008801FFAE7
:1088C0008BF3032B60D300BF93B2043A032B0880D1
:1088D0000880088008800880088008800880088058
:1088E0000880088008800880088008800880088048
:1088F0000880088008800880088008800880088038
:108900000880088008800880088008800880088027
:10891000088008800880D7D136E000BFFA1E0880A2
:108920000880088008800880088008800880088007
:10893000BBB2032B28D300BF93B2043A032B0880A9
:1089400008800880088008800880088008800880E7
:1089500008800880088008800880088008800880D7
:1089600008800880088008800880088008800880C7
:1089700008800880088008800880088008800880B7
:10898000088008800880D7D105B0BDE8F08F0000CE
:108990002DE9F04F81B0032B00F28A800B9F40F24B
:1089A00077365643B60A5510DFE803F00212060A7E
:1089B0006B18891A0EE000BF2C18801A02E000BF65
:1089C000441B10448B1B01EB060A254605E000BF43
:1089D0004B1B1144841B85199A460A9A1FFA80F88A
:1089E0005FFA82FB1FFA81F9A6B2012F20D0002F77
:1089F0003ED19FB24046494632463B46CDF800B094
:108A0000FEF70AFFACB21FFA8AF530463946224615
:108A10002B46CDF800B0FEF7FFFE40464946224601
:108A20002B46CDF828B001B0BDE8F04FFEF7F4BEFC
:108A30009FB24046494632463B46CDF800B0FFF76C
:108A400051F9ACB21FFA8AF53046394622462B4618
:108A5000CDF800B0FFF746F94046494622462B467E
:108A6000CDF828B001B0BDE8F04FFFF73BB900BF2B
:108A70009FB24046494632463B46CDF800B0FFF72C
:108A80000DFCACB21FFA8AF53046394622462B4619
:108A9000CDF800B0FFF702FC4046494622462B467F
:108AA000CDF828B001B0BDE8F04FFFF7F7BB00BF2D
:108AB00001B0BDE8F08F00002DE9F04FC9B024925D
:108AC00026915D990DF5AA7E2791DDE95B160028B8
:108AD00016919EE88240DDF868B1DDE958A81B9147
:108AE000DDE952120590549D40F271001C46A1F13F
:108AF0000109A2F10101C2F20000CDF870E019D025
:108B0000807925910328019000F24C850346C2F13B
:108B10000100DFE803F00355414B00BF40F2710252
:108B2000C2F200021178001B9288012908BF841844
:108B3000022050E00020019008462394002D56D1D9
:108B40000024BAF1000F68D0BA453B4604DC7942F4
:108B50008A45B8BF8A465346B8F1000F61D0B84580
:108B6000BC4604DC79428845B8BF8846C446002E1E
:108B70005BD0CBF100029642B8BF5E4627992097A2
:108B8000002957D059455D4655DCCBF10002914292
:108B9000B8BF11460D464EE040F27101C2F200012D
:108BA0008988001B4418012015E000BF40F27101C4
:108BB000C2F200018988001B441800200BE000BFAE
:108BC00040F27102C2F200021178001B9288012962
:108BD00008BF84180320FAF7BDFC24994846CDE964
:108BE0002314DDF870E0DDF89490002DA8D00BEB95
:108BF00007014A1C2C46AA4280F0CC841FFA89F156
:108C0000B1EB440F81B238BF4FEA4409B1EB440FD6
:108C100038BF6000BAF1000F96D10023B8F1000F01
:108C20009DD14FF0000C002EA3D10026279920974C
:108C30000029A7D10025239F1FFA89F217FA80F196
:108C40001F91E1B28DF8D7303344C1F10106ADF880
:108C5000C60000B21E92ADF8A26021944610ADF895
:108C6000C8601B9E17918DF8A540209C8DF8CA60A6
:108C70000E1BA6EB0B018DF8023105EB0C03C6F1C0
:108C800001058DF8D060C1F101068DF8FB100BEBEA
:108C9000040107EB6007ADF8CD50A0EB4405A0EB55
:108CA00041001197ADF81C014008ADF81E0116985F
:108CB000ADF8CB7047FA8CF78DF8200147FA83F0B6
:108CC00009970A90DDF898808DF8011144F67C012F
:108CD000ADF8210108EBC800C0F6010101EB40002E
:108CE000ADF8F1506D0812380022ADF8F35027901E
:108CF0000DF1A2054FF0010B002100204FF0000AFA
:108D00008DF8AD208DF8D8C08DF803318DF8A420F2
:108D10008DF8A620ADF8AB208DF8CF208DF8D120AE
:108D20008DF8D6408DF8F5E0ADF8F670ADF8F86046
:108D30008DF8FA208DF8FC201EE000BFB8F1000F7E
:108D400012BF279B40F2CA03C2F200030B44DF7834
:108D50001E795B7907F0F80747EA5617E76006F0D7
:108D60001C07DB0843EAC70323612B320130812A49
:108D700001F1060100F0C680AC1894F828C0BCF1DF
:108D8000000FF2D00BFA00F3DBB2BCF1020F4AEA9B
:108D9000030AD3D0BCF1010F16D1B8F1000F12BFF6
:108DA000279F40F2CA07C2F200077B5C0F447E781F
:108DB00003F0F803BF7843EA5613E36006F01C03A0
:108DC000FF0847EAC303CFE7B8F1000F1CD0BCF19E
:108DD000060F02D0BCF1030F38D1DDF89CB00BEBCD
:108DE0000106F37896F804801F02E76077794FEA6E
:108DF000082596F8019096F802E025613D021BF8DF
:108E00000160656136E000BFBCF1060F02D0BCF125
:108E1000030F3BD140F2CA03C2F200030B44DD78DA
:108E200093F801802E0293F8029093F804E0E66034
:108E30005E7940F2CA03C2F200034FEA0E2B5B5C7C
:108E4000C4F810B04FF0010B370234E0279B5D18D7
:108E50005E5C95F80190330295F802E04FEA09272D
:108E6000E360EB7895F8048027616F794FEA0E2B69
:108E7000C4F814B0F31AA9EB08051B022D02AEEBDF
:108E800007074FF0010BA361E5611EE040F2CA073E
:108E9000C2F200077B5C7E1896F801801F0296F8EC
:108EA0000290E760F57896F804E04FEA08277679B3
:108EB00027614FEA092767615B1BA8EB0E071B02BE
:108EC0003D02A361E561A9EB0607DDF898803F024A
:108ED000BCF1040F276203D8B4F9246005E000BF99
:108EE000BCF1060F0BD8B4F92660013693FBF6F3FC
:108EF00097FBF6F7A36195FBF6F32762E3610DF1AB
:108F0000A20532E71F9BDDF88CC01FFA83F8219C75
:108F1000E04509D20598002800F03883019849B04F
:108F2000BDE8F04FFAF716BB179A2499DDF8B2E0C6
:108F30008818259089B2981A891A1E9A80B211440D
:108F400024911A90DDF8AE00E3461890DDF8B600E3
:108F50001D90DDF8BA001090DDF8BE000F90DDF82E
:108F6000C2000E9020998AF001000843B0FA80F008
:108F7000400919901C984FF02B0A08430D90DDF81A
:108F8000E5000490DDF8E9000390DDF8ED000290C3
:108F9000449808904598079046980690DDF8D900C7
:108FA0001390DDF8DD001290DDF8E1000B904198A0
:108FB00015904298149043980C90CDF880C0CDE95C
:108FC000228C1CE0C9B26CF30F2140F27103C2F293
:108FD0000003BDF8FD00A3F809101FFA8BF10B4642
:108FE00001270097F8F7FCFBA646B4460BF1010BEE
:108FF000CDF880B01FFA8BFBC3454C468AD8CDF81C
:109000007CE01A980022ABEB00001E9002FB0A5392
:1090100093F8099093F90BE009EB0C007044584564
:1090200004DCA8EB09007044584509DA0020A3F8D5
:109030000500A3F807000132032AE7D1B8E000BF1A
:1090400093F90A002599270601EB000624990144AB
:1090500010D01F7993F802C0F807CDE926163BD14E
:1090600093F803A06546279EDDF88CC0B8464FF004
:10907000FF3107E006EB0900A3F80500A1EB0900AA
:10908000D7E700BFE8B251FA8AF787421CDDB3F98F
:109090000070002F08D4AAF1010A5FFA8AF0A7EB4A
:1090A000400783F803A01F800135E8B207EB4000BA
:1090B00007B2B7F1FF3F9D7018805FDC5FEA8870F0
:1090C000E0D5DD7866E000BF61465FFA8AFC48F0D3
:1090D000010784451F7157D14FEA4C054FF02B0A09
:1090E0000FE000BF07F0FB073046188007F00600CE
:1090F000ACF1010C0228A5F102051F7183F802C032
:1091000032D16DB11888DC78461B06EB440001B201
:1091100001318D42E6DD0134DC7047F00407E4E7FD
:10912000219CDDF88CC0DDF88880B8070DF1A20520
:109130003FF581AF1E9870457FF77DAF07F0FC00CB
:1091400000F102081798A4EB090AA9EB000001300E
:109150000025279E83F80480188083F803A09D7063
:109160004FF0FF318EE700BFB80758BFA4466546F1
:10917000219CDDF88CC0279E0CE000BF5FEA887060
:1091800048BFDD7806E000BF5FEA887058BF5546EB
:10919000279E8C46E9B22698711ADDF8888050FA2D
:1091A00085F0A3F805100DF1A2054FF02B0A40E75A
:1091B0001B9F5FB1DDE91C95DDE91FEB022F27D86E
:1091C00018995FFA8EF040EA012050E01998DDE925
:1091D0001C95DDE91FEB002859D1B9F1000F1D9551
:1091E00000F09880BDF8D4701698DDE912BA002F0F
:1091F00000F0A080B9F1020FCDF87CE000F2D2803F
:109200005FFA8BF1A1466AF30F210DF1A205FEE092
:109210000020032F4FF0010103D0062F1CBF0120B7
:109220000021119A1FFA8BF392B2934298BF08461D
:10923000042F98BF084638B11898109908440F9920
:109240008E440E990D4407E018981099401A0F9912
:10925000AEEB010E0E996D1A4FF4FC62189000F4FB
:10926000784002EA5E12C5F3C42110440844BDF8F8
:10927000D470199AB7FA87F149091143C90740F226
:109280007101C2F20001A1F8090015D0219CBDF8BE
:10929000A700BDF8A9201FFA8BF10B4601271D95E9
:1092A000A146009774466546F8F79AFAAC46A6467A
:1092B0000DF1A2059AE600BF0D9878B3BDF8A7009E
:1092C000BDF8D21088420ED24A1E1FFA8BF192B21C
:1092D0000B462C4601250095254674466646F8F750
:1092E00095FDB446A646BDF8A920BA420CD9781C13
:1092F0001FFA8BF180B20B46012700977446664631
:10930000F8F784FDB446A646219CB9F1000F1D95DF
:109310007FF468AF16986646A14604E01D9516983E
:10932000DDF884906646DDE9141C0DF1A20570B9E4
:109330005BE600BF6646DDE9141CDDF880B0A1469F
:109340004FF02B0A00280DF1A2053FF44EAEBDF8F8
:10935000FF20002A3FF449AE744602287FF632AE61
:109360000346DDF830A00020032B4FF0010E04D09F
:10937000062B1CBF01204FF0000E0A9B1FFA8BF733
:109380009BB29F4298BF7046169B042B98BF7046B5
:10939000002800F0A38008988444079801440698A8
:1093A0008244A3E00B9E0020B9F1030F4FF00101AE
:1093B00004D0B9F1060F1CBF01200021099A209B9F
:1093C00092B29BB2934298BF0846B9F1040F98BF7E
:1093D0000846A14630B10498824403988344029819
:1093E000064407E00498AAEB000A0398ABEB000BD5
:1093F0000298361A4FF4FC620AF4784002EA5B12D3
:10940000C6F3C42110440DF1A20501440B96BDF82A
:10941000FF60BDF8D20040F27102C2F20002A2F871
:109420000910CDE912BACEB3BDF8FD1088422791DC
:109430001ED227993C464A1E209992B289B20B4609
:109440000127009727466446F8F7E0FCA446B74298
:1094500010D8169AEAB1DDE91417DDF880B0644639
:10946000022A4FF02B0A2BD8C8B267F30F207AE0FC
:10947000B742EED92099701C89B280B23A460B46A9
:10948000012700976446F8F7C1FCA446169A002A03
:10949000E1D1DDE91FEB4FF02B0AA7E5DDF880B045
:1094A0003A461FFA8BF10B46012700976446F8F7FE
:1094B00097F9DDF87CE0A4464FF02B0A96E500BF53
:1094C0000020032A4FF0010C22D0DDF830E0062AFC
:1094D0001CBF01204FF0000C1CE000BF0898ACEB53
:1094E000000C0798091A0698AAEB000A4FF4FC63CF
:1094F0000CF4784003EA5113CAF3C4271844CDF89A
:1095000054C0CDF830A01491C1194FF02B0A5CE57E
:10951000DDF830E00A9A1FFA8BF392B2934298BFBB
:109520006046169A042A98BF604638B108980744E6
:10953000079801440698864407E000BF08983F1A40
:109540000798091A0698AEEB000E4FF4FC6207F478
:10955000784002EA5112CEF3C42310441844159700
:10956000CDF830E0149140F27101C2F20001A1F88F
:1095700009001FFA8BF1279832460B460127009706
:10958000F8F72EF9DDF87CE0A4462FE549B0BDE8F8
:10959000F08F00BF8C1CBAF1000F7FF4D5AAFFF743
:1095A0003CBB00BFDDE92410CDE92314002D7FF47E
:1095B0001EABFFF7C5BA00002DE9F04F03AF9FB017
:1095C00040F22C14C2F2000447F8500C07F11805C1
:1095D000637A94F83C00924647F8241C26CD94F810
:1095E00041C0B4F8466047F8680C002A18BF164618
:1095F000DA4312FB0C62B4F84880B4F8423002F14E
:10960000010E47F8446C00291CBF88460B4647F8FA
:109610005C3C47F830EC002D0CBFB4F84A50A4F87D
:109620004A50217994F83F20637901FB0C2257F8C6
:109630005C1C03FB0CF08BB2D6B247F8783CB5FB50
:10964000F6F347F8140C47F87C5C68183546DEB230
:1096500047F8346C072656FA83F323F00703ADEB83
:10966000030BDD46ADEB0309CD4694F84C6094F84E
:109670003EE0724357F8686C94F83D3047F838EC98
:10968000002E18BF0126002B18BF0236BCF1010FB7
:1096900088BF043657F8243C4FF0200E022B88BFB9
:1096A000083657F8143C47F8800C80B247F8400C55
:1096B000D8B247F8640CD0B247F8580C4FF0FF30DE
:1096C00050FA83F047F8740C15FA81F047F81C6CD7
:1096D000ABF1010247F86C0C09F1020057F8306C4D
:1096E00009F1010147F8489C47F8700C91460020A9
:1096F000002247F82C0C47F8205C47F8609C47F89C
:10970000141C07E057F8282CBCF1000F0AF1010ADD
:1097100000F09C859AF800C00CF0FE01D02911D110
:109720001AF8011F1346BCF1D00F1BD1A1F1900212
:109730002F2A35D801F1300C1A4657F8341C9142C3
:1097400028D843E0BCF1E20F18D0BCF1840F19D146
:109750000AF1010A4FF0B90C57F8341C914219D89C
:1097600034E000BF4AB212F1710F25DC41F0700CF9
:109770001A4657F8341C91420CD827E04FF01F0CC2
:1097800028E000BFBCF1210F24D300BF57F8341CE0
:1097900091421BD957F8481C01F802C0013219E068
:1097A0004FF0D00C812908BF4FF0A80C1A4657F88B
:1097B000341C9142EED809E0912908BF4FF0B80C53
:1097C0001A4657F8341C9142E4D800BFAAF1010AA6
:1097D0004FF00A0CBCF10A0F18BFBCF1000F29D1E1
:1097E0005FFA80F9B9F1000F47F818CC09FB05F3CF
:1097F00018BF9946002A00F09480944619FA88F21E
:109800000CFB052257F8401C8A4262460CFB05F10E
:1098100047F8281C24D93146060613D057F8285C8F
:1098200099460E4657F8181C47F8282C202940F076
:10983000808080E0BCF1200FD2D0BCF1090F7FF412
:1098400063AFCDE794F9403057F8642C57F85C8C3F
:1098500013445E1857F8441C6246194447F8441CE8
:1098600057F8141C930847F8306C31D00022A2EB53
:10987000830E6FF0030300BFCD18E978C2B22C79D4
:109880000BF80210411CC9B26E790BF80140811C23
:10989000C9B2AD790BF80160C11CC9B204330BF831
:1098A00001500EEB0301043157F8141C00F10400C1
:1098B000E2D140F22C140433C2F200044FF0200E27
:1098C000624657F828CC12F0030607D126E000BF05
:1098D000002357F828CC12F003061FD057F8481C75
:1098E000C2B2C95C012E00F101050BF8021011D0C3
:1098F00057F8141CEAB2C95C022E00F102060BF8FC
:10990000021009D057F8701CF2B2C95C03300BF892
:10991000021003E0284601E0304600BF57F8306CE3
:10992000E1440022002557F8181C47F8282C20296C
:1099300001D009291AD157F8382C81F0090151EAD0
:10994000020318BF012357F8281CA9B113B3012142
:1099500057F818CC57F8205C47F83C1C012247F810
:109960002C1C5FEA094140F0D78014E257F82C1C08
:1099700057F8205CB4E000BF1FFA88FE002B1FFAE6
:1099800089F347F8306C27D057F820CC012266467F
:109990003FE000BF57F8581CABB28B4209D357F8D1
:1099A000581C57F8582CB3FBF1F101FB123557F84E
:1099B000581C491B57F8205C89B2B1FBF5F157F8E8
:1099C00018CC47F82C1C0121012247F83C1C5FEA07
:1099D000094140F0A180DEE157F8781CAEEB0101AF
:1099E000194411FA85F257F8581C8A4209DB57F8D6
:1099F000581C57F8586CB2FBF1F101FB162257F8CE
:109A0000581CA1EB020C57F8201C1FFA8CF6B6FB71
:109A1000F1F203EB0E0157F8403C3144994207D96B
:109A200057F8306C57F8205C00214FF0200E55E0BD
:109A300057F8381C57F8306C4FF0200E31B1010642
:109A400004D157F8205C002047E000BF11060DD07C
:109A500012F003030ED03546C1B2012B00F101060E
:109A60000BF801E00ED1531E30461AE057F8205C87
:109A700032E000BF1346D1B257F8205C042917D258
:109A80002AE000BFF1B2022B00F102060BF801E060
:109A900002D1931E304604E0F1B20330D31E0BF81E
:109AA00001E02E46D1B257F8205C042914D300BF40
:109AB000C1B20BF801E0411CC9B20BF801E0811CF6
:109AC000C9B20BF801E0C11CC9B2043B0BF801E0BC
:109AD000190600F10400EBD1E144002157F8282CCD
:109AE00047F82C1CC9B21143002A18BF01220029D3
:109AF00018BF012157F818CCBCF10A0F06D029B9BC
:109B0000BCF1000F02D0002244E200BF47F83C1C29
:109B10005FEA094100F03F81010600F03B8157F800
:109B2000381C47F854AC51EA0C0118BF012111430D
:109B300015FA88F257F8403C12FA89F29A424FF02F
:109B4000000288BF012257F8609C11435FFA80FA37
:109B500019F80A20202A05D1B1B101380206F5D141
:109B600016E100BF57F8381C0AFB05F002290FD098
:109B7000012911D157F87C1C57F85C2C091A01EB0C
:109B8000D17102EB610807E00AFB05F004E000BFB9
:109B900057F8801CA1EB000857F81C1CC9B200291B
:109BA00047F84C1C18BF012157F8682C002A1FBF2A
:109BB00094F83F20B2FA82F2520951EA020124D10C
:109BC00057F8242C04F10E01022A08BF04F11001F9
:109BD000098840F27102C2F20002A2F8091057F897
:109BE000741C40440138314482B08BB282B21FFAF7
:109BF00088F0B1B2A446012400946446F7F7F0FD62
:109C000057F818CC4FF0200E02B057F8240C062855
:109C100000F2BE8003285CD357F8500C47F8306C34
:109C200020B120790AFB00F000B200E06079E27D0B
:109C3000237EA17D667E4FEA022E1A02A37E0D02CC
:109C40003102E67E4FEA03292B4657F8245C4FEA9F
:109C5000062C042D1E4647F884EC04BFCE460E4663
:109C600047F8882C08BF6246052D606302D257F87A
:109C7000885C13E082B200EBD23000B24010062DB7
:109C8000606305D157F8885CCE460E46624605E013
:109C900057F8885C57F884EC1E462A46591A57F83C
:109CA000843CA5EB0C05A3EB090391FBF0F193FBBE
:109CB000F0F395FBF0F0C4E9076E57F8306C57F8F5
:109CC000205C57F818CC4FF0200EC4E90921C4E9F4
:109CD0000B300020D946A06313E000BF57F8240CD6
:109CE0001FFA88F2B3B2F8F735F957F818CC4FF0ED
:109CF000200E2079A16BA8440844BAF1010AA063A0
:109D000046D019F8010BC02802D3A0F141010DE0A3
:109D1000A82803D0B82803D1C02107E0BF2105E05F
:109D20000146B92808BF6FF03E0100BFA279891A29
:109D3000E279CBB29A424FF0000298BF11462268F6
:109D4000237AC9B211FB032157F81C2C06311206E5
:109D5000C4D02028CDD057F84C0C072808D857F885
:109D6000240C1FFA88F2B3B2F9F71CFCBDE700BF60
:109D700082B0B5B257F8500C0A4657F8241C1FFAA7
:109D800088F3009557F8205CF8F774FD02B0ACE753
:109D900057F854AC0020BCF10A0118BF012157F854
:109DA0003C2C82F0010211427FF4ACAC57F8281C25
:109DB00094F94020B14647F83C2CC9B357F8448C7D
:109DC0008A0839D0002157F814CCA1EB820E6FF02D
:109DD000030200BF0CEB0206F478C5B231790BF830
:109DE0000540441CE4B273790BF80410811CC9B21D
:109DF000B6790BF80130C11CC9B204320BF801600E
:109E00000EEB0201043100F10400E3D140F22C1406
:109E100057F8205C57F818CC131DC2F200044FF01D
:109E2000200E57F8281C024611F003060BD125E03E
:109E300057F8448C024621E0002357F8281C0246BC
:109E400011F003061AD057F8481CC2B2C95C012EA3
:109E50000BF8021000F1010210D057F8141CD2B216
:109E6000C95C022E0BF8021000F1020206D057F86E
:109E7000701CD2B2C95C0BF80210C21C57F82C1C23
:109E8000080613D011F003034E4615D0D0B257F890
:109E9000609C0BF800E0012B02F1010014D14B1E75
:109EA0000246C9B204293BD325E000BF4E4657F80D
:109EB000609C104634E000BF57F8609C0B46C9B266
:109EC000042918D22CE000BFC0B20BF800E0022B2E
:109ED00002F1020006D18B1E0246C9B204291FD32B
:109EE00009E000BFC0B20BF800E0D01CCB1E024658
:109EF000C9B2042914D31046C1B20BF801E0411CC9
:109F0000C9B20BF801E0811CC9B20BF801E0C11C19
:109F1000C9B2043B0BF801E0190600F10400EBD1D3
:109F200057F8641C57F83C2C11440E448844BCF18B
:109F30000A01624618BF0121BCF1000F18BF0122BF
:109F40000A424FF0000247F8448C21D101061FD08D
:109F500057F8381C57F8402C57F86C3C41EA0C0174
:109F600093424FF0000288BF0122002918BF01214F
:109F7000114347F854AC00BFC5B219F80520202A98
:109F80000ED109B301380206F6D157F85C8C3FE1D7
:109F900057F85C8C002147F82C1CFFF7B5BB00BFBD
:109FA00057F8381C57F8200C022905FB00F011D097
:109FB000012915D157F87C1C57F85C2C091A01EBC4
:109FC000D17102EB61080DE057F8200C57F85C8C5A
:109FD000684307E057F8801CA1EB000802E000BFCF
:109FE00057F85C8C57F81C1CC9B20029894618BF69
:109FF000012157F8682C002A1FBF94F83F20B2FABD
:10A0000082F2520951EA020124D157F8242C04F1BA
:10A010000E01022A08BF04F11001098840F2710202
:10A02000C2F20002A2F8091057F8741C404401382B
:10A03000314482B08BB282B21FFA88F0B1B2A4462A
:10A04000012400946446F7F7CBFB57F818CC4FF087
:10A05000200E02B057F8240C062800F2D9800328FD
:10A0600077D357F8500C47F8306C18B12079684313
:10A0700000B200E06079A17DE27D0E024FEA022E7F
:10A08000A17EE27E237E4FEA012A1102724657F832
:10A0900024EC4FEA032C134647F83C0C607EBEF1DB
:10A0A000040F47F884AC08BF53469A4633464FEA3C
:10A0B000002047F84C6C08BF034647E90B1C08BF5B
:10A0C0008C4657F83C6CBEF1050F666302D257F818
:10A0D0004C4C1FE0B3B247F8880C06EBD33000B20B
:10A0E0004610BEF1060F66630CD157F8841C57F872
:10A0F000880C57F82CCC57F84C4C8A4603464FF046
:10A10000200E0BE057F84C4C57F828CC57F8880C29
:10A11000924623464FF0200E57F8841C241A511AF9
:10A1200057E90B0294FBF6F4121A92FBF6F040F298
:10A130002C12C2F2000291FBF6F102F11C0686E835
:10A14000081457F8306C57F818CC94621446C2E9DA
:10A150000B100020DA46A06314E000BF57F8240C6F
:10A160001FFA88F2B3B2F7F7F5FE57F818CC4FF0A4
:10A17000200E2079A16B57F8202C08449044013D13
:10A18000A06345D01AF8010BC02803D3A0F1410108
:10A190000EE000BFA82803D0B82803D1C02107E0F3
:10A1A000BF2105E00146B92808BF6FF03E0100BF9E
:10A1B000A279891AE279CBB29A424FF0000298BF95
:10A1C00011462268237AC9B211FB032157F81C2CCF
:10A1D00006311206C2D02028CBD0B9F1070F07D81C
:10A1E00057F8240C1FFA88F2B3B2F9F7DBF9BCE791
:10A1F00082B057F8500C0A4657F8241C1FFA86FC08
:10A200001FFA88F3CDF800C0F8F734FB02B0ACE7D2
:10A21000BCF10A0F0ED194F9400057F8641C57F8AE
:10A220005C8C084457F8441C06440144002047F85D
:10A23000441C00E0002057F854AC57F8205C002282
:10A24000002147F82C1CFFF75FBA00BF57F8381CF5
:10A2500094F94000002908BF084657F8442C57F8E5
:10A260005C3C06EB000110441A4608BF4246A4F8C5
:10A270004410A4F84600A4F84820A4F84230A7F1FE
:10A280000C04A546BDE8F08F2DE9F0472DED028BBB
:10A2900088B08146DDE913069A461746DDE91525A3
:10A2A0000528034603ACB0EE408A884628BF052344
:10A2B00000280FF2F4412046F0EE608A08BF012327
:10A2C0008DED000BF6F76AF82E2E00F090809DF8C9
:10A2D0000C002E2802D103A888E000BF9DF80D00D5
:10A2E0002E2801D1601C81E09DF80E002E2801D19E
:10A2F000A01C7BE09DF80F002E2801D1E01C75E02A
:10A300009DF810002E2801D1201D6FE09DF811004E
:10A310002E2801D1601D69E09DF812002E2801D180
:10A32000A01D63E09DF813002E2801D1E01D5DE023
:10A330009DF814002E2803D104F1080056E000BF58
:10A340009DF815002E2803D104F109004EE000BF4E
:10A350009DF816002E2803D104F10A0046E000BF44
:10A360009DF817002E2803D104F10B003EE000BF3A
:10A370009DF818002E2803D104F10C0036E000BF30
:10A380009DF819002E2803D104F10D002EE000BF26
:10A390009DF81A002E2803D104F10E0026E000BF1C
:10A3A0009DF81B002E2803D104F10F001EE000BF12
:10A3B0009DF81C002E2803D104F1100016E000BF08
:10A3C0009DF81D002E2803D104F111000EE000BFFE
:10A3D0009DF81E002E2803D104F1120006E000BFF4
:10A3E0009DF81F002E2802D104F113000670129C64
:10A3F000202D00F0C7819FEDEA0B51EC180B53ECB8
:10A40000102B06F064F9002840F08C809DF80C00B9
:10A410009DF80D109DF80E2020289DF80F3008BFE4
:10A42000284620298DF80C0008BF2946202A8DF8DF
:10A430000D1008BF2A468DF80E20202B08BF2B4692
:10A440009DF810008DF80F30202808BF28469DF891
:10A4500011108DF81000202908BF29469DF8120020
:10A460008DF81110202808BF28469DF813108DF88C
:10A470001200202908BF29469DF814008DF81310FA
:10A48000202808BF28469DF815108DF814002029B3
:10A4900008BF29469DF816008DF81510202808BF22
:10A4A00028469DF817108DF81600202908BF294668
:10A4B0009DF818008DF81710202808BF28469DF831
:10A4C00019108DF81800202908BF29469DF81A0098
:10A4D0008DF81910202808BF28469DF81B108DF80C
:10A4E0001A00202908BF29469DF81C008DF81B1072
:10A4F000202808BF28469DF81D108DF81C00202933
:10A5000008BF29469DF81E008DF81D10202808BFA1
:10A5100028469DF81F108DF81E00202918BF0D46F3
:10A520002EE100BF9DF80D002D212D288DF80C1077
:10A5300000F0A880202808BF8DF80D509DF80E006F
:10A540002D2800F0A680202808BF8DF80E509DF819
:10A550000F002D2800F0A480202808BF8DF80F5090
:10A560009DF810002D2800F0A280202808BF8DF84B
:10A5700010509DF811002D2800F0A080202808BF61
:10A580008DF811509DF812002D2800F09E80202893
:10A5900008BF8DF812509DF813002D2800F09C8004
:10A5A000202808BF8DF813509DF814002D2800F0C6
:10A5B0009A80202808BF8DF814509DF815002D288A
:10A5C00000F09880202808BF8DF815509DF81600DF
:10A5D0002D2800F09680202808BF8DF816509DF891
:10A5E00017002D2800F09480202808BF8DF8175000
:10A5F0009DF818002D2800F09280202808BF8DF8C3
:10A6000018509DF819002D2800F09080202808BFD0
:10A610008DF819509DF81A002D2800F08E80202802
:10A6200008BF8DF81A509DF81B002D2800F08C8073
:10A63000202808BF8DF81B509DF81C002D2800F025
:10A640008A80202808BF8DF81C509DF81D002D28F9
:10A6500000F08880202808BF8DF81D509DF81E004E
:10A660002D2800F08680202808BF8DF81E509DF808
:10A670001F002D2800F08480202808BF8DF81F506F
:10A6800080E000BF8DF80D509DF80E002D287FF45E
:10A690005AAF8DF80E509DF80F002D287FF45CAF57
:10A6A0008DF80F509DF810002D287FF45EAF8DF8C7
:10A6B00010509DF811002D287FF460AF8DF81150D7
:10A6C0009DF812002D287FF462AF8DF812509DF88E
:10A6D00013002D287FF464AF8DF813509DF81400FB
:10A6E0002D287FF466AF8DF814509DF815002D28A5
:10A6F0007FF468AF8DF815509DF816002D287FF473
:10A700006AAF8DF816509DF817002D287FF46CAFB6
:10A710008DF817509DF818002D287FF46EAF8DF836
:10A7200018509DF819002D287FF470AF8DF819503E
:10A730009DF81A002D287FF472AF8DF81A509DF8FD
:10A740001B002D287FF474AF8DF81B509DF81C0062
:10A750002D287FF476AF8DF81C509DF81D002D2814
:10A760007FF478AF8DF81D509DF81E002D287FF4E2
:10A770007AAF8DF81E509DF81F002D287FF47CAF16
:10A780008DF81F5003AA484641460023CDE9007AC0
:10A790000294FEF711FF08B0BDEC028BBDE8F08714
:10A7A0000000000000000000252A2E2A660000009C
:10A7B000FEE70000FEE70000704700007047000061
:10A7C000F6F706BC70B592B006AC20463021F5F71E
:10A7D000A7FE002543F640000595CDE90355CDE9D8
:10A7E00001550095C4F202000168022641F0805133
:10A7F0000160006800F080500090009847F200006F
:10A800000095C4F20000016841F4804101600068D5
:10A8100000F48040009000980120099010200A90D8
:10A8200008200E90A820CDE90F06042011902046A4
:10A830000696CDE90C65F6F75BFD18B172B600BF60
:10A84000FEE700BF0F20CDE901064FF4A0500490B1
:10A850004FF48050059001A805210395F6F75EFCA2
:10A8600010B172B6FEE700BF12B070BD4EF6885050
:10A87000CEF20000016841F47001016070470000F1
:10A88000FEE700007047000010B540F20040C4F23F
:10A8900002004FF400410122F6F78EFB4FF0D8443E
:10A8A000282020801420F6F7A3FA10217820218098
:10A8B000BDE81040F6F79CBA10B54FF0D84411200F
:10A8C00020807820F6F794FA292020801420F6F7CB
:10A8D0008FFA2C2020807820F6F78AFA40F2004088
:10A8E000C4F202004FF400410022BDE81040F6F728
:10A8F00063BB00000B181344B3F5F07F18BF70471B
:10A900004FF0D84C3323ACF8003080234FEA102CA2
:10A91000C6F60043C0B2A3F800C01880080A188029
:10A92000C8B21880100A1880D0B218807047000092
:10A930004FF0D84137220A808022010AC6F6004231
:10A94000C0B21180108070477047000040F22C1197
:10A95000C2F20001022888BF002081F83E00704743
:10A960002DE9F04101F0FC0600F0F804F60046EA9B
:10A970000424DDE906ECDDF8208044EAD20640F24A
:10A980002C14C2F2000404EB88070EF0FC057E8153
:10A9900003F0F806ED0045EA062545EADC05B8F1C6
:10A9A000000FBD8118BFBDE8F081A075E17522766A
:10A9B000637684F81AE084F81BC0BDE8F0810000DB
:10A9C00040F22C11C2F2000181F83D0070470000F6
:10A9D00040F22C11C2F20001086002780A7142783C
:10A9E0004A7182788A71C278CA7102790A72407992
:10A9F00048727047A0F10F01C9B2F22938BF704701
:10AA00000138C1B2490051FA80F040F6CC01C0F6DD
:10AA1000010101EB400251F81000918840F22C1224
:10AA2000C2F20002C2F816005183704740F22C11A6
:10AA3000C2F2000181F83F007047000040F22C1183
:10AA4000C2F2000181F84C007047000040F22C1166
:10AA5000C2F20001012898BF012081F8410070472F
:10AA600040F22C11C2F2000181F840007047000052
:10AA7000072B88BF704701F0FC0100F0F800C90007
:10AA800041EA002040F27101C2F2000140EAD20026
:10AA900001EB4301A1F807007047000070B5DDF835
:10AAA00018C0BCF10A0F88BF70BD40F27105DDE926
:10AAB000046E0CEB4C04C2F2000505EB4405E8758E
:10AAC00029766A76AB76EE7685F81CE070BD0000DC
:10AAD00040F22C11C2F2000181F83C0070470000E6
:10AAE0002DE9F04F81B02DED0C8BADF5816D00207F
:10AAF0000021002200230026FFF7BAFFFF20FF21DC
:10AB0000FF220123FFF7B4FFFF20002100220223D0
:10AB10004FF00208FFF7ACFF0020FF2100220323C3
:10AB2000FFF7A6FF00200021FF2204230425FFF7E2
:10AB30009FFFFF20FF21002205230527FFF798FF35
:10AB40000020FF21FF2206230624FFF791FFFF20AC
:10AB50000021FF220723FFF78BFF0020FAF722FFD7
:10AB60004FF47A70F6F744F941F6EE70C0F6010042
:10AB7000FFF72EFF0420FFF761FF0120FFF7A8FF7A
:10AB80000020FFF76DFF0120FFF7E0FE0220FFF736
:10AB90005DFF0020FFF714FF0020FFF747FF1E2096
:10ABA0007821F022CDE900210290002001217722B6
:10ABB0000A23CDE90854CDE90A664FF01E09039730
:10ABC0000527CDE9045406960796FDF775FFA020EA
:10ABD000CDE900000020FC21FC2200230296FFF7B3
:10ABE000BFFE4FF0500A5020502150225023CDE993
:10ABF00000AACDF80880FFF7B3FE44F68F1B6C2047
:10AC00009521C0F6010BB42400910190002006218B
:10AC10005A4601234FF095080294FEF7CDFC4FF4FD
:10AC20007A70F6F7E5F8F02000907820CDE9010978
:10AC300000200C2177220A23CDE90856CDE90A66C7
:10AC4000CDE90375CDE905660796FDF735FF0C20C4
:10AC5000FFF7D0FEE420CDE90006FF20FF2100220F
:10AC6000E4230296FFF77CFE3C273C203C213C225B
:10AC70003C234FF00209CDE90077CDF80890FFF7AB
:10AC80006FFECDF800804FF06C08002006215A4678
:10AC90000123B424CDF804800294FEF78DFCFA2041
:10ACA000F6F7A6F8FF2000210022E423CDE9006694
:10ACB0000296FFF755FE3C203C213C223C23CDE987
:10ACC0000077CDF80890FFF74BFEF0200090782039
:10ACD00001901E2002904FF00509002009217722E3
:10ACE0000A23CDE90856CDE90A66CDE90395CDE9F9
:10ACF000056607960927FDF7DFFE9520CDE90008D8
:10AD0000002006215A460123B4244FF06C08029417
:10AD1000FEF752FC9620F6F76BF8A020CDE9000074
:10AD20000020FC21FC2200230296FFF719FE502090
:10AD30005021502250230224CDE900AA0294FFF7AB
:10AD40000FFEF0200090782001901E20CDE902092E
:10AD50000020012177220A23CDE90856CDE90A66B1
:10AD60004FF00509CDE9045606960796FDF7A4FEB7
:10AD70009520CDE90008002006215A460123B4247D
:10AD80000294FEF719FC42F2EC00C0F60100FFF756
:10AD90001FFE0020FFF714FE0120FFF757FE0120E1
:10ADA000FFF744FE0020FFF793FE00200021002261
:10ADB00000230124CDE900660294FFF7D1FDE120D4
:10ADC000CDE90000EB209621002200230296FFF738
:10ADD000C7FDAA2044F61E224FF4F076CDE90040CC
:10ADE000C0F601020120012101230296FEF7E4FBD7
:10ADF00040F62010C0F60100FFF7EAFD40F21D10FA
:10AE000044F6F0224FF4EB76CDE90090C0F6010253
:10AE10000120022101230296FEF7CEFB4FF4FA50E7
:10AE2000F5F7E6FF00200021FAF7B6FE4FF4967022
:10AE3000F5F7DEFF0120002100220223FCF7D8FCF9
:10AE40004FF49660F5F7D4FF012001210022012381
:10AE5000FCF7CEFC4FF49660F5F7CAFF0120012104
:10AE600000220223FCF7C4FC4FF49660F5F7C0FF04
:10AE70000120012100220323FCF7BAFC4FF4966065
:10AE8000F5F7B6FF0120072100220123FCF7B0FCF3
:10AE90004FF49660F5F7ACFF012007210022022352
:10AEA000FCF7A6FC4FF49660F5F7A2FF01200721FE
:10AEB00000220323FCF79CFC4FF49660F5F798FF03
:10AEC0000120082100220123FCF792FC4FF4966038
:10AED000F5F78EFF0120082100220223FCF788FCF1
:10AEE0004FF49660F5F784FF012008210022032328
:10AEF000FCF77EFC4FF49660F5F77AFF01200921FC
:10AF000000220123FCF774FC4FF49660F5F770FF04
:10AF10000120092100220223FCF76AFC4FF496600D
:10AF2000F5F766FF0120092100220323FCF760FCEE
:10AF30004FF49660F5F75CFF0020FAF733FDEF2041
:10AF40000F21EF224FF498730095FCF765FC012068
:10AF50009F214FF4EF729F230095FCF75DFC00BF2B
:10AF6000BCB220469D212246A1230095FCF754FC4B
:10AF7000B4F5E67F07F10A07F2D30424ED2013218C
:10AF8000F12213230094FCF747FCED201D21F12250
:10AF90001D230094FCF740FCED202721F1222723FC
:10AFA0000094FCF739FCED203121F122312300948B
:10AFB000FCF732FCED203B21F1223B230094FCF70F
:10AFC0002BFCED204521F12245230094FCF724FCC5
:10AFD000ED204F21F1224F230094FCF71DFCED20C2
:10AFE0005921F12259230094FCF716FCED2063212E
:10AFF000F12263230094FCF70FFCED206D21F12278
:10B000006D230094FCF708FCED207721F1227723D3
:10B010000094FCF701FCED208121F12281230094B2
:10B02000FCF7FAFBED208B21F1228B230094FCF737
:10B03000F3FBED209521F12295230094FCF7ECFB26
:10B04000ED209F21F1229F230094FCF7E5FBED20EA
:10B05000A921F122A9230094FCF7DEFBED20B32106
:10B06000F122B3230094FCF7D7FBED20BD21F122A0
:10B07000BD230094FCF7D0FBED20C721F122C723AC
:10B080000094FCF7C9FBED20D121F122D1230094DB
:10B09000FCF7C2FBED20DB21F122DB230094FCF75F
:10B0A000BBFBED20E521F122E5230094FCF7B4FB86
:10B0B000ED20EF21F122EF230094FCF7ADFBED2012
:10B0C000F921F122F9230094FCF7A6FBED2040F2D0
:10B0D0000311F12240F203130094FCF79DFBED20D5
:10B0E00040F20D11F12240F20D130094FCF794FB95
:10B0F000ED2040F21711F12240F217130094FCF7F3
:10B100008BFBED2040F22111F12240F2211300943B
:10B11000FCF782FBED2040F22B11F12240F22B13C1
:10B120000094FCF779FBFFF70FFC9FEDDF9B9FED91
:10B13000E0AB9FEDE1BB9FEDE2CB9FEDE3DB0124B4
:10B14000A6B2304605F01CF853EC192B05F0A4F814
:10B1500053EC1A2BCDE9113205F09EF85AEC1B9BEB
:10B160004A46534604F02EFE41EC180BB0EE480A56
:10B17000F0EE680A04F0C4F855EC1C8B51EC100B8F
:10B1800042462B4605F088F857EC1DBB5A463B4615
:10B1900004F064FD04F0AEFF014630460222F6F7EB
:10B1A0000DFEB0EE480AF0EE680A04F045F851ECE6
:10B1B000100B42462B4605F06FF85A463B4604F00A
:10B1C0004DFD04F097FF014630460322F6F7F6FDE9
:10B1D000B6F5EE7F04F10104B2D9CDE90F7AFFF79D
:10B1E00051FB4FF4FA60F5F703FE0020FAF7DAFBA3
:10B1F0000424EF200F21EF224FF498730094FCF702
:10B200000BFB01209F214FF4EF729F230094FCF76A
:10B2100003FB0925AEB230469D213246A12300949E
:10B22000FCF7FAFAB6F5E67F05F10A05F2D3042435
:10B23000ED201321F12213230094FCF7EDFAED2009
:10B240001D21F1221D230094FCF7E6FAED202721B1
:10B25000F12227230094FCF7DFFAED203121F122BF
:10B2600031230094FCF7D8FAED203B21F1223B2357
:10B270000094FCF7D1FAED204521F12245230094FA
:10B28000FCF7CAFAED204F21F1224F230094FCF77E
:10B29000C3FAED205921F12259230094FCF7BCFA9E
:10B2A000ED206321F12263230094FCF7B5FAED2031
:10B2B0006D21F1226D230094FCF7AEFAED20772189
:10B2C000F12277230094FCF7A7FAED208121F122E7
:10B2D00081230094FCF7A0FAED208B21F1228B232F
:10B2E0000094FCF799FAED209521F1229523009422
:10B2F000FCF792FAED209F21F1229F230094FCF7A6
:10B300008BFAED20A921F122A9230094FCF784FAFD
:10B31000ED20B321F122B3230094FCF77DFAED2058
:10B32000BD21F122BD230094FCF776FAED20C72160
:10B33000F122C7230094FCF76FFAED20D121F1220E
:10B34000D1230094FCF768FAED20DB21F122DB2306
:10B350000094FCF761FAED20E521F122E523009449
:10B36000FCF75AFAED20EF21F122EF230094FCF7CD
:10B3700053FAED20F921F122F9230094FCF74CFA5D
:10B38000ED2040F20311F12240F203130094FCF788
:10B3900043FAED2040F20D11F12240F20D1300941A
:10B3A000FCF73AFAED2040F21711F12240F21713A0
:10B3B0000094FCF731FAED2040F22111F12240F225
:10B3C00021130094FCF728FAED2040F22B11F12212
:10B3D00040F22B130094FCF71FFAFFF7B5FA9FED2C
:10B3E0003C9B01254FF00108DA463DE09F2138469D
:10B3F0000422F6F7E3FC304604F0C2FE53EC192BAE
:10B4000004F04AFFDDE9113204F046FF109B2246AA
:10B4100004F0D8FC41EC100B03F072FFB00841F2CD
:10B420007B4148435A21B0EE408AA1EB5040F0EEF8
:10B43000608A04F0A5FE02460B4651EC180B04F09E
:10B440002BFF0F9B524604F009FC04F053FE044608
:10B45000384621460322F6F7B1FCB6F5E05F05F168
:10B4600001052BF8024C4BD808F101081FFA88F0AF
:10B4700040F2DF11884208BF4FF00108AEB21FFA58
:10B4800088F713A8B6F5F07F00EB470B4C46B2D314
:10B490003BF8021CEF2FAAD09F29A7D038460022E4
:10B4A000A7E700BF00BF00BF14AE47E17A14F23F28
:10B4B0001F85EB51B81E0940000000000080664067
:10B4C0000000000000C057400000000000E06340A2
:10B4D000666666666666E63F9A9999999999F93F14
:10B4E0000000000000002EC09A9999999999F9BF1F
:10B4F0000000000000807E400000000000607F40EF
:10B50000FFF7C0F94FF4FA60F5F772FC41F6EE7000
:10B51000C0F60100FFF75CFA01200124FFF796FA5C
:10B5200000200026FFF74CFA0020FFF77FFA0020EA
:10B53000FFF7CEFAFF20CDE900000020FF21FF2217
:10B5400000230296FFF70CFA00200021FF22FF23C0
:10B55000CDE900660294FFF703FA012001210022E1
:10B5600002230225FCF744F90F27012000210022C5
:10B570004FF4F073CDE9007403960294FCF710F9D0
:10B580000120002140F231124FF4F073CDE9007434
:10B5900002940394FCF704F9F020A0215022002328
:10B5A0000095F9F7A7FFF020A02150220123009574
:10B5B000F9F7A0FFF020A021502202230095F9F70F
:10B5C00099FFF020A021502203230095F9F792FF64
:10B5D0000626EF209F2164220023CDE90064642524
:10B5E000FDF7D6F9EF209F2164220123CDE9006405
:10B5F000FDF7CEF9EF209F2164220223CDE90064FC
:10B60000FDF7C6F9EF209F2164220323CDE90064F2
:10B61000FDF7BEF9B220BE2144F68F12CDE900102D
:10B62000C0F601020120022101230295FDF7C4FFAB
:10B630001FED578B1FED569B0E274FF0050800BFDF
:10B64000BEB2304604F09CFD5BEC184B22465B46D4
:10B6500004F022FE55EC19AB52462B4604F0FEFADC
:10B6600004F048FD02460020314640F23113CDF887
:10B670000080FCF7D1F8B6F5967F07F10507DFD318
:10B6800040F231174FF00508BEB2304604F078FDA5
:10B6900022465B4604F000FE52462B4604F0DEFADA
:10B6A00004F028FD024640F2DF1031460F23CDF8AA
:10B6B0000080FCF7B1F8053FB8B20E28E4D81FEDC2
:10B6C000760B1FED751B40F2311758EC109B51ECB7
:10B6D000110B0C94CDE91110BEB2304604F050FDB0
:10B6E0004A46434604F0D8FDDDE9113204F0B6FACB
:10B6F00004F000FD0246002031460F230326009689
:10B70000FCF78AF8053FB8B20E28E5D81FED860B86
:10B710000E2751EC100B0324CDE90F10BEB23046BA
:10B7200004F02EFD4A46434604F0B6FDDDE90F3233
:10B7300004F094FA04F0DEFC024640F2DF103146D9
:10B740004FF498730094FCF767F8B6F5967F07F10D
:10B750000507E3D34FF47A60CDE90D98F5F748FB80
:10B7600001200421002202234FF001084FF00409B8
:10B770000024FCF73DF80A260F27012000210022B3
:10B780004FF4F073CDE900760394CDF80880FCF710
:10B7900007F80120002140F231124FF4F073CDE997
:10B7A0000076CDF80880CDF80C80FBF7F9FFF0208B
:10B7B000A02150220023CDF80090F9F79BFEF02045
:10B7C000A02150220123CDF80090F9F793FEF0203C
:10B7D000A02150220223CDF800900426F9F78AFE1A
:10B7E000F020A021502203230096F9F783FE0526BE
:10B7F000EF209F2164220023CDE900686427FDF734
:10B80000C7F8EF209F2164220123CDE90068FDF7EE
:10B81000BFF8EF209F2164220223CDE90068FDF7E5
:10B82000B7F8EF209F2164220323CDE900684FF091
:10B830000508FDF7ADF8B220BE2144F68F12CDE920
:10B840000010C0F601020120012101230297FDF73B
:10B85000B3FE0C9C0E2700BFBEB2304604F090FC35
:10B8600022465B4604F018FD52462B4604F0F6F9DA
:10B8700004F040FC02460020314640F23113CDF87E
:10B880000080FBF7C9FFB6F5967F07F10507E3D304
:10B8900040F231174FF00508BEB2304604F070FC9C
:10B8A00022465B4604F0F8FC52462B4604F0D6F9DB
:10B8B00004F020FC024640F2DF1031460F23CDF8A1
:10B8C0000080FBF7A9FF053FB8B20E28E4D8DDE9F8
:10B8D0000D67DDE9119840F231154FF0030A00BF02
:10B8E000ACB2204604F04CFC32463B4604F0D4FC9B
:10B8F00042464B4604F0B2F904F0FCFB024600203D
:10B9000021460F23CDF800A0FBF786FF053DA8B226
:10B910000E28E5D8DDE90FA90E254FF0030800BF7A
:10B92000ACB2204604F02CFC32463B4604F0B4FC9A
:10B930004A46534604F092F904F0DCFB024640F21A
:10B94000DF1021464FF49873CDF80080FBF764FFB9
:10B95000B4F5967F05F10505E2D34FF47A60F5F76B
:10B9600047FA0120072101220123FBF741FF4FF095
:10B9700005080020002100224FF4A073CDF80080BC
:10B980000027FBF749FF002000210F224FF4A0738E
:10B99000CDF80080FBF740FF002000211E224FF46D
:10B9A000A073CDF80080FBF737FF002000212D2287
:10B9B0004FF4A073CDF80080FBF72EFF002000218C
:10B9C0003C224FF4A073CDF80080FBF725FF002048
:10B9D00000214B224FF4A073CDF80080FBF71CFF31
:10B9E000002000215A224FF4A073CDF80080FBF70D
:10B9F00013FF0020002169224FF4A073CDF80080CE
:10BA0000FBF70AFF0020002178224FF4A073CDF845
:10BA10000080FBF701FF0020002187224FF4A07374
:10BA2000CDF80080FBF7F8FE0020002196224FF4AD
:10BA3000A073CDF80080FBF7EFFE00200021A522C7
:10BA40004FF4A073CDF80080FBF7E6FE0020002144
:10BA5000B4224FF4A073CDF80080FBF7DDFE002088
:10BA60000021C3224FF4A073CDF80080FBF7D4FE71
:10BA700000200021D2224FF4A073CDF80080FBF704
:10BA8000CBFE00200021E1224FF4A073CDF800800E
:10BA9000FBF7C2FE00200021F0224FF4A073CDF886
:10BAA0000080FBF7B9FE00200021FF224FF4A073B5
:10BAB000CDF80080FBF7B0FE002000214FF4877224
:10BAC0004FF4A073CDF80080FBF7A6FE0020002104
:10BAD00040F21D124FF4A073CDF80080FBF79CFEDE
:10BAE000002000214FF496724FF4A073CDF800802F
:10BAF000FBF792FE0020002140F23B124FF4A073AE
:10BB0000CDF80080FBF788FE002000214FF4A572DD
:10BB10004FF4A073CDF80080FBF77EFE00200021DB
:10BB200040F259124FF4A073CDF80080FBF774FE79
:10BB3000002000214FF4B4724FF4A073CDF80080C0
:10BB4000FBF76AFE0020002140F277124FF4A07349
:10BB5000CDF80080FBF760FE002000214FF4C37297
:10BB60004FF4A073CDF80080FBF756FE00200021B3
:10BB700040F295124FF4A073CDF80080FBF74CFE15
:10BB8000002000214FF4D2724FF4A073CDF8008052
:10BB9000FBF742FE0020002140F2B3124FF4A073E5
:10BBA000CDF80080FBF738FE002000214FF4E17251
:10BBB0004FF4A073CDF80080FBF72EFE002000218B
:10BBC00040F2D1124FF4A073CDF80080FBF724FEB1
:10BBD000002000214FF4F0724FF4A073CDF80080E4
:10BBE000FBF71AFE002000214FF4F0724FF49B7314
:10BBF000CDF80080FBF710FE002000214FF4F0721A
:10BC00004FF49673CDF80080FBF706FE002000216C
:10BC10004FF4F0724FF49173CDF80080FBF7FCFD08
:10BC2000002000214FF4F0724FF48C73CDF80080A7
:10BC3000FBF7F2FD002000214FF4F0724FF4877300
:10BC4000CDF80080FBF7E8FD002000214FF4F072F2
:10BC50004FF48273CDF80080FBF7DEFD0020002159
:10BC60004FF4F072FA23CDF80080FBF7D5FD0020E9
:10BC700000214FF4F072F023CDF80080FBF7CCFDEB
:10BC8000002000214FF4F072E623CDF80080FBF78E
:10BC9000C3FD002000214FF4F072DC23CDF80080BA
:10BCA000FBF7BAFD002000214FF4F072D223CDF84B
:10BCB0000080FBF7B1FD002000214FF4F072C82393
:10BCC000CDF80080FBF7A8FD002000214FF4F072B2
:10BCD000BE23CDF80080FBF79FFD002000214FF42C
:10BCE000F072B423CDF80080FBF796FD0020002110
:10BCF0004FF4F072AA23CDF80080FBF78DFD0020F1
:10BD000000214FF4F072A023CDF80080FBF784FDF2
:10BD1000002000214FF4F0729623CDF80080FBF74D
:10BD20007BFD002000214FF4F0728C23CDF80080C1
:10BD3000FBF772FD002000214FF4F0728223CDF852
:10BD40000080FBF769FD002000214FF4F07278239A
:10BD5000CDF80080FBF760FD002000214FF4F07269
:10BD60006E23CDF80080FBF757FD002000214FF433
:10BD7000F0726423CDF80080FBF74EFD0020002117
:10BD80004FF4F0725A23CDF80080FBF745FD0020F8
:10BD900000214FF4F0725023CDF80080FBF73CFDFA
:10BDA000002000214FF4F0724623CDF80080FBF70D
:10BDB00033FD002000214FF4F0723C23CDF80080C9
:10BDC000FBF72AFD002000214FF4F0723223CDF85A
:10BDD0000080FBF721FD002000214FF4F0722823A2
:10BDE000CDF80080FBF718FD002000214FF4F07221
:10BDF0001E23CDF80080FBF70FFD002000214FF43B
:10BE0000F0721423CDF80080FBF706FD002000211E
:10BE10004FF4F0720A23CDF80080FBF7FDFC002000
:10BE200000214FF4F0720023CDF80080FBF7F4FC02
:10BE300006244FF4F0704FF4A0714FF4F072002319
:10BE40000094FBF7E9FC4FF4F0704FF4A07140F25E
:10BE5000D11200230094FBF7DFFC4FF4F0704FF495
:10BE6000A0714FF4E17200230094FBF7D5FC4FF46E
:10BE7000F0704FF4A07140F2B31200230094FBF76E
:10BE8000CBFC4FF4F0704FF4A0714FF4D27200234A
:10BE90000094FBF7C1FC4FF4F0704FF4A07140F236
:10BEA000951200230094FBF7B7FC4FF4F0704FF4A9
:10BEB000A0714FF4C37200230094FBF7ADFC4FF464
:10BEC000F0704FF4A07140F2771200230094FBF75A
:10BED000A3FC4FF4F0704FF4A0714FF4B472002340
:10BEE0000094FBF799FC4FF4F0704FF4A07140F20E
:10BEF000591200230094FBF78FFC4FF4F0704FF4BD
:10BF0000A0714FF4A57200230094FBF785FC4FF459
:10BF1000F0704FF4A07140F23B1200230094FBF745
:10BF20007BFC4FF4F0704FF4A0714FF49672002335
:10BF30000094FBF771FC4FF4F0704FF4A07140F2E5
:10BF40001D1200230094FBF767FC4FF4F0704FF4D0
:10BF5000A0714FF4877200230094FBF75DFC4FF44F
:10BF6000F0704FF4A071FF2200230094FBF754FC03
:10BF70004FF4F0704FF4A071F02200230094FBF70F
:10BF80004BFC4FF4F0704FF4A071E12200230094B9
:10BF9000FBF742FC4FF4F0704FF4A071D222002363
:10BFA0000094FBF739FC4FF4F0704FF4A071C322FA
:10BFB00000230094FBF730FC4FF4F0704FF4A071B5
:10BFC000B42200230094FBF727FC4FF4F0704FF4E9
:10BFD000A071A52200230094FBF71EFC4FF4F07023
:10BFE0004FF4A071962200230094FBF715FC4FF448
:10BFF000F0704FF4A071872200230094FBF70CFC33
:10C000004FF4F0704FF4A071782200230094FBF7F6
:10C0100003FC4FF4F0704FF4A071692200230094E8
:10C02000FBF7FAFB4FF4F0704FF4A0715A22002393
:10C030000094FBF7F1FB4FF4F0704FF4A0714B222A
:10C0400000230094FBF7E8FB4FF4F0704FF4A0716D
:10C050003C2200230094FBF7DFFB4FF4F0704FF419
:10C06000A0712D2200230094FBF7D6FB4FF4F07053
:10C070004FF4A0711E2200230094FBF7CDFB4FF478
:10C08000F0704FF4A0710F2200230094FBF7C4FB63
:10C090004FF4F0704FF4A071002200230094FBF7DE
:10C0A000BBFB4FF4F0704FF4A07100220A23009400
:10C0B000FBF7B2FB4FF4F0704FF4A0710022142391
:10C0C0000094FBF7A9FB4FF4F0704FF4A07100222D
:10C0D0001E230094FBF7A0FB4FF4F0704FF4A07107
:10C0E000002228230094FBF797FB4FF4F0704FF4E5
:10C0F000A071002232230094FBF78EFB4FF4F07006
:10C100004FF4A07100223C230094FBF785FB4FF411
:10C11000F0704FF4A071002246230094FBF77CFBE3
:10C120004FF4F0704FF4A071002250230094FBF7FD
:10C1300073FB4FF4F0704FF4A07100225A23009467
:10C14000FBF76AFB4FF4F0704FF4A07100226423F8
:10C150000094FBF761FB4FF4F0704FF4A0710022E4
:10C160006E230094FBF758FB4FF4F0704FF4A0716E
:10C17000002278230094FBF74FFB4FF4F0704FF44C
:10C18000A071002282230094FBF746FB4FF4F0706D
:10C190004FF4A07100228C230094FBF73DFB4FF479
:10C1A000F0704FF4A071002296230094FBF734FB4B
:10C1B0004FF4F0704FF4A0710022A0230094FBF71D
:10C1C0002BFB4FF4F0704FF4A0710022AA230094CF
:10C1D000FBF722FB4FF4F0704FF4A0710022B42360
:10C1E0000094FBF719FB4FF4F0704FF4A07100229C
:10C1F000BE230094FBF710FB4FF4F0704FF4A071D6
:10C200000022C8230094FBF707FB4FF4F0704FF4B3
:10C21000A0710022D2230094FBF7FEFA4FF4F070D5
:10C220004FF4A0710022DC230094FBF7F5FA4FF4E1
:10C23000F0704FF4A0710022E6230094FBF7ECFAB3
:10C240004FF4F0704FF4A0710022F0230094FBF73C
:10C25000E3FA4FF4F0704FF4A0710022FA23009437
:10C26000FBF7DAFA4FF4F0704FF4A07100224FF4AC
:10C2700082730094FBF7D0FA4FF4F0704FF4A07182
:10C2800000224FF487730094FBF7C6FA4FF4F07066
:10C290004FF4A07100224FF48C730094FBF7BCFAAA
:10C2A0004FF4F0704FF4A07100224FF4917300949A
:10C2B000FBF7B2FA4FF4F0704FF4A07100224FF484
:10C2C00096730094FBF7A8FA4FF4F0704FF4A07146
:10C2D00000224FF49B730094FBF79EFA4FF4F0702A
:10C2E0004FF4A07100224FF4A0730094FBF794FA6E
:10C2F00040F6B830F4F77CFD01200921012200232B
:10C30000FBF776FA4FF4F0704FF4A0714FF4F0722F
:10C310000023CDF80080FBF77FFA4FF4F0704FF464
:10C32000A07140F2D1120023CDF80080FBF774FA1F
:10C330004FF4F0704FF4A0714FF4E1720023CDF888
:10C340000080FBF769FA4FF4F0704FF4A07140F2EF
:10C35000B3120023CDF80080FBF75EFA4FF4F070C3
:10C360004FF4A0714FF4D2720023CDF80080FBF798
:10C3700053FA4FF4F0704FF4A07140F2951200237D
:10C38000CDF80080FBF748FA4FF4F0704FF4A0713D
:10C390004FF4C3720023CDF80080FBF73DFA4FF451
:10C3A000F0704FF4A07140F277120023CDF80080B6
:10C3B000FBF732FA4FF4F0704FF4A0714FF4B472FF
:10C3C0000023CDF80080FBF727FA4FF4F0704FF40C
:10C3D000A07140F259120023CDF80080FBF71CFA3F
:10C3E0004FF4F0704FF4A0714FF4A5720023CDF814
:10C3F0000080FBF711FA4FF4F0704FF4A07140F297
:10C400003B120023CDF80080FBF706FA4FF4F070E2
:10C410004FF4A0714FF496720023CDF80080FBF723
:10C42000FBF94FF4F0704FF4A07140F21D1200239D
:10C43000CDF80080FBF7F0F94FF4F0704FF4A071E5
:10C440004FF487720023CDF80080FBF7E5F94FF435
:10C45000F0704FF4A071FF220023CDF80080FBF7AD
:10C46000DBF94FF4F0704FF4A071F0220023CDF807
:10C470000080FBF7D1F94FF4F0704FF4A071E12286
:10C480000023CDF80080FBF7C7F94FF4F0704FF4AC
:10C49000A071D2220023CDF80080FBF7BDF94FF444
:10C4A000F0704FF4A071C3220023CDF80080FBF799
:10C4B000B3F94FF4F0704FF4A071B4220023CDF81B
:10C4C0000080FBF7A9F94FF4F0704FF4A071A5229A
:10C4D0000023CDF80080FBF79FF94FF4F0704FF484
:10C4E000A07196220023CDF80080FBF795F94FF458
:10C4F000F0704FF4A07187220023CDF80080FBF785
:10C500008BF94FF4F0704FF4A07178220023CDF82E
:10C510000080FBF781F94FF4F0704FF4A0716922AD
:10C520000023CDF80080FBF777F94FF4F0704FF45B
:10C53000A0715A220023CDF80080FBF76DF94FF46B
:10C54000F0704FF4A0714B220023CDF80080FBF770
:10C5500063F94FF4F0704FF4A0713C220023CDF842
:10C560000080FBF759F94FF4F0704FF4A0712D22C1
:10C570000023CDF80080FBF74FF94FF4F0704FF433
:10C58000A0711E220023CDF80080FBF745F94FF47F
:10C59000F0704FF4A0710F220023CDF80080FBF75C
:10C5A0003BF94FF4F0704FF4A07100220023CDF856
:10C5B0000080FBF731F94FF4F0704FF4A0710022C6
:10C5C0000A23CDF80080FBF727F94FF4F0704FF401
:10C5D000A07100221423CDF80080FBF71DF94FF461
:10C5E000F0704FF4A07100221E23CDF80080FBF7FD
:10C5F00013F94FF4F0704FF4A07100222823CDF806
:10C600000080FBF709F94FF4F0704FF4A07100229D
:10C610003223CDF80080FBF7FFF84FF4F0704FF4B1
:10C62000A07100223C23CDF80080FBF7F5F84FF411
:10C63000F0704FF4A07100224623CDF80080FBF784
:10C64000EBF84FF4F0704FF4A07100225023CDF8B6
:10C650000080FBF7E1F84FF4F0704FF4A071002276
:10C660005A23CDF80080FBF7D7F84FF4F0704FF461
:10C67000A07100226423CDF80080FBF7CDF84FF4C1
:10C68000F0704FF4A07100226E23CDF80080FBF70C
:10C69000C3F84FF4F0704FF4A07100227823CDF866
:10C6A0000080FBF7B9F84FF4F0704FF4A07100224E
:10C6B0008223CDF80080FBF7AFF84FF4F0704FF411
:10C6C000A07100228C23CDF80080FBF7A5F84FF471
:10C6D000F0704FF4A07100229623CDF80080FBF794
:10C6E0009BF84FF4F0704FF4A0710022A023CDF816
:10C6F0000080FBF791F84FF4F0704FF4A071002226
:10C70000AA23CDF80080FBF787F84FF4F0704FF4C0
:10C71000A0710022B423CDF80080FBF77DF84FF420
:10C72000F0704FF4A0710022BE23CDF80080FBF71B
:10C7300073F84FF4F0704FF4A0710022C823CDF8C5
:10C740000080FBF769F84FF4F0704FF4A0710022FD
:10C75000D223CDF80080FBF75FF84FF4F0704FF470
:10C76000A0710022DC23CDF80080FBF755F84FF4D0
:10C77000F0704FF4A0710022E623CDF80080FBF7A3
:10C780004BF84FF4F0704FF4A0710022F023CDF875
:10C790000080FBF741F84FF4F0704FF4A0710022D5
:10C7A000FA23CDF80080FBF737F84FF4F0704FF420
:10C7B000A07100224FF48273CDF80080FBF72CF8B3
:10C7C0004FF4F0704FF4A07100224FF48773CDF84E
:10C7D0000080FBF721F84FF4F0704FF4A0710022B5
:10C7E0004FF48C73CDF80080FBF716F84FF4F0701F
:10C7F0004FF4A07100224FF49173CDF80080FBF745
:10C800000BF84FF4F0704FF4A07100224FF49673C0
:10C81000CDF80080FBF700F84FF4F0704FF4A071F2
:10C8200000224FF49B73CDF80080FAF7F5FF4FF428
:10C83000F0704FF4A07100224FF4A073CDF8008087
:10C84000FAF7EAFF0020002100224FF4A0730094C1
:10C85000FAF7E2FF002000210F224FF4A0730094AA
:10C86000FAF7DAFF002000211E224FF4A073009493
:10C87000FAF7D2FF002000212D224FF4A07300947C
:10C88000FAF7CAFF002000213C224FF4A073009465
:10C89000FAF7C2FF002000214B224FF4A07300944E
:10C8A000FAF7BAFF002000215A224FF4A073009437
:10C8B000FAF7B2FF0020002169224FF4A073009420
:10C8C000FAF7AAFF0020002178224FF4A073009409
:10C8D000FAF7A2FF0020002187224FF4A0730094F2
:10C8E000FAF79AFF0020002196224FF4A0730094DB
:10C8F000FAF792FF00200021A5224FF4A0730094C4
:10C90000FAF78AFF00200021B4224FF4A0730094AC
:10C91000FAF782FF00200021C3224FF4A073009495
:10C92000FAF77AFF00200021D2224FF4A07300947E
:10C93000FAF772FF00200021E1224FF4A073009467
:10C94000FAF76AFF00200021F0224FF4A073009450
:10C95000FAF762FF00200021FF224FF4A073009439
:10C96000FAF75AFF002000214FF487724FF4A073AA
:10C970000094FAF751FF0020002140F21D124FF4FD
:10C98000A0730094FAF748FF002000214FF496723C
:10C990004FF4A0730094FAF73FFF0020002140F20B
:10C9A0003B124FF4A0730094FAF736FF00200021E9
:10C9B0004FF4A5724FF4A0730094FAF72DFF0020F6
:10C9C000002140F259124FF4A0730094FAF724FFAB
:10C9D000002000214FF4B4724FF4A0730094FAF7D2
:10C9E0001BFF0020002140F277124FF4A073009447
:10C9F000FAF712FF002000214FF4C3724FF4A07326
:10CA00000094FAF709FF0020002140F295124FF43C
:10CA1000A0730094FAF700FF002000214FF4D272B7
:10CA20004FF4A0730094FAF7F7FE0020002140F2C3
:10CA3000B3124FF4A0730094FAF7EEFE0020002129
:10CA40004FF4E1724FF4A0730094FAF7E5FE002072
:10CA5000002140F2D1124FF4A0730094FAF7DCFEEB
:10CA6000002000214FF4F0724FF4A0730094FAF705
:10CA7000D3FE002000214FF4F0724FF49B7300941A
:10CA8000FAF7CAFE002000214FF4F0724FF49673BB
:10CA90000094FAF7C1FE002000214FF4F0724FF429
:10CAA00091730094FAF7B8FE002000214FF4F07261
:10CAB0004FF48C730094FAF7AFFE002000214FF47E
:10CAC000F0724FF487730094FAF7A6FE002000215D
:10CAD0004FF4F0724FF482730094FAF79DFE002039
:10CAE00000214FF4F072FA230094FAF795FE00202B
:10CAF00000214FF4F072F0230094FAF78DFE00202D
:10CB000000214FF4F072E6230094FAF785FE00202E
:10CB100000214FF4F072DC230094FAF77DFE002030
:10CB200000214FF4F072D2230094FAF775FE002032
:10CB300000214FF4F072C8230094FAF76DFE002034
:10CB400000214FF4F072BE230094FAF765FE002036
:10CB500000214FF4F072B4230094FAF75DFE002038
:10CB600000214FF4F072AA230094FAF755FE00203A
:10CB700000214FF4F072A0230094FAF74DFE00203C
:10CB800000214FF4F07296230094FAF745FE00203E
:10CB900000214FF4F0728C230094FAF73DFE002040
:10CBA00000214FF4F07282230094FAF735FE002042
:10CBB00000214FF4F07278230094FAF72DFE002044
:10CBC00000214FF4F0726E230094FAF725FE002046
:10CBD00000214FF4F07264230094FAF71DFE002048
:10CBE00000214FF4F0725A230094FAF715FE00204A
:10CBF00000214FF4F07250230094FAF70DFE00204C
:10CC000000214FF4F07246230094FAF705FE00204D
:10CC100000214FF4F0723C230094FAF7FDFD002050
:10CC200000214FF4F07232230094FAF7F5FD002052
:10CC300000214FF4F07228230094FAF7EDFD002054
:10CC400000214FF4F0721E230094FAF7E5FD002056
:10CC500000214FF4F07214230094FAF7DDFD002058
:10CC600000214FF4F0720A230094FAF7D5FD00205A
:10CC700000214FF4F07200230094FAF7CDFD40F646
:10CC8000B830F4F7B5F80120092102220223FAF79F
:10CC9000AFFD5020A0214FF4C872A023CDF8008032
:10CCA000FAF7BAFD07F1F000C7F5A07184B28DB2B2
:10CCB0002046A021F0222B46CDF80080FAF7ACFDEB
:10CCC000C7F1F00086B23046A021F0222B46CDF805
:10CCD0000080FAF7A1FDBDB22046A021F0222B462C
:10CCE000CDF80080FAF798FD3046A021F0222B46BF
:10CCF000CDF80080FAF790FD982D07F10807D1D301
:10CD000000254FF0060900BF05F15000ACB21FFA34
:10CD100080F8404600214FF4C8722346C5F5A0773D
:10CD2000CDF80090FAF778FDC5F5C87086B24FF4DB
:10CD3000C870214632464FF4A073CDF80090FAF740
:10CD40006BFDBFB230464FF4A07150223B46CDF888
:10CD50000090FAF761FD5020394642460023CDF895
:10CD60000090FAF759FDB4F59C7F05F10805CBD981
:10CD70004FF47A60F4F73CF80120002100220323ED
:10CD800000274FF0030BFAF733FD02200090142028
:10CD900028217822502302245025F8F73FFC062052
:10CDA00005210191CDE902400120B42128227823F8
:10CDB000009550254FF005080626F7F72BFF0020B9
:10CDC0004FF4AA7128227823CDE900580294022555
:10CDD00003960624F7F71EFF5020F021322202238B
:10CDE000F8F7CCF90120F021F0223223CDE90085BB
:10CDF0000294F7F79BF800204FF4C871F022322319
:10CE0000CDE9008502944FF00609F7F78FF84FF44B
:10CE1000FA60F3F7EDFF0120002100220323FAF767
:10CE2000E7FC14202821782250231424CDE9004562
:10CE3000F8F710FD50260120B42128227823CDE9EF
:10CE400000641424CDE90285CDF81090F7F76AFF4D
:10CE500000204FF4AA7128227823CDE90064CDE99F
:10CE60000285CDF81090F7F75DFF5020F0213C22AD
:10CE700000230095F8F73EFB0120F021F0223C232F
:10CE8000CDE900870295CDF80C90F7F717FD00204B
:10CE90004FF4C871F0223C23CDE900870295CDF80C
:10CEA0000C900624F7F70AFD4FF4FA60F3F7A0FFA1
:10CEB0000120002100220323FAF79AFC5020502180
:10CEC0003C2228230095F8F7DDF928260120F021DF
:10CED00050223C23CDE9006802950394F7F7E2F96C
:10CEE00000204FF4C87150223C2300964FF0280ACE
:10CEF000CDE9018503944FF00609F7F7D3F91C2417
:10CF00001420C82178225023CDE900A40295F8F717
:10CF100049FA50260120B421C8227823CDE9006ABD
:10CF20004FF0280ACDE902480495CDF81490F7F7A0
:10CF300019FB00204FF4AA71C8227823CDE9006ABA
:10CF4000CDE902480495CDF814900624F7F70AFBC2
:10CF50004FF4FA60F3F74CFF0020F8F723FD43F697
:10CF6000F470C0F60100FDF733FD0120FDF7B0FDC0
:10CF70000120FDF725FD0120FDF768FD0020FDF7EC
:10CF800055FD0020FDF76CFD0120FDF7DFFC4FF0A3
:10CF9000230946260225002001217F220823CDE90E
:10CFA00008B4CDE90A77CDE90066CDE90298CDF85D
:10CFB00010B0CDE9055707974FF07F0AFBF77CFDCE
:10CFC00000200121CD220823CDE908B4CDE90A775C
:10CFD000CDE90066CDE90298CDE904B50225CDE999
:10CFE0000677FBF769FD0020012140F21B120823A0
:10CFF000CDE908B4CDE90A77CDE90066CDE902981C
:10D00000CDE904B5CDE9067740F21B14FBF754FDDA
:10D010000820FDF7EFFC342044F60822CDE900A0FB
:10D02000C0F601020020062101234FF0340A0296C7
:10D03000FCF7C2FACD2044F60E22CDE9000AC0F674
:10D0400001020020062101230296FCF7B5FA44F6FE
:10D050001022C0F60102002006210123CDE9004A7A
:10D060000296FCF7A9FA0624002002217F2256230B
:10D07000CDF820B0CDE909470B97CDE90066CDE9A1
:10D080000298CDE904B506970797FBF715FD002038
:10D090000321CD225623CDE908B40624CDE90A7731
:10D0A000CDE90066CDE90298CDE904B5069707976A
:10D0B000FBF702FD0020042140F21B125623CDE9AC
:10D0C00008B4CDE90A77CDE90066CDE90298CDE94B
:10D0D00004B5CDE90677FBF7EFFC0920FDF78AFCE4
:10D0E00082207F2144F61222CDE90010C0F6010211
:10D0F00000200621012382240296FCF75DFA0A2013
:10D10000FDF778FCCD2044F61422CDE90004C0F6EA
:10D1100001020020062101230296FCF74DFA0B20A4
:10D12000FDF768FC44F6162240F21B1AC0F6010215
:10D13000002006210123CDE900A40296FCF73CFA69
:10D1400006250224002005217F22A423CDF820B04B
:10D15000CDE909570B97CDE90066CDE90298CDF8E6
:10D1600010B0CDE905470797FBF7A6FC0020062184
:10D17000CD22A423CDE908B50625CDE90A77CDE96E
:10D180000066CDE90298CDE904B40224069707971A
:10D19000FBF792FC0020072140F21B12A423CDE9EB
:10D1A00008B5CDE90A77CDE90066CDE90298CDE969
:10D1B00004B406970797FBF77FFC0C20FDF71AFCD9
:10D1C000D0207F2144F61822CDE90010C0F60102DC
:10D1D000002006210123D0240296FCF7EDF90D2052
:10D1E000FDF708FCCD2044F61A22CDE90004C0F674
:10D1F00001020020062101230296FCF7DDF90E2032
:10D20000FDF7F8FB44F61C22C0F6010200200621BF
:10D210000123CDF800A040F21B1A01940296FCF7FE
:10D22000CBF906250224002001217F22F223CDF82C
:10D2300020B0CDE909570B97CDE90066CDE90298FA
:10D24000CDF810B0CDE905470797FBF735FC002076
:10D250000121CD22F223CDE908B50625CDE90A77D3
:10D26000CDE90066CDE90298CDE904B40224069721
:10D270000797FBF721FC0020012140F21B12F2234B
:10D28000CDE908B5CDE90A77CDE90066CDE9029888
:10D29000CDE904B406970797FBF70EFC0820FDF7CD
:10D2A000A9FB4FF48F707F2144F60622CDE90010D0
:10D2B000C0F601020020062101234FF48F7402966C
:10D2C000FCF77AF9CD2044F60A22CDE90004C0F635
:10D2D00001020020062101230296FCF76DF944F6B5
:10D2E0000C22C0F60102002006210123CDE900A492
:10D2F0000296FCF761F94FF4FA70F3F779FD00201C
:10D3000008217F220823CDE908B7CDE90A77CDE9C6
:10D310000066CDE90298CDE904B706970797FBF7B9
:10D32000CBFB4FF49670F3F763FD002009217F22B9
:10D330000823CDE908B7CDE90A77CDE90066CDE944
:10D340000298CDE904B706970797FBF7B5FB96203F
:10D35000F3F74EFD002001217F220823CDE908B715
:10D36000CDE90A77CDE90066CDE90298CDE904B7A9
:10D3700006970797FBF7A0FB4FF4FA70F3F738FD19
:10D3800000200821CD220823CDE908B7CDE90A778E
:10D39000CDE90066CDE90298CDE904B70697079775
:10D3A000FBF78AFB4FF49670F3F722FD002009216A
:10D3B000CD220823CDE908B7CDE90A77CDE900668B
:10D3C000CDE90298CDE904B706970797FBF774FB00
:10D3D0009620F3F70DFD00200121CD220823CDE991
:10D3E00008B7CDE90A77CDE90066CDE90298CDE925
:10D3F00004B706970797FBF75FFB4FF4FA70F3F754
:10D40000F7FC0020082140F21B120823CDE908B7E1
:10D41000CDE90A77CDE90066CDE90298CDE904B7F8
:10D4200006970797FBF748FB4FF49670F3F7E0FC7D
:10D430000020092140F21B120823CDE908B7CDE9ED
:10D440000A77CDE90066CDE90298CDE904B70697E1
:10D450000797FBF731FB9620F3F7CAFC0020012168
:10D4600040F21B120823CDE908B7CDE90A77CDE9D0
:10D470000066CDE90298CDE904B706970797FBF758
:10D480001BFB4FF4FA70F3F7B3FC002008217F2256
:10D490005623CDE908B7CDE90A77CDE90066CDE995
:10D4A0000298CDE904B706970797FBF705FB4FF401
:10D4B0009670F3F79DFC00200B217F225623CDE9C7
:10D4C00008B7CDE90A77CDE90066CDE90298CDE944
:10D4D00004B706970797FBF7EFFA9620F3F788FC57
:10D4E000002002217F225623CDE908B7CDE90A7733
:10D4F000CDE90066CDE90298CDE904B70697079714
:10D50000FBF7DAFA4FF4FA70F3F772FC0020082107
:10D51000CD225623CDE908B7CDE90A77CDE90066DB
:10D52000CDE90298CDE904B706970797FBF7C4FA4F
:10D530004FF49670F3F75CFC00200921CD225623AE
:10D54000CDE908B7CDE90A77CDE90066CDE90298C3
:10D55000CDE904B706970797FBF7AEFA9620F3F7E5
:10D5600047FC00200321CD225623CDE908B7CDE9A1
:10D570000A77CDE90066CDE90298CDE904B70697B0
:10D580000797FBF799FA4FF4FA70F3F731FC002094
:10D59000082140F21B125623CDE908B7CDE90A77DE
:10D5A000CDE90066CDE90298CDE904B70697079763
:10D5B000FBF782FA4FF49670F3F71AFC002009216A
:10D5C00040F21B125623CDE908B7CDE90A77CDE921
:10D5D0000066CDE90298CDE904B706970797FBF7F7
:10D5E0006BFA9620F3F704FC0020042140F21B1292
:10D5F0005623CDE908B7CDE90A77CDE90066CDE934
:10D600000298CDE904B706970797FBF755FA4FF450
:10D610007A70F3F7EDFB0020F8F7C4F90420CDE9A8
:10D62000030B0590002001217F220823CDE908BBD0
:10D63000CDE90A77CDE90066CDF808904FF00408EF
:10D6400006970797FBF738FA00200121CD2208231F
:10D65000CDE908BBCDE90A77CDE90066CDE90298AE
:10D66000CDE904B806970797FBF726FA00200121B9
:10D6700040F21B120823CDE908BBCDE90A77CDE9BA
:10D680000066CDE90298CDE904B806970797FBF745
:10D6900013FA0120FDF7AEF944F608227F25342461
:10D6A00000200421C0F60102012300950194029696
:10D6B000FBF782FF44F60E224FF0CD0A0020042132
:10D6C000C0F601020123CDE900A434240296FBF741
:10D6D00073FF40F21B1044F61022CDE90004002035
:10D6E0000421C0F6010201230296FBF765FF00202A
:10D6F00002217F225623CDE908BBCDE90A77CDE987
:10D700000066CDE90298CDE904B806970797FBF7C4
:10D71000D3F900200321CD225623CDE908BBCDE962
:10D720000A77CDE90066CDE90298CDE904B80697FD
:10D730000797FBF7C1F90020042140F21B12562382
:10D74000CDE908BBCDE90A77CDE90066CDE90298BD
:10D75000CDE904B806970797FBF7AEF90220FDF76D
:10D7600049F944F61222822400200421C0F6010265
:10D770000123009501940296FBF71EFF0320FDF79D
:10D7800039F944F6142200200421C0F601020123D5
:10D79000CDE900A482250296FBF70EFF0420FDF7D9
:10D7A00029F944F6162240F21B1A00200421C0F683
:10D7B00001020123CDE900A50296FBF7FDFE002042
:10D7C00005217F22A423CDE908BBCDE90A77CDE965
:10D7D0000066CDE90298CDE904B806970797FBF7F4
:10D7E0006BF900200621CD22A423CDE908BBCDE9A9
:10D7F0000A77CDE90066CDE90298CDE904B806972D
:10D800000797FBF759F90020072140F21B12A423C8
:10D81000CDE908BBCDE90A77CDE90066CDE90298EC
:10D82000CDE904B806970797FBF746F90520FDF701
:10D83000E1F87F2044F618220090D0240020042133
:10D84000C0F60102012301940296FBF7B5FE062003
:10D85000FDF7D0F844F61A22CD2500200421C0F6A9
:10D8600001020123CDE90054D0240296FBF7A4FE67
:10D870000720FDF7BFF844F61C2200200421C0F663
:10D8800001020123CDF800A040F21B1A0194029678
:10D89000FBF792FE002001217F22F223CDE908BB95
:10D8A000CDE90A77CDE90066CDE90298CDE904B863
:10D8B00006970797FBF700F900200121CD22F223FC
:10D8C000CDE908BBCDE90A77CDE90066CDE902983C
:10D8D000CDE904B806970797FBF7EEF80020012181
:10D8E00040F21B12F223CDE908BBCDE90A77CDE95E
:10D8F0000066CDE90298CDE904B806970797FBF7D3
:10D90000DBF80120FDF776F87F2044F60622009030
:10D910004FF48F7400200421C0F60102012301940A
:10D920000296FBF749FE44F60A2200200421C0F6C5
:10D9300001020123CDE900544FF48F740296FBF7E6
:10D940003BFE44F60C2200200421C0F60102012314
:10D95000CDE900A40296FBF72FFE4FF47A60F3F7AF
:10D9600047FA0020F8F71EF80124002001217F2249
:10D970000823CDE908B80A970B94CDE90066CDE9F4
:10D98000029BCDE904B806970797FBF795F80020AE
:10D990000121CD220823CDE908B8CDE90A7401247C
:10D9A000CDE90066CDE9029BCDE904B8069707975B
:10D9B000FBF782F80020012140F21B120823CDE979
:10D9C00008B8CDE90A740125CDE90066CDE9029BCE
:10D9D000CDE904B806970797FBF76EF836207F214C
:10D9E00044F60822CDE9001000200321C0F6010210
:10D9F00001234FF0360A0296FBF7DEFD44F60E22B5
:10DA0000CD2400200321C0F601020123CDE9004A04
:10DA10000296FBF7D1FD40F21B1044F61022CDE92F
:10DA2000000A00200321C0F6010201230296FBF741
:10DA3000C3FD002002217F225623CDE908B8CDE99D
:10DA40000A75CDE90066CDE9029BCDE904B80697D9
:10DA50000797FBF731F800200321CD225623CDE9AB
:10DA600008B8CDE90A75CDE90066CDE9029BCDE99C
:10DA700004B806970797FBF71FF80020042140F22F
:10DA80001B125623CDE908B8CDE90A75CDE9006629
:10DA9000CDE9029BCDE904B806970797FBF70CF890
:10DAA0000220FCF7A7FF84207F2144F61222CDE953
:10DAB000001000200321C0F6010201234FF0840A68
:10DAC0000296FBF779FD0320FCF794FF44F614223D
:10DAD00000200321C0F601020123CDE9004A02968D
:10DAE000FBF76AFD0420FCF785FF40F21B1044F6AB
:10DAF0001622CDE9000A00200321C0F6010201230D
:10DB00000296FBF759FD002005217F22A423CDE9D1
:10DB100008B8CDE90A75CDE90066CDE9029BCDE9EB
:10DB200004B806970797FAF7C7FF00200621CD2211
:10DB3000A423CDE908B8CDE90A75CDE90066CDE9A1
:10DB4000029BCDE904B806970797FAF7B5FF0020C6
:10DB5000072140F21B12A423CDE908B8CDE90A75CC
:10DB6000CDE90066CDE9029BCDE904B80697079799
:10DB7000FAF7A2FF0520FCF73DFFD2207F2144F6F3
:10DB80001822CDE9001000200321C0F60102012374
:10DB9000D2240296FBF710FD0620FCF72BFFCD20C8
:10DBA00044F61A22CDE9000400200321C0F6010248
:10DBB00001230296FBF700FD0720FCF71BFF44F64C
:10DBC0001C2240F21B1A00200321C0F6010201238F
:10DBD000CDE900A40296FBF7EFFC002001217F2293
:10DBE000F223CDE908B8CDE90A75CDE90066CDE9A3
:10DBF000029BCDE904B806970797FAF75DFF00206E
:10DC00000121CD22F223CDE908B8CDE90A75CDE98D
:10DC10000066CDE9029BCDE904B806970797FAF7AD
:10DC20004BFF0020012140F21B12F223CDE908B87E
:10DC3000CDE90A75CDE90066CDE9029BCDE904B8CE
:10DC400006970797FAF738FF0120FCF7D3FE4FF449
:10DC500090707F2144F60622CDE9001000200321B8
:10DC6000C0F6010201234FF490740296FBF7A4FC66
:10DC7000CD2044F60A22CDE9000400200321C0F69D
:10DC8000010201230296FBF797FC44F60C220020C8
:10DC90000321C0F601020123CDE900A40296FBF79F
:10DCA0008BFC4FF4FA60F3F7A3F80020F7F77AFE45
:10DCB0004FF0140A002001217F220823CDE908B883
:10DCC000CDE90A75CDE90066CDE902ABCDE904B82E
:10DCD00006970797FAF7F0FE00200121CD220823CE
:10DCE000CDE908B8CDE90A75CDE90066CDF808A000
:10DCF0001424CDE903BBCDE905870797FAF7DCFECD
:10DD00000020012140F21B120823CDE908B8CDE91B
:10DD10000A75CDE90066CDE9024BCDE904B8069756
:10DD20000797FAF7C9FE0120FCF764FE44F60822C3
:10DD30004FF07F0A362400200321C0F601020123A0
:10DD4000CDF800A001940296FBF736FCCD2044F6F6
:10DD50000E22CDE9000400200321C0F601020123B8
:10DD600036240296FBF728FC40F21B1044F61022E2
:10DD7000CDE9000400200321C0F601020123029630
:10DD8000FBF71AFC4FF01609002002217F225623D0
:10DD9000CDE908B8CDE90A75CDE90066CDE9029B69
:10DDA000CDE904B806970797FAF786FE002003210D
:10DDB000CD225623CDE908B8CDE90A75CDE9006634
:10DDC000CDE9029BCDE904B806970797FAF774FEF0
:10DDD0000020042140F21B125623CDE908B8CDE9FA
:10DDE0000A75CDE90066CDE9029BCDE904B8069736
:10DDF0000797FAF761FE0220FCF7FCFD44F61222B9
:10DE0000842500200321C0F601020123CDF800A0E3
:10DE10007F2401950296FBF7CFFB0320FCF7EAFD78
:10DE2000CD2044F61422CDE9000500200321C0F6E0
:10DE30000102012384250296FBF7BEFB0420FCF7B8
:10DE4000D9FD40F21B1044F61622CDE90005002052
:10DE50000321C0F6010201230296FBF7ADFB012569
:10DE6000002005217F22A423CDE908B80A970B954D
:10DE7000CDE90066CDE9029BCDE904B80697079786
:10DE8000FAF71AFE00200621CD22A423CDE908B816
:10DE9000CDE90A75CDE90066CDE9029BCDE904B86C
:10DEA00006970797FAF708FE0020072140F21B1299
:10DEB000A423CDE908B8CDE90A75CDE90066CDE91E
:10DEC000029BCDE904B806970797FAF7F5FD052000
:10DED000FCF790FD44F618224FF0D20A00200321EF
:10DEE000C0F6010201230094CDF804A00296FBF7CE
:10DEF00063FB0620FCF77EFDCD2044F61A22CDE917
:10DF0000000A00200321C0F601020123D224029658
:10DF1000FBF752FB0720FCF76DFD44F61C2240F294
:10DF20001B1A00200321C0F601020123CDE900A441
:10DF30000296FBF741FB002001217F22F223CDE96D
:10DF400008B8CDE90A75CDE90066CDE9029BCDE9B7
:10DF500004B806970797FAF7AFFD00200121CD22FC
:10DF6000F223CDE908B8CDE90A75CDE90066CDE91F
:10DF7000029BCDE904B806970797FAF79DFD0020AC
:10DF8000012140F21B12F223CDE908B8CDE90A7550
:10DF90000125CDE90066CDE9029BCDE904B80697DD
:10DFA0000797FAF789FD0120FCF724FD7F2044F64E
:10DFB000062200904FF4907400200321C0F6010265
:10DFC000012301940296FBF7F7FACD2044F60A22CA
:10DFD000CDE9000400200321C0F6010201234FF423
:10DFE00090740296FBF7E8FA44F60C220020032115
:10DFF000C0F601020123CDE900A40296FBF7DCFA8A
:10E0000041F28830F2F7F4FE0020F7F7CBFC40F63F
:10E010002010C0F60100FCF7DBFC0020FCF706FD39
:10E020000020FCF71DFD0020FCF752FD0020FCF74E
:10E030008DFC0020FCF7C4FC0120FCF707FD00204C
:10E04000002100220023CDE900770295FCF788FC2F
:10E05000FA25FA20FA2100220023CDE90055029783
:10E06000FCF77EFC0220FCF7F1FC0120FCF76EFCC3
:10E07000282044F698324FF4EB7605240190C0F640
:10E08000010200200121012300940296FBF794FA7B
:10E090000120FCF7DBFC0020FCF758FC009444F660
:10E0A0002F345020C0F601040190002002212246A6
:10E0B00001230296FBF780FA00200121224601236A
:10E0C000CDE900770297FBF777FA0020022122467C
:10E0D0000123CDE900770297FBF76EFA44F6D232BE
:10E0E000C0F60102002001210123CDE9007702974B
:10E0F000FBF762FA8C21FF20CDE90001FA20FA211A
:10E1000000228C230297FCF72BFC9FEDFD8B2C202B
:10E11000B0EE480A302602904FF00C0A002002218F
:10E12000F0EE680A00220023CDE9007BCDF80CA0B8
:10E130000496FCF7A9F80020012122460123CDE92D
:10E1400000770297FBF738FA0020012122460123CD
:10E15000CDE900770297FBF72FFA4FF47A60F2F7D8
:10E1600047FE64200021C822FF23CDE9000002976A
:10E17000FCF794FC0020002100220323F9F738FB70
:10E1800000200021002200230226CDE9007702961C
:10E19000FCF7E6FBFA20FA2100220023CDE9005526
:10E1A0000297FCF7DDFB0120FCF792FC0220FCF754
:10E1B0004DFC0120FCF7CAFB282044F698324FF0B2
:10E1C0000509019000200121C0F6010201234FF44E
:10E1D000EB76CDF800900296FBF7EEF90120FCF704
:10E1E00035FC0020FCF7B2FB5020019000200221FA
:10E1F00022460123CDF800900296FBF7DDF90020BE
:10E20000012122460123CDE900770297FBF7D4F9DB
:10E210000020022122460123CDE900770297FBF777
:10E22000CBF944F6D23200200121C0F601020123CD
:10E23000CDE900770297FBF7BFF98C204FF0FF097B
:10E240000190FA20FA2100228C23CDF80090029749
:10E25000FCF786FB2C20B0EE480ACDE9020A00202C
:10E260000221F0EE680A002200233026CDE9007B6F
:10E270000496FCF709F80020012122460123CDE98C
:10E2800000770297FBF798F900200121224601232D
:10E29000CDE900770297FBF78FF94FF47A60F2F738
:10E2A000A7FDFA20FA2100220023CDE900550297AC
:10E2B000FCF756FB0020002100220323F9F798FA0F
:10E2C0000220FCF7C3FB0120FCF740FB0520FCF714
:10E2D00077FBCDE90055FA20FA2100220023022520
:10E2E0000295FCF73DFB0320FCF7A0FB282044F639
:10E2F000B9324FF0050A0190C0F60102002000215A
:10E3000001234FF4EB76CDF800A00296FBF754F909
:10E310000020FCF78BFB0020002100220023CDE928
:10E32000007702950225FCF71BFB0120FCF78EFB12
:10E330000020FCF70BFB0120FCF742FB5020019072
:10E340000020022122460123CDF800A00296FBF70F
:10E3500033F90020012122460123CDE900770297FD
:10E36000FBF72AF90020022122460123CDE900779C
:10E370000297FBF721F944F6D23200200121C0F6C2
:10E3800001020123CDE900770297FBF715F98C20F4
:10E390000190FA20FA2100228C23CDF800900297F8
:10E3A000FCF7DEFA2C2002900C2003903020B0EE17
:10E3B000480A049000200221F0EE680A002200239F
:10E3C0000097CDF804B0FBF75FFF00200121224643
:10E3D0000123CDE900770297FBF7EEF80020012139
:10E3E00022460123CDE900770297FBF7E5F84FF4C9
:10E3F0007A60F2F7FDFC0020002100220023FCF7E8
:10E4000037FB0020F7F7CEFA42F2EC00C0F601002D
:10E41000FCF7DEFA0020002100220023CDE900777E
:10E420000295FCF79DFA0020FCF700FB0120FCF7A9
:10E43000C7FA0120FCF70AFB0120FCF787FA10203D
:10E440003225CDE90150052006266424CDE9030BD1
:10E45000CDE905070020012114220023CDF820B0CA
:10E46000CDE909670B9700944FF010090797FAF769
:10E4700023FB0120FCF7BEFA4FF0210A142044F6DA
:10E48000B012CDE9000AC0F60102002006210123E6
:10E490000294FBF791F80520CDE9030BCDE90507C0
:10E4A0000120012182220023CDE908B6CDE90A77B7
:10E4B0000094642601953224CDF808904FF010099D
:10E4C0000797FAF7F9FA0120FCF794FA822044F64C
:10E4D000BB12CDE9000AC0F601020120062101238A
:10E4E0000296FBF769F8012500200121F0220023A4
:10E4F000CDE908B80A9700F007B800BF00BF00BF19
:10E50000643BDF4F4D5DA2C00B95CDE90064322422
:10E51000CDF808904FF01009CDE903BBCDE9058790
:10E520000797FAF7C9FA0120FCF764FA2220F021D4
:10E5300044F6C612CDE90010C0F601020020032106
:10E5400001230296FBF738F8012001214FF4AF7246
:10E550000023CDE908B8CDE90A75CDE9006432247D
:10E56000CDF808904FF01009CDE903BBCDE9058740
:10E5700007974FF4AF75FAF79FFA0120FCF73AFAC4
:10E5800044F6D112C0F60102012003210123CDE996
:10E59000005A0296FBF710F806204FF0050ACDE965
:10E5A000030B05900020012114223C23CDF820B05C
:10E5B000CDE909A70B97CDE90064CDF808904FF09D
:10E5C0001009062506970797FAF776FA0120FCF757
:10E5D00011FA0320FCF7F4F95D21142044F6DC1253
:10E5E000CDE90001C0F601020020052101235D24D0
:10E5F0000296FAF7E1FF32200190012001218222E8
:10E600003C23CDE908BACDE90A7700964FF0320AEB
:10E61000CDE90295CDE904B506970797FAF74CFACC
:10E620000120FCF7E7F90320FCF7CAF9822044F641
:10E63000E512CDE90004C0F6010201200521012305
:10E640005D240296FAF7B8FF4FF0FF350020012154
:10E65000F0223C23CDE908BBCDE90A75CDE9006A7B
:10E66000CDE90298CDE904BB06970797FAF724FA9B
:10E670000120FCF7BFF90320FCF7A2F95C20F02190
:10E6800044F6F012CDE90010C0F60102002004218A
:10E6900001230296FAF790FF012001214FF4AF7297
:10E6A0003C23CDE908BBCDE90A75CDE9006ACDE987
:10E6B0000298CDE904BB06970797FAF7FDF9012008
:10E6C000FCF798F90220FCF77BF94FF4AF7044F6A1
:10E6D000FB12CDE90004C0F6010201200421012350
:10E6E0000296FAF769FF6FF00400FCF7B9F9002011
:10E6F000FCF766F90220FCF7A9F996200090FF20AC
:10E7000096210022002301900297FCF729F91E2090
:10E710000090B4200190BE2000210022002301249B
:10E720000294FCF71DF9C820C821C822C82302267C
:10E73000CDE900000296FCF713F9AF2044F69412DD
:10E740004FF4F076CDE90040C0F60102012005212A
:10E7500001230296FAF730FF00206421FF22FF23F5
:10E76000CDE900770297FCF7FBF80520FCF728F9C4
:10E770000420FCF75BF94FF49170052144F68012F8
:10E78000CDE90010C0F601020020032101234FF45F
:10E79000EB770297FAF710FF4FF47A60F2F728FB55
:10E7A000FCF772F84FF4FA60F2F722FBFCF784F8FA
:10E7B0004FF4FA700DF5816DBDEC0C8B01B0BDE826
:10E7C000F04FF2F715BB00002DE9F04140F2004890
:10E7D000C4F202080546802640464FF4004101225B
:10E7E000C6F60046F2F7E8FB7820F2F701FB4FF09F
:10E7F000D847112038807820F2F7FAFA40F2710CED
:10E80000C2F2000C40F20111ACF80010B0218CF8FB
:10E81000065039800021C22231803A804422328061
:10E82000C5223A80E02231803180318031803A80C7
:10E830000F222423328033801C2333800A23338029
:10E84000082332803380432333808823338032236C
:10E850003380102306243280338034800724E12063
:10E8600032803480318038803820328030803020CF
:10E870003080092030804E203280328030807720F6
:10E8800030803C203080052034803380308023204D
:10E8900030801B2030803A203180388055203080F5
:10E8A0003620042D38800DD244F67810C0F60100D1
:10E8B00030F8151014A030F8152015A030F81530D8
:10E8C00008E000BF02208CF8060040F23F1340F23F
:10E8D000DF12E82131804FF0D8402921ACF8022026
:10E8E000ACF8043001807820F2F782FA0020F7F7C4
:10E8F00059F87820F2F77CFA40464FF400410022A4
:10E90000BDE8F041F2F758BB3F013F01DF01DF01F5
:10E91000DF01DF013F013F0188B0F2F767FBFBF742
:10E9200051FF002543F630000595CDE90355CDE9AB
:10E9300001550095C4F20200016840F2004441F024
:10E94000800101600168C4F2020401F080010091BD
:10E95000009900950168002241F0200101600168E2
:10E960004FF4004601F020010091009900950168E4
:10E9700041F010010160016801F01001009100995F
:10E980000095016841F002010160016801F0020197
:10E99000009100990095016841F00801016001684B
:10E9A00001F00801009100990095016841F0010112
:10E9B0000160016801F00101009100990095016872
:10E9C00041F04001016000684FF4004100F0400058
:10E9D000009000982046F2F7EFFA0196012601A96F
:10E9E0002046CDE902650495F2F716FA40F2DC0004
:10E9F000C2F200004FF0204140F20412CAF20002BD
:10EA0000062480E836004FF48051C0E90A150F2132
:10EA1000FF22CDE90111CDE9032111211023CDE918
:10EA2000061501A90022C0E90453C0E90655456452
:10EA3000C0E90855C0E90C5585630593F2F72EFE31
:10EA400010B172B6FEE700BF0220CDE90306CDE9A2
:10EA5000050040F2DC0001A9C2F200000A46CDE93F
:10EA600001460795F2F71AFE0220FFF7ADFEFCF70C
:10EA700037F800BFFEE75FEA400C08BF91F0000FD7
:10EA80004FEA8C234FEAC12243EA51514FEA1C500E
:10EA900018BF00F5F0404FEA300018BF41F00041C8
:10EAA0005FEA6C5C00F02980BCF1FF3F08BF40F0DA
:10EAB00080407047130C06BF12044FF0100C4FF04B
:10EAC000000C130E04BF12020CF1080C130F04BF4C
:10EAD00012010CF1040C930F04BF92000CF1020C14
:10EAE000D30F04BF52000CF1010C11464FF000028D
:10EAF000A0F11F00A0EB0C00704711F0004F08BF01
:10EB0000704731F000413FF4D5AF0B0C06BF09044C
:10EB10004FF0100C4FF0000C0B0E04BF09020CF16B
:10EB2000080C0B0F04BF09010CF1040C8B0F04BF80
:10EB300089000CF1020CCB0F04BF49000CF1010C51
:10EB4000CCF1200322FA03F341EA030102FA0CF2AA
:10EB5000A0EB0C0000F101007047000023F07F479C
:10EB600020F07F4C80EA030000F00040ACEB07038C
:10EB700003F57C5303F1FF032DE9804909B44FEA03
:10EB8000144324EA03484FEA154B25EA0B4E0FF2D3
:10EB9000042606EB13273E7803FB0667C7F500073C
:10EBA00007FB06F64FEAD64606F102064FEA54374F
:10EBB00007FB066CCCF1005C4FEA1C472CEA074CC3
:10EBC0000CFB06F507FB06F404EB15464FEA961618
:10EBD00049085FEA320234BF00204FF000404FEA9C
:10EBE000D13706FB07FC4FEA1C4C0CFB0BF7D21B82
:10EBF00003FB0CF761EB07010CFB0EF7B0EB0740D2
:10EC000072EB17420CFB08F734BFA2EB0742B2EBE2
:10EC1000074261EB17414FEA0C444FEA910706FBAC
:10EC200007FC4FEA1C4C0CFB0BF7B0EBC74072EB38
:10EC3000573203FB0CF734BFA2EBC742B2EBC7421B
:10EC400061EB57310CFB0EF7B0EBC70072EB57725C
:10EC50000CFB08F734BFA2EBC702B2EBC70261EBB3
:10EC600057714FEA816141EA92114FEA826242EAAA
:10EC700090124FEA806004EBCC04039F4FEAD13737
:10EC800006FB07FC4FEA1C4C0CFB0BF7D21B03FBEB
:10EC90000CF761EB07010CFB0EF7B0EB074072EBD2
:10ECA00017420CFB08F734BFA2EB0742B2EB074256
:10ECB00061EB17414FEA8C5504EB9C244FEA910716
:10ECC00006FB07FC4FEA1C4C0CFB0BF7B0EBC740F4
:10ECD00072EB573203FB0CF734BFA2EBC742B2EB27
:10ECE000C74261EB57310CFB0EF7B0EBC70072EB7C
:10ECF00057720CFB08F734BFA2EBC702B2EBC70296
:10ED000061EB57714FEA816141EA92114FEA8262E9
:10ED100042EA90124FEA806015EB4C2544F1000462
:10ED20004FEAD13706FB07FC4FEA1C4C0CFB0BF7F4
:10ED3000D21B03FB0CF761EB07010CFB0EF7B0EBEA
:10ED4000074072EB17420CFB08F734BFA2EB0742F7
:10ED5000B2EB074261EB17414FEA813141EA924140
:10ED60004FEA823242EA90424FEA80304FEA0C7614
:10ED700015EB1C1544F1000448EA03434EEA0B4826
:10ED80004FF0000EB2EB080C71EB030724BF624694
:10ED900039464EEB0E0E4FF0000B00185241494120
:10EDA0004BEB0B0BB2EB080C71EB03077BF1000B89
:10EDB00024BF624639464EEB0E0E4FF0000B001892
:10EDC000524149414BEB0B0BB2EB080C71EB0307C3
:10EDD0007BF1000B24BF624639464EEB0E0E51EA22
:10EDE000020718BF46F0010616EB0E7655F1000239
:10EDF00054F1000103D5BDE88901BDE80088BDE8F4
:10EE00008901BDE80048B619524141EB0101A3F167
:10EE10000103704780807F7E7D7C7B7A797877766E
:10EE200076757473727171706F6E6E6D6C6C6B6AE7
:10EE30006A69686867666665646463636261616085
:10EE4000605F5F5E5E5D5D5C5C5B5B5A5A59595802
:10EE5000585757565655555554545353525252516C
:10EE6000515050504F4F4F4E4E4D4D4D4C4C4C4BC2
:10EE70004B4B4A4A4A494949484848474747474609
:10EE80004646454545444444444343434342424245
:10EE9000424141419C46002B30D477002BD04FEAB1
:10EEA00037071CB503B44FF010004FF01001BAF152
:10EEB000000F06D0BCF1000FDCBF40F0080040F0AE
:10EEC00008014FF000000FBCBDE810400BF1010B32
:10EED000BBF1010F08BF5FEA170722BF12F1010261
:10EEE00011F101014FF0004143F1000300F0004037
:10EEF00043EA00007047F9D35708D0E746EA0646D0
:10EF00004FEA164613F1400F1FDD13F1200FDFBF4C
:10EF100016430A46002120335B42BED0C3F12007CE
:10EF200046EA06464FEA164602FA07F746EA070699
:10EF300022FA03F2C3F1200701FA07F742EA0702B7
:10EF400021FA03F14FF00003A7E746EA020646EA7A
:10EF500006464FEA164646EA0106BCBF46EA0646A2
:10EF6000360C4FF000034FF000024FF0000194E721
:10EF70002DE9804C70B49A46934691E8380007C852
:10EF800031EA400C48BF34EA430C03D5FFF7E6FDF5
:10EF9000FFF780FFF0BCBDE8008C2DE9804C70B419
:10EFA0009A46934691E8380007C810F0804F08BF92
:10EFB00013F0804F03D100F005F8FFF76BFFF0BCB2
:10EFC000BDE8008C20F07F4723F07F4C80EA0300EF
:10EFD00000F0004007EB0C03A3F57C53A3F1FE0304
:10EFE00092F0000F00F0B38095F0000F00F07780F2
:10EFF0002DE901494FEA114021EA00484FEA144641
:10F0000024EA064700FB06FC08FB06F607FB08F8A7
:10F0100018EB06484CEB164C00FB07F718EB0748BB
:10F020004CEB17404FEA124B22EA0B4E4FEA1546C3
:10F0300025EA06470BFB06FC0EFB06F607FB0EFE59
:10F040001EEB064E4CEB164C0BFB07F71EEB074E68
:10F050004CEB174B18EB0B0840F1000018EB0E0BB4
:10F0600058EB000840F100008F1A4FF000014FF0FC
:10F0700000063CBFC943661B14BFB5EB040C00215E
:10F080003CBFC943F61B4FEA174427EA04454FEA41
:10F090001C472CEA074C04FB076205FB07F70CFB37
:10F0A00005F616EB074642EB174204FB0CFC16EB89
:10F0B0000C4642EB1C421BEB060658EB0202414198
:10F0C0004EEA8E0E46EA9E0601D5BDE80189B619C4
:10F0D000524141EB0101A3F10103BDE801894FEA6F
:10F0E000144524EA05464FEA114721EA074C05FB7F
:10F0F00007F406FB07F70CFB06F111EB074144EBA5
:10F10000174405FB0CFC11EB0C4144EB1C444FEA8B
:10F11000124722EA074C05FB07F206FB07F70CFB38
:10F1200006F616EB074642EB174205FB0CFC16EB06
:10F130000C4642EB1C456A1854F1000148BF704769
:10F14000B619524141EB0101A3F10103704795F05B
:10F15000000F37D04FEA114221EA02464FEA144726
:10F1600024EA074C02FB07F106FB07F70CFB06F449
:10F1700014EB074441EB174102FB0CFC14EB0C446D
:10F1800041EB1C414FEA154725EA074C02FB07F506
:10F1900006FB07F70CFB06F616EB074645EB174593
:10F1A00002FB0CFC16EB0C4645EB1C42121951F10C
:10F1B000000148BF7047B619524141EB0101A3F16C
:10F1C000010370474FEA144524EA05464FEA114708
:10F1D00021EA074C05FB07F106FB07F70CFB06F2DB
:10F1E00012EB074241EB174105FB0CFC12EB0C4202
:10F1F00051EB1C414FF0000648BF7047921841EB9D
:10F200000101A3F10103704703B401984100009884
:10F2100050EAC12018BF04204A0D18BF40F0010079
:10F2200040F2FF72B2EB515F08BF40F002000128CC
:10F2300008BF052002B0704710B52F499FED2C1B69
:10F240002DED020B84B0059820F000408842D8BF15
:10F250009DED040B2DDD2949884209D1049840B960
:10F260004FF00100F1F78BF900F0A2FC06B010BDE1
:10F2700005DB9DED040B00F08FFC06B010BD684669
:10F280009DED040B00F0A0F810F0030004BF9DED0D
:10F29000021B9DED000B0CD001280ED09DED021B32
:10F2A0009DED000B022817D0012000F0DDFB06B019
:10F2B00010BD00F0A5FA06B010BD9DED021B9DED3E
:10F2C000000B012000F0D0FB51EC100B00F0BAFC59
:10F2D00006B041EC100B10BD00F092FA51EC100B8F
:10F2E00000F0B0FC06B041EC100B10BD00000000B7
:10F2F0000000000000000000FB21E93F0000F07F5B
:10F3000010B52F499FED2C1B2DED020B84B00598F5
:10F3100020F000408842DCBF00209DED040B32DD70
:10F320002849884209D1049840B94FF00100F1F70B
:10F3300026F900F03DFC06B010BD05DB9DED040B89
:10F3400000F02AFC06B010BD68469DED040B00F0ED
:10F350003BF810F0030011D0012818D09DED021BDE
:10F360009DED000B02281AD000F04AFA51EC100B68
:10F3700000F068FC06B041EC100B10BD9DED021BC7
:10F380009DED000B012000F06FFB06B010BD9DED60
:10F39000021B9DED000B00F033FA06B010BD0120FA
:10F3A00000F062FB51EC100B00F04CFC06B041EC9D
:10F3B000100B10BD00000000000000000000000065
:10F3C000FB21E93F0000F07F2DE9F14F04462DEDD0
:10F3D000020B2DED088B8AB09FEDE70B80ED020B41
:10F3E000139EE74826F0004585420ADC9DED120B8E
:10F3F000002084ED000B0AB0BDEC088B03B0BDE823
:10F40000F08FE0489FEDE0AB9FEDE1BBA84247DD08
:10F41000E14F9FEDE39B9FEDE48B9DED120B53ECD1
:10F420001A2B51EC100B002E1CDD01F03FF841ECC3
:10F43000100BBD4208D053EC1B2B51EC100B01F00C
:10F4400035F8C4E900010BE053EC192B51EC100B1B
:10F4500001F02CF853EC182B01F028F8C4E9000156
:10F460000120C8E700F0FAFB41EC100BBD4208D0C8
:10F4700053EC1B2B51EC100B00F0F0FBC4E9000126
:10F480000BE053EC192B51EC100B00F0E7FB53ECA5
:10F49000182B00F0E3FBC4E900014FF0FF30AAE7AE
:10F4A000C348A84279DB9DED120B51EC100B00F024
:10F4B000A6FB41EC180B9FEDC00B53EC102B00F09A
:10F4C000EBFE9FEDBF1B53EC112B00F0C7FB00F0D0
:10F4D00011FE074600F03DFE41EC190B53EC1A2BD0
:10F4E00000F0DAFE53EC182B00F0D4FF41EC180BBF
:10F4F00053EC1B2B51EC190B00F0CEFEDFF8C8A229
:10F5000041EC100B4FEA15580125FA4453EC102B2F
:10F5100051EC180B00F0CAFF032DC4E900013DD0E7
:10F52000C1F30A5005EB4511A8EB000011398142E7
:10F5300034DA0AEB051BB0EE48AA9BED000BF0EEA7
:10F5400068AA53EC102B51EC190B00F0A5FE41EC0E
:10F550001B0B51EC1A0B53EC1B2B00F0A7FF41ECDB
:10F56000180B51EC1A0B53EC182B00F09FFF53ECC7
:10F570001B2B00F09BFF9BED020B41EC1A0B53EC95
:10F58000102B51EC190B00F087FE53EC1A2B00F0F6
:10F590008DFF41EC100B6D1CB8E70EE0002EA8BFEC
:10F5A0003846BFF628AF94ED000B51EC100B00F07D
:10F5B00049FBC4E9000178421DE7C6F3130040F49B
:10F5C000801EC6F30A50A0F2F530471100F01F0567
:10F5D000C5F12000DDF848B00890002006900790A3
:10F5E0000520EC467949002D07EB0002794408BF5D
:10F5F00051F8221009D051F8223001EB8201AB40C2
:10F600004A68089922FA01F11943A1FB0E26A1FBD1
:10F610000B131A449A4234BF0123002303EB06085C
:10F620000CEB8003D3E901A60E448E4234BF0121C6
:10F63000002192448A4411B1924502D903E09245D7
:10F6400001D2012100E00021C3E901A641444CF8A8
:10F650002010011EA0F10100C4DC029800F100504E
:10F66000850F0298DDE903678000DDF8148000F063
:10F6700070FD41EC1A0B304600F082FD9FED541BEB
:10F6800053EC112B00F008FE41EC1B0B384600F048
:10F6900077FD9FED511B53EC112B00F0FDFD41EC6C
:10F6A000180B404600F06CFD9FED4D1B53EC112BE9
:10F6B00000F0F2FD41EC190B51EC180B53EC192B37
:10F6C00000F0CCFA53EC1B2B00F0C8FA53EC1A2BC9
:10F6D00000F0C4FACDE90801002008909DED080B68
:10F6E00053EC1A2B51EC100B00F0E0FE53EC1B2BEB
:10F6F00000F0DCFE53EC182B00F0D8FE53EC192B75
:10F7000000F0C8FE9FED381B53EC112B00F0C4FD38
:10F710009FED370B41EC180B53EC102B9DED080BB4
:10F7200051EC100B00F0B8FD53EC182B00F096FADA
:10F730009FED310B41EC180B53EC102B9DED080B9A
:10F7400051EC100B00F0A8FD53EC182B00F086FADA
:10F7500041EC100B139810F0004F06D06D4251ECA5
:10F76000100B00F06FFA41EC100B284684ED000BF3
:10F7700041E6000000000000000000000000000062
:10F78000FB21E93F7CD9024000004054FB21F93FB6
:10F790003163621A61B4D03DFB21F93F00000000E3
:10F7A0000000601A61B4D03D7370032E8A19A33B28
:10F7B000FB2139410000000083C8C96D305FE43F80
:10F7C000000000000000E03F221200007011000065
:10F7D000000000000000103E000000000000103C8F
:10F7E000000000000000103A182D4454FB21F93DA0
:10F7F0003326A611460B113C00000054FB21F93DB5
:10F8000010B52DED040B2DED088B82B0B0EE419AB2
:10F81000F0EE619A0B9820F000449FED4BABB4F1F1
:10F82000795F11DA9DED0A0B51EC100B00F062FCD0
:10F83000002801BFB0EE4A0AF0EE6A0A02B0BDEC41
:10F84000088B04BF04B010BD9DED0A0B53EC102BC8
:10F8500051EC100B00F020FD41EC180B3C48062148
:10F86000B0EE480AF0EE680A784400F081F853ECF4
:10F87000182B51EC100B00F00FFD9DED0A0B41EC25
:10F880001B0B53EC192B51EC100B00F005FD41EC58
:10F89000190B53EC1B2B51EC180B00F0FDFC53EC37
:10F8A000192B00F003FE9FED2C0B41EC190B53ECD0
:10F8B000102B51EC180B00F0EFFC41EC100B28481A
:10F8C000844210DA53EC192B51EC100B00F0EEFDD2
:10F8D00053EC1A2B00F0DEFD41EC100B02B0BDEC36
:10F8E000088B04B010BD1F48A042BCBF9FED1E1B7B
:10F8F0008DED001B06DBA4F50010019000200090A8
:10F900009DED001B51EC100B53EC112B00F0CEFDC4
:10F910009DED000B41EC180B53EC102B51EC1A0B26
:10F9200000F0C4FD41EC1A0B53EC192B51EC180BF1
:10F9300000F0BCFD53EC1A2B00F0ACFD41EC100BB9
:10F94000CCE7000000000000000000000000F03FD5
:10F95000940E000000000000000000000000E03FE6
:10F960003333D33F0000E93F000000000000D23FE6
:10F9700070B504462DED028B4D1E00EBC500B0EEB8
:10F98000408AF0EE608A90ED000B35F0060017D04B
:10F9900053EC182B51EC100B00F07EFC41EC100BDB
:10F9A0006D1E04EBC50090ED001B51EC100B53ECE9
:10F9B000112B00F053F941EC100B35F00600E7D1A4
:10F9C000022D36D0042D1CD0062D1CBFBDEC028BA1
:10F9D00070BD53EC182B51EC100B00F05DFC94ED56
:10F9E0000A1B53EC112B00F039F953EC182B00F0E3
:10F9F00053FC94ED081B53EC112B00F02FF941EC54
:10FA0000100B53EC182B51EC100B00F045FC94ED4F
:10FA1000061B53EC112B00F021F953EC182B00F0CE
:10FA20003BFC94ED040B53EC102B00F017F941EC68
:10FA3000100B53EC182B51EC100B00F02DFC94ED37
:10FA4000021B53EC112B00F009F953EC182B00F0BA
:10FA500023FC94ED001B53EC112B00F0FFF8BDECE0
:10FA6000028B41EC100B70BD31B504462DED040B3B
:10FA70002DED0A8BB0EE41BAF0EE61BA0B989DED18
:10FA80000A0B20F00040B0F1795F0DDA51EC100B59
:10FA9000FFF7BAFB042808BF00F09AF89DED0A0BA7
:10FAA000BDEC0A8B05B030BD53EC102B51EC100BA4
:10FAB00000F0F2FB41EC180B9DED0A0B53EC182BF8
:10FAC00051EC100B00F0E8FB41EC190B2C48B0EEA8
:10FAD000480AF0EE680A05217844FFF749FF9FEDD8
:10FAE0002ACBB0EE40AAF0EE60AA9CB353EC1C2BDC
:10FAF00051EC190B00F0D0FB41EC1C0B53EC1A2B12
:10FB000051EC190B00F0C8FB9FED210B41EC190BD8
:10FB100053EC102B51EC1B0B00F0BEFB53EC192BDC
:10FB200000F0C4FC53EC182B00F0B6FB53EC1B2B7D
:10FB300000F0BCFC53EC1C2B00F0B8FC9DED0A1B44
:10FB400053EC112B00F0A6FCBDEC0A8B05B041EC88
:10FB5000100B30BDFFE753EC1A2B51EC180B00F0E3
:10FB60009BFB53EC1C2B00F079F853EC192B00F0A5
:10FB700093FB9DED0A1B53EC112B00F06FF8E3E7AC
:10FB8000240D000000000000495555555555C5BFCE
:10FB9000000000000000E03F10B553EC102B51ECCA
:10FBA000100B00F05BF841EC100B10BD00000000E2
:10FBB0009FED050B10B553EC102B51EC100B00F022
:10FBC00001F941EC100B10BD000000000000000026
:10FBD0009FED050B10B553EC102B51EC100B00F002
:10FBE0005BFB41EC100B10BD00000000000000109A
:10FBF00030380A2801D2012070470020704782B0B7
:10FC0000CDE9000121F0004001909DED000B02B014
:10FC100051EC100B7047000010B500290AD008788D
:10FC2000002807D005487844F1F70EF8002801D0E5
:10FC3000002010BD0248784410BD00003A5000007A
:10FC40003250000081F00041704780F00040704762
:10FC500021F00041704720F00040704710B591EA54
:10FC6000030F48BF83F0004300F12884841A71EB2E
:10FC7000030C05D2121943EB0C03001B61EB0C01C2
:10FC80004FEA1154A4EB135CDFF81CE11EEA430FAA
:10FC900018BF9EEA445F00F0748021EA045123EA11
:10FCA0000E0343F48013DCF1200E32D322FA0CFE53
:10FCB00010EB0E0023FA0CFE41EB0E01CCF1200EEE
:10FCC00003FA0EFE10EB0E00CCF1200E51F10001F4
:10FCD000B1F5801F32D201EB045112FA0EF2BDE8E9
:10FCE000104058BF7047401C38BF5FEA420218BF3F
:10FCF0007047002814BF20F0010041F100014FEAD5
:10FD0000410313F5001F38BF7047A1F1C04100F057
:10FD1000BBBB012A43EB0302ACF1200CDCF11F0E4C
:10FD200032BF4FF0000E23FA0CF310EB030041EB4F
:10FD30000451B4EB115FD0D0A1EB045101F5801157
:10FD4000490801EB04515FEA30000ED350F1000086
:10FD500038BF12FA0EFE08D1BDE81040C9E7401CBA
:10FD600038BF5FEA4202CAD1C3E7BDE810404FEA9C
:10FD7000410313F5001F38BF7047A1F1C04100F0E7
:10FD800083BB9EEA445F08D011EA5E0FBDE81040D5
:10FD900004BF01F0004100207047BDE8104070B57D
:10FDA00000F024FB64FBBE3E0000E0FF491058BF9A
:10FDB000C1F140415B1058BFC3F140438B42EFF3A8
:10FDC000008070472DE9C04130B4DFF8A8C23CEA9A
:10FDD000111418BF3CEA131400F0F0801CEA11144F
:10FDE00081EA030544EAD57418BF1CEA131500F034
:10FDF000CB80A4EB050404F17F7404F500344FF0CC
:10FE0000004545EAC12145EAC32341EA505143EA8E
:10FE100052534FEAC0204FEAC222994208BF904293
:10FE200000F0A0804FEA13650FF24816765D4FEAA6
:10FE3000134506FB05F7C7F1807706FB07F74FEA86
:10FE4000D737A7FB03687642A7FB06CEC8F58038F4
:10FE500038BFA8F1010807FB08E6A6FB028C4FF0AB
:10FE6000000EE6FB03CED8F100086FEA0C0C5CF143
:10FE7000000C6FEA0E0E4EF1004EA6FB0C584FF030
:10FE80000007E6FB0E87A1FB08C6A0FB07CE16EB1A
:10FE90000E064FF0000545F10005E1FB076515F181
:10FEA000E04E7EBFA4F580345FEA46066D4116F150
:10FEB000800745F100054FEA172747EA05674FEA33
:10FEC00015254FEA0666A6F1DE46B6F1805F20D919
:10FED000384605EBC47124F0010C01EB0C11BCF1A8
:10FEE000FE6F02D8F0BCBDE8008124425CBF01F582
:10FEF000801E9EEAC47F02D4F0BCBDE8008124428B
:10FF000000F13980A1F1C041F0BCBDE8004100F032
:10FF1000BBBA4FEAD02040EA41504FEAD1214FEA24
:10FF2000D22242EA43524FEAD323A7FB028607FBC1
:10FF3000036605FB02661EEA0E0F58BFA6EB0056CD
:10FF4000B6EB00564FEA520E4EEAC37E18EB0E0E89
:10FF500056EB530EBCD518EB02085E417F1C55F1E1
:10FF60000005B5E74FF480154FF000074FF000068D
:10FF70004FF00008ACE701F1C04101F000414FF043
:10FF80000000F0BCBDE800810CEA131511EA0C1F5B
:10FF900000D00CE013EA0C1F00F025804FF00000A9
:10FFA00081EA030101F00041F0BCBDE80081F0BC32
:10FFB000BDE8004181EA030100F066BAF0BCBDE88B
:10FFC000004170B500F012FA097EFC3E00F007B85F
:10FFD0004FF0000081EA030101F00041704781EA1F
:10FFE000030100F051BAF0BCBDE8004122494FF0D6
:10FFF00000007047FFFDFBF9F7F5F4F2F0EEEDEBD2
:020000040801F1
:10000000E9E8E6E4E3E1E0DEDDDBDAD8D7D5D4D316
:10001000D1D0CFCDCCCBCAC8C7C6C5C4C2C1C0BF62
:10002000BEBDBCBBBAB9B8B7B6B5B4B3B2B1B0AF68
:10003000AEADACABAAA9A8A8A7A6A5A4A3A3A2A14C
:10004000A09F9F9E9D9C9C9B9A9999989797969507
:1000500095949393929191908F8F8E8E8D8C8C8BA3
:100060008B8A89898888878786858584848383822B
:10007000828181800000FF070000F87F51EA030CB5
:1000800017D41CF5801F58BFBCF5801F00F10680F7
:10009000994218BF704708BF9042704707D711F5C3
:1000A000801F58BF13F5801F19D4994270478942A9
:1000B00070471CF5801F08D5BCF5801FF7D58B4213
:1000C00018BF704708BF824270474FF4001C1CEBFA
:1000D000410F38BF1CEB430F01D28B42704770B504
:1000E00000F084F9922449004FF000514FF0805302
:1000F000FFF75CBE4FEA41034FEA5353A3F5806319
:10010000D3F11E03C8BFD3F1210C0CDD4FF0004228
:1001100042EAC12242EA505232FA03FC8CEAE17C04
:10012000ACEBE1707047102BC4BF0020704703F5A3
:10013000787CBCF1FF3F04D06FF0004282EA2100DE
:10014000704770B500F052F9499224800020704742
:10015000F2E710F0004248BF4042B0FA80F310FAD4
:1001600003F10AD0C3F11D0303F5806302EB0352D0
:100170004FEA415002EBD12170474FF00000704729
:10018000B0FA80F310FA03F10AD0C3F11D0303F5AE
:1001900080634FEA03524FEA415002EBD12170478E
:1001A0004FF000007047000051EA030C17D41CF513
:1001B000801F58BFBCF5801F00F10680994218BF10
:1001C000704708BF9042704707D711F5801F58BF8E
:1001D00013F5801F19D499427047894270471CF566
:1001E000801F08D5BCF5801FF7D58B4218BF70471C
:1001F00008BF824270474FF4001C1CEB410F38BF10
:100200001CEB430F01D28B42704770B500F0EEF843
:10021000922449004FF080514FF00053FFF7C6BDC4
:1002200051EA030C17D41CF5801F58BFBCF5801F82
:1002300000F10680994218BF704708BF904270478E
:1002400007D711F5801F58BF13F5801F19D49942A5
:100250007047894270471CF5801F08D5BCF5801F88
:10026000F7D58B4218BF704708BF824270474FF4E2
:10027000001C1CEB410F38BF1CEB430F01D28B421B
:10028000704770B500F0B2F8922449004FF0005169
:100290004FF08053FFF78ABD70B5DFF848C11CEA04
:1002A000111E1EBF1CEA13159EEA0C0F95EA0C0FD7
:1002B00000F06F8081EA03044EEAD47EAE4421EA66
:1002C0004C1123EA4C1341F4801143F48013AEF136
:1002D0007F7EA1FB024CA0FB0365361955EB0C0594
:1002E000A1FB034C4CF10003A0FB021C16EB0C0617
:1002F000654153F10003094218BF46F0010613F4AB
:10030000007F0BD14FEA03314FEA053041EA155126
:1003100040EA165034036FF003020AE04FEAC321AB
:100320004FEAC52041EA555140EA5650F4026FF0B9
:10033000020202EB2E4201EB025585EACE710AD091
:100340005FEA440C18BF24F0004450F1000041F172
:10035000000120EAD47040F2FE7C624500D270BDFC
:10036000A84214BF4FF080444FF04044002E08BF15
:100370000024BEF1806FA8BFA1F1C041BDE870406C
:1003800080F2828001F1C04101F000414FF0000095
:1003900070470CEA13159EEA0C0F18BF95EA0C0F74
:1003A00006D081EA030E4FF000000EF0004170BD50
:1003B00000F01CF88900013E00F007B800F009B811
:1003C0004FEA430C5FEA5C5C08D081EA030100F06D
:1003D0005BB84FEA410C5FEA5C5CF6D102494FF032
:1003E000000070470000FF070000F87F0EF1020ECA
:1003F0002EF0030E5EF8046B364205D4012A43EB5F
:10040000030515F5001F12D8012841EB010C1CF55E
:10041000001F0CD80ED14FEAD17C0CEB4C0C0CF128
:10042000020C15F5001F08BF4CEBD37C04E04FF025
:10043000080C01E04FEAD37C0CEB4C0526FA05F6DC
:1004400006F00706B6F1040C06D20EEB860CBDE8EA
:1004500070404CF0010C6047DFE80CF0090B020221
:100460004FF00041A1F500214FF0000070BD19468A
:100470001046012851EB010418BFD4F5001484BFC5
:10048000002001F0004170BD0808A0F500114FEAFE
:100490003101704710B591EA030F81F000413FF53B
:1004A000E5AB83F0004300F009B8000010B591EA15
:1004B000030F48BF83F000433FF5D8AB841A71EBBC
:1004C000030C07D28CF0004C121943EB0C03001BF9
:1004D00061EB0C014FEA1154A4EB135CDFF8A4E1CB
:1004E0001EEA430F18BF9EEA445F00F0B48021EA81
:1004F000045123EA6E035242C3EB6E0338BF5B1E06
:10050000DCF1200E25D322FA0CFE10EB0E0043FA8C
:100510000CFE41EB0E01CCF1200E03FA0EFE10EBA7
:100520000E00CCF1200E51F1000129D401EB045151
:1005300012FA0EF2BDE8104058BF7047401C1CBFB5
:10054000B2F1004F704700280CBF491C20F0010099
:10055000704712EB020E43EB030218BF4FF0010E7F
:100560004EEA4202ACF1200CDCF11E0E56D943FAE1
:100570000CFE10EB0E00CCF11E0E51F1FF31D5D563
:100580000EF1010E12FA0EFE404141EB010101EBAA
:10059000445C5FEA5C5C10D901EB045110EBDE7047
:1005A00038BFBEF1004FBDE8104018BF70470028AB
:1005B0000CBF491C20F00100704734D24FEAD42C04
:1005C00024F4006411F500111BD0B1FA81F20B3A4A
:1005D000A41AA41ED2F12003914030FA03F3194368
:1005E000904001EBCC7101EB0451002CBDE81040B0
:1005F000A8BF704701F1C04101F000414FF0000079
:100600007047B0FA80F310FA03F102D1BDE8104050
:100610007047E41A173C4805C90AE2E701EB0451A8
:10062000BDE81040704749104FEA300001EB04511B
:10063000BDE8104002E04FF0000170474A0008BFDB
:100640000042F8D0B2F5001F28BF704701F000410A
:100650004FF0000070479EEA445F07D011EA5E0F3A
:10066000BDE8104004BF002100207047BDE81040E5
:1006700070B5FFF7BBFE00BF40DFF63E104683F0CB
:10068000004170470000E0FF10B5FFF7F7FC0CBF1A
:100690000120002010BD10B5FFF7F0FC14BF0120B1
:1006A000002010BD10B5FFF77FFD8CBF012000209A
:1006B00010BD10B5FFF778FD2CBF0120002010BD44
:1006C00010B5FFF7ADFD94BF0120002010BD10B59F
:1006D000FFF7A6FD34BF0120002010BDF1EE100A87
:1006E0004FF6FF71C0F2C03120EA010040F04070C7
:1006F000E1EE100A7047F0F720B80000000000009B
:100700004C5555555555A53F7751C1166CC156BF2F
:100710009015CB19A001FA3EAD529C804F7E92BE3F
:10072000C4B1B4BD9EEE213ED43888BEE9FAA8BD5E
:1007300000004054FB21F93F3163621A61B4D03D9F
:100740000000601A61B4D03D7370032E8A19A33B78
:100750000000002E8A19A33BC14920259A837B39CA
:1007600000000000000000006E83F9A22915444E2D
:10077000D15727FCC0DD34F5999562DB4190433CAD
:10078000AB6351FE61C5BBDE3A6E24B7E0D24D4289
:10079000EA2E49061C92D1091CEB1DFE3EA729B189
:1007A000F53582E88444BB2E26709CE9417E5FB417
:1007B00039D69139F43953838B5F849C3B28F9BD3A
:1007C000FF97F81F0F9805DE8B112FEF1F6D0A5A48
:1007D000CF7E366DB709CB27663F464F2DEA5F9E29
:1007E000C7BA27757BF1E5EBF739073DEA92528AE4
:1007F000B15FFB6B085D8D1F4630035600000000A3
:10080000A6F810111111813FD561C119A0012ABFAD
:100810007DFEB157E31DC73EEB9C2B8AE6E55ABE31
:100820007CD5CF5A3AD9E53D02400000000000A037
:100830000000000005400000000000C800000000AB
:100840000C4000000000409C000000001940000027
:100850000020BCBE0000000034400000BFC91B8E59
:1008600000000004B5400000504BCFD06607E2CF37
:10087000010000006C4100003E8251AADFEEA73467
:1008800001000000D9420000DCB5A0E23A301F9719
:10089000FFFFFFFFB4450000FD25A0C8E9A3C14F3D
:1008A000FFFFFFFFFF3F000000000080000000008E
:1008B000FF3F00000000008000000000000000007A
:1008C000000000000102030406070809FFFFFFBE45
:1008D000BEBEFFBE3CB4780000FF0000B400BEBE48
:1008E000FF6E6EC8F8E8009A9A0000FFFF00A0A013
:1008F000FFB4FFA064A0FFFFFFD2D2D2FFBE3CD264
:10090000A00000FF0000D200BEBEFF7878DCF5F545
:1009100000BEBE0000FFFF00BEBEFFB4FFBE64BE4F
:100920000C1820A2241200000000000000000000AB
:1009300000000000000000000000000000000000B7
:1009400000000000000000000000000000000000A7
:100950000600600600600600600600600600600099
:10096000000006006006000000000000000000001B
:10097000001981981981980900000000000000000A
:100980000000000000000000000000000000000067
:1009900000000000000000001981981981987FE193
:1009A000981981981981987FE19819819819800088
:1009B0000000000000000000000000600601F836A2
:1009C000C6666606603601F806C06606666636C10B
:1009D000F8060060000000000000000000000000B9
:1009E00000038C6CC6D86D83B00300600600C00D98
:1009F000C1B61B633631C0000000000000000000DB
:100A0000000000000E01B03183183181B00E01E604
:100A100033661C60C60C61C3361E60000000000017
:100A200000000000000600600600600600000000F4
:100A300000000000000000000000000000000000B6
:100A400000000000000000000000C0180300300695
:100A50000060060060060060060060060060060098
:100A60003003001800C000000000000000300180CA
:100A70000C00C0060060060060060060060060060C
:100A800000600600C00C0180300000000000000083
:100A90000000000000000000060C3181B00E0FFEC7
:100AA0000E01B031860C00000000000000000000C4
:100AB00000000000000000000000000000600600D0
:100AC000600607FE060060060060000000000000EF
:100AD0000000000000000000000000000000000016
:100AE0000000000000000000000000000000060000
:100AF000600600200200400000000000000000002E
:100B00000000000000000000000007FE00000000E0
:100B100000000000000000000000000000000000D5
:100B200000000000000000000000000000000000C5
:100B30000000000000000600600600000000000049
:100B4000000000000000000600600C00C0180180DA
:100B5000300300600600C00C01801803003006005E
:100B60006000000000000000000000001F830C6017
:100B7000660660E61E6366666C678670660660637E
:100B80000C1F8000000000000000000000000000BA
:100B90000600E01E036006006006006006006006B6
:100BA00000600600603FC000000000000000000080
:100BB000000000001F830C60660660600600C0181D
:100BC0000300600C01803006007FE00000000000A0
:100BD00000000000000000001F830C606006006041
:100BE0000600C0F800C00600600660630C1F8000AD
:100BF00000000000000000000000000000600E0186
:100C0000E0360660C61863066066066067FE006030
:100C1000060060000000000000000000000000006E
:100C20007FE6006006006006007F800C0060060022
:100C3000600660630C1F80000000000000000000E0
:100C4000000000001FC3006006006006007F860CE5
:100C500060660660660660630C1F8000000000008E
:100C600000000000000000007FE60660600600C093
:100C70000C018018030030060060060060060000CA
:100C80000000000000000000000000001F830C6056
:100C9000660660660630C1F830C6066066066063A8
:100CA0000C1F800000000000000000000000000099
:100CB0001F830C6066066066066063061FE0060020
:100CC000600600600C3F8000000000000000000093
:100CD00000000000000000000000060060060000A8
:100CE0000000000000000600600600000000000098
:100CF00000000000000000000000000000000600EE
:100D000060060000000000000000060060060020F1
:100D100002004000000000000000000000600C0124
:100D200080300600C01803001800C00600300180A3
:100D30000C00600000000000000000000000000047
:100D40000000000000000007FE0000000000007F1F
:100D5000E0000000000000000000000000000000B3
:100D6000000000006003001800C006003001800C85
:100D70000180300600C01803006000000000000081
:100D800000000000000000001F830C606606606029
:100D90000C018030060060000000060060060000C4
:100DA0000000000000000000000000001F830C6035
:100DB000660663E66666666666666666663A60034B
:100DC000001FE00000000000000000000000000024
:100DD0001F830C6066066066066066067FE6066036
:100DE000660660660660600000000000000000000B
:100DF000000000007F860C60660660660C7F860C33
:100E000060660660660660660C7F80000000000079
:100E100000000000000000001F830C6066066006F2
:100E20000060060060060060060660630C1F80001C
:100E30000000000000000000000000007F860C6041
:100E40006606606606606606606606606606606640
:100E50000C7F800000000000000000000000000087
:100E60007FE6006006006006006007F8600600602C
:100E700006006006007FE0000000000000000000A7
:100E8000000000007FE6006006006006006007F8D2
:100E900060060060060060060060000000000000C0
:100EA00000000000000000001F830C606606600662
:100EB0000060063E60660660660660630C1F800088
:100EC00000000000000000000000000060660660F6
:100ED00066066066066067FE6066066066066066B7
:100EE000066060000000000000000000000000003C
:100EF0001F80600600600600600600600600600655
:100F000000600600601F800000000000000000007C
:100F10000000000003F00C00C00C00C00C00C00C6E
:100F200000C00C60C60C60C3181F00000000000069
:100F3000000000000000000060660C61863066065C
:100F4000C07807007806C066063061860C606000D5
:100F500000000000000000000000000060060060CB
:100F6000060060060060060060060060060060067D
:100F7000007FE00000000000000000000000000012
:100F8000802C06E0EF1EDB6CE6C46C06C06C06C06D
:100F90006C06C06C06C0600000000000000000008D
:100FA000000000006066066066067067866C666614
:100FB00063661E60E6066066066060000000000072
:100FC00000000000000000001F830C6066066066E1
:100FD0000660660660660660660660630C1F800039
:100FE0000000000000000000000000007F860C6090
:100FF000660660660660C7F8600600600600600668
:101000000060000000000000000000000000000080
:101010001F830C6066066066066066066066066092
:10102000660666633C1F800C006000000000000044
:10103000000000007F860C60660660660660C7F8E8
:101040007806C066063061860C6060000000000013
:1010500000000000000000001F830C6066006006B6
:10106000003001F800C00600600660630C1F8000BD
:101070000000000000000000000000007FE06006AB
:101080000060060060060060060060060060060062
:1010900060060000000000000000000000000000EA
:1010A00060660660660660660660660660660660E4
:1010B000660660630C1F8000000000000000000056
:1010C0000000000060660660660630C30C30C30C8A
:1010D0001981981980F00F006006000000000000E0
:1010E0000000000000000000C06C06C06C06C06C70
:1010F00006C06C06C46CE6DB6F1EE0EC06802000C8
:1011000000000000000000000000000060660630E3
:10111000C30C1981980F00600F019819830C30C619
:1011200006606000000000000000000000000000F9
:1011300060660630C30C1981980F00F00600600647
:1011400000600600600600000000000000000000D3
:10115000000000007FE00600600600C01803006089
:101160000C01803006006006007FE00000000000F7
:10117000000000000007C060060060060060060076
:101180006006006006006006006006006006006001
:1011900007C00000000000000000060060030030EF
:1011A00001801800C00C00600600300300180180A8
:1011B0000C00C0060060000000000000003E00605F
:1011C000060060060060060060060060060060061B
:1011D00000600600600600603E00000000000000A5
:1011E000000600F019830C606000000000000000A1
:1011F00000000000000000000000000000000000EF
:1012000000000000000000000000000000000000DE
:1012100000000000000000000000000000000000CE
:101220007FE0000000000000001800C00600300150
:10123000800000000000000000000000000000002E
:10124000000000000000000000000000000000009E
:101250000000000000003F800C0060061FE30660F5
:1012600066066063061FE00000000000000000004A
:10127000000000006006006006007F860C606606C5
:1012800060660660660660660C7F800000000000F5
:1012900000000000000000000000000000001F83AC
:1012A0000C60660060060060060060630C1F800032
:1012B00000000000000000000000000000600600C8
:1012C00060061FE306606606606606606606606389
:1012D000061FE00000000000000000000000000009
:1012E0000000000000001F830C6066066067FE605F
:1012F00006006003061FC0000000000000000000A0
:101300000000000003E0600600603FC0600600606F
:101310000600600600600600600600000000000095
:1013200000000000000000000000000000001FE3BB
:10133000066066066066066066066063061FE00675
:1013400000600600C3F800000000000060060060B6
:1013500006007F860C60660660660660660660664C
:1013600006606000000000000000000000000000B7
:101370000600600600001E006006006006006006B1
:1013800000600600601F80000000000000000000F8
:101390000000000000C00C00C00003C00C00C00C26
:1013A00000C00C00C00C00C00C00C00C30C30C19F5
:1013B00080F00000000000003003003003003063C4
:1013C0000C3183303603C036033031830C3060007B
:1013D0000000000000000000000000001E00600689
:1013E00000600600600600600600600600600600FF
:1013F000601F8000000000000000000000000000EE
:101400000000000000007F866C66666666666666A1
:101410006666666666666000000000000000000008
:10142000000000000000000000007F860C606606DF
:101430006066066066066066066060000000000088
:1014400000000000000000000000000000001F83FA
:101450000C60660660660660660660630C1F8000AE
:10146000000000000000000000000000000000007C
:1014700000007F860C606606606606606606606631
:101480000C7F86006006006006000000000000007F
:101490000000000000001FE306606606606606604C
:1014A00066066063061FE006006006006006000036
:1014B0000000000000000000000067E6C0780700A0
:1014C000600600600600600600600000000000008A
:1014D00000000000000000000000000000003FC607
:1014E000066006006003FC0060060066063FC00060
:1014F0000000000000000000000000000C00C00C14
:1015000000C07F80C00C00C00C00C00C00C00C00EC
:10151000C007C00000000000000000000000000044
:1015200000000000000060660660660660660660F7
:1015300066066063061FE000000000000000000077
:101540000000000000000000000060660660630C00
:1015500030C1981980F00F00600600000000000004
:1015600000000000000000000000000000006066B5
:10157000066066066666666666666666663FC00004
:10158000000000000000000000000000000000005B
:10159000000060660630C1980F00600F019830C6E9
:1015A0000660600000000000000000000000000075
:1015B0000000000000006066066066066066066067
:1015C00066066063061FE00600600600C3F80000C0
:1015D000000000000000000000007FE00600C018CE
:1015E0000300600C01803006007FE0000000000076
:1015F000000000000001C030060060060060060028
:10160000600C01800C00600600600600600600307F
:1016100001C0000000000000000600600600600637
:1016200000600600600600600600600600600600BC
:10163000600600600600000000000000003800C0E6
:1016400006006006006006006003001803006006E4
:1016500000600600600600C03800000000000000C6
:10166000000000000000000000000000003C666672
:1016700066663C0000000000000000000000000062
:1016800000000000000000001F830C60660660661A
:10169000066066067FE606606606606606606000B5
:1016A0000000000000000000000000007FC6006095
:1016B00006006006007F860C60660660660660664F
:1016C0000C7F80000000000000000000000000000F
:1016D0007F860C60660660660C7F860C606606601E
:1016E000660660660C7F80000000000000000000BD
:1016F000000000007FE60060060060060060060053
:101700006006006006006006006000000000000047
:1017100000000000000000000FC18C30C30C30C37B
:101720000C30C30C30C30C30C30C30C30C7FE60646
:101730006066060000000000000000007FE6006018
:1017400006006006006007F860060060060060069C
:10175000007FE0000000000000000000000000002A
:1017600066666666666666636C1F80F01F836C66DD
:1017700066666666666660000000000000000000A5
:10178000000000001F830C60600600600600C0F8C7
:1017900000C00600600660630C1F800000000000AF
:1017A000000000000000000060660660660660E65B
:1017B0001E6366666C67867066066066066060001B
:1017C00000000000000030C30C1F8000606606604F
:1017D000660660E61E6366666C678670660660660F
:1017E0000660600000000000000000000000000033
:1017F00060660C6186306606C07807007806C066B1
:10180000063061860C6060000000000000000000EF
:10181000000000000FE18630630630630630630687
:10182000306306306306306606C0600000000000CA
:101830000000000000000000802C06E0EF1EDB6CC2
:10184000E6C46C06C06C06C06C06C06C06C06000C6
:10185000000000000000000000000000606606605C
:1018600066066066066067FE60660660660660661D
:1018700006606000000000000000000000000000A2
:101880001F830C606606606606606606606606601A
:10189000660660630C1F800000000000000000006E
:1018A000000000007FE60660660660660660660669
:1018B0006066066066066066066060000000000004
:1018C00000000000000000007F860C606606606675
:1018D0000660C7F860060060060060060060000051
:1018E0000000000000000000000000001F830C60EA
:1018F000660660060060060060060060060660631B
:101900000C1F80000000000000000000000000002C
:101910007FE060060060060060060060060060066A
:1019200000600600600600000000000000000000EB
:10193000000000006066066066066066066063067A
:101940001FE00600600600600C3F80000000000001
:1019500000000000000000601F836C66666666661B
:101960006666666666666666666666636C1F806047
:10197000000000000000000000000000606606306B
:10198000C30C1981980F00600F019819830C30C6A1
:101990000660600000000000000000000000000081
:1019A00060660660660660660660660660660660DB
:1019B00066066063061FF0030030030000000000AD
:1019C000000000006066066066066066063061FE24
:1019D0000060060060060060060060000000000075
:1019E00000000000000000006666666666666666C7
:1019F000666666666666666666666663661FE000BD
:101A0000000000000000000000000000666666663E
:101A10006666666666666666666666666666666369
:101A2000661FF0030030030000000000000000000B
:101A3000E00E006006006007F860C606606606609B
:101A4000660660660C7F8000000000000000000059
:101A500000000000C06C06C06C06C06FC6C66C36C5
:101A6000C36C36C36C36C36C66FC600000000000BB
:101A70000000000000000000600600600600600733
:101A8000F860C60660660660660660660C7F8000C9
:101A90000000000000000000000000001F830C6038
:101AA00060060060060060FE00600600600660637D
:101AB0000C1F80000000000000000000000000007B
:101AC000C7CCC6CC6CC6CC6CC6CC6FC6CC6CC6CCF6
:101AD0006CC6CC6CC6C7C00000000000000000004F
:101AE000000000001FE3066066066066063061FEC7
:101AF00001E0360660C61863066060000000000062
:101B000000000000000000000000000000003F8016
:101B10000C0060061FE30660660660630E1F60002F
:101B20000000000000000000000000001FC3006073
:101B300006003001F830C60660660660660660631F
:101B40000C1F8000000000000000000000000000EA
:101B50003F061860C60C60C6187F860C606606607B
:101B6000660660660C3F8000000000000000000078
:101B7000000000000000000000003FC006006006FA
:101B80000063FC6006006006003FC000000000002B
:101B900000000000000000003F800C0060061FE312
:101BA0000E60660660660660660660630C1F800055
:101BB0000000000000000000000000000000000025
:101BC00000001F830C6066066067FE60060060030D
:101BD000061FC00000000000000000000000000020
:101BE00000000000000066666666636C1F80F01FE0
:101BF000836C6666666660000000000000000000FE
:101C0000000000000000000000003FC60600600663
:101C10000060FC0060060066063FC0000000000097
:101C200000000000000000000000000000006066EE
:101C3000066066066066066066066063061FE00072
:101C400000000000000000000000000030C30C1F76
:101C50008000606606606606606606606606606311
:101C6000061FE0000000000000000000000000006F
:101C700000000000000030630C3183303603C036B2
:101C8000033031830C3060000000000000000000D1
:101C9000000000000000000000000FE18630630635
:101CA00030630630630630630660600000000000A9
:101CB00000000000000000000000000000004026BE
:101CC0000670E79E6F666660660660660660600086
:101CD0000000000000000000000000000000000004
:101CE00000006066066066066067FE606606606605
:101CF000066060000000000000000000000000001E
:101D00000000000000001F830C606606606606602D
:101D1000660660630C1F80000000000000000000E9
:101D2000000000000000000000007FE6066066067C
:101D3000606606606606606606606000000000007F
:101D400000000000000000000000000000007F868E
:101D50000C60660660660660660660660C7F86003C
:101D600060060060060000000000000000000000A7
:101D700000001F830C606600600600600600606360
:101D80000C1F8000000000000000000000000000A8
:101D90000000000000007FE06006006006006006B2
:101DA0000060060060060000000000000000000067
:101DB000000000000000000000006066066066068B
:101DC0006066066066066063061FE0060060060047
:101DD000C3F80000000000000000000600601F8340
:101DE0006C66666666666666666666636C1F8060BD
:101DF00006000000000000000000000000000000DD
:101E0000000060660630C1980F00600F019830C670
:101E100006606000000000000000000000000000FC
:101E200000000000000060660660660660660660EE
:101E300066066063061FF003003003000000000028
:101E400000000000000000000000606606606606FA
:101E50003061FE00600600600600600000000000C7
:101E600000000000000000000000000000006666A6
:101E7000666666666666666666666663661FE00038
:101E80000000000000000000000000000000000052
:101E900000006666666666666666666666666663B1
:101EA000661FF00300300300000000000000000087
:101EB0000000000000007007003003F830C3063057
:101EC000630630630C3F800000000000000000004B
:101ED000000000000000000000006066066067C6A9
:101EE0006666366366366366667C600000000000E6
:101EF000000000000000000000000000000060067C
:101F0000006007F061860C60C60C60C6187F000098
:101F100000000000000000000000000000000000C1
:101F200000001F830C6060060060FE0060066063B6
:101F30000C1F8000000000000000000000000000F6
:101F4000000000000000C7CCC6CC6CC6CC6FC6CC6D
:101F50006CC6CC6CC6C7C0000000000000000000CA
:101F6000000000000000000000003FE6066066067A
:101F70006063FE0360660C61863060000000000054
:101F800000001981981980007FE600600600600655
:101F9000006007F86006006006006006007FE00051
:101FA00000000000000000000000000019819819E6
:101FB00080001F830C6066066067FE600600600399
:101FC000061FC0000000000000000000000000002C
:101FD00061C63663663661C60070073E7BE6B06F49
:101FE00006706706306300000000000000000D2648
:101FF00030043E25F807C03E03F01F81FC0FE0FFD0
:102000000FF87FC7FE3FF3EF9F7DF3FF9FF8FFC7F9
:10201000FC3FE1FF8FFE7FF3EFDF3FF9FFC7FE1FBD
:10202000F0FF83FC0FE07F01F807C03E01F00F8056
:102030007C007C07C03E01E00E00700307987C83A3
:10204000C43E01E01F01F00F80F807C07C03E01FD1
:1020500000FC03E01F807E01F007C43E30F983EEF0
:102060001F787FC1FF0FFC3FE0DF867E13F00FC0BB
:1020700001F807C03E00F003801CF067C31E08F89B
:1020800043C01F007C03E00F807C01F00F807C07C1
:10209000E03E03E03F01F01F00F84F86F837C3FC35
:1020A0003FC1FE1FE1FE0FB0FD0FF07F87FCFFFF79
:1020B000FFFFFF01FC0FE07F83FE1FF0FFC7FE3E26
:1020C000F9F7CF9F7CFFE3FF1FF87FC3FE3FF3FFCD
:1020D0009FFDFBFF9FF8FFC7FC3FC1FE0FE07E03A3
:1020E000F01F00F807C03FFFFFFFFFFC0E1C20A2FF
:1020F000311500000000000000000000000000009A
:1021000000000000000000000000000000000000CF
:1021100000000000000000000000000000000000BF
:102120000000000000000000000006001800600130
:102130008006001800600180060018006001800021
:102140000000006001800600180000000000000090
:1021500000000000000000018C063018C063018CF4
:102160000630000000000000000000000000000039
:10217000000000000000000000000000000000005F
:1021800000000000000000000000000018C0630113
:102190008C06307FF1FFC18C063018C063018C06BD
:1021A000307FF1FFC18C063018C0630000000000D2
:1021B000000000000000000000000000C003003F1D
:1021C00001FE0CCC3330CC03300CC01FC03F803339
:1021D00000CC0330CCC33307F80FC00C0030000034
:1021E00000000000000000000000000000003C3182
:1021F000F8C66619987EC0F30018006003000C0052
:102200006001800CF037E199866631F8C3C00000A8
:102210000000000000000000000000000000000FAF
:10222000007E030C0C3030C0E701F803C00E007CC8
:1022300063BB9C7C60E183860E1C7C3FB87C6000A5
:1022400000000000000000000000000000600180AD
:10225000060018006001800000000000000000007F
:10226000000000000000000000000000000000006E
:1022700000000000000000000000000000000C0052
:102280006003000C006001800600180060018006F9
:102290000018006001800600180060018003000C37
:1022A0000018003000000000000000000000018065
:1022B0000300060018003000C003000C003000C00E
:1022C00003000C003000C003000C003000C006000A
:1022D0001800C00600000000000000000000000020
:1022E0000000000000000000000038E07700F80166
:1022F000C07FF1FFC07003E01DC0E380000000005C
:1023000000000000000000000000000000000000CD
:1023100000000000000000000000C003000C0030BE
:1023200000C07FF9FFE03000C003000C0030000067
:10233000000000000000000000000000000000009D
:10234000000000000000000000000000000000008D
:10235000000000000000000000000000000060011C
:102360008006001800C00600000000000000000009
:10237000000000000000000000000000000000005D
:10238000000000007FF1FFC000000000000000001E
:10239000000000000000000000000000000000003D
:1023A000000000000000000000000000000000002D
:1023B000000000000000000000000000000000001D
:1023C000600180060018000000000000000000000E
:1023D000000000000000000C00300180060030000A
:1023E000C006001800C0030018006003000C006065
:1023F00001800C0030018006000000000000000099
:102400000000000000000000001FC0FF8603180C41
:10241000607183C61F18EC6731B8C7C31E0C7031DA
:1024200080C603180C3FE07F0000000000000000A1
:102430000000000000000000000003001C00F00786
:10244000C003000C003000C003000C003000C003CB
:10245000000C003000C01FE07F8000000000000082
:1024600000000000000000000000001FC0FF860305
:10247000180C603180C003001C00E007003801C068
:102480000E007003801C007FF1FFC0000000000000
:102490000000000000000000000000001FC0FF86D8
:1024A00003180C003000C003000C0FE03F80030055
:1024B0000C003000C603180C3FE07F000000000055
:1024C00000000000000000000000000000003001DB
:1024D000C00F007C03B01CC0E3070C3831C0C6033A
:1024E000180C7FF1FFC003000C003000C00000009A
:1024F00000000000000000000000000000007FF16C
:10250000FFC600180060018006001FF07FE000C0D9
:1025100003000C003000C603180C3FE07F000000F1
:102520000000000000000000000000000000001F8C
:10253000E0FF8600180060018006001FF07FE18048
:10254000C603180C603180C603180C3FE07F000002
:10255000000000000000000000000000000000007B
:102560007FF1FFC603180C6030018006003000C008
:1025700006001800C003000C003000C003000C006F
:10258000000000000000000000000000000000004B
:10259000001FC0FF8603180C603180C603180C3F73
:1025A000E0FF8603180C603180C603180C3FE07F03
:1025B000000000000000000000000000000000001B
:1025C00000001FC0FF8603180C603180C603180C82
:1025D0006030FFC1FF000C003000C003000C3FE082
:1025E000FF000000000000000000000000000000EC
:1025F0000000000000000000000000001800600162
:10260000800600000000000000000000600180065D
:1026100000180000000000000000000000000000A2
:102620000000000000000000000000000018006032
:102630000180060000000000000000000060018032
:1026400006001800C00600000000000000000000A6
:102650000000000000000001C00E007003801C009C
:10266000E007003801C0038007000E001C0038009E
:102670007000E001C0000000000000000000000049
:10268000000000000000000000000000000001FF4A
:10269000C7FF000000000000001FFC7FF0000000EA
:1026A000000000000000000000000000000000002A
:1026B000000000000000000001C0038007000E00C1
:1026C0001C0038007000E001C00E007003801C0088
:1026D000E007003801C0000000000000000000001A
:1026E00000000000000000001F80FF0606181860B0
:1026F0006181800C00600300180060018000000010
:1027000000600180060018000000000000000000CA
:102710000000000000000000001FC0FF8603180C2E
:10272000603187C63F19CC663198C66319CC63F116
:1027300087460018003FF07FC00000000000000046
:10274000000000000000000000001FC0FF8603180A
:102750000C603180C603180C6031FFC7FF180C6095
:102760003180C603180C603180C0000000000000FA
:1027700000000000000000000000007FC1FF860391
:10278000180C603180C6061FF07FC1818603180CCB
:10279000603180C603180C7FE1FF000000000000DC
:1027A0000000000000000000000000001FC0FF86C5
:1027B00003180C60318006001800600180060018C4
:1027C00000600180C603180C3FE07F00000000009D
:1027D000000000000000000000000000007F01FF7A
:1027E000060E1818603180C603180C603180C603CD
:1027F000180C603180C60618387FC1FC000000004C
:1028000000000000000000000000000000007FF158
:10281000FFC6001800600180060018007F81FE06D8
:10282000001800600180060018007FF1FFC0000062
:102830000000000000000000000000000000007F19
:10284000F1FFC6001800600180060018007F81FEBD
:10285000060018006001800600180060018000007A
:102860000000000000000000000000000000000068
:102870001FC0FF8603180C6031800600180063F14A
:102880008FC603180C603180C603180C3FE07F0030
:102890000000000000000000000000000000000038
:1028A00000603180C603180C603180C603180C7FAD
:1028B000F1FFC603180C603180C603180C6031802C
:1028C000C000000000000000000000000000000048
:1028D00000000FC03F003000C003000C003000C0FB
:1028E00003000C003000C003000C003000C00FC01B
:1028F0003F00000000000000000000000000000099
:1029000000000001F807E0060018006001800600E2
:102910001800600180060018606181860618183F63
:10292000C07E000000000000000000000000000069
:1029300000000000603181C60E187063819C06E0C3
:102940001F007801E007C01B8067018E061C183845
:10295000607180C000000000000000000000000066
:102960000000000000600180060018006001800681
:102970000018006001800600180060018006001841
:10298000007FF1FFC0000000000000000000000018
:1029900000000000000040098067039E1E7CF9BF14
:1029A000667998C66019806601980660198066018C
:1029B0009806601980600000000000000000000020
:1029C00000000000000000603180C603180C703168
:1029D000E0C7C31B8C67318EC61F183C607180C670
:1029E00003180C603180C0000000000000000000EF
:1029F00000000000000000001FC0FF8603180C60EC
:102A00003180C603180C603180C603180C60318019
:102A1000C603180C3FE07F0000000000000000002B
:102A20000000000000000000007FC1FF8603180CBA
:102A3000603180C603180C6031FF87FC180060010C
:102A40008006001800600180000000000000000007
:102A5000000000000000000000001FC0FF860318F7
:102A60000C603180C603180C603180C603180C60FE
:102A70003180C63B187C3FE07F8007000E000000DD
:102A800000000000000000000000007FC1FF86037E
:102A9000180C603180C603180C6031FF87FC1F00E2
:102AA0006E019C0638187060E181C00000000000D3
:102AB0000000000000000000000000001FC0FF86B2
:102AC00003180C600180060018003FC07F800300DF
:102AD0000C003000C603180C3FE07F00000000002F
:102AE000000000000000000000000000007FF9FF6F
:102AF000E03000C003000C003000C003000C0030C8
:102B000000C003000C003000C003000C00000000F7
:102B10000000000000000000000000000000603124
:102B200080C603180C603180C603180C603180C663
:102B300003180C603180C603180C3FE07F000000D2
:102B40000000000000000000000000000000006025
:102B50003180C603180C3060C183060C1818C0639E
:102B6000018C06300D803600D801C007001C000023
:102B70000000000000000000000000000000000055
:102B800060198066019806601980660198066019D0
:102B900080663199E66FD9F3E7879C0E60190020B3
:102BA0000000000000000000000000000000000025
:102BB00000603180C3060C1818C06300D80360079A
:102BC000001C00D8036018C06303060C1860318035
:102BD000C000000000000000000000000000000035
:102BE000000060198063030C0C18606180CC033016
:102BF00007801E003000C003000C003000C003003E
:102C00000C000000000000000000000000000000B8
:102C10000000007FF1FFC003000C007003801C0067
:102C2000E007003801C00E00700180060018007F28
:102C3000F1FFC000000000000000000000000000E4
:102C4000007E01F806001800600180060018006090
:102C500001800600180060018006001800600180F5
:102C6000060018007E01F8000000000000000000CF
:102C700000000018006000C00300060018003000CB
:102C8000C0018006000C00300060018003000C00D1
:102C900018006000C00300000000000000000000F9
:102CA000000003F00FC003000C003000C003000C54
:102CB000003000C003000C003000C003000C0030E6
:102CC00000C003000C03F00FC00000000000000073
:102CD000000000002001C00F8077038E1C1C000044
:102CE00000000000000000000000000000000000E4
:102CF00000000000000000000000000000000000D4
:102D000000000000000000000000000000000000C3
:102D100000000000000000000000000000000000B3
:102D20000000000000000000001FFC7FF000000019
:102D3000000000000000C0038007000E0018000023
:102D40000000000000000000000000000000000083
:102D50000000000000000000000000000000000073
:102D60000000000000000000000000000000000063
:102D70000000007F01FE000C00307FC3FF180C60D4
:102D80003180C603180C3FF07FC000000000000037
:102D9000000000000000000000000060018006004C
:102DA00018006001FF07FE180C603180C603180C84
:102DB000603180C603180C7FE1FF000000000000B6
:102DC0000000000000000000000000000000000003
:102DD00000000000007F03FE181C60018006001840
:102DE000006001800600181C3FE07F00000000002A
:102DF00000000000000000000000000000003000A3
:102E0000C003000C00307FC3FF180C603180C60384
:102E1000180C603180C603180C3FF07FC000000022
:102E200000000000000000000000000000000000A2
:102E3000000000000000007F03FE180C603180C716
:102E4000FF1FFC6001800600181C3FE07F000000AF
:102E5000000000000000000000000000000000036F
:102E6000F01FC06001800600FF03FC01800600180F
:102E70000060018006001800600180060018000054
:102E80000000000000000000000000000000000042
:102E90000000000000000000007FC3FF180C60313C
:102EA00080C603180C603180C603180C3FF07FC049
:102EB00003000C003000C3FE0FF000000000000013
:102EC00000600180060018006001FF07FE180C601A
:102ED0003180C603180C603180C603180C60318045
:102EE000C000000000000000000000000000000022
:102EF000000003000C0030000000003C00F000C0A7
:102F000003000C003000C003000C003000C00FC0F4
:102F10003F00000000000000000000000000000072
:102F200000000000600180060000000007801E0015
:102F3000180060018006001800600180060018007B
:102F4000600180060C183060C181FC03E0000000C5
:102F5000000000003000C003000C003000C1C30EB0
:102F60000C703380DC03E00F003E00DC03380C7093
:102F700030E0C1C0000000000000000000000000C0
:102F800000000000000F003C003000C003000C00F7
:102F90003000C003000C003000C003000C00300003
:102FA000C00FC03F00000000000000000000000053
:102FB000000000000000000000000000000001FF11
:102FC00087FF18C663198C663198C663198C663101
:102FD00098C663198C60000000000000000000002B
:102FE00000000000000000000000000000000001E0
:102FF000FF07FE180C603180C603180C603180C6D4
:1030000003180C603180C0000000000000000000C8
:1030100000000000000000000000000000000000B0
:10302000007F03FE180C603180C603180C603180ED
:10303000C603180C3FE07F00000000000000000005
:103040000000000000000000000000000000000080
:103050000001FF07FE180C603180C603180C6031B8
:1030600080C603180C7FE1FF06001800600180068F
:103070000018000000000000000000000000000038
:103080000000007FC3FF180C603180C603180C607D
:103090003180C603180C3FF07FC003000C003000E5
:1030A000C003000C00000000000000000000000051
:1030B000000000019FC6FF1F007801C00600180035
:1030C0006001800600180060018000000000000020
:1030D00000000000000000000000000000000000F0
:1030E00000000000007F03FE180C60018003FC0755
:1030F000F8003000C0031C0C3FE07F00000000001F
:1031000000000000000000000000000000060018A1
:10311000006001800600FF03FC01800600180060CB
:1031200001800600180060018007E00F80000000A9
:10313000000000000000000000000000000000008F
:103140000000000000000180C603180C603180C63A
:1031500003180C603180C603180C3FF07FC00000DC
:10316000000000000000000000000000000000005F
:10317000000000000000000180C603180C3060C190
:103180008306063018C06300D8036007001C0000E7
:10319000000000000000000000000000000000002F
:1031A0000000000000000000018066019806601920
:1031B0008C663198C663198C663198C63FF07F8063
:1031C00000000000000000000000000000000000FF
:1031D0000000000000000000000180C6031C1C3835
:1031E000E07700F801C00F8077038E1C1C603180EF
:1031F000C00000000000000000000000000000000F
:10320000000000000000000000000180C603180C50
:10321000603180C603180C603180C603180C3FF083
:103220007FC003000C003000C3FE0FF00000000060
:10323000000000000000000000000001FFC7FF00C8
:103240001C00E007003801C00E007003801C007FE6
:10325000F1FFC000000000000000000000000000BE
:10326000000E007803800C003000C003000C00301A
:1032700001801C0070006000C003000C003000C022
:1032800003000E001E0038000000000000000000D7
:103290000000600180060018006001800600180030
:1032A00060018006001800600180060018006001BF
:1032B000800600180060018000000000000000008F
:1032C000000003800F000E00180060018006001847
:1032D000006000C001C007003001800600180060D7
:1032E000018006003803C00E00000000000000004E
:1032F00000000000000000000000000000000000CE
:103300000000000F0C7E318CC63F187800000000D2
:1033100000000000000000000000000000000000AD
:1033200000000000000000001FC0FF8603180C60B2
:103330003180C603180C6031FFC7FF180C60318064
:10334000C603180C603180C00000000000000000BF
:103350000000000000000000007FE1FF8600180070
:1033600060018006001FF07FE180C603180C603109
:1033700080C603180C7FE1FF000000000000000081
:10338000000000000000000000007FC1FF8603185D
:103390000C603180C6061FF07FC1818603180C6067
:1033A0003180C603180C7FE1FF0000000000000020
:1033B00000000000000000000000007FF1FFC600D8
:1033C00018006001800600180060018006001800E7
:1033D000600180060018006001800000000000000D
:1033E00000000000000000000000000007F03FC1E6
:1033F000830C0C603180C603180C603180C6031842
:103400000C603180C603180CFFFBFFEC01B006C056
:10341000180000000000000000000000007FF1FF25
:10342000C6001800600180060018007F81FE0600BB
:103430001800600180060018007FF1FFC000000046
:103440000000000000000000000000000000631900
:103450008C663198C66319CCE3B707F80FC07F8339
:10346000B71CCE63198C663198C663198C60000056
:103470000000000000000000000000000000001F2D
:10348000C0FF8603180C003000C003000C0FE03FA3
:103490008003000C003000C603180C3FE07F0000E2
:1034A000000000000000000000000000000000001C
:1034B000603180C603180C603181C60F187C63B17F
:1034C0009CC6E31F0C7831C0C603180C603180C065
:1034D0000000000000000000000018C07F00F8009D
:1034E00000603180C603180C603181C60F187C6300
:1034F000B19CC6E31F0C7831C0C603180C60318044
:10350000C0000000000000000000000000000000FB
:103510000000603181C60E187063819C06E01F00B8
:103520007801E007C01B8067018E061C18386071A7
:1035300080C000000000000000000000000000004B
:1035400000000007F03FC183060C183060C18306FD
:103550000C183060C183060C183060C183060C382B
:1035600031C0C000000000000000000000000000AA
:103570000000000040098067039E1E7CF9BF667949
:1035800098C66019806601980660198066019806E1
:1035900060198060000000000000000000000000D2
:1035A0000000000000603180C603180C603180C646
:1035B00003180C7FF1FFC603180C603180C6031896
:1035C0000C603180C000000000000000000000001E
:1035D0000000000000001FC0FF8603180C6031804F
:1035E000C603180C603180C603180C603180C60316
:1035F000180C3FE07F000000000000000000000009
:10360000000000000000007FF1FFC603180C6031CD
:1036100080C603180C603180C603180C603180C668
:1036200003180C603180C0000000000000000000A2
:1036300000000000000000007FC1FF8603180C603E
:103640003180C603180C6031FF87FC1800600180D0
:10365000060018006001800000000000000000006B
:103660000000000000000000001FC0FF8603180CCF
:1036700060318006001800600180060018006001BB
:1036800080C603180C3FE07F00000000000000002F
:10369000000000000000000000007FF9FFE03000A3
:1036A000C003000C003000C003000C003000C00359
:1036B000000C003000C003000C00000000000000FF
:1036C0000000000000000000000000603180C60320
:1036D000180C603180C603180C6030FFC1FF000C6D
:1036E000003000C003000C3FE0FF000000000000BD
:1036F0000000000000000000003000C01FE0FFC616
:103700003198C663198C663198C663198C663198F6
:10371000C663198C663198C63FF07F803000C000C8
:103720000000000000000000000000000060318088
:10373000C3060C1818C06300D8036007001C00D82B
:10374000036018C06303060C18603180C0000000DD
:1037500000000000000000000000000000006031D8
:1037600080C603180C603180C603180C603180C617
:1037700003180C603180C603180C3FF87FE001800D
:10378000060018006000000000000000000000605B
:103790003180C603180C603180C603180C3FF07FDF
:1037A000C003000C003000C003000C003000C0005B
:1037B0000000000000000000000000000000000009
:1037C00063198C663198C663198C663198C6631983
:1037D0008C663198C663198C663198C63FF87FE0D5
:1037E00000000000000000000000000000000000D9
:1037F0000063198C663198C663198C663198C6636C
:10380000198C663198C663198C663198C63FFC7F67
:10381000F000C003000C00300000000000000000B9
:103820000000F003C003000C003000C003FE0FFCDA
:103830003018C063018C063018C063018C063FF05D
:10384000FF800000000000000000000000000000F9
:103850000000006019806601980660198067F19F7A
:10386000E660D983660D983660D983660D98367FF9
:1038700099FC600000000000000000000000000053
:10388000000000006001800600180060018007FC55
:103890001FF8603180C603180C603180C603180C15
:1038A0007FE1FF00000000000000000000000000B9
:1038B00000000000001FC0FF8603180C003000C08D
:1038C00003000C0FF03FC003000C003000C60318CB
:1038D0000C3FE07F0000000000000000000000003E
:1038E00000000000000061E18FC6619986661998AA
:1038F000666199867E19F86661998666199866618F
:10390000998663F18780000000000000000000003D
:10391000000000000000001FF0FFC603180C60311B
:1039200080C603180C6030FFC1FF007C03B01CC0D0
:10393000E3070C3831C0C0000000000000000000A8
:103940000000000000000000000000000000000077
:10395000007F01FE000C00307FC3FF180C60318037
:10396000C603180C3FF07FC00000000000000000FC
:103970000000000000000000001FC0FF060018004B
:1039800060008001FC0FF8603180C603180C6031C4
:1039900080C603180C3FE07F00000000000000001C
:1039A000000000000000000000001F00FE070C18CF
:1039B0003060C18306181FF07FE180C603180C60D9
:1039C0003180C6031C183FE07F00000000000000AB
:1039D00000000000000000000000000000000000E7
:1039E00000000000FF03FE000C003000C1FE0FF0DD
:1039F000600180060018003FE07F800000000000AA
:103A00000000000000000000000000003FC0FF8038
:103A100003000C00307FC3FF180C603180C6031810
:103A20000C603180C603180C3FE07F0000000000EE
:103A30000000000000000000000000000000000086
:103A40000000000000007F03FE180C603180C7FFFB
:103A50001FFC6001800600181C3FE07F0000000092
:103A60000000000000000000000000000000000056
:103A7000000000000000018C663198C67338EDC16B
:103A8000FE03F01FE0EDC73398C663198C60000099
:103A90000000000000000000000000000000000026
:103AA00000000000000000007F03FE1C0C0030003E
:103AB000C0FE03F8003000C0031C0C3FE07F000094
:103AC00000000000000000000000000000000000F6
:103AD00000000000000000000180C603180C6031E7
:103AE00080C603180C603180C603181C3FF07EC0EE
:103AF00000000000000000000000000000000000C6
:103B00000000006301FC03E0000180C603180C60A4
:103B10003180C603180C603180C603181C3FF07E4C
:103B2000C0000000000000000000000000000000D5
:103B30000000000000000000000000C1C30E0C7077
:103B40003380DC03E00F003E00DC03380C7030E013
:103B5000C1C00000000000000000000000000000E4
:103B60000000000000000000000000001FC0FF0671
:103B70000C183060C183060C183060C183060C3805
:103B800031C0C00000000000000000000000000084
:103B900000000000000000000000000001002601FD
:103BA0009C0E7879F3E6FD99E66319806601980624
:103BB00060198060000000000000000000000000AC
:103BC000000000000000000000000000000180C6AE
:103BD00003180C603180C7FF1FFC603180C60318DA
:103BE0000C603180C00000000000000000000000F8
:103BF0000000000000000000000000000000007F46
:103C000003FE180C603180C603180C603180C603B7
:103C1000180C3FE07F0000000000000000000000E2
:103C20000000000000000000000000000000000193
:103C3000FFC7FF180C603180C603180C603180C6C6
:103C400003180C603180C00000000000000000007C
:103C50000000000000000000000000000000000064
:103C600001FF07FE180C603180C603180C6031801C
:103C7000C603180C7FE1FF060018006001800600F3
:103C8000180000000000000000000000000000001C
:103C900000007F03FE181C60018006001800600110
:103CA000800600181C3FE07F0000000000000000BC
:103CB0000000000000000000000000000000000004
:103CC000000001FFE7FF80C003000C003000C003CC
:103CD000000C003000C003000C00000000000000D9
:103CE00000000000000000000000000000000000D4
:103CF0000000000180C603180C603180C603180C58
:103D0000603180C603180C3FF07FC003000C003008
:103D100000C3FE0FF00000000000000000000000E3
:103D20000000C003007F83FF18C663198C663198BA
:103D3000C663198C663198C63FF07F803000C000A2
:103D40000000000000000000000000000000000073
:103D500000000000000180C6031C1C38E07700F85A
:103D600001C00F8077038E1C1C603180C0000000F2
:103D70000000000000000000000000000000000043
:103D80000000000000000180C603180C603180C6EE
:103D900003180C603180C603180C3FF87FE00180E7
:103DA0000600180060000000000000000000000095
:103DB000000000000000000180C603180C60318084
:103DC000C3FF07FC003000C003000C003000C0003F
:103DD00000000000000000000000000000000000E3
:103DE0000000000000000000018C663198C66319D5
:103DF0008C663198C663198C663198C63FF87FE0AF
:103E000000000000000000000000000000000000B2
:103E1000000000000000000000018C663198C663BD
:103E2000198C663198C663198C663198C63FFC7F41
:103E3000F000C003000C0030000000000000000093
:103E40000000000000000000000003C00F000C0094
:103E50003000FF03FE0C0C3030C0C3030C0C3FE0FD
:103E6000FF00000000000000000000000000000053
:103E700000000000000000000000000180660198C2
:103E8000066019FC67F9983660D983660D98367F0D
:103E900099FC60000000000000000000000000002D
:103EA00000000000000000000000000000C003004F
:103EB0000C003000FF03FE0C0C3030C0C3030C0CB0
:103EC0003FE0FF00000000000000000000000000D4
:103ED00000000000000000000000000000007F0360
:103EE000FE1C0C003000C0FF03FC003000C0031CAF
:103EF0000C3FE07F00000000000000000000000018
:103F00000000000000000000000000000000018729
:103F1000863F198666199866619F867E1998666144
:103F2000998663F187800000000000000000000017
:103F30000000000000000000000000000000000081
:103F40007FC3FF180C603180C6030FFC1FF00EC04A
:103F500073038C1C30E0C000000000000000000073
:103F60000018C063018C00007FF1FFC600180060DC
:103F70000180060018007F81FE06001800600180A5
:103F8000060018007FF1FFC00000000000000000E4
:103F9000000000000000000000000063018C0630FB
:103FA00000007F03FE180C603180C7FF1FFC60011A
:103FB000800600181C3FE07F0000000000000000A9
:103FC0000000000000000000000061E18FC633180F
:103FD000CC63F18787001C0079F1E7C6D81B6067C6
:103FE000819E063818E06181860000000000000014
:103FF00000000000102020214019000000000000F7
:1040000000000000000000000000000000000000B0
:1040100000000000000000000000000000000000A0
:104020000000000000000000000000000000000090
:104030000000000000000000000000000000000080
:1040400000000000000003800380038003800380E1
:104050000380038003800380038003800380038048
:1040600003800000000003800380038003800000C1
:104070000000000000000000000000000000000040
:104080001C701C701C701C701C701C7000000000E8
:104090000000000000000000000000000000000020
:1040A0000000000000000000000000000000000010
:1040B0000000000000000000000000000000000000
:1040C0000000000000001C701C701C701C701C7034
:1040D0007FFC7FFC1C701C701C701C701C701C70A2
:1040E0007FFC7FFC1C701C701C701C701C7000001E
:1040F00000000000000000000000000000000000C0
:1041000000000000038003801FF03FF8739C739C45
:1041100073807380738073803FF01FF8039C039C4F
:10412000039C039C739C739C3FF81FF003800380E7
:10413000000000000000000000000000000000007F
:104140000000000000001F1C3F9C3BB83BB83FF044
:104150001F7000E000E001C001C003800380070081
:1041600007000EF80FFC1DDC1DDC39FC38F80000E0
:10417000000000000000000000000000000000003F
:104180000000000000000F801FC038E038E038E079
:1041900038E038E039C01F800F001F8C39DC70F820
:1041A000707070707070707070F83FDC1F8C000061
:1041B00000000000000000000000000000000000FF
:1041C00003800380038003800380038000000000DD
:1041D00000000000000000000000000000000000DF
:1041E00000000000000000000000000000000000CF
:1041F00000000000000000000000000000000000BF
:104200000038007000E000E001C001C001C0038080
:104210000380038003800380038003800380038086
:1042200003800380038001C001C001C000E000E002
:1042300000700038000000000000000000000000D6
:1042400038001C000E000E00070007000700038066
:104250000380038003800380038003800380038046
:104260000380038003800700070007000E000E0094
:104270001C003800000000000000000000000000EA
:1042800000000000000000000000000000003838BE
:104290001C700EE007C003807FFC7FFC038007C01A
:1042A0000EE01C7038380000000000000000000024
:1042B00000000000000000000000000000000000FE
:1042C000000000000000000000000000000003806B
:1042D00003800380038003807FFC7FFC03800380D6
:1042E0000380038003800000000000000000000045
:1042F00000000000000000000000000000000000BE
:1043000000000000000000000000000000000000AD
:10431000000000000000000000000000000000009D
:10432000000000000000038003800380038007007A
:104330000E0000000000000000000000000000006F
:10434000000000000000000000000000000000006D
:1043500000000000000000007FFC7FFC0000000067
:10436000000000000000000000000000000000004D
:10437000000000000000000000000000000000003D
:10438000000000000000000000000000000000002D
:10439000000000000000000000000000000000001D
:1043A0000000000000000380038003800380000001
:1043B00000000000000000000000000000000000FD
:1043C000000E000E001C001C003800380070007049
:1043D00000E000E001C001C0038003800700070087
:1043E0000E000E001C001C00380038007000700029
:1043F000E000E000000000000000000000000000FD
:104400000000000000001FF03FF8701C701C701CC2
:10441000703C707C70FC71DC739C771C7E1C7C1C77
:10442000781C701C701C701C701C3FF81FF0000082
:10443000000000000000000000000000000000007C
:10444000000000000000038007800F801F801F8095
:104450000380038003800380038003800380038044
:10446000038003800380038003801FF01FF000009F
:10447000000000000000000000000000000000003C
:104480000000000000001FF03FF8701C701C701C42
:10449000701C701C001C0038007000E001C003801C
:1044A00007000E001C00380070007FFC7FFC00003D
:1044B00000000000000000000000000000000000FC
:1044C0000000000000001FF03FF8701C701C001C72
:1044D000001C001C001807F007F00018001C001C4E
:1044E000001C001C001C701C701C3FF81FF000001A
:1044F00000000000000000000000000000000000BC
:10450000000000000000001C003C007C00FC01DCFE
:10451000039C071C0E1C1C1C381C701C701C701C7F
:104520007FFC7FFC001C001C001C001C001C000009
:10453000000000000000000000000000000000007B
:104540000000000000007FFC7FFC70007000700025
:104550007000700070007FF07FF8001C001C001CD1
:10456000001C001C001C701C701C3FF81FF0000099
:10457000000000000000000000000000000000003B
:104580000000000000001FF83FF87000700070008D
:104590007000700070007FF07FF8701C701C701C41
:1045A000701C701C701C701C701C3FF81FF0000009
:1045B00000000000000000000000000000000000FB
:1045C0000000000000007FFC7FFC701C701C701C51
:1045D000703800380070007000E000E001C001C0D9
:1045E0000380038003800380038003800380000036
:1045F00000000000000000000000000000000000BB
:104600000000000000001FF03FF8701C701C701CC0
:10461000701C701C701C30181FF01FF03018701CBC
:10462000701C701C701C701C701C3FF81FF0000088
:10463000000000000000000000000000000000007A
:104640000000000000001FF03FF8701C701C701C80
:10465000701C701C701C701C701C3FFC1FFC001C2C
:10466000001C001C001C001C001C3FF83FF0000058
:10467000000000000000000000000000000000003A
:10468000000000000000000000000000000000002A
:10469000000003800380038003800000000000000E
:1046A00000000000000003800380038003800000FE
:1046B00000000000000000000000000000000000FA
:1046C00000000000000000000000000000000000EA
:1046D00000000380038003800380000000000000CE
:1046E00000000000000003800380038003800700B7
:1046F0000E000000000000000000000000000000AC
:10470000000000000000001C0038007000E001C044
:10471000038007000E001C00380038001C000E004B
:104720000700038001C000E000700038001C00009A
:104730000000000000000000000000000000000079
:104740000000000000000000000000000000000069
:1047500000007FFC7FFC00000000000000007FFCE8
:104760007FFC0000000000000000000000000000CE
:104770000000000000000000000000000000000039
:10478000000000000000700038001C000E00070050
:10479000038001C000E0007000380038007000E0C5
:1047A00001C0038007000E001C00380070000000EC
:1047B00000000000000000000000000000000000F9
:1047C0000000000000001FF03FF8701C701C701CFF
:1047D000701C701C0038007000E001C00380038072
:1047E000038000000000038003800380038000003A
:1047F00000000000000000000000000000000000B9
:104800000000000000001FF03FF8701C701C701CBE
:1048100070FC71FC739C739C739C739C739C739C65
:10482000739C71FC70EC700070003FFC1FFC00007A
:10483000000000000000000000003C3C3CDCDCDC30
:10484000FFFF00FF0000FFFF4F004FFF4FFF00FF83
:104850004F0000FF4F004FFF00DF4F00DFFFFF4F13
:1048600000004FFFFF00EF00DFEFFFEF0000EFFF62
:10487000EF00FFEFCF00FFD7004FD700C8C8C880B8
:104880008080606060404040C8C8C8686868F85070
:1048900000B050009C00007C0000F0000090000080
:1048A00000D00000880000680000480000D0000030
:1048B00070000050FF0050A0000090000070002821
:1048C000FA002890E8C8007870008050006030003E
:1048D000E8B80088580000C8D000808800606800F0
:1048E000404800C8D0006870E800E8900090700070
:1048F00070500050D800D8780078FFFFFF8080808B
:10490000606060404040C8C8C8686868FF0000A890
:1049100000009C00007C0000F0000090000000FF00
:104920000000880000680000480000D0000070000F
:104930000000FF0000B00000900000700000F800D0
:104940000098FFFF00787000805000603000E8B8E9
:104950000088580000FFFF00808800606800404821
:1049600000C8D0006870FF00FF9000907000705089
:104970000050E200E278007848008800E800280053
:104980004B65696C204D444B20352E34334100304B
:10499000313233004B56422D31366269742D4C430F
:1049A000440A53544D3332463430375A4754360054
:1049B000D092D092D095D0A0D0A500D092D098D04F
:1049C00094D095D09E00D09DD090D097D090D09488
:1049D00000D0A1D091D0A0D09ED0A100D092D09DE7
:1049E000D098D09700D0A1D0A2D090D0A0D0A200D3
:1049F000D097D092D0A3D09AD09800D090D0A3D006
:104A000094D098D09E003000310023002A0032005C
:104A10003300340035003600370038003900D09FAD
:104A2000D180D0B5D0B4D181D182D0B0D0B2D0BBFA
:104A3000D18FD0B5D1822C20D0B3D180D0B0D18449
:104A4000D0B8D187D0B5D181D0BAD183D18E20D082
:104A5000B1D0B8D0B1D0BBD0B8D0BED182D0B5D053
:104A6000BAD183204B564220E28496312E302C203E
:104A7000D0BDD0B0D0BFD0B8D181D0B0D0BDD0BD26
:104A8000D183D18E20D0B8D181D0BAD0BBD18ED134
:104A900087D0B8D182D0B5D0BBD18CD0BDD0BE200C
:104AA000D0B220D186D0B5D0BBD0BED187D0B8D1BE
:104AB00081D0BBD0B5D0BDD0BDD0BED0B920D0BC88
:104AC000D0B0D182D0B5D0BCD0B0D182D0B8D0BA1D
:104AD000D0B520D0BDD0B020D18FD0B7D18BD0BA37
:104AE000D0B5203C433E20D0B2203C4143363E006E
:104AF000D091D0BED180D183D0B7D0B4D0BED0B207
:104B000020D09AD0BED0BDD181D182D0B0D0BDD17D
:104B100082D0B8D0BD0AD182D0B5D0BB2E202B37E1
:104B2000203936352D3336332D34352D32390020AA
:104B3000D0A1D18AD0B5D188D18C20D0B5D189D19E
:104B40009120D18DD182D0B8D18520D0BCD18FD049
:104B5000B3D0BAD0B8D18520D184D180D0B0D0BD67
:104B6000D186D183D0B7D181D0BAD0B8D18520D069
:104B7000B1D183D0BBD0BED0BA2C20D0B4D0B0201D
:104B8000D0B2D18BD0BFD0B5D0B920D0B6D0B5205F
:104B9000D187D0B0D18E2E00D09FD0B5D180D0B5E6
:104BA000D0BDD0BED18120D0BFD0BE20D181D0BB5E
:104BB000D0BED0B2D0B0D0BC00D0A2D0B5D0BAD187
:104BC00081D18220D18120D182D0B5D0BDD18CD1EC
:104BD0008E0020D092D18BD0B2D0BED0B4D0B8D07D
:104BE000BC20D0B220D181D182D180D0BED0BAD069
:104BF000B520D0B2D0B5D189D0B5D181D182D0B2D3
:104C0000D0B5D0BDD0BDD0BED0B520D187D0B8D121
:104C100081D0BBD0BE20D18120D0B4D0BED0B1D005
:104C2000B0D0B2D0BBD0B5D0BDD0B8D0B5D0BC20FC
:104C3000D0BDD183D0BBD0B5D0B92E2000000000AC
:104C4000804C01080000002010000000EC0100086A
:104C5000904C010810000020702100000C02000898
:104C60001C00000043000000F8FFFFFF0C000000E4
:104C70000E0000000F0000002E00000000000000E9
:104C800001000000100000000024F40000000000FB
:040000050800018965
:00000001FF
