:020000040800F2
:10000000802100206D02000885A70008AD170008B8
:1000100081A70008D50C000851A8000800000000C6
:100020000000000000000000000000008DA7000894
:10003000D90C00080000000089A7000891A700085B
:10004000870200088702000887020008870200086C
:10005000870200088702000887020008870200085C
:10006000870200088702000887020008870200084C
:10007000870200088702000887020008870200083C
:10008000870200088702000887020008870200082C
:10009000870200088702000887020008870200081C
:1000A000870200088702000887020008870200080C
:1000B00087020008870200088702000887020008FC
:1000C00087020008870200088702000887020008EC
:1000D00087020008870200088702000887020008DC
:1000E00087020008870200088702000887020008CC
:1000F00087020008870200088702000887020008BC
:1001000087020008870200088702000887020008AB
:10011000870200088702000887020008870200089B
:10012000870200088702000887020008870200088B
:10013000870200088702000887020008870200087B
:10014000870200088702000887020008870200086B
:10015000870200088702000887020008870200085B
:10016000870200088702000887020008870200084B
:1001700087020008870200088702000800000000CC
:10018000870200088702000800F002F800F05FF81C
:1001900014A696E8000CB244B344DA4501D100F04D
:1001A00056F8BAE80F000FA696E83000A5EB040554
:1001B00004EB0607AAEB0704A7F101074FEA1515A0
:1001C0004FEA3414A4F10104AC4201D300F03FF82B
:1001D00013F0010F18BFFB1A43F0010300F001F800
:1001E000DBE71847FC4901001C4A0100103A24BF14
:1001F00078C878C1FAD8520724BF30C830C144BF8C
:1002000004680C6070470000704700000023002461
:1002100000250026103A28BF78C1FBD8520728BF16
:1002200030C148BF0B607047662910F0348200204F
:1002300070471FB510F022FA00F0D4FB0400002034
:1002400000210FF0B9FCE0601FBD10B510BD00F03B
:10025000CDFC1146FFF7EDFF0EF044FB00F0EBFC88
:1002600003B4FFF7F2FF03BC00F02CFD0948804700
:1002700009480047FEE7FEE7FEE7FEE7FEE7FEE788
:10028000FEE7FEE7FEE7FEE704480549054A064BA0
:10029000704700003DA80008890100088001002087
:1002A00080210020801100208011002053EA020CE0
:1002B00000F069802DE9F04B4FF00006002B1FBFC6
:1002C000B3FA83F503FA05F424FA05F65E4012BF8B
:1002D0001643B2FA82F502FA05F4C5F120051EBFF5
:1002E00022FA05FC44EA0C04203556EA044C4FEA95
:1002F000144418BF641C4FF000084FF000099042EE
:1003000071EB030C39D3002919BFB1FA81F701FA57
:1003100007F6B0FA80F700FA07F6C7F120071EBF0C
:1003200020FA07FC46EA0C062037B6FBF4FCA7EBE4
:100330000507103F07F01F0BCBF120062CFA06F63D
:100340000CFA0BFB44BFB3460026202FA4BF5E4629
:100350004FF0000B5BEA060C08BF4FF0010B19EBE6
:100360000B0948EB0608ABFB027C06FB02CC0BFB3F
:1003700003CCC01B71EB0C01C1E70B4602464146A2
:100380004846BDE8F08B13B5084318BF4FF0FF3067
:100390000146AFF30080BDE81C4070470FB41CB5A8
:1003A000074B06AA7B4469460090059800F001FBC4
:1003B0000020694600F010FB1CBC5DF814FB000037
:1003C0003106000070B5044685690068C10601D594
:1003D000302600E02026C00707D070BDD4E90121F7
:1003E00030469047206A401C20626D1EF6D570BDD5
:1003F00070B5044685690078C00707D170BDD4E99F
:10040000012120209047206A401C20626D1EF6D5F5
:1004100070BD2DE9F0474FF0000A89460446C0F848
:1004200020A02046E1688847002876D0252806D0FD
:10043000D4E901219047206A401C2062F1E7E1687D
:10044000204600258847C4F81CA006460027C4F8AB
:1004500018A02A2E09D030460FF09AFB38B304EBCF
:100460008708303EC8F8186019E059F8041B204688
:1004700004EB87029161E1688847012F064618D195
:10048000E069002820DA25F020051DE0D8F81800E2
:1004900000EB800006EB40003038C8F8180020461A
:1004A000E168884706460FF073FB0028EED1012F64
:1004B0000AD02E2E08D12046E16888477F1C0646C8
:1004C000022F45F02005C4DBA069002803DA404272
:1004D00045F00105A061E80701D025F01005B6B18F
:1004E000A6F14100192802D8203645F400654A4695
:1004F0003146204625604D46FFF796FE58B101284B
:1005000006D0ED1D25F0070000F1080989E704E099
:1005100005F1040985E730468AE7206ABDE8F087DF
:100520004FF0000200B5134694469646203922BF8C
:10053000A0E80C50A0E80C50B1F12001BFF4F7AFD7
:10054000090728BFA0E80C5048BF0CC05DF804EBB9
:10055000890028BF40F8042B08BF704748BF20F827
:10056000022B11F0804F18BF00F8012B7047704725
:100570007047704710B500F039FA006810BD10B52B
:10058000044600F033FA046010BD2DE9FF4F0C461D
:100590001E464FF0FF378BB0D2E90001DDF86080D6
:1005A0000A908A46C1F30A5505B93D46002108461E
:1005B0004FF00000BAF1000F00F4400005DA00EB44
:1005C00080004FF4400101EA50004FEA9059B9F120
:1005D000010F00DDB9460A9850EA4A000ED044F6F1
:1005E0001050A5F2FF3545432F14B8F1000F1ED06F
:1005F0007542291E1EDDC9F100021CE0B8F1010F91
:100600004FF0000001D0302103E0F24305E0215417
:10061000401CB042FBDB30460022002121540B99E4
:10062000C1F80880C1E900200FB0BDE8F08FBD1B04
:100630006D1CDEE74A4600DA694206A800F060FA5F
:1006400006AB93E8070003AB83E8070050460A991E
:100650000EF0E1F98DE80700A0F500501F3800907A
:100660000398002D0ADD42F21F014A460844002388
:1006700003A9039068460EF04BFC09E0A0F500507A
:100680004A461F38002303A9039068460EF055FC24
:100690008DE807000004000C03D04FF0FF30410844
:1006A00000E01046B8F1000F03D00022009215467A
:1006B0001EE0751E05D400F09DF9303262556D1EA6
:1006C000F9D5B3460122084302D000227F1C04E082
:1006D0002078302801D100227F1E002A099784D07B
:1006E0001DE0112D07DA00F085F9303262556D1CDE
:1006F00050EA0102F5D1084302D00098C8B10EE0DB
:100700000021681E05E0235C625C63542254401E95
:10071000491C8142F7DBAB46A81B401E0990002014
:1007200004F80B000B98099AC0F80880C0E9002B68
:100730007AE711264FF0000857E72DE9F04F884679
:100740000446D21D22F0070191B0D1E90001CDE9A4
:100750000A010EF029FD02460B98C00F01D02D2092
:1007600007E02068810701D52B2002E0202101EA63
:10077000C000032A099001D0072A05DB0346414641
:10078000204600F07DF90BE12078800601D5E06974
:1007900000E00620B8F1650F814606D0B8F1660F7B
:1007A00018D0B8F1670F70D131E00020B9F1110F06
:1007B000009001DB112301E009F101030AAA01A95C
:1007C0000CA8FFF7E2FEDDE90C70002609F1010537
:1007D000834647E001204B4600904FF000470AAAAD
:1007E00001A90CA8FFF7D1FEDDE90DB00C995D461B
:1007F000002610B909F101000D18B9EB050003D46A
:10080000C0F1FF3609F10105A5EB09002BE0B9F1B4
:10081000010F01DA4FF001090020B9F1110F00902A
:10082000484601DD112300E003460AAA01A90CA8ED
:10083000FFF7ABFEDDE90C704D46002683462078BD
:1008400000070AD4AB4500DA5D4601A8012D04DD9E
:10085000411911F8011C302907D04F4502DA17F170
:10086000040F04DA012082460FE06D1EEEE7002F30
:1008700002DCED1B3E4403E0781CA84200DD7D1C39
:10088000B81B00F1010A4FF000472078000703D49D
:10089000AA4501DB4FF0FF3A0021B7F1004F0DF1FF
:1008A00043088DF8431024D002202B23002F01DAB7
:1008B0007F422D230A21021EA0F1010000DC5FB15E
:1008C00097FBF1FC97FBF1F201FB1C7C17460CF146
:1008D000300C08F801CDEEE7A8F101000370218883
:1008E000090501D5452100E06521A0F1010800F8C6
:1008F000011C09980FA9A1EB0807FF1D00B10120F9
:10090000411901EBEA70A1693844081A401EA06140
:100910002078C00602D42046FFF754FD099828B17C
:10092000D4E901219047206A401C20622078C0064B
:1009300022D52046FFF746FD1EE0002E04DBB3451E
:1009400002DD01A8805D00E03020D4E9012190475C
:10095000206A401C2062761CAAF101005FEA000AAE
:100960000AD100F03FF8C0680168405CD4E9012179
:100970009047206A401C2062281EA5F10105DCDC9E
:1009800007E0D4E9012118F8010B9047206A401CC8
:100990002062381EA7F10107F3DC2046FFF728FD8F
:1009A000032011B041E6000001694A1C0261087889
:1009B000704700B58FB0CDE901310021059105499F
:1009C0007944CDE9031011466846FFF722FD0FB0C8
:1009D00000BD0000E5FFFFFF0A6802F8010B0A6096
:1009E0007047000000487047300000200048704702
:1009F0001000002030B5B0F10A0271F100034FEA97
:100A0000900E4EEA817EB0EB0E0061EB91014FEA51
:100A1000101E4EEA017E10EB0E0041EB11114FEA61
:100A2000102E4EEA016E10EB0E0041EB11214FEA41
:100A3000104E4EEA014E10EB0E0041EB11414018F2
:100A400041F100014FEAD00040EA41704FEAD10184
:100A50004FEA810444EA907410EB800544EB0104F2
:100A60006D1944EB0404521BA3414FF0000348BF2F
:100A70000A3200D530BD401C41F1000130BD0000FC
:100A80002DE9F0411F46044603260168072A01F4B8
:100A9000006004DB08B116A505E016A503E008B167
:100AA00015A500E015A521F010002060A069C01E6A
:100AB000A0610FB1401EA0612046FFF783FC4FB13B
:100AC000D4E9012138469047206A401C2062C01CAE
:100AD000206206E0206AFAE7D4E9012115F8010B4B
:100AE0009047761EF8D22046FFF782FCBDE8F081E1
:100AF0004E414E006E616E00494E4600696E6600C2
:100B00002DE9F047814616468AB0354878440DC82D
:100B10008DE80D0032487844801C03AC0DC884E891
:100B20000D0041F69B300844372190FBF1F290FB19
:100B3000F1F5A5F1800501FB12041B3C02D56442CE
:100B4000012000E00020DFF898A080460027FA444A
:100B5000AAF1BE0A0EE0E0070AD03246684607EB6B
:100B6000470101230AEB81010EF0E7F98DE8070048
:100B700064107F1C002CEED1194F7F44AE3F19E06A
:100B8000E80715D007EB04100DF1180A90E80E00E5
:100B90008AE80E00C068F04201D1981908903246E8
:100BA000012306A903A80EF0C8F903AB83E80700E8
:100BB0006D10641C002DE3D14FF0010332466946ED
:100BC000B8F1000F03A802D00EF0A2F901E00EF078
:100BD000B4F9C9E90001C9F808200AB0BDE8F087F6
:100BE00034FD000000487047100000207546FFF7F4
:100BF000F9FFAE4605006946534620F007008546DA
:100C000018B020B5FFF740FBBDE820404FF00006CC
:100C10004FF000074FF000084FF0000BAC46ACE877
:100C2000C009ACE8C009ACE8C009ACE8C00921F0D3
:100C300007018D46704710B50446AFF3008020468B
:100C4000BDE81040FFF70CBB30B44FF0013C50F84A
:100C5000042B51F8043BCCFA52F4D51A20D1FCB93C
:100C600050F8042B51F8043BCCFA52F4D51A17D1A2
:100C7000B4B950F8042B51F8043BCCFA52F4D51A0D
:100C80000ED16CB950F8042B51F8043BCCFA52F455
:100C9000D51A05D1002CDAD030BC4FF000007047D7
:100CA00029BAB1FA81F111F01801D1F12000844084
:100CB000F2D1CA40CB4012F0FF0213F0FF0330BC68
:100CC000D01A704701491820ABBEFEE7260002008B
:100CD00070470000FEE7000070470000B3F5804F4A
:100CE00003461DD1B0B553F822C00020CCF6F070F9
:100CF0000CEA000E91E83100D1F818C040EA0E006D
:100D000040EA0410C96840EA052040EA0C0040EAC5
:100D10000141BDE8B040002043F82210704700BFF9
:100D20006FF07041002043F8221070472DE9F04F1A
:100D300083B00B68024650F8230001F1240B20F029
:100D4000010042F82300D1E902C0D1E900E301909B
:100D50008869D1E9049A0290C86BD1E907760090BE
:100D60009BE83008D1F8308052F82E008021CFF671
:100D7000F0710840BCF1080F08BF43F0400301992F
:100D8000194341EA090141EA0A0139433143214348
:100D9000294341EA0B01029B41EA08011943009BE8
:100DA0001943084340EA0C01002042F82E1003B01A
:100DB000BDE8F08F70B5D1E900C3D1E902E44CEA97
:100DC000031343EA0E23D1E9045643EA0443002403
:100DD000CFF6F074896904EB05552B43FE361943B1
:100DE00041EA066100EB82020020516070BD000004
:100DF000B0B5044600F0E6F8054640F20000C2F245
:100E000000000078611C18BF044400BF00F0DAF84D
:100E1000401BA042FAD3B0BD2DE9F04F83B000F1E2
:100E2000200200F13E4741F60045009207F1FF77AE
:100E3000C4F2020508224FEAB726A84208BF0722DB
:100E400000254FF000084FF00009072E38BF4FEA89
:100E5000B72201920AE000BF09F1010908F1020876
:100E6000B9F1100F05F1040500F0A2800F6801220E
:100E700002FA09FE17EA0E0AEED0D1F804C00322E6
:100E80000CF003077E1E02FA08F4012E6FEA040B31
:100E900012D88468CE6804EA0B0406FA08F63443D4
:100EA0008460446824EA0E06CCF3001404FA09F4C2
:100EB0002643466004E000BF032F01D103271EE054
:100EC000C6688C6806EA0B0604FA08F42643022F6B
:100ED000C66014D16FF00302009E02EA590756F86B
:100EE00007C005F01C040F220B69A2402CEA020285
:100EF000A3401A43F251D1F804C00CF00307026872
:100F000007FA08F302EA0B021A431CF4403F02609E
:100F1000A2D0002243F644030292C4F202031A68EC
:100F200043F6004442F480421A601A68C4F2010495
:100F300002F480420292029A29F003024FF6084C12
:100F40002244CFF6FF7C52F80C3005F00C070F2638
:100F5000BE40B343019E06FA07F73B4342F80C300C
:100F6000A2684B6842EA0A0743F60C4CDE0258BFFF
:100F700022EA0A07A760C4F2010CDCF800209E02F6
:100F800042EA0A0758BF22EA0A07CCF800706268F2
:100F90009E0342EA0A0758BF22EA0A0767602268EE
:100FA000DB0342EA0A0758BF22EA0A07276053E731
:100FB00003B0BDE8F08F0000002A08BF090481617A
:100FC0007047000040F27C10C2F2000000687047D9
:100FD00040F2000040F27C11C2F20000C2F20001B7
:100FE00000780A68104408607047000080B543F636
:100FF0000040C4F20200016841F400710160016820
:1010000041F480610160016841F480710160032056
:1010100000F074F80F2000F005F800F027F8002029
:1010200080BD000070B540F20006C2F2000640F23A
:1010300008013278C2F200014FF47A730968B3FBF9
:10104000F2F20446B1FBF2F1084600F099FB0F2CD6
:101050004FF0010508D838B94FF0FF302146002283
:10106000002500F01FF87460284670BD82B0002093
:1010700043F640010190C4F202014A6842F4804202
:101080004A604A6802F480420192019A009008681E
:1010900040F080500860086800F080500090009890
:1010A00002B0704710B54EF60C5CCEF2000CDCF8C6
:1010B0000030C3F3022E8EF00704042C28BF042452
:1010C000BEF103034FF0FF3E0EFA04F438BF0023D5
:1010D000A14399400EFA03F39A43114300F00F0223
:1010E00000F160430901043A03F5644362440028B7
:1010F00048BF02F10C03197010BD00004EF60C51F0
:10110000CEF200010A684FF6FF031A4060F30A228C
:1011100042F0806040F0FD7008607047002804BF16
:10112000012070472DE9F04143F60808C4F2020897
:101130000446D8F8F8030D4600F00700814207D9AD
:1011400088F8F853D8F8F80300F00700A84277D1E0
:101150002068810717D5410705D5D8F8001041F45C
:10116000E051C8F80010010705D5D8F8001041F487
:101170006041C8F80010D8F80010A26821F0F00112
:101180001143C8F80010C00740D1D8F8F80300F0A8
:101190000700854207D288F8F853D8F8F80300F022
:1011A0000700A8424CD12068410707D5D8F80010A5
:1011B000E26821F4E0511143C8F80010000708D597
:1011C000D8F80000216920F4604040EAC100C8F866
:1011D000000000F055F8D8F8001040F65C02C1F3AA
:1011E0000311C0F60102515C40F2080220FA01F13D
:1011F00040F20400C2F200000068C2F20002116076
:10120000FFF710FF0020BDE8F08100BF6068811E7D
:10121000022907D258F8081C89015CBF0120BDE8EB
:10122000F08111E0012807D158F8081C89035CBF40
:101230000120BDE8F08107E058F8081C890703D4B5
:101240000120BDE8F08100BFD8F8001021F00301B3
:101250000843C8F80000FFF7B5FE064641F288379C
:10126000D8F80000616800F00C00B0EB810F8CD062
:10127000FFF7A8FE801BB842F2D90320BDE8F08139
:1012800010B543F60404C4F202046168C1F381019D
:1012900042F20040C0F2F400DFE801F002040A026A
:1012A00010BD00BF41F20020C0F27A0010BD00BFA7
:1012B000216801F03F02216823684902C3F38811C5
:1012C00006D4A1FB00010023FEF7F0FF07E000BFFA
:1012D00041F20020C0F27A004843B0FBF2F02168EE
:1012E0000222C1F3014102EB4101B0FBF1F010BD5C
:1012F000002804BF012070472DE9F04182B0044668
:10130000007843F60006C007C4F202060CD0B068AD
:1013100000F00C00042840F081803068800303D581
:101320006068002800F06881207880071BD5B068CD
:1013300010F00C0F09D0B06800F00C00082840F045
:1013400087807068400200F183803068800703D591
:10135000E068012840F050813068216920F0F800F1
:1013600040EAC10030602078000713D4207840079D
:101370002AD4A569002D00F03A81B06800F00C0075
:10138000082840F0A580012D40F00E81012002B018
:10139000BDE8F0816069002800F082800020C4F27E
:1013A00047200121C0F8801EFFF70CFE054600BF54
:1013B000706F8007DAD4FFF705FE401B0228F7D9CB
:1013C000032002B0BDE8F081306C5FEAC0080AD4A7
:1013D00000200190306C40F080503064306C00F0A0
:1013E00080500190019847F20007C4F20007386866
:1013F000C00547D4386840F480703860FFF7E2FDDC
:10140000054600BF3868C0053CD4FFF7DBFD401B34
:101410000228F7D9032002B0BDE8F081B06800F0DF
:101420000C00082803D1706840023FF576AF616870
:101430003068B1F5803F07D0B1F5A02F40F09A8019
:1014400040F480203060306840F4803030609AE0B2
:10145000E068002840F20000C4F247205CD001217F
:101460000160FFF7AFFD0546306880073FF574AFB8
:10147000FFF7A8FD401B0228F6D9032002B0BDE803
:10148000F08100BFA168306F012905D0052955D131
:1014900040F004003067306F40F00100306756E0E4
:1014A0000020C4F247200021C0F8801EFFF78AFD0B
:1014B000054600BF706F80077FF558AFFFF782FDCC
:1014C000401B0228F6D9032002B0BDE8F08100BF1E
:1014D0000027C4F2472700203866FFF773FD022D6E
:1014E00005460DD13068800140F18A80FFF76AFD22
:1014F000401B02284FF00300F4D902B0BDE8F08190
:101500003068800173D5FFF75DFD401B02284FF066
:101510000300F5D9F1E700BF00210160FFF752FD9C
:10152000054600BF306880077FF51DAFFFF74AFD15
:10153000401B02284FF00300F4D9DEE720F0010041
:101540003067306F002920F0040030677AD0FFF751
:1015500039FD054641F28837306F800700F18480FD
:10156000FFF730FD401BB842F6D9032002B0BDE8BA
:10157000F08100BF20F4803030603068002920F412
:10158000802030607AD0FFF71DFD0546306880036B
:101590003FF5CAAEFFF716FD401B6428F6D90320BD
:1015A00002B0BDE8F08100BF7068E16900F480021C
:1015B0008A4221D1216A00F03F028A421CD147F6BB
:1015C000C071626A0140B1EB821F15D1A16A4FF66A
:1015D000FF73C903994300F44032A1F580318A4278
:1015E0000AD1E16A00F07060B0EB016F04D1002015
:1015F00002B0BDE8F08100BF012002B0BDE8F0817B
:1016000004F11C052FCD084340EA8210D9034FF6A0
:10161000FF729143A1F5803140EA05600843706094
:1016200001203866FFF7CEFC044600BF3068800119
:10163000DDD4FFF7C7FC001B02284FF00300F5D9EB
:101640005BE700BFFFF7BEFC054641F2883700BFED
:10165000306F800708D5FFF7B5FC401BB8424FF04C
:101660000300F5D949E700BFB8F1000F3FF581AE9F
:10167000306C20F0805030647BE600BFFFF7A2FCA6
:10168000054600BF306880037FF54EAEFFF79AFC39
:10169000401B64284FF00300F4D92EE7002804BF54
:1016A0000120704770B5044690F8490015460E4673
:1016B00028B9002084F84800204600F01DF8206872
:1016C00004F10801FFF732FB2068A2683146FFF7FA
:1016D00071FBD4E90102236B2946FFF7FFFA20686A
:1016E000A16850F8212042F0010240F82120012099
:1016F00084F84900002070BD2DE9F04387B040F226
:101700007000C2F20000017800260696CDE904665A
:101710000396029689BB0121017043F638000196B9
:10172000C4F20200016840F6004441F0010101608A
:101730000068C4F2020400F00100019001984FF625
:10174000807002AD02904FF002084FF003090C27A1
:1017500004F580602946CDE90386CDF814900697FC
:10176000FFF75AFB4CF6B370CDE902082046294634
:10177000CDE904690697FFF74FFB07B0BDE8F0839A
:10178000411E0020B0EB116F1CBF012070474EF2CC
:101790001002CEF2000251604EF62351CEF200014B
:1017A000F0230B700721906011607047FEE7000086
:1017B000B0B540F2000C4FF0C0442A25C6F2020C2E
:1017C0002580050AACF80050C5B2ACF80050150AE7
:1017D000ACF80050D5B2ACF800502B2525800D0A8E
:1017E000ACF80050CDB2101A591AACF800501D0ACE
:1017F00001300131DDF810E0ACF80050DDB201FB42
:1018000000F240F27100ACF800502C25C2F200004A
:10181000258000EB4E00B0F80700110902F00F0E12
:1018200000F0D78011F00304A1F101034AD0012C8C
:101830001A46ACF80000ACF80000ACF80000ACF8B8
:101840000000ACF80000ACF80000ACF80000ACF808
:101850000000ACF80000ACF80000ACF80000ACF8F8
:101860000000ACF80000ACF80000ACF80000ACF8E8
:10187000000028D0022CACF80000ACF80000ACF856
:101880000000ACF80000ACF80000ACF80000ACF8C8
:101890000000ACF80000ACF80000ACF80000ACF8B8
:1018A0000000ACF80000ACF80000ACF80000ACF8A8
:1018B0000000ACF8000040F0D9808A1E032B05D24E
:1018C00087E000BF0A46032BC0F08380043AACF8DF
:1018D0000000ACF80000ACF80000ACF80000ACF878
:1018E0000000ACF80000ACF80000ACF80000ACF868
:1018F0000000ACF80000ACF80000ACF80000ACF858
:101900000000ACF80000ACF80000ACF80000ACF847
:101910000000ACF80000ACF80000ACF80000ACF837
:101920000000ACF80000ACF80000ACF80000ACF827
:101930000000ACF80000ACF80000ACF80000ACF817
:101940000000ACF80000ACF80000ACF80000ACF807
:101950000000ACF80000ACF80000ACF80000ACF8F7
:101960000000ACF80000ACF80000ACF80000ACF8E7
:101970000000ACF80000ACF80000ACF80000ACF8D7
:101980000000ACF80000ACF80000ACF80000ACF8C7
:101990000000ACF80000ACF80000ACF80000ACF8B7
:1019A0000000ACF80000ACF80000ACF80000ACF8A7
:1019B0000000ACF80000ACF80000ACF80000ACF897
:1019C0000000ACF80000ACF80000ACF800007FF4B8
:1019D0007DAFBEF1000F48D0BEF1010FACF80000A2
:1019E00043D0BEF1020FACF800003ED0BEF1030FB1
:1019F000ACF8000039D0BEF1040FACF8000034D0D0
:101A0000BEF1050FACF800002FD0BEF1060FACF808
:101A100000002AD0BEF1070FACF8000025D0BEF1BF
:101A2000080FACF8000020D0BEF1090FACF80000A0
:101A30001BD0BEF10A0FACF8000016D0BEF10B0FA0
:101A4000ACF8000011D0BEF10C0FACF8000008BFDC
:101A5000B0BDBEF10D0FACF8000006D0BEF10E0F08
:101A6000ACF8000018BFACF80000B0BDCA1EACF85E
:101A70000000ACF80000ACF80000ACF80000ACF8D6
:101A80000000ACF80000ACF80000ACF80000ACF8C6
:101A90000000ACF80000ACF80000ACF80000ACF8B6
:101AA0000000ACF80000ACF80000ACF80000032B1C
:101AB000BFF40CAF8DE70000B0B540F2000E4FF060
:101AC000C0442A25C6F2020E2580050AAEF8005051
:101AD000C5B2AEF80050150AAEF80050D5B2AEF857
:101AE00000502B2525800D0AAEF80050CDB2101AFB
:101AF000591AAEF800501D0A01300131DDF810C04E
:101B0000AEF80050DDB24843AEF800502C25030972
:101B100000F00F00258000F0D68013F00304A3F13D
:101B2000010249D0012C1146AEF800C0AEF800C049
:101B3000AEF800C0AEF800C0AEF800C0AEF800C00D
:101B4000AEF800C0AEF800C0AEF800C0AEF800C0FD
:101B5000AEF800C0AEF800C0AEF800C0AEF800C0ED
:101B6000AEF800C0AEF800C027D0022CAEF800C01E
:101B7000AEF800C0AEF800C0AEF800C0AEF800C0CD
:101B8000AEF800C0AEF800C0AEF800C0AEF800C0BD
:101B9000AEF800C0AEF800C0AEF800C0AEF800C0AD
:101BA000AEF800C0AEF800C0AEF800C040F0C8808B
:101BB000991E032A04D286E01946032AC0F08380C6
:101BC0000439AEF800C0AEF800C0AEF800C0AEF800
:101BD00000C0AEF800C0AEF800C0AEF800C0AEF86D
:101BE00000C0AEF800C0AEF800C0AEF800C0AEF85D
:101BF00000C0AEF800C0AEF800C0AEF800C0AEF84D
:101C000000C0AEF800C0AEF800C0AEF800C0AEF83C
:101C100000C0AEF800C0AEF800C0AEF800C0AEF82C
:101C200000C0AEF800C0AEF800C0AEF800C0AEF81C
:101C300000C0AEF800C0AEF800C0AEF800C0AEF80C
:101C400000C0AEF800C0AEF800C0AEF800C0AEF8FC
:101C500000C0AEF800C0AEF800C0AEF800C0AEF8EC
:101C600000C0AEF800C0AEF800C0AEF800C0AEF8DC
:101C700000C0AEF800C0AEF800C0AEF800C0AEF8CC
:101C800000C0AEF800C0AEF800C0AEF800C0AEF8BC
:101C900000C0AEF800C0AEF800C0AEF800C0AEF8AC
:101CA00000C0AEF800C0AEF800C0AEF800C0AEF89C
:101CB00000C0AEF800C0AEF800C0AEF800C0AEF88C
:101CC00000C07FF47DAFD0B30128AEF800C036D09D
:101CD0000228AEF800C032D00328AEF800C02ED0E3
:101CE0000428AEF800C02AD00528AEF800C026D0DF
:101CF0000628AEF800C022D00728AEF800C01ED0DB
:101D00000828AEF800C01AD00928AEF800C016D0D6
:101D10000A28AEF800C012D00B28AEF800C00ED0D2
:101D20000C28AEF800C008BFB0BD0D28AEF800C04A
:101D300005D00E28AEF800C018BFAEF800C0B0BD88
:101D4000D91EAEF800C0AEF800C0AEF800C0AEF8C4
:101D500000C0AEF800C0AEF800C0AEF800C0AEF8EB
:101D600000C0AEF800C0AEF800C0AEF800C0AEF8DB
:101D700000C0AEF800C0AEF800C0AEF800C0AEF8CB
:101D800000C0032ABFF41CAF9DE7000080B54FF0F0
:101D9000C04C2A23ACF8003000234FEA102EC6F2C4
:101DA0000203C0B2A3F800E01880A3F800E0188096
:101DB0002B20ACF80000080AC9B2188019801880DE
:101DC0002C201980ACF8000040F27100C2F2000033
:101DD00000EB4200B0F80700188080BD10B540F25B
:101DE000000C4FF0C04E2A24C6F2020CAEF80040A0
:101DF000040AACF80040C4B2ACF80040140AACF8D5
:101E00000040D4B2ACF800402B24AEF800400C0ADD
:101E1000ACF80040CCB2101A591AACF800401C0AB9
:101E200001300131ACF80040DCB201FB00F2ACF84B
:101E300000402C24AEF800402AB3029840F2710111
:101E4000C2F2000101EB4000B0F80700042A02F0E2
:101E500003010BD322F00302043AACF80000ACF803
:101E60000000ACF80000ACF80000F5D1002908BF74
:101E700010BD0129ACF8000005D00229ACF8000023
:101E800018BFACF8000010BD10B540F2000C4FF0C8
:101E9000C04E2A24C6F2020CAEF80040040AACF888
:101EA0000040C4B2ACF80040140AACF80040D4B210
:101EB000ACF800402B24AEF800400C0AACF800400F
:101EC000CCB2101A591AACF800401C0A013001318A
:101ED000ACF80040DCB201FB00F2ACF800402C246E
:101EE000AEF80040EAB10298042A02F003010BD3D5
:101EF00022F00302043AACF80000ACF80000ACF8A1
:101F00000000ACF80000F5D1002908BF10BD012980
:101F1000ACF8000005D00229ACF8000018BFACF8FE
:101F2000000010BD2DE9F04140F22C16C2F200066F
:101F300006F10E043779757996F80880022808BFF3
:101F400006F11004B4F800E006F10A04022808BF04
:101F500006F10C0440F2000C20884FF0C0442A2601
:101F6000C6F2020C2680160AACF80060D6B23A44DB
:101F7000013AACF80060160AD2B2ACF80060ACF8D6
:101F800000202B2222801A0AACF80020DAB2ACF82A
:101F90000020EA18130AD2B2ACF80030ACF80020E6
:101FA0002C225FEAC873228002D1424647E000BF7C
:101FB00011F8012B82B353B2002B734648BF03467E
:101FC000ACF800305306734648BF0346ACF8003007
:101FD0009306734648BF0346ACF80030D3067346F9
:101FE00048BF0346ACF800301307734648BF0346AA
:101FF000ACF800305307734648BF0346ACF80030D6
:102000009307734648BF0346D2070246ACF8003038
:1020100008BF72460FE000BF7246ACF800E0ACF8B3
:1020200000E0ACF800E0ACF800E0ACF800E0ACF8A0
:1020300000E0ACF800E0ACF80020A8F101025FFA83
:1020400088F3012B08BFBDE8F08100BF0B78002B9F
:1020500064D05CB2002C744648BF0446ACF8004023
:102060005C06744648BF0446ACF800409C067446C3
:1020700048BF0446ACF80040DC06744648BF04463E
:10208000ACF800401C07744648BF0446ACF800405A
:102090005C07744648BF0446ACF800409C07744691
:1020A00048BF0446DB070346ACF8004008BF734650
:1020B000ACF800304B78002B44D05CB2002C744656
:1020C00048BF0446ACF800405C06744648BF04466E
:1020D000ACF800409C06744648BF0446ACF800408B
:1020E000DC06744648BF0446ACF800401C07744642
:1020F00048BF0446ACF800405C07744648BF04463D
:10210000ACF800409C07744648BF0446DB07034612
:10211000ACF8004008BF734623E000BF7346ACF83C
:1021200000E0ACF800E0ACF800E0ACF800E0ACF89F
:1021300000E0ACF800E0ACF800E0ACF800304B7820
:10214000002BBAD17346ACF800E0ACF800E0ACF874
:1021500000E0ACF800E0ACF800E0ACF800E0ACF86F
:1021600000E0023AACF80030130601F102017FF4FE
:102170006DAFBDE8F08100002DE9F04F8FB001EBAD
:10218000410544F2DA7140F27108C0F60101C2F271
:1021900000080DF1600C01EB450608EB45059CE8D5
:1021A0001016002808BF05F11706377930787578C2
:1021B000F1789E46737996F802B00E900491411A18
:1021C000E81BCDE908750D90ABEB03000292CDE959
:1021D0000B03CAB198F80660032E019600F2BC8288
:1021E000CDF80CE0DFE806F0022A162098F800008F
:1021F0000F46B8F80410E046012804BFA1EB090817
:10220000A1EB0C09022026E000200F460190614658
:102210004A4628E0B8F804000F46A0EB0908A0EBF6
:102220000C09012017E000BFB8F804000F46A0EB2E
:102230000908A0EB0C0900200DE000BF98F8000091
:102240000F46B8F80410E046012804BFA1EB0908C6
:10225000A1EB0C09032001F065F9DDF80CE0514613
:10226000C24622464C464FF0C0452A2600202E800A
:10227000A6B2C6F20200360A0680E6B206801FFA4F
:102280008AF6360A06805FFA8AF606802B262E80AA
:10229000160A0680D6B206800E0A0680CEB20680E6
:1022A0002C262E808D1A0D9A39024FEA02280B9A9D
:1022B000AAEB040705F1010C1202BEF1010F07F1B0
:1022C000010A1FFA8CF705D8002600230D96CDE9E8
:1022D0000A360AE073464FF0010E01267F080D967C
:1022E0002EEA05069E460A960B9792FBF7F2089C8B
:1022F000079298FBF7F2069291FBF7F205921EF017
:10230000FD02B2FA82F20E994FEA5217049A08BF00
:102310001146099B08BF23460C9A08BF9346CAF38F
:102320000B124FEA0B241B020902002A0AF00F0AC3
:1023300000F09681561E0C9602F003060896961E33
:1023400004960992033A039209E000BF00220D921D
:102350000E994C4643465FEA0C4200F0F0810E9124
:1023600001F478464FF4FC6101EA53120899D6460D
:10237000C4F3C4253244DDF824A0A146984602EBFC
:10238000050B00296AD0A0F800B0A0F800B0A0F8B2
:1023900000B0A0F800B0A0F800B0A0F800B0A0F81D
:1023A00000B0A0F800B0A0F800B0A0F800B0A0F80D
:1023B00000B0A0F800B0A0F800B0A0F800B0A0F8FD
:1023C00000B0A0F800B0DDF830A0012946D0A0F898
:1023D00000B0A0F800B0A0F800B0A0F800B0A0F8DD
:1023E00000B0A0F800B0A0F800B0A0F800B0A0F8CD
:1023F00000B0A0F800B0A0F800B0A0F800B0A0F8BD
:1024000000B0A0F800B0A0F800B0A0F800B0DDF86F
:1024100010A0022922D0A0F800B0A0F800B0A0F8C7
:1024200000B0A0F800B0A0F800B0A0F800B0A0F88C
:1024300000B0A0F800B0A0F800B0A0F800B0A0F87C
:1024400000B0A0F800B0A0F800B0A0F800B0A0F86C
:1024500000B0A0F800B0DDF80CA000BF0C99032973
:10246000C0F08680AAF1040A5FEA0A42A0F800B030
:10247000A0F800B0A0F800B0A0F800B0A0F800B03C
:10248000A0F800B0A0F800B0A0F800B0A0F800B02C
:10249000A0F800B0A0F800B0A0F800B0A0F800B01C
:1024A000A0F800B0A0F800B0A0F800B0A0F800B00C
:1024B000A0F800B0A0F800B0A0F800B0A0F800B0FC
:1024C000A0F800B0A0F800B0A0F800B0A0F800B0EC
:1024D000A0F800B0A0F800B0A0F800B0A0F800B0DC
:1024E000A0F800B0A0F800B0A0F800B0A0F800B0CC
:1024F000A0F800B0A0F800B0A0F800B0A0F800B0BC
:10250000A0F800B0A0F800B0A0F800B0A0F800B0AB
:10251000A0F800B0A0F800B0A0F800B0A0F800B09B
:10252000A0F800B0A0F800B0A0F800B0A0F800B08B
:10253000A0F800B0A0F800B0A0F800B0A0F800B07B
:10254000A0F800B0A0F800B0A0F800B0A0F800B06B
:10255000A0F800B0A0F800B0A0F800B0A0F800B05B
:10256000A0F800B0A0F800B0A0F800B07FF47AAFF7
:10257000F246BEF1000F47D0BAF1010FA0F800B04B
:1025800042D0BAF1020FA0F800B03DD0BAF1030F6B
:10259000A0F800B038D0BAF1040FA0F800B033D0E2
:1025A000BAF1050FA0F800B02ED0BAF1060FA0F8CE
:1025B00000B029D0BAF1070FA0F800B024D0BAF1CA
:1025C000080FA0F800B01FD0BAF1090FA0F800B0B2
:1025D0001AD0BAF10A0FA0F800B015D0BAF10B0F5B
:1025E000A0F800B010D0BAF10C0FA0F800B00BD0DA
:1025F000BAF10D0FA0F800B006D0BAF10E0FA0F896
:1026000000B018BFA0F800B0ACF1010C0D9A0B9E01
:102610001FFA8CF5B2FA82F2751B4FEA521218BFFC
:1026200001252A43FDB2B5FA85F508BF6F090A995D
:102630000A43012A7FF48AAE3A064C46434607D045
:10264000059A0E991144069A1344079A144482E697
:10265000059A0E99891A069A9B1A079AA41A7AE67D
:10266000BAF1000F6BD00A9A002A79D04FF4FC68B7
:1026700009E000BF059A891A069A9B1A079AA41ABC
:102680005FEA0C425BD001F4784208EA5316C4F3C7
:10269000C42532442A44BAF1010F028034D0BAF181
:1026A000020F028030D0BAF1030F02802CD0BAF1B1
:1026B000040F028028D0BAF1050F028024D0BAF1AD
:1026C000060F028020D0BAF1070F02801CD0BAF1A9
:1026D000080F028018D0BAF1090F028014D0BAF1A5
:1026E0000A0F028010D0BAF10B0F02800CD0BAF1A1
:1026F0000C0F028008D0BAF10D0F028004D0BAF19D
:102700000E0F028018BF0280ACF1010C0B9D1FFA66
:102710008CF2FEB295423A46B6FA86F608BF7209C6
:10272000BEF1020F28BF17463A06A3D0059A1144FE
:10273000069A1344079A14445FEA0C42A3D1029804
:1027400030B101980FB0BDE8F04F00F0EBBE00BF14
:102750000FB0BDE8F08F00BF0F465146E24680E55E
:102760004FF4FC6E06E000BF00270D975FEA0C47B0
:102770001746E4D001F478420EEA5316C4F3C42598
:1027800032442A44BAF1010F028035D0BAF1020F67
:10279000028031D0BAF1030F02802DD0BAF1040FBC
:1027A000028029D0BAF1050F028025D0BAF1060FB8
:1027B000028021D0BAF1070F02801DD0BAF1080FB4
:1027C000028019D0BAF1090F028015D0BAF10A0FB0
:1027D000028011D0BAF10B0F02800DD0BAF10C0FAC
:1027E000028009D0BAF10D0F028005D0BAF10E0FA8
:1027F000028018BF028000BF0D9AACF1010C0B9D46
:10280000B2FA82F21FFA8CF65209AE1B18BF0126EB
:102810003243FAB2B2FA82F63A4608BF7209A3D03E
:102820003F0607D0059F3944069F3B44079F3C4421
:102830009CE700BF059FC91B069FDB1B079FE41B8E
:1028400094E700002DE9F04F03AF9DB047F8500C1E
:10285000B86940F22C16C2F2000647F8340C96F81C
:102860003D0047E90A3147F8780C96F84100337982
:10287000717947F8480C08204FF0080A47F8382CBF
:1028800047F8581C47F8541C5FFA8AF29A4215D24E
:1028900002F1080A5FFA8AF29A420FD202F1080A9C
:1028A0005FFA8AF29A4209D20832D5B29D4250FAB2
:1028B00082FAE9D3924647F8205C01E047F8202CE1
:1028C00057F8582C501CC1B20B2000EB810020F0AF
:1028D0000700ADEB000BDD460020CBF800004BF805
:1028E0002100B06A47F8741C47F81C0CF06AD6F84F
:1028F000388047F8180C306B47F87C3C47F8140CCC
:10290000706BC3F1200C47F8300C57F8500C0028BE
:10291000104618BF581CC3B2072000EB830020F0FC
:102920000700ADEB0005AD46ADEB0009CD46ADEBC4
:1029300000018D46B6F812E01C3645CE022B286009
:10294000C9F8002047F83C1C0E6047E91195C0F01B
:10295000298157F8500C2C46002808BF8046022BCE
:10296000A3F1010047F84C8C04D10126C00740F0C8
:10297000BE8017E147E9190C20F0010047F82C0C44
:102980004FF4803000EB084C4FF00008002647F869
:102990005CBC2DE0586857F81C1CD9F8042000EBEB
:1029A000010B606857F8181CBBF57F4F084457F8B7
:1029B000141C0A444FF47F41A8BF8B46B0F57F4FEB
:1029C000A8BF0846B2F57F4FA8BF0A46A06057F8D7
:1029D0002C0CC3F808B0C9F80820023657F85CBCC4
:1029E00057E9119408F10808B0420CF5003C79D081
:1029F00057F8245C57F83CBC042D21461ED151F8F1
:102A0000080057F81C2C5BF80830841859F80800A7
:102A100057F8182CB4F57F4F024457F8140C18449B
:102A20004FF47F43A8BF1C46B2F57F4FA8BF1A469C
:102A3000B0F57F4FA8BF184621E000BF052D09D390
:102A400057F8300CB0EB2C4F02DD062DD7D001E04B
:102A5000052DD4D051F8080057F81C2C57F8184C05
:102A6000801A59F808205BF80830121B57F8144CEC
:102A700022EAE2721B1B20EAE07423EAE37001EB16
:102A800008035C6009EB08040BEB0809042D626085
:102A9000C9F804003FF47EAF052D0FD357F8301C62
:102AA0000CF58030B1EB204F04DD062D3FF472AF02
:102AB00004E000BF052D3FF46DAF00BF586857F824
:102AC0001C1C6268401A57F8181CD9F80450521A96
:102AD00057F8141C20EAE07B6D1A22EAE27025EA1E
:102AE000E57273E757E9190C0136C0075AD057F859
:102AF000240C042822D16FF0030000EB86016058FB
:102B000057F81C2C57F83C5C104459F801206B58BE
:102B100057F8181CB0F57F4F114457F8142CA046F5
:102B200013444FF47F42A8BF1046B1F57F4FA8BFB2
:102B30001146B3F57F4FB8BF1A462DE0052811D3D3
:102B400057F84C0C57F8301C304400B2814205DD78
:102B500057F8240C0628CED004E000BF57F8240C08
:102B60000528C8D06FF0030000EB8600215857F805
:102B70001C2C57F83C5C891A59F8002057F8183C6F
:102B80002858D21A57F8143CA046C31A21EAE1701B
:102B900022EAE27123EAE37248F8260049F8261097
:102BA00045F8262057F8480C4FF0FF31404347F8CE
:102BB000180C57F87C0C01FA0CFC072846D857F87B
:102BC000380C57F8742C0078032A0CEA0061CBF813
:102BD0000410C0F0B781010657F87C0C0125AAEB60
:102BE000000857F8380C4FF0000A00F101090220E4
:102BF000022412E019F8010B2546010621FA0AF019
:102C00001044E3B2013457F8746C00EA0C02E0B2ED
:102C1000B0424BF8232080F095810AEB080357F867
:102C2000202C5FFA83FA57F87C6CA2EB0A02B245BB
:102C300001FA02F2DED902EA0C014BF82010981BCF
:102C4000AC1CB2405FFA80FAD4E700BF08280FD16D
:102C500057F8741C022998BF0221481E0239032923
:102C600000F0030C42D20123BCF1000F5ED169E1F8
:102C70000F287BD8AAEB000857F8380C4FF0010951
:102C80004FF0000A002501E08946981C417802783F
:102C9000090451EA02625FFA8AF122FA01F101EABB
:102CA0000C0118BF0D4409F1010157F8746CCCB246
:102CB00003465FFA89F0B4424BF8205080F042811D
:102CC000C24457F8205C5FFA8AF057F87C6C2D1AE2
:102CD000B04202FA05F5D7D905EA0C004BF82400FA
:102CE00009F10209AAEB060AB540CEE720F0030875
:102CF00057F8380C002200BF8618835C7478B178CE
:102D0000F6780BEB820504321B062406090636060C
:102D10009045C5E90134E9602E61EDD1531C1044A2
:102D200047F8380CBCF1000F00F00C8157F8380C54
:102D3000BCF1010F01784FEA01614BF8231000F05C
:102D4000018157F8380C0BEB83024178BCF1020F7C
:102D50004FEA0161516000F0F58057F8380C817836
:102D600009060BEB83008160ECE000BF10280DD159
:102D700057F8741C022998BF0221481E0239032902
:102D800000F0030C46D2012374E000BF172800F2C4
:102D90009780AAEB000857F8380C4FF001094FF064
:102DA000000A002502E000BF8946D81C427801785D
:102DB0008478120442EA016151EA04225FFA8AF13E
:102DC00022FA01F101EA0C0118BF0D4409F10101D9
:102DD00057F8746CCCB203465FFA89F0B4424BF8F2
:102DE000205080F0AF80C24457F8205C5FFA8AF030
:102DF00057F87C6C2D1AB04202FA05F5D4D905EAD1
:102E00000C004BF8240009F10209AAEB060AB540B0
:102E1000CBE700BF57F8385C20F0030800202B46B2
:102E200005EB40067478994615F81030F2782404C2
:102E3000B17844EA036A73793579120442EA016190
:102E40001A04F37942EA0562B5790BEB80041B049E
:102E500043EA0563C4F804A057F8385C083404302A
:102E60000EC4804506F10803DAD109F10801431CBC
:102E700047F8381CBCF1000F64D057F8380CBCF18F
:102E8000010F417802784FEA014141EA02614BF8B3
:102E9000231057D057F8380CBCF1020FC178827854
:102EA0004FEA014141EA02610BEB8302516049D0D4
:102EB00057F8380C41790279090441EA026150E778
:102EC00018283FD057F87C0C1F283BD857F87C0CAB
:102ED0004FF00109AAEB000857F8380C4FF0000A30
:102EE000002501E09146181D01685FFA8AF209BACF
:102EF00021FA02F202EA0C02002918BF154409F176
:102F0000010257F8746CD4B203465FFA89F0B442F8
:102F10004BF8205016D2C24457F8205C5FFA8AF072
:102F200057F87C6C2D1AB04201FA05F5DAD905EA9A
:102F30000C004BF8240009F10209AAEB060AB5407F
:102F4000D1E700BF57F8786C002E00F08B8157F85E
:102F500048CC57F8281C57F8580CA1EB0C0189B243
:102F6000841C57F87C0C47F8301CACF1010147F881
:102F70001C1C57F8181C02300CFB00F801F0030071
:102F800047F8340C881EBB6947F8580CC81E47F830
:102F9000600C0020A3EB0C054B1E47F8700C5FFA89
:102FA00088F0002247F8140CD8B2C6F2020247F8A3
:102FB000380C4FF0000900204FF0000A47F8543C4D
:102FC00047F84C0C1AE000BF57F8700C4FEA400964
:102FD00057F8740C0021984288BF0121032B4FF051
:102FE000000388BF012357F84C0C1940013C0844EA
:102FF0002106654447F84C0C00F07882E1B20229C2
:1030000047F8644C47F86C1C12D3DBF800305BF8CF
:10301000048F032E4FEA530047F8700C47F85CBC4E
:1030200018D0052E08D0042E16D128F001010DE08D
:1030300047F85CBC12E000BF43EA080323F0010636
:1030400046EA930357F848CC43EA580149EA010994
:1030500002E000BF49EA980957F870ACA9B2080A23
:1030600047F8200CE8B247F8240C57F81C0C29EA62
:103070000A0910FA85F1080A47F8280CC8B200239B
:10308000002147F8685C47F82C0C0CE0634457F8C3
:10309000140CDCB24FEA4A0A4FEA4909844201F1B2
:1030A000010180F0BD80BAF1FF3F4BDDB9F1FF3F78
:1030B000ECDC4FF0C0462A20308057F8300C50FA34
:1030C00083F4250A1580E5B2158057F81C0C0444DA
:1030D000250AE4B22B2015801480308057F8200C8C
:1030E000108057F8240C108057F8280C108057F8DF
:1030F0002C0C10802C20308057F8340C57F8184CCA
:1031000078B1A2F800E057F8544C012809D0A2F891
:1031100000E057F8584C02281CBFA2F800E057F80E
:10312000604C57F8380C0328B0D300BF043C250688
:10313000A2F800E0A2F800E0A2F800E0A2F800E0A7
:10314000F4D1A3E74FF0C0462A20308057F8300C66
:1031500050FA83F4250A1580E5B2158057F81C0C47
:103160000444250AE4B22B2015801480308057F8DF
:10317000200C108057F8240C108057F8280C108071
:1031800057F82C0C10802C20308057F8504C57F8F2
:103190004C0C002C0C4608BF044657F8405C57F80E
:1031A000446CE4B257F83C0C55F8245056F82460AF
:1031B00050F824404FF4FC6005F4784500EA5616B8
:1031C00057F8340C3544C4F3C42457F818BC05EB45
:1031D000040878B1A2F8008057F854BC012809D03F
:1031E000A2F8008057F858BC02281CBFA2F8008043
:1031F00057F860BC57F8380C57F848CC0328FFF450
:1032000045AF00BFABF1040B5FEA0B64A2F800808E
:10321000A2F80080A2F80080A2F80080F2D135E781
:1032200057F8786C57F8644C052E0FD057F85CBCF3
:1032300057E91B35022E3FF4C7AE012E7FF4C8AE0E
:1032400057F8700C4FEA5009C2E600BF57F8701CDF
:1032500057F85CBC480040EA510057E91B3540EA8A
:103260000109B5E657F8486C57F87C0C721E47F810
:10327000142C57F8182C0021531E02F0030E951E33
:10328000033A06FB00F8C6F2020147F8602C002260
:103290004FF0C04CD8B247F8385C47F84C2C47F890
:1032A000303C47F82C0C21E057F8342C57F8544C9C
:1032B000324457F8583C47F8342CE2B293424FF06E
:1032C000000388BF0123022A4FF0000288BF0122B9
:1032D000013C1A40230657F84C3C57F85CBC134499
:1032E00047F8544C47F84C3C00F000815BF8049FD1
:1032F000B9F1000F47F85CBCD6D057F8343C9AB20D
:10330000100A57F8142C47F81C0CD8B212FA83F2A2
:1033100057F8503C47F8200C100A002B5FFA82FA4D
:1033200047F8240C70D000244FF0000BB9F1FF3F98
:103330005CDC2A22ACF8002057F8282CBEF1000FE4
:1033400052FA8BF24FEA12230B80D3B20B8057F85C
:10335000143C1A444FEA1223D2B20B800A804FF079
:103360002B02ACF8002057F81C0C4FF02C02088000
:1033700057F8200C088057F8240C0880A1F800A00A
:10338000ACF8002057F8402C57F8443C57F83C5C08
:1033900052F8242053F8243055F824504FF4FC60A0
:1033A00002F4784200EA53131A44C5F3C4231A44C2
:1033B00057F8183C0ED00A8057F8303CBEF1010F88
:1033C00008D00A8057F8383CBEF1020F1CBF0A80B3
:1033D00057F8603C57F82C0C032807D3043B1D0614
:1033E0000A800A800A800A80F8D100BFB3445FFADD
:1033F0008BF25FFA88F39A42BFF456AF5FEA49094D
:1034000004F1010492D14FE757F84C2CD4B20022BA
:10341000B9F1FF3F5CDC2A23ACF8003057F8283CB8
:10342000BEF1000F53FA82F34FEA13260E80DEB28C
:103430000E8057F8145C2B444FEA1326DBB20E8043
:103440000B804FF02B03ACF8003057F81C0C4FF0FA
:103450002C03088057F8200C088057F8240C0880AB
:10346000A1F800A0ACF8003057F8445C57F8403C95
:1034700055F8246057F83C5C53F8243055F8245034
:103480004FF4FC6003F4784300EA56163344C5F366
:10349000C42557F8186C2B440ED00B8057F8306CAD
:1034A000BEF1010F08D00B8057F8386CBEF1020F47
:1034B0001CBF0B8057F8606C57F82C0C032807D3FF
:1034C000043E35060B800B800B800B80F8D100BFCB
:1034D00057F8486C5FFA88F53244D3B2AB42BFF478
:1034E000E3AE5FEA490993D1DEE600BF57F8500C1E
:1034F00098B157F87C2C57F8400C57F8441C57F8F3
:103500003C3C50F8220051F8221053F8222040F29F
:103510002C13C2F200031C3307C3A7F10C04A54609
:10352000BDE8F08F4FF0C04136220A8040F27101B1
:103530000428C2F2000107D244F61812C0F60102B4
:1035400032F8100003E000BF02208871E82000225A
:10355000C6F202021080887940F2DF12022840F29F
:103560003F1038BF40F23F1238BF40F2DF104A80B0
:10357000888070472DE9F04F03AF91B040F22C1CCA
:10358000C2F2000C47E90C309CF83D009CF804A006
:103590009CF805E09CF8413047F84C0C08200825C1
:1035A00047F8282C5FFA85F9D14514D209F10805AE
:1035B0005FFA85F9D1450ED209F108055FFA85F960
:1035C000D14508D209F108025FFA82F9D14550FAD3
:1035D00082F5E7D315460EF101005FFA80F80B2063
:1035E00000EB880020F0070047F8143CADEB000327
:1035F0009D4657F82C6C00200CF11202022E0CF1A3
:103600000A04186043F8280008BF0CF11402022EC7
:1036100008BF0CF10C04CAF120004FF0FF3C1688E3
:103620002488BAF1070F0CFA00F247E9072A47E9A4
:103630000E3E4FD80878B8F1030F02EA006247F84F
:10364000208C5A60C0F0EC81A5EB0A02000647F816
:10365000242C01F1010B01254FF000080221022268
:1036600028E000BF534657F81CAC57F8382C0EEA38
:103670000A0042F82100ACEB0300AA1C0EFA03FE7C
:103680005FFA80F81BF8010B1546000620FA08F1D6
:1036900071445FFA82FE013257F8203C01EA0A0CBD
:1036A000D1B2994257F8383C57F818AC43F82EC0BD
:1036B00080F0B68157F8243C08EB030C5FFA8CF8D5
:1036C000A9EB0803D04500FA03FECBD857F81CAC91
:1036D000D8E700BFBAF1080F12D1B8F1020F98BFB6
:1036E0004FF00208A8F10100A8F10202032A00F03D
:1036F000030C51D20120BCF1000F71D190E100BF49
:10370000BAF10F0F00F28A80A5EB0A004FF0000C0F
:103710004FF0010E4FF0000B47F8200C10E000BFF7
:1037200057F81C3C57F8382C0CEA030042F82500E7
:103730001A460EF1020EABEB0A0B0CFA0AFC023130
:1037400048780B78000450EA03605FFA8BF320FAA4
:1037500003F303EA020318BF9C4457F8382C5FFABE
:103760008EFA0EF10103DDB242F82AC057F818AC08
:10377000454580F0558157F8202C93445FFA8BF231
:10378000A9EB020C524500FA0CFCC9D857F81C2CC6
:103790009E460231D4E700BF57F838AC20F0030E44
:1037A000002300BFCD5CCA184FEA0568557892F82F
:1037B0000290D2780AEB830004332D064FEA0969A0
:1037C00012069E45C0E90185C0F80C900261E9D15E
:1037D00057F818AC581C1944BCF1000F00F02081B8
:1037E0000A7857F8383C1206BCF1010F43F8202044
:1037F00000F016814A7857F8383C120603EB800334
:10380000BCF1020F5A6000F00B818978090657F865
:10381000382C02EB8000816002E100BFBAF1100F8A
:103820000ED1B8F1020F98BF4FF00208A8F10100C5
:10383000A8F10202032A00F003054FD2012086E01E
:10384000BAF1170F47F8208C00F2A080A5EB0A0808
:103850004FF0000C4FF0010E4FF0000B10E000BFD6
:1038600057F81C3C57F8382C0CEA030042F82500A6
:103870001A460EF1020EABEB0A0B0CFA0AFC0331EE
:103880004B7808788D781B0443EA006050EA0520E5
:103890005FFA8BF320FA03F303EA020318BF9C4498
:1038A0000EF1010357F8202CDDB2954257F8382C61
:1038B0005FFA8EFA42F82AC057F818AC80F0B08050
:1038C000C3445FFA8BF2A9EB020C524500FA0CFCE0
:1038D000C6D857F81C2C9E460331D1E720F00300D0
:1038E00047F8180C00200A4647F81C5C904601EB8C
:1038F0004002D37892F8029092F805E0557892F859
:1039000004C01B0411F810B043EA09694FEA0E43E2
:103910002D0443EA0C6CD37945EA0B6B57F8385CFD
:1039200092F806E01B0405EB800543EA0E63C5E947
:1039300003C357F8183C0430834202F10802C5E97A
:1039400001B9D3D157F81C5C08F108010130002DF2
:1039500066D04A780B78120442EA036257F8383C82
:10396000012D43F820205BD0CA788B78120442EAFC
:10397000036257F8383C022D03EB80035A604FD0A6
:103980004A790979120442EA016140E7BAF1180F55
:1039900046D0BAF11F0F43D857F81C2CA5EB0A08E4
:1039A0004FF0000C4FF0010E4FF0000B10E000BF85
:1039B00057F81C3C57F8382C0CEA030042F8250055
:1039C0001A460EF1020EABEB0A0B0CFA0AFC04319C
:1039D00008685FFA8BF300BA20FA03F3134000285B
:1039E00018BF9C440EF1010357F8202CDDB295421C
:1039F00057F8382C5FFA8EFA42F82AC057F818ACFC
:103A00000ED2C3445FFA8BF2A9EB020C524500FAC6
:103A10000CFCCDD857F81C2C9E460431D8E700BFCB
:103A200057F84CCC57F8148C0021C6F20201BCF1B7
:103A3000000FA8F1010047F8440C00F0958157F8F9
:103A4000340C57F8303C851C0AF1020008FB00F2E8
:103A500057F8280CA3EB0803A0EB080080B247F846
:103A6000280C08EB080047F8300C404447F8340CA9
:103A700000EB080900205FFA82FE4FF0000B0022E5
:103A800047F83C3C47F8482C0DE000BF57F8482C5D
:103A90004FEA420B013D2A0657F83C2C424447F8B6
:103AA0003C2C00F02582EAB2022A47F8405C23D37E
:103AB00057F8380CBCF1030F036850F8042F47F88F
:103AC000380C4FEA530013D0BCF1050F06D0BCF1FF
:103AD000040F0FD122F0010207E000BF134323F0CF
:103AE000010545EA930343EA52024BEA020B01E067
:103AF0004BEA920B47F8480C57F83C3C2BEA000B7A
:103B00009AB2120A47F8182CDAB247F81C2C57F868
:103B1000442C4FF0000C12FA83F2130AD2B247F889
:103B2000203C47F8242C07E057F8148CD4445FFA63
:103B30008CF2724580F0FC80B0F1FF3F08DDBBF1F4
:103B4000FF3F1FDD40004FEA4B0BC246EEE700BFD0
:103B50004FF0000A4200B2F1FF3F2DDC8200B2F1CB
:103B6000FF3F31DCC200B2F1FF3F33DC00014FEA1E
:103B70000B1BB0F1FF3FCA44ECDD57F82C2C9ABB6D
:103B8000D4E700BF4FF0000A4FEA4B02B2F1FF3F0B
:103B900076DC4FEA8B02B2F1FF3F75DC4FEACB02D5
:103BA000B2F1FF3F74DC4FEA0B1B0001BBF1FF3F9A
:103BB000CA44E9DD71E000BF4FEA4B0BC244104636
:103BC00057F82C2C82B9B1E757F8300C4FEA8B0B21
:103BD00004E000BF57F8340C4FEACB0B8244104688
:103BE00057F82C2C002AA1D04FF0C0452A222A8059
:103BF00057F8282C52FA8CF2130A0B80D3B252FADF
:103C00008AF2013A0B80130AD2B20B800A802B226F
:103C10002A8057F8182C08FB0AF30A8057F81C2C46
:103C200013F003080A8057F8202C0A8057F8242C38
:103C30000A804FF02C022A80A3F1010210D0B8F1C3
:103C4000010F15460C8006D0B8F1020F0C801ABF88
:103C50000C80DD1E9D1ED2B2032A06D264E700BF8F
:103C60001D46D2B2032AFFF45FAF57F8148C00BF91
:103C7000043D2A060C800C800C800C80F8D155E79E
:103C80004000C24408E000BF57F8303C800002E02A
:103C900057F8343CC0009A4493464FF0C0452A225E
:103CA0002A8057F8282C52FA8CF2130A0B80D3B2D0
:103CB00052FA8AF2013A0B80130AD2B20B800A80C0
:103CC0002B222A8057F8182C08FB0AF30A8057F891
:103CD0001C2CA3F101080A8057F8202C0A8057F801
:103CE000242C0A802C222A8013F0030210D0012AEF
:103CF00045460E8005D0022A0E801ABF0E80DD1EBA
:103D00009D1E5FFA88F2032AFFF40EAF06E000BFA3
:103D10001D465FFA88F2032AFFF406AF57F8148CA9
:103D2000043D2A060E800E800E800E80F8D1FDE63E
:103D300057F84CCC57F8405CBCF1050F0CD0BCF1E7
:103D4000020F3FF4A3AEBCF1010F7FF4A3AE57F80E
:103D5000482C4FEA520B9DE657F8483C5A0042EA7D
:103D6000530242EA030B95E608EB080208FB0AF04F
:103D700047F83C2C424402EB0806C0B247F8402CFE
:103D800047F82C0C0DE000BF57F8342C013A47F8E7
:103D9000342C120657F8302C424447F8302C00F0EF
:103DA000A78057F8382C52F8049FB9F1000F47F854
:103DB000382CE9D057F8303C9AB2120A47F8182C40
:103DC000DAB247F81C2C57F8442C12FA83F2130A83
:103DD00047F8203CD2B2002347F8242CB9F1FF3F2A
:103DE00004DD4FEA4909C24678E000BF4FF0000AFF
:103DF0004FEA4902B2F1FF3F10DC4FEA8902B2F10B
:103E0000FF3F0DDC4FEAC902B2F1FF3F0CDC4FEA85
:103E10000919B9F1FF3FB244EADD09E0C24406E006
:103E200057F83C5C02E000BF57F8405CAA4491465A
:103E30004FF0C0402A22028057F8282C08FB0AFEC7
:103E400052FA83F2150A0D80D5B252FA8AF2013A7B
:103E50000D80150AD2B20D800A802B22028057F8FD
:103E6000182C1EF003080A8057F81C2CAEF1010C28
:103E70000A8057F8202C0A8057F8242C0A804FF02B
:103E80002C02028016D0B8F1010FE3460C8008D056
:103E9000B8F1020F0C801ABF0C80AEF1030BAEF12B
:103EA000020B5FFA8CF2032A09D257F8148C57F8E8
:103EB0002C0C13E0F3465FFA8CF2032AF5D357F883
:103EC000148C57F82C0C00BFABF1040B5FEA0B62AB
:103ED0000C800C800C800C80F6D100BF5344DAB209
:103EE0008242BFF451AFB9F1000F7FF477AF4BE7D7
:103EF000A7F10C04A546BDE8F08F00002DE9F04FB6
:103F000095B01E9E1C46042B139098BF0424022ECD
:103F1000A4F1020098BF0226B04238BF0646A14273
:103F20004FF001001191C0F0A28140F27101119F88
:103F3000C2F200014B882744013F9F4200F2978163
:103F4000A2424FF00200C0F092818B881719013F06
:103F50009F4200F28C81DDE91F300731119F31F85B
:103F600010000A92013AA4EB06097D1E099231F86D
:103F7000132007901FFA89F00895C4F1010AC9F1CE
:103F800001084FF0000B4FF0FF350B904FF0000C85
:103F90000020002600270192CDE90E00CDE90C009B
:103FA00014940DE0139810F0FD0F00F0CB804FF04B
:103FB000000E1498013814900006704600F05681E7
:103FC0005FEA0C6118D04FF0010C5FEA0B6118BF7B
:103FD000BCF1000F3ED140EA070109065AD0F9B200
:103FE000B1FA81F14B09C1B2B1FA81F14FEA511E28
:103FF000F1B255FA89F278E05FFA8BF155FA84F262
:104000008A42E0DD0FFA8AF10BF1010B621EB1F179
:10401000FF3F5FFA8BF1D3B2C4BFAAEB430A144649
:104020000AEB41020FFA82FABAF1000FE4D4119AB6
:104030004FF0000C521A0F92089A0A440E92E2B204
:10404000914228BF4FF0010C5FEA0B6118BFBCF131
:10405000000FC0D0119AE1B2521A0F92089A0AEBDF
:10406000410152FA84F20E925FFA8BF2A1EB420107
:10407000BE460FB253000137BB427746D4BFAAEB0E
:1040800042010134ABF1010B8A4640EA07010906FF
:10409000A5D100BFF1B255FA89F28A4222DD0FFAAA
:1040A00088F10136A9F10102B1F1FF3FF1B2D3B2BB
:1040B000C4BFA8EB4308914608EB41020FFA82F80F
:1040C000B8F1000FE6D4119BCA431A440D925A1856
:1040D0000C925FFA89F291424FF0010E54D2002700
:1040E00057E000BF01234FF0010E002B3B4618BFE5
:1040F00001238A42D8BF1F46310649D0F9B20129AF
:1041000046D1BEF1000F43D05FFA89F0119AC14346
:1041100011440D9152FA89F10C9108EB4000F1B273
:10412000A0EB410003B24A0001339A42D4BFA8EB8E
:10413000410009F10109013E012780464FF0010EBF
:1041400027E000BF0A990D980C9AC91A0130013A6C
:1041500089B2019D129380B292B20B4605900692ED
:104160000095CDF840C0FDF7A7FC0998129900957D
:10417000084481B2DDE905020B464FF0FF35FDF73B
:104180009BFCDDF840C012E701273106B6D100BF25
:1041900086461498C3B20B98984229D213980128E6
:1041A0003FF607AF09981293184481B20F980B4657
:1041B00085B20E98049582B22846079D0592009517
:1041C000CDF840C0CDF818E0FDF75EFE0A981299D0
:1041D0000095401A81B2DDE904020B464FF0FF352D
:1041E000FDF752FEDDF818E0DDF840C0E1E600BF63
:1041F000139801283FF6D6AE0A980697C01A85B2E2
:104200000F98079F81B20D98049182B20846294603
:1042100012932B4605920097CDF840C0FDF734FE6F
:104220000C982B4681B20E98029182B2084629461C
:1042300003920097FDF728FE09981299059A084401
:1042400085B2049829462B460097FDF71DFE02987B
:10425000039A29462B464FF0FF350097FDF714FED1
:10426000129B069FDDF840C09CE600BF002015B001
:10427000BDE8F08F2DE9F04F8FB08E46DDE91817BD
:10428000032B4FF003054FF0030688BF1D4603299B
:1042900088BF0E46012F4FF0010198BF0F46AE4573
:1042A000C0F0438140F2710CC2F2000C0A90BCF8DD
:1042B00002000EEB0504013C844200F23681B2425A
:1042C0004FF00201C0F03181BCF804009419013CA8
:1042D000844200F22A813146B34298BF294602390E
:1042E00089B2AEF101038F4238BF39460593531EA0
:1042F0004FF0FF30069305FB05F406FB06F700EBD5
:104300004603DDF86C9003FB147A731A691A03F103
:104310000108013101FB01F500EB48010CEB4900FC
:10432000B0F8070008FB08FB0D943C4601FB15B7ED
:104330000490AEF10200DDF828C0019000204FF09B
:1043400000090E90CDE907E2CDE90B4506E000BF7C
:104350000C9D31B20029824640F3E68030B2012143
:104360000D9BA1EB40015943B1EB4A0F7ADA0FFAEA
:1043700088F1884278DA01293C464FF0FF3307DAAA
:1043800095E000BF0FFA88F00028274640F38F80A1
:104390000FFA89F04000013000FB0BF0B0EB470F43
:1043A00008DD09F101090FFA89F04000013000FB36
:1043B0000B7400E03C464FEA480189B2C1F10101AB
:1043C000780069438842DDDDA8F101081FFA88F012
:1043D00003EB400101FB1544B1B28142D2D1BCF1E3
:1043E000010F39D80E9D911BAEEB0500AEEB090213
:1043F0008FB2DDF8108080B292B239463B4603900E
:104400000992CDF80080FDF73FFD05993B4609EB89
:10441000010029448DB280B239462A460290CDF877
:104420000080FDF731FD0698099A304487B2039861
:1044300039463B46CDF80080FDF726FD0298394607
:104440002A463B46CDF80080FDF71EFDDDF828C06A
:10445000DDE907E24FF0FF331CF0FD0F42D0B0461C
:1044600025E000BF50462BE0BCF1010F1CD80E9B8D
:10447000911B059AAEEB03001A4495B289B21B9CBE
:1044800080B22A460B4609900094FDF7A7FC0698D7
:104490002A46304481B209980B460094FDF79EFCF1
:1044A000DDF828C0DDE907E23C464FF0FF33013E6E
:1044B00030B20D9903EB400000FB11A027460B9C86
:1044C0000E9D4FEA4A012BB25B00013363439942D0
:1044D000BFF63EAF013529B24900013101FB0400AE
:1044E0000E9535E7911B019AAEEB090001304A4465
:1044F00095B289B21FFA80F81A9F40462A460B46A9
:104500000097FDF755F906982A46304481B2404697
:104510000B460097FDF74CF9DDF828C0DDE907E20E
:104520004FF0FF33B046C2E7002108460FB0BDE8A8
:10453000F08F00002DE9F04F91B0DDE91B861D9F43
:10454000B8F1040F4FF0040B98BFD846042E88BF73
:10455000B346022F40F2710E98BF02270826082B9F
:1045600098BF3346C2F2000E5C1EBEF8023011FA4C
:1045700084F59D4204D9012011B0BDE8F08F00BF41
:104580001A9B082B88BF1E46013EBEF8043012FA63
:1045900086F9994504D9022011B0BDE8F08F00BF1B
:1045A000A3B20F90B0B2B8EB530F88BF4FEA5308D5
:1045B000BBEB500F88BF4FEA500B5846D84538BF69
:1045C0004046023883B29F4238BF3B460BEB0200A5
:1045D000ABEB0302541CA8EB0302DDF87CC00132F4
:1045E0000A90A9EB0B0002FB02F90EF107021093EF
:1045F00032F81C30099008FB08F007931E9B0C90C2
:104600000BFB0BF0DDF83CC00B904FF0FF3032F8A5
:10461000132000EB4B0604FB04FABCF1010F00EB86
:10462000440003921FD8089010980D960844013852
:1046300082B20A98079E87B209980E9183B2084603
:10464000394606930096FDF737FA1098069B281A0C
:10465000013080B2AAB2394600960D9EFDF72CFAC1
:104660000898DDE90E1CDDE90B3E1CF0FD0F06FB92
:104670001E3700FB19A6A5EB0800069014D10A9B73
:10468000109A1FFA83FC099B5018AA1A1E9D80B22B
:1046900092B29BB20E9161460095FDF789F806989B
:1046A000DDE90B3EDDE90E1C4144013800254FF0E9
:1046B00000080891029005E00FFA8BF100290746E7
:1046C00040F3E0800FFA8BF00121A1EB400101FBE8
:1046D0000EF1B1EB470F73DA21B28842109571DA0F
:1046E0000129354605DA8FE020B200282E4640F336
:1046F0008B800FFA88F04000013000FB0AF0B0EB2D
:10470000460F09DD08F101080FFA88F0400001307A
:1047100000FB0A6501E000BF3546610089B2C1F1C6
:104720000101700001FB09F18842DDDD013CA0B20E
:104730004FF0FF3101EB400101FB19551FFA8BF1DE
:104740008142D1D1BCF1010F35D80A99089A10984D
:10475000A1EB0B01101AA2EB08028CB2079E80B2EB
:1047600092B2214623460D900E920096FDF78CFBE7
:104770000699109A08EB0100114480B28AB22146D2
:104780002346049005920096FDF77EFB09980E9A49
:10479000584484B20D98214623460096FDF774FBD9
:1047A0000498059A214623460096FDF76DFBDDE946
:1047B0000B3EDDF83CC01CF0FD0F41D05C4623E011
:1047C00038462DE0BCF1010F1DD80A990898069AC9
:1047D000A1EB0B01401B2A4489B2079D80B292B223
:1047E0000B460D900E920095FDF74EFB0998009533
:1047F000584481B2DDE90D020B46FDF745FBDDE9CA
:104800000B3EDDF83CC03546ABF1010B0FFA8BF0E7
:104810004FF0FF3101EB400000FB1E702E46109D53
:104820002AB25200013279005A439142BFF644AF96
:10483000013529B24900013101FB03003CE700BF0B
:1048400008980A99A0EB0800029A0130A1EB0B012D
:10485000424489B284B2039E92B220460B460E9225
:104860000096FDF729F909980E9A584481B220461E
:104870000B460096FDF720F9DDE90B3EDDF83CC064
:104880005C46C1E7002011B0BDE8F08F2DE9F04F84
:104890008BB0032B0546D8BF032399424FF001008C
:1048A000C0F29D818A4640F27101C2F20001914638
:1048B0004A8803EB0A08A8F10107974200F38F81A9
:1048C00018B281454FF00200C0F289818A8803EB5B
:1048D000090BABF10107974200F38181C3F34E004E
:1048E00040F277324FF60077C4185A43C0F27F0780
:1048F0000DF1500E24B207EA920207319EE84050B3
:10490000B2FBF4F231F81E4009950394179C4FF660
:10491000FF7531F81410BCF1010F089107F5000183
:1049200001EA02210A91A6F10101029100F2AC8094
:10493000BCF1000F08BFA9EB030B00EB0901A9EBC9
:1049400000000FFA8BF2069206FA80F2059208BF79
:10495000084609B2891B0491BCF1000F08BF01256C
:10496000099E4FF0000984B2E046079522E000BF9F
:1049700002991FFA8BF50144089E8AB280B229463B
:104980002B460096FDF780FA1498BAB2381A013017
:1049900080B229462B460096FDF776FA099E079DC0
:1049A0001FFA8BF0A0421CBF09F10109AB44A042E1
:1049B00000F0148106980FFA8BF1401A48BF40426C
:1049C0000A9A00B25043149F00F500420FFA89F38F
:1049D000AAEB1240BB420AEB124705DBB8F1000F0D
:1049E0000ED0059A8A420EDD022ED9D0BAB21FFA35
:1049F0008BF1089F80B20B460097FDF75DF8CDE77D
:104A0000049A8A42F0DB022E32D0012EB0D0002E62
:104A1000C6D1DDF850801FFA8BF508FA80F10191BC
:104A20000139089E8AB280B229462B460096FDF7CE
:104A30002BFA38B2A0EB08080198404508DC039E29
:104A400080B21FFA88F229462B460096FDF734F80B
:104A500008F10100BAB2089F80B229462B460097A0
:104A6000FDF712FADDF85480079D099E98E700BF14
:104A7000149A39B202FA80F0891A884290DC8AB21C
:104A80001FFA8BF1039FB5E7BCF1020F08BFAAEB39
:104A9000030800EB0A01AAEB00000FFA88F2069265
:104AA00006FA80F2059208BF084609B2891B0491F4
:104AB000BCF1020F08BF0125099C00271FFA80FAEC
:104AC000B346079520E000BF02991FFA88F501441C
:104AD000089C8BB281B228462A460094FDF7D4F98F
:104AE000A6EB0B00013081B2B3B228462A460094EF
:104AF000FDF7CAF9099C079D1FFA88F050451CBFB5
:104B0000A8440137504569D006980FFA88F1401A39
:104B100048BF40420A9A00B2504300F5FE423BB201
:104B2000A9EB12405B4509EB12460BDA022CE3D0ED
:104B300081B21FFA88F0B3B2089E02460096FCF7D5
:104B4000BBFFD7E7159A022A04D1049A8A42EDDB0B
:104B500003E000BF059A8A42E8DC022C30D0012C29
:104B6000B2D0002CC8D10BFA80F1019101391FFAA3
:104B700088F5089C8BB281B228462A460094FDF73E
:104B800083F930B2A0EB0B0B0198584508DC039C6D
:104B900081B21FFA8BF328462A460094FCF78CFF5B
:104BA0000BF10100B3B2089E81B228462A46009656
:104BB000FDF76AF9DDF850B0079D099C9CE700BF3E
:104BC00031B20BFA80F0A1EB0B02904294DC81B27F
:104BD0001FFA88F0039E93B2AFE700BF00200BB02E
:104BE000BDE8F08F2DE9F04F83B0032B04D20325ED
:104BF000284603B0BDE8F08F0D9CB3EB440F15D9E8
:104C00000C9F0425032FF3D36600BE42F0D25E1E34
:104C100040F27103C2F200035D8811FA86FAAA45D8
:104C20000AD90125284603B0BDE8F08F03252846A0
:104C300003B0BDE8F08F00BF013F9B8812FA87F6F2
:104C40009E4205D90225284603B0BDE8F08F00BF7B
:104C500004EB020B0128A6EB040835D8CDF808B008
:104C6000029B0F9D013B1FFA8AFB9BB201900846F5
:104C7000894611465A460095FCF79AFD08F1010055
:104C8000B3B281B248465A460095FCF791FD04EB59
:104C90000900013882B202981FFA88F786B20F9D88
:104CA000484631463B460095FCF782FDAAEB0400DE
:104CB00001303B460F9F80B231465A460097FCF7C1
:104CC00077FDDDE9010B494610F0FD0F0CD10E9F79
:104CD0006018AAEB040180B28AB21FFA8BF11FFAA6
:104CE00088F30097FCF764FD0025284603B0BDE873
:104CF000F08F00002DE9F04F9DB01492DDE927E21E
:104D000040F27108BEF1040F98BF4FF0040E022A62
:104D100098BF02220727072B98BF3B46C2F2000824
:104D20000C46591EB8F8023014FA81F59D421290D3
:104D300004D901201DB0BDE8F08F00BF26980728D8
:104D400088BF0746781E149FB8F8043017FA80F71A
:104D50009F4203D902201DB0BDE8F08F02958EB2AC
:104D600085B2AE4238BF3546BEEB550F88BF4FEA1D
:104D7000550EAEF10206DDE92973964238BF324680
:104D8000049208F1070232F8175032F81320CDF8D8
:104D900044E00D925FEA0E62A0EB0E00DDF848E001
:104DA00007950390109400F08F81119D0498149A38
:104DB000A5EB0009E8B21C90601C0E900398491BFB
:104DC00010440F90681C0690481EC9F10108C5F1F7
:104DD000010A0C91059000204FF0FF362946002271
:104DE0004FF0000B0027CDE915221A92CDF84C9018
:104DF000CDE917221B920EE019991EF0FD0F00F06D
:104E0000CB8000260139C8B21C90002830464FF0F4
:104E1000FF3600F0598119911B99090636D00121FE
:104E2000DDF868C01B9139061CD01B99D1B1E9B2DD
:104E3000621A189254FA85F217920AEB4101FAB2FB
:104E4000A1EB42010EB253000136B342D8BFAAEB28
:104E50004201DDF868C04FF0FF36A7F101078A462E
:104E6000C8BF013540EA0C01090637D05FFA8CF162
:104E7000B1FA81F14B09C1B2B1FA81F14FF0FF32C1
:104E80004E095FFA8BF152FA89F255E0F9B256FAFF
:104E900085F28A42C3DD0FFA8AF101376A1EB1F149
:104EA000FF3FF9B2D3B2C4BFAAEB430A15460AEBDF
:104EB00041020FFA82FABAF1000FE7D4621A18928F
:104EC00062181792EAB291424FF0000128BF012107
:104ED000DDF868C01B913906A7D1C3E75FFA8BF1F3
:104EE00056FA89F28A4223DD0FFA88F10BF1010BA1
:104EF000A9F10102B1F1FF3F5FFA8BF1D3B2C4BF58
:104F0000A8EB4308914608EB41020FFA82F8B8F18A
:104F1000000FE3D4CA43224416920E9A01260A4493
:104F200015925FFA89F291425AD24FF0000C5EE07E
:104F3000DDF868C001230126002B634618BF01235A
:104F40008A42D8BF9C465FEA0B614FD05FFA8CF172
:104F500001294BD1002E49D05FFA89F0C143214489
:104F600016910E9908EB400051FA89F115915FFAFC
:104F70008BF1A0EB410003B24A0001339A42D4BF47
:104F8000A8EB410009F10109ABF1010B4FF0010C55
:104F9000804601262BE000BF069816991C9A08440B
:104FA0001499159B891A119A84B21144059A89B2F1
:104FB0001A44079E92B220460B460B920096FCF7CD
:104FC0007BFD0F981C990B9A084481B220460B4632
:104FD0000096FCF771FD1999DDF848E0109C10E788
:104FE0004FF0010C5FEA0B61B0D100BF06461C9880
:104FF000139980B289B28142CDF868C026D2BEF141
:10500000010F5FD814991C9B119A1898C91A104463
:1050100011440C9A179B89B21A440D9C80B292B22B
:105020000B460A900B920094FCF746FD0F981C99D2
:105030000094084481B2DDE90A020B46FCF73CFD0E
:10504000DDF848E0109C1999DCE600BFBEF1010FC5
:105050003FF6D2AE14991C9B119A1898C91A169B48
:10506000114410441A448EB20D9C80B292B2314663
:1050700033460A900B920094FCF706FF0C991598A2
:10508000179A0844114480B28AB2314633460890D8
:1050900009920094FCF7F8FE0F981C990B9A0844AB
:1050A00086B20A98314633460094FCF7EDFE089824
:1050B000099A314633460094FCF7E6FEDDF848E0F5
:1050C000109C99E619999DE6049F029DBEF1010F7F
:1050D00034D81198149B039A1844E1191A440139E1
:1050E00086B21FFA82F820460D9C8AB231464346AA
:1050F0000094FCF7E1FCE81B013080B2AAB2314613
:1051000043460094FCF7D8FCDDF848E0109C1EF004
:10511000FD0F16D11199149E039B38193144EA1BD7
:105120003344079F80B289B292B29BB20097FCF7DA
:10513000C3FC00201DB0BDE8F08F00BF1EF0FD0FC6
:10514000E8D000201DB0BDE8F08F00002DE9F04F41
:1051500085B01446022A064698BF0224A0424FF0AA
:10516000010074D340F27105C2F200056A88A719E4
:10517000013F97426BD8A1424FF0020067D3AA8843
:105180000F19013F974262D805EB4300B0F807B012
:10519000A6F1010804910139C4F101090023019627
:1051A000029120E0301BA1EB0A0104EB080285B25A
:1051B00097B289B228463A460B46CDF800B0FCF7C4
:1051C0007BFC029E3A4606EB0A0081B228460B465B
:1051D000CDF800B0FCF770FC4FF0FF3010FA84F00F
:1051E000039B504532DD01330FFA89F05FFA83FAF1
:1051F000611EB0F1FF3FC4BFA9EB41090C4609EBAA
:105200004A000FFA80F90499019EB9F1000F039347
:10521000C8D40499A6EB0A00091B08EB0A0287B25E
:1052200095B289B238462A460B46CDF800B0FCF755
:1052300043FC02982A46204481B238460B46CDF8FA
:1052400000B0FCF739FC0499ACE700BF002005B0C2
:10525000BDE8F08F2DE9F04F87B0022A4FF002042D
:1052600098BF2246022B864688BF1C4690424FF0CC
:1052700001007CD3894640F27101C2F200014B88E3
:105280000EEB0207013F9F4271D8A1454FF002008B
:105290006DD38B8809EB0407013F9F4267D81098B4
:1052A000AEF1010301EB40000693A9F10103B0F850
:1052B0000700059302FB02F34FF0FF3204FB04FCEE
:1052C00002EB4402039002FB13CBDDF80CA04FF07D
:1052D000000801250493CDF808C002E021048346AC
:1052E00044D0A0B2A5EB40005843B0EB4B0F29DAF5
:1052F000069AAEEB0800A9EB0401424486B297B2CD
:1053000089B230463A460B46CDF800A07546FCF708
:10531000D3FB05983A46204481B230460B46CDF87F
:1053200000A0FCF7C9FB013C049BA0B24FF0FF3189
:1053300001EB4000DDF808C000FB13B0AE460125CC
:1053400001E000BF58461FFA88F2520001324FEACE
:105350004B0102FB0CF29142C0DA08F101081FFA7E
:1053600088F14900013101FB0C00B7E7002007B0CC
:10537000BDE8F08F2DE9F04F85B0DDE90E7502260E
:10538000022F98BF3746022D40F2710E88BF2E467D
:105390000425042A98BF2A46C2F2000E541EBEF805
:1053A000022010FA84FA924504D9012005B0BDE824
:1053B000F08F00BF042B88BF1D46013DBEF80420BE
:1053C00011FA85F3934203D9022005B0BDE8F08FAE
:1053D000A2B2ACB2B7EB520F88BF57083A18B6EB7F
:1053E000540F88BF66080492AAEB0702DDF840C09C
:1053F000039272184FF0FF3107FB07FB06FB06F71D
:1054000001EB460101FB1B790EEB4C019B1BB1F834
:105410000780029291B201939BB21FFA8AF2CDF8F3
:1054200000C0FCF7C5F94FF0000A012304E000BFFB
:1054300031B20029814641DD30B2A3EB400000FBD0
:105440000BF0B0EB490F25DA04980299039AA0EB10
:105450000A00891B524484B295B289B220462A467A
:105460000B46CDF80080FCF727FB01982A46304414
:1054700081B220460B46CDF80080FCF71DFB013EB3
:1054800030B24FF0FF3101EB400000FB1B900123D5
:1054900001E000BF48460FFA8AF2520001324FEA9B
:1054A00049017A439142C3DA0AF1010A0FFA8AF1FB
:1054B0004900013101FB0700BAE700BF002005B039
:1054C000BDE8F08F2DE9F04F81B0032A0546D8BF23
:1054D000032290424FF00100C0F2858040F2710C2F
:1054E000C2F2000CBCF8026057190C46791EB1429A
:1054F00079DC10B284424FF0020074DBBCF804E0A7
:105500001619711E71456EDCC2F34E0E0EEB0201D0
:105510000FFA81F940F277314FF6007A0A98514339
:10552000C0F27F0A0AEA9101B1FBF9FB0CEB4001E2
:10553000B1F807900AF500004FF6FF78CEF10001B0
:10554000012B00EA0B2A27D8002B04BFA61A7146AC
:1055500008190FFA86FB87B2002B08BF4FF001082D
:1055600030B2BBEB000048BF404200B20AFB00F083
:1055700000F50040A5EB104105EB1042B4B288B233
:1055800092B221462346CDF80090FCF795FABC4232
:105590004644E5D126E000BF022B04BFAF1A714696
:1055A00048190FFA87FB86B2022B08BF4FF001089B
:1055B00038B2BBEB000048BF404200B20AFB00F02B
:1055C00000F5FE40A4EB104104EB1040BDB289B2DF
:1055D00083B228462A46CDF80090FCF76DFAB54212
:1055E0004744E5D1002001B0BDE8F08F2DE9F04738
:1055F00084460120D2FA50F540F27102C2F2000254
:1056000056881CFA85F4B44288BFBDE8F087D3FA07
:1056100050F0968811FA80F3B34284BF0220BDE8AF
:10562000F0871FFA80F900204FF0C04A2A26C6F200
:105630000200A7B2AAF800604FEA1C2606805FFAB3
:105640008CF63F0A06800780E7B207802B271FFAF7
:1056500085F89DB2AAF800700F0AC9B207800180D0
:10566000290A0180D9B2DDF820E001802C21AAF8B6
:10567000001008F1010109F101034B4302EB4E0157
:10568000B1F807101A0903F00F0C75D012F00304DB
:10569000A2F1010E2AD0012C734601800180018005
:1056A00001800180018001800180018001800180F2
:1056B0000180018001800180018018D0022C0180CE
:1056C00001800180018001800180018001800180D2
:1056D000018001800180018001800180018040F013
:1056E0008B80931EBEF1030F04D245E01346BEF13A
:1056F000030F41D3043B01800180018001800180C0
:105700000180018001800180018001800180018091
:105710000180018001800180018001800180018081
:105720000180018001800180018001800180018071
:105730000180018001800180018001800180018061
:105740000180018001800180018001800180018051
:105750000180018001800180018001800180018041
:105760000180018001800180018001800180018031
:10577000018001800180BDD1BCF1000F38D0BCF1A7
:10578000010F018034D0BCF1020F018030D0BCF198
:10579000030F01802CD0BCF1040F018028D0BCF194
:1057A000050F018024D0BCF1060F018020D0BCF190
:1057B000070F01801CD0BCF1080F018018D0BCF18C
:1057C000090F018014D0BCF10A0F018010D0BCF188
:1057D0000B0F01800CD0BCF10C0F018008D0BCF184
:1057E0000D0F018004D0BCF10E0F018018BF0180A5
:1057F0000020BDE8F08700BFD31E0180018001803A
:105800000180018001800180018001800180018090
:1058100001800180018001800180BEF1030FBFF48F
:1058200069AFA9E72DE9F04F87B0109E0527022E3A
:1058300098BF0226052B40F2710E98BF3B46052A01
:1058400088BF1746C2F2000E013FBEF8024010FAB0
:1058500087F5A54204D9012007B0BDE8F08F00BF4D
:105860005C1EBEF8042011FA84F3934204D902208E
:1058700007B0BDE8F08F00BFDDF844C0BAB2A4B2F3
:10588000A24238BF1446B6EB540F88BF66089B1B74
:105890000EEB4C023144B2F80780039189B20593B4
:1058A0009BB2AAB2C6F101070446CDF800C0FBF7CF
:1058B0007FFF30190290DDF80890A5EB060B4FF042
:1058C000000ACDF810B023E01FFA8AF00690A9EB89
:1058D0000600ABEB0A019346324484B295B289B21A
:1058E00020462A460B46CDF80080FCF7E5F80598DF
:1058F0002A46504481B220460B46CDF80080FCF782
:10590000DBF84FF0FF30069910FA86F088422DDD63
:1059100038B20AF1010A711EB0F1FF3FC4BFA7EB14
:1059200041070E4607EB4A0007B25A46DDF80CB0B5
:10593000002FC9D4049AA9EB0A00ABEB060152442C
:1059400084B295B289B220462A460B46CDF8008033
:10595000FCF7B2F805982A46304481B220460B463F
:10596000CDF80080FCF7A8F8049AADE7002007B056
:10597000BDE8F08FB0B540F2710CC2F2000CBCF87B
:10598000023000214FF0C04E2A22C6F20201BCF8BC
:105990000440AEF8002000221D0A0A800A800D8013
:1059A000DDB20D802B25AEF800500A800A80220A55
:1059B0000A80E2B20A802C22AEF800205A1C631C36
:1059C0000CEB40005343B0F807001A0903F00F0C2A
:1059D00076D012F00304A2F1010E2BD0012C7346F5
:1059E0000880088008800880088008800880088077
:1059F0000880088008800880088008800880088067
:105A000019D0022C0880088008800880088008804F
:105A10000880088008800880088008800880088046
:105A20000880088040F08A80931EBEF1030F05D2E3
:105A300046E000BF1346BEF1030F41D3043B08808C
:105A40000880088008800880088008800880088016
:105A50000880088008800880088008800880088006
:105A600008800880088008800880088008800880F6
:105A700008800880088008800880088008800880E6
:105A800008800880088008800880088008800880D6
:105A900008800880088008800880088008800880C6
:105AA00008800880088008800880088008800880B6
:105AB0000880088008800880088008800880BDD1A0
:105AC000BCF1000F39D0BCF1010F088035D0BCF11A
:105AD000020F088031D0BCF1030F08802DD0BCF13B
:105AE000040F088029D0BCF1050F088025D0BCF137
:105AF000060F088021D0BCF1070F08801DD0BCF133
:105B0000080F088019D0BCF1090F088015D0BCF12E
:105B10000A0F088011D0BCF10B0F08800DD0BCF12A
:105B20000C0F088008BFB0BDBCF10D0F088004D079
:105B3000BCF10E0F088018BF0880B0BDD31E0880CE
:105B40000880088008800880088008800880088015
:105B50000880088008800880088008800880BEF1DE
:105B6000030FBFF46BAFABE72DE9F04F89B040F204
:105B70007105C2F20005089169888246A88801F182
:105B80000109A979441C4846022938BF204681B240
:105B90000020002204F094FE68782B46012800F0D3
:105BA0002582002841F0DE8598790026C6F202069B
:105BB000022880F05D830120D9FA50F087B2390ABB
:105BC0005FFA80F90130079181B200F00F050809F2
:105BD00005904FF0FF3000EB11100690C1F301105B
:105BE00004906FF0010000EB111003906FF00200C1
:105BF000BAF1000F00EB11104FF0000A4FF0C0484F
:105C00004FF0000B029013D10BE100BF80B204F003
:105C100075FE0120FBF7ECF80BF1010B40F271036C
:105C20001FFA8BF0A1B2C2F20003884201F29A85FA
:105C300058888742A4EB0B00E8D8998882B28A4240
:105C4000E4D82A21A8F80010A6F800A0A6F800A021
:105C50000799C2B231802B21A6F80090A8F8001055
:105C6000C0F307213180328031802C213280A8F8A6
:105C7000001008990F2F03EB4101B1F80710C0F095
:105C80008180049B059ABBB33180318031803180A3
:105C9000318031803180318031803180318031807C
:105CA0003180318031803180069A012B24D03180BF
:105CB000318031803180318031803180318031805C
:105CC0003180318031803180318031803180039A60
:105CD000022B11D031803180318031803180318090
:105CE000318031803180318031803180318031802C
:105CF00031803180029A00BF069B032B42D300BF44
:105D0000043A31803180318031803180318031807E
:105D100031803180318031803180318031803180FB
:105D200031803180318031803180318031803180EB
:105D300031803180318031803180318031803180DB
:105D400031803180318031803180318031803180CB
:105D500031803180318031803180318031803180BB
:105D600031803180318031803180318031803180AB
:105D7000318031803180318031803180318031809B
:105D80003180BDD1002D3FF441AF012D31803FF472
:105D90003DAF022D31803FF439AF032D31803FF408
:105DA00035AF042D31803FF431AF052D31803FF404
:105DB0002DAF062D31803FF429AF072D31803FF400
:105DC00025AF082D31803FF421AF092D31803FF4FC
:105DD0001DAF0A2D31803FF419AF0B2D31803FF4F8
:105DE00015AF0C2D31803FF411AF0D2D31803FF4F4
:105DF0000DAF0E2D318018BF318007E71FFA8BF0F1
:105E000004F07CFD0120FAF7F3FF0BF1010B40F2E7
:105E100071031FFA8BF0A1B2C2F20003884201F2B3
:105E2000A18458888742E9D898881FFA8BF181426B
:105E3000E4D82A20A8F80000A6F800A0A6F800A040
:105E400007985FFA8BF130802B20A6F80090A8F815
:105E50000000CBF307203080318030802C2031804F
:105E6000A8F8000008980F2F03EB4000B0F80700D7
:105E7000C0F08080049A0599B2B3308030803080C1
:105E80003080308030803080308030803080308092
:105E9000308030803080308030800699012A23D0D5
:105EA0003080308030803080308030803080308072
:105EB0003080308030803080308030803080308062
:105EC0000399022A10D030803080308030803080BA
:105ED0003080308030803080308030803080308042
:105EE0003080308030800299069A032A42D300BF66
:105EF0000439308030803080308030803080308095
:105F00003080308030803080308030803080308011
:105F10003080308030803080308030803080308001
:105F200030803080308030803080308030803080F1
:105F300030803080308030803080308030803080E1
:105F400030803080308030803080308030803080D1
:105F500030803080308030803080308030803080C1
:105F600030803080308030803080308030803080B1
:105F70003080BDD1002D3FF441AF012D30803FF482
:105F80003DAF022D30803FF439AF032D30803FF418
:105F900035AF042D30803FF431AF052D30803FF414
:105FA0002DAF062D30803FF429AF072D30803FF410
:105FB00025AF082D30803FF421AF092D30803FF40C
:105FC0001DAF0A2D30803FF419AF0B2D30803FF408
:105FD00015AF0C2D30803FF411AF0D2D30803FF404
:105FE0000DAF0E2D308018BF308007E79879032859
:105FF00001F2B883DFE810F0040040056C0296035C
:106000000120D9FA50F087B2390A0791C1B20130A4
:10601000069181B200F00F08080904904FF0FF309C
:1060200000EB111005906FF0010000EB111000263D
:1060300003906FF00200C6F20206C1F30119BAF133
:10604000000F00EB11104FF0000A029001F0688180
:106050004FF0C0454FF0000B12E000BF80B204F0DB
:106060004DFC0120FAF7C4FE0BF1010B40F2710365
:106070001FFA8BF0A1B2C2F20003884201F27283D0
:1060800058888742A4EB0B00E8D8998882B28A42EC
:10609000E4D82A212980A6F800A0A6F800A0079934
:1060A000C2B2318006990F2F31804FF02B01298029
:1060B000C0F307213180328031804FF02C013280D3
:1060C0002980089903EB4101B1F80710C0F08480E2
:1060D000049AB9F1000F39D031803180318031809C
:1060E0003180318031803180318031803180318028
:1060F0003180318031803180059A4B46B9F1010FF2
:1061000024D03180318031803180318031803180C4
:1061100031803180318031803180318031803180F7
:106120003180039A022B11D031803180318031804F
:1061300031803180318031803180318031803180D7
:106140003180318031803180029A00BF059B032B62
:1061500042D300BF043A31803180318031803180B8
:1061600031803180318031803180318031803180A7
:106170003180318031803180318031803180318097
:106180003180318031803180318031803180318087
:106190003180318031803180318031803180318077
:1061A0003180318031803180318031803180318067
:1061B0003180318031803180318031803180318057
:1061C0003180318031803180318031803180318047
:1061D000318031803180BDD1B8F1000F3FF43EAF46
:1061E000B8F1010F31803FF439AFB8F1020F3180BF
:1061F0003FF434AFB8F1030F31803FF42FAFB8F163
:10620000040F31803FF42AAFB8F1050F31803FF41D
:1062100025AFB8F1060F31803FF420AFB8F1070F7A
:1062200031803FF41BAFB8F1080F31803FF416AF57
:10623000B8F1090F31803FF411AFB8F10A0F318086
:106240003FF40CAFB8F10B0F31803FF407AFB8F15A
:106250000C0F31803FF402AFB8F10D0F31803FF4E5
:10626000FDAEB8F10E0F318018BF3180F6E600BFE9
:106270000120D4FA50F084B2210A0791C1B2013052
:10628000069181B200F00F08080904904FF0FF302A
:1062900000EB111005906FF0010000EB111003905E
:1062A0006FF00200C1F30117BAF1000F00EB1110FB
:1062B000029000F01B854FF0000A4FF0C0454FF0F0
:1062C000000B11E004F01AFB0120FAF791FD0BF12D
:1062D000010B40F271031FFA8BF01FFA89F1C2F231
:1062E0000003884201F23E82A9EB0B015A8888B272
:1062F0009042E7D89A889442E4D82A222A80C1F3AF
:106300000722C9B232803180328031802B2129802E
:10631000A6F800A0A6F800A007990F2C31800699D6
:1063200031804FF02C012980089903EB4101B1F82D
:106330000710C0F08180049AC7B33180318031806A
:1063400031803180318031803180318031803180C5
:1063500031803180318031803180059A3B46012F78
:1063600024D0318031803180318031803180318062
:106370003180318031803180318031803180318095
:106380003180039A022B11D03180318031803180ED
:106390003180318031803180318031803180318075
:1063A0003180318031803180029A00BF059B032B00
:1063B00042D300BF043A3180318031803180318056
:1063C0003180318031803180318031803180318045
:1063D0003180318031803180318031803180318035
:1063E0003180318031803180318031803180318025
:1063F0003180318031803180318031803180318015
:106400003180318031803180318031803180318004
:1064100031803180318031803180318031803180F4
:1064200031803180318031803180318031803180E4
:10643000318031803180BDD1B8F1000F3FF442AFDF
:10644000B8F1010F31803FF43DAFB8F1020F318058
:106450003FF438AFB8F1030F31803FF433AFB8F1F8
:10646000040F31803FF42EAFB8F1050F31803FF4B7
:1064700029AFB8F1060F31803FF424AFB8F1070F10
:1064800031803FF41FAFB8F1080F31803FF41AAFED
:10649000B8F1090F31803FF415AFB8F10A0F318020
:1064A0003FF410AFB8F10B0F31803FF40BAFB8F1F0
:1064B0000C0F31803FF406AFB8F10D0F31803FF47F
:1064C00001AFB8F10E0F318018BF3180FAE600BF7E
:1064D0000120D4FA50F084B2210A0791C1B20130F0
:1064E000069181B200F00F05080904904FF0FF30CB
:1064F00000EB11100590C1F3011003906FF0010043
:1065000000EB1110002602906FF00200C6F20206A6
:10651000BAF1000F00EB1110019000F0F7844FF07A
:10652000000A4FF0C0482A274FF0000B14E000BFCC
:106530001FFA8BF004F0E2F90120FAF759FC0BF195
:10654000010B40F271031FFA8BF01FFA89F1C2F2BE
:106550000003884201F20681A9EB0B00598882B240
:106560008A42E5D899888C42E2D8C0F30721C0B2AC
:10657000A8F8007031803080318030802B20A8F85E
:106580000000A6F800A0A6F800A007980F2C308005
:10659000069830804FF02C00A8F80000089803EB14
:1065A0004000B0F80700C0F08180039A0499BAB3A4
:1065B000308030803080308030803080308030805B
:1065C000308030803080308030803080308030804B
:1065D0000599012A24D0308030803080308030808E
:1065E000308030803080308030803080308030802B
:1065F0003080308030800299022A11D03080308083
:10660000308030803080308030803080308030800A
:10661000308030803080308030803080019900BF01
:10662000059A032A42D300BF04393080308030807D
:1066300030803080308030803080308030803080DA
:1066400030803080308030803080308030803080CA
:1066500030803080308030803080308030803080BA
:1066600030803080308030803080308030803080AA
:10667000308030803080308030803080308030809A
:10668000308030803080308030803080308030808A
:10669000308030803080308030803080308030807A
:1066A00030803080308030803080BDD1002D3FF48C
:1066B0003FAF012D30803FF43BAF022D30803FF4DF
:1066C00037AF032D30803FF433AF042D30803FF4DB
:1066D0002FAF052D30803FF42BAF062D30803FF4D7
:1066E00027AF072D30803FF423AF082D30803FF4D3
:1066F0001FAF092D30803FF41BAF0A2D30803FF4CF
:1067000017AF0B2D30803FF413AF0C2D30803FF4CA
:106710000FAF0D2D30803FF40BAF0E2D308018BF22
:10672000308005E70120D4FA50F084B2210A0791A5
:10673000C1B20130069181B200F00F060809049041
:106740004FF0FF3000EB111005906FF0010000EBEF
:10675000111003906FF00200C1F30117BAF1000F9E
:1067600000EB1110029000F0D98440F200084FF0C5
:10677000000AC6F202084FF0C0454FF0000B11E0CE
:1067800004F0BCF80120FAF733FB0BF1010B40F2E7
:1067900071031FFA8BF01FFA89F1C2F200038842DD
:1067A00000F2E087A9EB0B015A8888B29042E7D843
:1067B0009A889442E4D82A222A80C1F30722C9B2D7
:1067C000A8F80020A8F80010A8F80020A8F80010E9
:1067D0002B212980A8F800A0A8F800A007990F2C69
:1067E000A8F800100699A8F800104FF02C01298095
:1067F000089903EB4101B1F80710C0F0F280049A48
:10680000002F67D0A8F80010A8F80010A8F8001012
:10681000A8F80010A8F80010A8F80010A8F80010B8
:10682000A8F80010A8F80010A8F80010A8F80010A8
:10683000A8F80010A8F80010A8F80010A8F8001098
:10684000A8F80010059A3B46012F43D0A8F8001085
:10685000A8F80010A8F80010A8F80010A8F8001078
:10686000A8F80010A8F80010A8F80010A8F8001068
:10687000A8F80010A8F80010A8F80010A8F8001058
:10688000A8F80010A8F80010A8F80010039A022B2E
:1068900020D0A8F80010A8F80010A8F80010A8F858
:1068A0000010A8F80010A8F80010A8F80010A8F828
:1068B0000010A8F80010A8F80010A8F80010A8F818
:1068C0000010A8F80010A8F80010A8F80010A8F808
:1068D0000010029A059B032BC0F08380043AA8F8AD
:1068E0000010A8F80010A8F80010A8F80010A8F8E8
:1068F0000010A8F80010A8F80010A8F80010A8F8D8
:106900000010A8F80010A8F80010A8F80010A8F8C7
:106910000010A8F80010A8F80010A8F80010A8F8B7
:106920000010A8F80010A8F80010A8F80010A8F8A7
:106930000010A8F80010A8F80010A8F80010A8F897
:106940000010A8F80010A8F80010A8F80010A8F887
:106950000010A8F80010A8F80010A8F80010A8F877
:106960000010A8F80010A8F80010A8F80010A8F867
:106970000010A8F80010A8F80010A8F80010A8F857
:106980000010A8F80010A8F80010A8F80010A8F847
:106990000010A8F80010A8F80010A8F80010A8F837
:1069A0000010A8F80010A8F80010A8F80010A8F827
:1069B0000010A8F80010A8F80010A8F80010A8F817
:1069C0000010A8F80010A8F80010A8F80010A8F807
:1069D0000010A8F80010A8F80010A8F800107FF424
:1069E0007DAF002E3FF4CCAE012EA8F800103FF48E
:1069F000C7AE022EA8F800103FF4C2AE032EA8F8CE
:106A000000103FF4BDAE042EA8F800103FF4B8AE5D
:106A1000052EA8F800103FF4B3AE062EA8F800101B
:106A20003FF4AEAE072EA8F800103FF4A9AE082E32
:106A3000A8F800103FF4A4AE092EA8F800103FF407
:106A40009FAE0A2EA8F800103FF49AAE0B2EA8F8BD
:106A500000103FF495AE0C2EA8F800103FF490AE55
:106A60000D2EA8F800103FF48BAE0E2EA8F80010E3
:106A700018BFA8F8001083E60120D9FA50F087B2B9
:106A8000390A0791C1B20130069181B200F00F09B5
:106A9000080904904FF0FF3000EB11100590C1F38E
:106AA000011003906FF0010000EB1110002602901E
:106AB0006FF00200C6F20206BAF1000F00EB1110EF
:106AC000019000F03B854FF0000A4FF0C0482A25A6
:106AD0004FF0000B13E000BF1FFA8BF003F00EFF26
:106AE0000120FAF785F90BF1010B40F271031FFA4F
:106AF0008BF0A1B2C2F20003884200F233865888BC
:106B00008742E9D8A4EB0B00998882B28A42E3D885
:106B1000A8F80050A6F800A0A6F800A007990F2F2B
:106B20003180069931804FF02B01A8F80010C0F396
:106B30000721C0B231803080318030804FF02C008E
:106B4000A8F80000089803EB4000B0F80700C0F078
:106B50008180039A0499BAB33080308030803080CD
:106B600030803080308030803080308030803080A5
:106B700030803080308030800599012A24D03080E8
:106B80003080308030803080308030803080308085
:106B9000308030803080308030803080308002998A
:106BA000022A11D0308030803080308030803080B8
:106BB0003080308030803080308030803080308055
:106BC00030803080019900BF059A032A42D300BF6C
:106BD00004393080308030803080308030803080A8
:106BE0003080308030803080308030803080308025
:106BF0003080308030803080308030803080308015
:106C00003080308030803080308030803080308004
:106C100030803080308030803080308030803080F4
:106C200030803080308030803080308030803080E4
:106C300030803080308030803080308030803080D4
:106C400030803080308030803080308030803080C4
:106C50003080BDD1B9F1000F3FF43EAFB9F1010F63
:106C600030803FF439AFB9F1020F30803FF434AFD8
:106C7000B9F1030F30803FF42FAFB9F1040F30802A
:106C80003FF42AAFB9F1050F30803FF425AFB9F1D9
:106C9000060F30803FF420AFB9F1070F30803FF48A
:106CA0001BAFB9F1080F30803FF416AFB9F1090FEF
:106CB00030803FF411AFB9F10A0F30803FF40CAFD0
:106CC000B9F10B0F30803FF407AFB9F10C0F3080F2
:106CD0003FF402AFB9F10D0F30803FF4FDAEB9F1D2
:106CE0000E0F308018BF3080F6E600BF4FF0000B6B
:106CF0004FF0C0454FF0000A14E000BF1FFA8AF0C1
:106D000003F0FCFD0120FAF773F80AF1010A40F2E2
:106D100071031FFA8AF01FFA89F1C2F20003884258
:106D200000F22085AAF10100598882B28A42E5D892
:106D300099888C42E2D82A212980C0F30721C0B269
:106D400031803080318030802B202880A6F800B040
:106D5000A6F800B007980F2C3080069830804FF0CE
:106D60002C002880089803EB4000B0F80700C0F022
:106D700081800499C7B3308030803080308030808B
:106D80003080308030803080308030803080308083
:106D900030803080308005993A46012F24D03080F1
:106DA0003080308030803080308030803080308063
:106DB0003080308030803080308030803080039967
:106DC000022A11D030803080308030803080308096
:106DD0003080308030803080308030803080308033
:106DE00030803080029900BF059A032A42D300BF49
:106DF0000439308030803080308030803080308086
:106E00003080308030803080308030803080308002
:106E100030803080308030803080308030803080F2
:106E200030803080308030803080308030803080E2
:106E300030803080308030803080308030803080D2
:106E400030803080308030803080308030803080C2
:106E500030803080308030803080308030803080B2
:106E600030803080308030803080308030803080A2
:106E70003080BDD1B8F1000F3FF440AFB8F1010F41
:106E800030803FF43BAFB8F1020F30803FF436AFB3
:106E9000B8F1030F30803FF431AFB8F1040F308008
:106EA0003FF42CAFB8F1050F30803FF427AFB8F1B5
:106EB000060F30803FF422AFB8F1070F30803FF467
:106EC0001DAFB8F1080F30803FF418AFB8F1090FCB
:106ED00030803FF413AFB8F10A0F30803FF40EAFAB
:106EE000B8F10B0F30803FF409AFB8F10C0F3080D0
:106EF0003FF404AFB8F10D0F30803FF4FFAEB8F1AE
:106F00000E0F308018BF3080F8E600BF4FF0000B46
:106F10004FF0C04A4FF0000819E000BFA9EB08008D
:106F200080B227462C461FFA89F503F0E7FC0120C2
:106F3000F9F75EFF08F1010840F271031FFA88F0CB
:106F4000C2F20003A84225463C4600F20B84A8F199
:106F50000100598882B28A42E0D899888C42DDD8F3
:106F60002A21AAF80010C0F30721C0B23180308076
:106F7000318030802B20AAF80000A6F800B0A6F8D7
:106F800000B007980F2C3080069830804FF02C000E
:106F9000AAF80000089803EB4000B0F80700C0F022
:106FA0008180039A0499BAB3308030803080308079
:106FB0003080308030803080308030803080308051
:106FC00030803080308030800599012A24D0308094
:106FD0003080308030803080308030803080308031
:106FE0003080308030803080308030803080029936
:106FF000022A11D030803080308030803080308064
:107000003080308030803080308030803080308000
:1070100030803080019900BF059A032A42D300BF17
:107020000439308030803080308030803080308053
:1070300030803080308030803080308030803080D0
:1070400030803080308030803080308030803080C0
:1070500030803080308030803080308030803080B0
:1070600030803080308030803080308030803080A0
:107070003080308030803080308030803080308090
:107080003080308030803080308030803080308080
:107090003080308030803080308030803080308070
:1070A0003080BDD1002D3FF439AF012D30803FF449
:1070B00035AF022D30803FF431AF032D30803FF4E7
:1070C0002DAF042D30803FF429AF052D30803FF4E3
:1070D00025AF062D30803FF421AF072D30803FF4DF
:1070E0001DAF082D30803FF419AF092D30803FF4DB
:1070F00015AF0A2D30803FF411AF0B2D30803FF4D7
:107100000DAF0C2D30803FF409AF0D2D30803FF4D2
:1071100005AF0E2D308018BF3080FFE600254FF000
:107120000008C6F202054FF0C04A4FF0000B11E014
:1071300003F0E4FB0120F9F75BFE0BF1010B40F2D9
:1071400071031FFA8BF01FFA89F1C2F20003884223
:1071500000F2088359881FFA8BF08842E8D8998892
:107160008C42E5D82A21AAF80010CBF307215FFA58
:107170008BF229802A8029802B212A80AAF80010EE
:10718000A5F80080A5F8008007990F2C29800699A2
:1071900029804FF02C01AAF80010089903EB410157
:1071A000B1F80710C0F08080049ABFB3298029800D
:1071B0002980298029802980298029802980298087
:1071C000298029802980298029802980059A3B46A9
:1071D000012F23D029802980298029802980298096
:1071E0002980298029802980298029802980298057
:1071F00029802980039A022B10D029802980298098
:107200002980298029802980298029802980298036
:1072100029802980298029802980029A059B032BB7
:1072200042D300BF043A29802980298029802980FF
:107230002980298029802980298029802980298006
:1072400029802980298029802980298029802980F6
:1072500029802980298029802980298029802980E6
:1072600029802980298029802980298029802980D6
:1072700029802980298029802980298029802980C6
:1072800029802980298029802980298029802980B6
:1072900029802980298029802980298029802980A6
:1072A000298029802980BDD1002E3FF441AF012ED5
:1072B00029803FF43DAF022E29803FF439AF032EE1
:1072C00029803FF435AF042E29803FF431AF052EDD
:1072D00029803FF42DAF062E29803FF429AF072ED9
:1072E00029803FF425AF082E29803FF421AF092ED5
:1072F00029803FF41DAF0A2E29803FF419AF0B2ED1
:1073000029803FF415AF0C2E29803FF411AF0D2ECC
:1073100029803FF40DAF0E2E298018BF298007E782
:107320004FF0C04B00250FE0A8B203F0E7FA0120B0
:10733000F9F75EFD013540F27103A8B2A1B2C2F2C5
:107340000003884200F20E8258888742ECD8681EFB
:10735000998882B28A42E7D82A21ABF80010A6F8B1
:1073600000A0A6F800A007990F2F31800699318060
:107370004FF02B01ABF80010C0F30721C0B23180F1
:107380003080318030804FF02C00ABF8000008983E
:1073900003EB4000B0F80700C0F084800499B9F115
:1073A000000F39D0308030803080308030803080A5
:1073B000308030803080308030803080308030804D
:1073C0003080308005994A46B9F1010F24D03080D1
:1073D000308030803080308030803080308030802D
:1073E0003080308030803080308030803080039931
:1073F000022A11D030803080308030803080308060
:1074000030803080308030803080308030803080FC
:1074100030803080029900BF059A032A42D300BF12
:10742000043930803080308030803080308030804F
:1074300030803080308030803080308030803080CC
:1074400030803080308030803080308030803080BC
:1074500030803080308030803080308030803080AC
:10746000308030803080308030803080308030809C
:10747000308030803080308030803080308030808C
:10748000308030803080308030803080308030807C
:10749000308030803080308030803080308030806C
:1074A0003080BDD1B8F1000F3FF43EAFB8F1010F0D
:1074B00030803FF439AFB8F1020F30803FF434AF81
:1074C000B8F1030F30803FF42FAFB8F1040F3080D4
:1074D0003FF42AAFB8F1050F30803FF425AFB8F183
:1074E000060F30803FF420AFB8F1070F30803FF433
:1074F0001BAFB8F1080F30803FF416AFB8F1090F99
:1075000030803FF411AFB8F10A0F30803FF40CAF78
:10751000B8F10B0F30803FF407AFB8F10C0F30809B
:107520003FF402AFB8F10D0F30803FF4FDAEB8F17B
:107530000E0F308018BF3080F6E600BF4FF0000B12
:107540004FF0C04A4FF0000814E000BFA4EB080061
:1075500080B2A5B203F0D2F90120F9F749FC08F195
:10756000010840F271031FFA88F0C2F20003A8423A
:1075700000F2F88058888742E8D8A8F1010099887D
:1075800082B28A42E2D82A21AAF80010A6F800B0F6
:10759000A6F800B007990F2F3180069931804FF07F
:1075A0002B01AAF80010C0F30721C0B2318030804F
:1075B000318030804FF02C00AAF80000089803EBCF
:1075C0004000B0F80700C0F08180039A0499BAB374
:1075D000308030803080308030803080308030802B
:1075E000308030803080308030803080308030801B
:1075F0000599012A24D0308030803080308030805E
:1076000030803080308030803080308030803080FA
:107610003080308030800299022A11D03080308052
:1076200030803080308030803080308030803080DA
:10763000308030803080308030803080019900BFD1
:10764000059A032A42D300BF04393080308030804D
:1076500030803080308030803080308030803080AA
:10766000308030803080308030803080308030809A
:10767000308030803080308030803080308030808A
:10768000308030803080308030803080308030807A
:10769000308030803080308030803080308030806A
:1076A000308030803080308030803080308030805A
:1076B000308030803080308030803080308030804A
:1076C00030803080308030803080BDD1B9F1000F03
:1076D0003FF43CAFB9F1010F30803FF437AFB9F15F
:1076E000020F30803FF432AFB9F1030F30803FF426
:1076F0002DAFB9F1040F30803FF428AFB9F1050F79
:1077000030803FF423AFB9F1060F30803FF41EAF55
:10771000B9F1070F30803FF419AFB9F1080F30808D
:107720003FF414AFB9F1090F30803FF40FAFB9F156
:107730000A0F30803FF40AAFB9F10B0F30803FF4ED
:1077400005AFB9F10C0F30803FF400AFB9F10D0F68
:1077500030803FF4FBAEB9F10E0F308018BF30809F
:10776000F4E600BF002009B0BDE8F04F03F0C6B852
:10777000B0B54FF0010CD3FA5CF440F27103C2F2E1
:1077800000035D8811FA84F4AC4288BFB0BD049D4B
:107790009B88D5FA5CF512FA85F59D4200D9B0BDFB
:1077A000DDE905EC079BCDE90412A9B2A4B207916B
:1077B000714662460694BDE8B040FAF7DDBC0000B1
:1077C00010B584B040F2710CC2F2000CBCF802E0BB
:1077D000BCF804C00024CDE90044CDE902ECFAF77E
:1077E000CBFC04B010BD00002DE9F04F86B040F294
:1077F000710BC2F2000BBBF8026084B2B646B44211
:1078000038BFA646BBF8045089B2B24238BF16460C
:10781000A942AC4638BF8C46AB42B7B238BF1D4612
:10782000AEEB060A4FF0FF30BC424FF0FF341FFAB8
:1078300085F9039738BF0124049438BFA6EB0E0ADC
:10784000494538BF012005900F98ACEB05080BEBBC
:10785000400038BFA5EB0C08B0F807005FEA0A410A
:10786000CDF8008036D05FEA084140F20001C6F250
:107870000201CDF804A077D01FFA88F21FFA8AF32C
:10788000934240F0BD804FF0C0424FF02A082B25B4
:107890002C2600BF0FFA8EF73F125FFA8EF3A2F884
:1078A00000800F800B800F800B800FFA8CF31F126B
:1078B0005FFA8CF44B4515800F800C800F800C8094
:1078C0001680088000F0E281049B9E44059B9C4446
:1078D000E0E700BF1FFA8EF4A24232461FFA8CF78F
:1078E00040F2000138BF724638BFB6461FFA8EF626
:1078F000BB422B464FF0C0484FF02A07C6F20201A8
:1079000094B238BF634638BFAC46A8F80070360A58
:107910005FFA8EF70E800F80270A0F80D2B21FFA0F
:107920008CF5009F0A802B22A8F800202A0A1FFA53
:1079300083F90A805FFA8CF20A804FEA19220A80E2
:10794000DAB20A807A1C2C2312F00302A8F8003065
:1079500000F0E280012A088040F0E4807A1EBBB289
:10796000032B80F0E98091E11FFA8EF4A2423246A7
:107970001FFA8CF738BF724638BFB6461FFA8EF62C
:10798000BB422B464FF0C0484FF02A071FFA82FB3C
:1079900038BF634638BFAC46A8F80070360A5FFAB5
:1079A0008EF70E800F804FEA1B27D2B21FFA8CF59C
:1079B0000F800A802B22A8F800202A0A1FFA83F9D8
:1079C0000A805FFA8CF20A804FEA19220A80DAB242
:1079D0000A800AF101022C2312F00302A8F80030F9
:1079E00000F04681012A088040F05481DDF804A0AF
:1079F000AAF101021FFA8AF3032B80F03F8145E1CF
:107A00004FF0000680F0A280A6EB52027346654656
:107A10004FF0000AF4070FFA8CFB03D1CB4501D0DD
:107A2000019F56E04FF0C0482A24A8F800401CB23D
:107A30002412DBB22EB20C800B800C800B802B2327
:107A4000A8F800305E45EBB21EDA340A0C800B80D9
:107A5000ABF101031C0ADBB20C800B802C23A8F8CD
:107A60000030ACEB050313F00307A3F101051ED0B2
:107A7000012F2E4608801BD0022F08801ABF0880D5
:107A8000DE1E9E1E14E000BF0BF10104270AE4B2C3
:107A90000F800C80340A0C800B802C23A8F8003057
:107AA000A5EB0C0313F00307A3F10105E0D11E467B
:107AB000ABB2DDE90087032B7346654609D300BFEF
:107AC000043E33040880088008800880F8D173469B
:107AD00065465FEA0A6440F0D980ABEB0904B4FA6A
:107AE00084F44FEA541A059C3A44A44414B2B4F105
:107AF000FF3F4FF00006C8BF0126049FC8BFBE4429
:107B0000B4F1FF3FC8BFA2EB0802F4070FFA8CFBE9
:107B10003FF484AF86E700BF3A46BBB2032B0BD2DB
:107B2000B4E000BF022A08801ABF0880FA1EBA1EFD
:107B3000BBB2032BC0F0AA8093B2043A032B088097
:107B4000088008800880F7D1A0E000BFA6EB5302B0
:107B50004FF0C047F146654600230293F3070FFA42
:107B60008EFB02D1039B9B4561D10FFA89F32EB2A4
:107B70002A243612EDB25B455FFA89F84FF0C04A0D
:107B80003C8017DA1B0A0B80ABF101031F0ADBB242
:107B9000A1F800800F800B802B23AAF800302C2343
:107BA0000E800D800E800D80AAF80030AEEB090427
:107BB00016E000BF0BF101073C0A0C80FCB21B0A67
:107BC0000C800B802B23A1F80080AAF800302C2316
:107BD000A9EB0E040E800D800E800D80AAF80030F7
:107BE000DDF804A04FF0C04714F00303A4F1010531
:107BF0000CD00880DDF80080012B2E4609D0022B26
:107C000008801ABF0880E61EA61E02E0DDF800808C
:107C10002646ABB2032BF146654608D3043E330437
:107C20000880088008800880F8D1F1466546029BEC
:107C30001B062BD1039B4244ABEB0303B3FA83F344
:107C40005B090293049B00269E4413B2B3F1FF3FED
:107C5000C8BF0126059CC8BFA444B3F1FF3FC8BFFD
:107C6000A2EB0A02F3070FFA8EFB3FF47BAF7CE72F
:107C700052461FFA8AF3032B08D300BF93B2043A8B
:107C8000032B0880088008800880F7D106B0BDE883
:107C9000F08F00BF0880DDF804A0022A1ABF088018
:107CA000AAF10302AAF102021FFA8AF3032BE5D21A
:107CB000ECE700002DE9F04F85B01FFA80F940F2A3
:107CC0007100C2F20000468889B2B646B14538BF9D
:107CD000CE468588B242DDF838A038BF1646A942A4
:107CE000AC4638BF8C46AB42B4B238BF1D46AEEB93
:107CF00006084FF0FF370294A1454FF0FF341FFAFA
:107D000085F9ACEB050B00EB4A0038BF0124039466
:107D100038BFA6EB0E08494538BF0127049738BF86
:107D2000A5EB0C0BB0F807005FEA08413ED05FEA14
:107D30000B4140F20001C6F20201CDF8008000F0D4
:107D40007F801FFA8BF21FFA88F3934240F0BA80CB
:107D50004FF0C0424FF02A0A2B252C260FFA8EF73F
:107D60003C0AA2F800A00C805FFA8EF40C807C1C08
:107D7000270AE4B20F800C800FFA8CF4270A1580D2
:107D80000F805FFA8CF70F80671C3B0A0B80FBB2F9
:107D90004C450B801680088008800880088000F021
:107DA0006182039B9E44049B9C44D7E71FFA8EF498
:107DB000A24232463CBF7246B6461FFA8CF60021FC
:107DC0001FFA8EF4B3422B464FF0C0464FF02A07FD
:107DD000C6F202013CBF6346AC463780240A5FFA14
:107DE0008EF70C800F80012717FA82F2140AD2B2A4
:107DF0001FFA8CF50C800A802B2232802A0A0A8016
:107E00005FFA8CF20A8017FA83F2130AD2B20B805F
:107E10000A800BF101022C2312F00302338000F0E0
:107E20000981012A088008800880088040F00A81C2
:107E3000ABF101021FFA8BF3032B80F0E18111E219
:107E40001FFA8EF4A24232463CBF7246B6461FFA73
:107E50008CF61FFA8EF4B3422B464FF0C0464FF01B
:107E60002A073CBF6346AC463780240A5FFA8EF788
:107E70000C800F80012717FA82F2140AD2B21FFA7F
:107E80008CF50C800A802B2232802A0A0A805FFA45
:107E90008CF20A8017FA83F2009F130AD2B20B8089
:107EA0000A807A1C2C2312F00302338000F09481A4
:107EB000012A088008800880088040F08F817A1E9F
:107EC000B9E100BFCDF804B080F0CC800026A6EB6D
:107ED0005202734665464FF0000AF4070FFA8CFB16
:107EE00003D100BFCB4540F082802EB25E451FB269
:107EF0004FF0C0484FF02A0430DAA8F800403C0A9E
:107F0000DBB20C800B807B1C1C0ADBB20C800B806C
:107F10002B23A8F80030330A0B80EBB20B804FEA1A
:107F20001B230B805FFA8CF30B802C23A8F8003006
:107F3000ACEB050313F00307A3F1010531D0012FCA
:107F40002E46088008800880088033D0022F0880E1
:107F500008800880088027D19E1E2BE0A8F80040EA
:107F60003C0ADBB20C800B807B1C1C0ADBB20C8051
:107F70000B802B23A8F800300BF101031C0ADBB2A5
:107F80000C800B80731C1C0ADBB20C800B802C2332
:107F9000A8F80030A5EB0C0313F00307A3F10105CB
:107FA000CDD11E4606E000BFDE1E08800880088096
:107FB000088000BFABB2DDF80080032B7346654636
:107FC00015D300BF043E3304088008800880088071
:107FD0000880088008800880088008800880088061
:107FE0000880088008800880ECD1734665465FEA07
:107FF0000A6440F03781ABEB0904B4FA84F44FEA29
:10800000541A049C4244A44414B2B4F1FF3F4FF00C
:108010000006C8BF0126039FC8BFBE44B4F1FF3F9E
:10802000019CC8BF121BF4070FFA8CFB3FF45AAF38
:108030005BE700BF5A461FFA8BF3032B80F0E0800A
:1080400010E100BF022A088008800880088040F004
:10805000CD80ABF102021FFA8BF3032B80F0D080AE
:1080600000E100BF0025A5EB53024FF02C09744638
:1080700063464FF0000AED070FFA8EFB04D100BFF4
:10808000029DAB4540F0858025B25D4532DA4FF068
:10809000C0472A262D0A3E800D80E5B20D804FEAAA
:1080A0001B250D805FFA8EF50D802B253D801DB2BE
:1080B0002E0ADBB20E800B806B1C1D0ADBB20D801A
:1080C0000B80A7F80090AEEB040313F00306A3F1B6
:1080D00001043AD0012E25460880088008800880D7
:1080E0003CD0022E088008800880088030D19D1E78
:1080F00034E000BF4FF0C0492A26A9F800600BF118
:108100000106370A0F80F6B20135DDF800800E80D7
:108110002E0AEDB20E800D802B25A9F800501DB25D
:108120002E0ADBB20E800B806B1C1D0ADBB20D80A9
:108130000B802C23A9F800304FF02C09A4EB0E0380
:1081400013F00306A3F10104C4D11D4606E000BFED
:10815000DD1E088008800880088000BFA3B2032BC2
:108160007446634615D300BF043D2B040880088085
:1081700008800880088008800880088008800880BF
:10818000088008800880088008800880ECD1744648
:1081900063465FEA0A6565D1029DABEB0505B5FA5A
:1081A00085F54FEA551A039DAE44019D2A4416B247
:1081B000B6F1FF3F4FF00005C8BF0125049FC8BFBF
:1081C000BC44B6F1FF3FC8BFA2EB0802ED070FFAAF
:1081D0008EFB3FF455AF57E73A462CE0022A088061
:1081E00008800880088021D1BA1E24E0ABF1030288
:1081F00008800880088008801FFA8BF3032B31D396
:1082000093B2043A032B0880088008800880088015
:10821000088008800880088008800880088008801E
:10822000088008800880EBD11CE000BFFA1E08809F
:10823000088008800880BBB2032B13D393B2043AA2
:10824000032B088008800880088008800880088048
:1082500008800880088008800880088008800880DE
:108260000880EBD105B0BDE8F08F00002DE9F04F9C
:1082700085B01FFA80F940F27100C2F20000468812
:1082800089B2B646B14538BFCE468588B2420E9F08
:1082900038BF1646A942AC4638BF8C46AB42B4B292
:1082A00038BF1D46AEEB060A4FF0FF380294A145D9
:1082B0004FF0FF341FFA85F9ACEB050B00EB4700DC
:1082C00038BF0124039438BFA6EB0E0A494538BFD6
:1082D0004FF00108CDF8108038BFA5EB0C0BB0F8BB
:1082E00007005FEA0A4145D05FEA0B4140F2000116
:1082F000C6F20201CDF800A000F08C801FFA8BF2CC
:108300001FFA8AF3934240F0CB804FF0C0424FF007
:108310002A082B252C2600BF0FFA8EF73C0AA2F85C
:1083200000800C805FFA8EF40C80BC1C270AE4B23B
:108330000F800C800FFA8CF4270A15800F805FFAEB
:108340008CF70F80A71C3B0A0B80FBB24C450B80BF
:1083500016800880088008800880088008800880CF
:108360000880088000F0F882039B9E44049B9C4494
:10837000D2E700BF1FFA8EF4A24232463CBF7246DB
:10838000B6461FFA8CF600211FFA8EF4B3422B4634
:108390004FF0C0464FF02A07C6F202013CBF6346C9
:1083A000AC463780240A5FFA8EF70C800F800227D4
:1083B00017FA82F2140AD2B21FFA8CF50C800A80E6
:1083C0002B2232802A0A0A805FFA8CF20A8017FA7E
:1083D00083F2130AD2B20B800A800BF101022C2324
:1083E00012F00302338000F03D81012A08800880EA
:1083F000088008800880088008800880088040F095
:108400003981ABF101021FFA8BF3032B80F0448218
:10841000A2E200BF1FFA8EF4A24232463CBF72466F
:10842000B6461FFA8CF61FFA8EF4B3422B464FF075
:10843000C0464FF02A073CBF6346AC463780240A4B
:108440005FFA8EF70C800F80022717FA82F2140A67
:10845000D2B21FFA8CF50C800A802B2232802A0AB5
:108460000A805FFA8CF20A8017FA83F2009F130ADF
:10847000D2B20B800A807A1C2C2312F003023380C4
:1084800000F0EA81012A08800880088008800880BE
:10849000088008800880088040F0E0817A1E2FE282
:1084A000CDF804B080F0FA800026A6EB52027346A5
:1084B000654600240294F4070FFA8CFB03D100BF39
:1084C000CB4540F0AC802EB25E451FB24FF0C048A5
:1084D0004FF02A043EDAA8F800403C0ADBB20C80D8
:1084E0000B80BB1C1C0ADBB20C800B802B23A8F872
:1084F0000030330A0B80EBB20B800BF101031C0A36
:10850000DBB20C800B802C23A8F80030ACEB050309
:10851000DDF800A013F00306A3F101053FD0012E02
:10852000A8460880088008800880088008800880A5
:108530000880088042D0022E0880088008800880C9
:10854000088008800880088008802BD1A3F10208E9
:1085500034E000BFA8F800403C0ADBB20C800B807E
:10856000BB1C1C0ADBB20C800B802B23A8F800304C
:108570000BF101031C0ADBB20C800B80B31C1C0A3C
:10858000DBB20C800B802C23A8F80030A5EB0C0389
:10859000DDF800A013F00306A3F10105BFD1984652
:1085A0000CE000BFA3F10308088008800880088061
:1085B0000880088008800880088000BFABB2032BC9
:1085C000734665462BD300BFA8F104085FEA084351
:1085D000088008800880088008800880088008805B
:1085E000088008800880088008800880088008804B
:1085F000088008800880088008800880088008803B
:10860000088008800880088008800880088008802A
:108610000880088008800880D6D173466546029C91
:10862000240640F09981ABEB0904B4FA84F46409A0
:108630000294049C5244A44414B2B4F1FF3F4FF09E
:108640000006C8BF0126039FC8BFBE44B4F1FF3F68
:10865000019CC8BF121BF4070FFA8CFB3FF430AF2C
:1086600031E700BF5A461FFA8BF3032B80F01481C9
:1086700072E100BF022A0880088008800880088014
:10868000088008800880088040F0F680ABF1020284
:108690001FFA8BF3032B80F0FF805DE10025A5EB33
:1086A00053024FF02C08744663464FF00009ED0763
:1086B0000FFA8EFB04D100BF029DAB4540F0A780AE
:1086C00025B25D453CDA4FF0C0472A262D0A3E8090
:1086D0000D80E5B20D800BF101052E0AEDB20E8082
:1086E0000D802B253D801DB22E0ADBB20E800B8043
:1086F000AB1C1D0ADBB20D800B80A7F80080AEEB2F
:10870000040313F00306A3F1010444D0012E25460F
:108710000880088008800880088008800880088019
:10872000088045D0022E08800880088008800880D4
:10873000088008800880088030D19D1E38E000BF86
:108740004FF0C0482A26A8F800600BF10106370A4E
:108750000F80F6B20235DDF800A00E802E0AEDB2D1
:108760000E800D802B25A8F800501DB22E0ADBB21A
:108770000E800B80AB1C1D0ADBB20D800B802C23FE
:10878000A8F800304FF02C08A4EB0E0313F00306FA
:10879000A3F10104BAD11D460AE000BFDD1E088026
:1087A0000880088008800880088008800880088089
:1087B000A3B2032B7446634629D300BF043D2B04A8
:1087C0000880088008800880088008800880088069
:1087D0000880088008800880088008800880088059
:1087E0000880088008800880088008800880088049
:1087F0000880088008800880088008800880088039
:108800000880088008800880D8D1744663465FEAF3
:10881000096540F0A180029DABEB0505B5FA85F531
:108820004FEA5519039DAE44019D2A4416B2B6F194
:10883000FF3F4FF00005C8BF0125049FC8BFBC44DF
:10884000B6F1FF3FC8BFA2EB0A02ED070FFA8EFB9D
:108850003FF432AF34E700BF3A4651E0022A0880C5
:1088600008800880088008800880088008800880C8
:108870003CD1BA1E44E000BFABF10302088008807F
:1088800008800880088008800880088008801FFA17
:108890008BF3032B60D300BF93B2043A032B088001
:1088A0000880088008800880088008800880088088
:1088B0000880088008800880088008800880088078
:1088C0000880088008800880088008800880088068
:1088D0000880088008800880088008800880088058
:1088E000088008800880D7D136E000BFFA1E0880D3
:1088F0000880088008800880088008800880088038
:10890000BBB2032B28D300BF93B2043A032B0880D9
:108910000880088008800880088008800880088017
:108920000880088008800880088008800880088007
:1089300008800880088008800880088008800880F7
:1089400008800880088008800880088008800880E7
:10895000088008800880D7D105B0BDE8F08F0000FE
:108960002DE9F04F81B0032B00F28A800B9F40F27B
:1089700077365643B60A5510DFE803F00212060AAE
:108980006B18891A0EE000BF2C18801A02E000BF95
:10899000441B10448B1B01EB060A254605E000BF73
:1089A0004B1B1144841B85199A460A9A1FFA80F8BA
:1089B0005FFA82FB1FFA81F9A6B2012F20D0002FA7
:1089C0003ED19FB24046494632463B46CDF800B0C4
:1089D000FEF70AFFACB21FFA8AF530463946224646
:1089E0002B46CDF800B0FEF7FFFE40464946224632
:1089F0002B46CDF828B001B0BDE8F04FFEF7F4BE2D
:108A00009FB24046494632463B46CDF800B0FFF79C
:108A100051F9ACB21FFA8AF53046394622462B4648
:108A2000CDF800B0FFF746F94046494622462B46AE
:108A3000CDF828B001B0BDE8F04FFFF73BB900BF5B
:108A40009FB24046494632463B46CDF800B0FFF75C
:108A50000DFCACB21FFA8AF53046394622462B4649
:108A6000CDF800B0FFF702FC4046494622462B46AF
:108A7000CDF828B001B0BDE8F04FFFF7F7BB00BF5D
:108A800001B0BDE8F08F00002DE9F04FC9B024928D
:108A900026915D990DF5AA7E2791DDE95B160028E8
:108AA00016919EE88240DDF868B1DDE958A81B9177
:108AB000DDE952120590549D40F271001C46A1F16F
:108AC0000109A2F10101C2F20000CDF870E019D055
:108AD000807925910328019000F24C850346C2F16C
:108AE0000100DFE803F00355414B00BF40F2710283
:108AF000C2F200021178001B9288012908BF841875
:108B0000022050E00020019008462394002D56D109
:108B10000024BAF1000F68D0BA453B4604DC794224
:108B20008A45B8BF8A465346B8F1000F61D0B845B0
:108B3000BC4604DC79428845B8BF8846C446002E4E
:108B40005BD0CBF100029642B8BF5E4627992097D2
:108B5000002957D059455D4655DCCBF100029142C2
:108B6000B8BF11460D464EE040F27101C2F200015D
:108B70008988001B4418012015E000BF40F27101F4
:108B8000C2F200018988001B441800200BE000BFDE
:108B900040F27102C2F200021178001B9288012992
:108BA00008BF84180320FAF7BDFC24994846CDE994
:108BB0002314DDF870E0DDF89490002DA8D00BEBC5
:108BC00007014A1C2C46AA4280F0CC841FFA89F186
:108BD000B1EB440F81B238BF4FEA4409B1EB440F07
:108BE00038BF6000BAF1000F96D10023B8F1000F32
:108BF0009DD14FF0000C002EA3D10026279920977D
:108C00000029A7D10025239F1FFA89F217FA80F1C6
:108C10001F91E1B28DF8D7303344C1F10106ADF8B0
:108C2000C60000B21E92ADF8A26021944610ADF8C5
:108C3000C8601B9E17918DF8A540209C8DF8CA60D6
:108C40000E1BA6EB0B018DF8023105EB0C03C6F1F0
:108C500001058DF8D060C1F101068DF8FB100BEB1A
:108C6000040107EB6007ADF8CD50A0EB4405A0EB85
:108C700041001197ADF81C014008ADF81E0116988F
:108C8000ADF8CB7047FA8CF78DF8200147FA83F0E6
:108C900009970A90DDF898808DF8011144F61C01BF
:108CA000ADF8210108EBC800C0F6010101EB40005E
:108CB000ADF8F1506D0812380022ADF8F35027904E
:108CC0000DF1A2054FF0010B002100204FF0000A2A
:108CD0008DF8AD208DF8D8C08DF803318DF8A42023
:108CE0008DF8A620ADF8AB208DF8CF208DF8D120DF
:108CF0008DF8D6408DF8F5E0ADF8F670ADF8F86077
:108D00008DF8FA208DF8FC201EE000BFB8F1000FAE
:108D100012BF279B40F2CA03C2F200030B44DF7864
:108D20001E795B7907F0F80747EA5617E76006F007
:108D30001C07DB0843EAC70323612B320130812A79
:108D400001F1060100F0C680AC1894F828C0BCF10F
:108D5000000FF2D00BFA00F3DBB2BCF1020F4AEACB
:108D6000030AD3D0BCF1010F16D1B8F1000F12BF26
:108D7000279F40F2CA07C2F200077B5C0F447E784F
:108D800003F0F803BF7843EA5613E36006F01C03D0
:108D9000FF0847EAC303CFE7B8F1000F1CD0BCF1CE
:108DA000060F02D0BCF1030F38D1DDF89CB00BEBFD
:108DB0000106F37896F804801F02E76077794FEA9E
:108DC000082596F8019096F802E025613D021BF80F
:108DD0000160656136E000BFBCF1060F02D0BCF156
:108DE000030F3BD140F2CA03C2F200030B44DD780B
:108DF00093F801802E0293F8029093F804E0E66065
:108E00005E7940F2CA03C2F200034FEA0E2B5B5CAC
:108E1000C4F810B04FF0010B370234E0279B5D1807
:108E20005E5C95F80190330295F802E04FEA09275D
:108E3000E360EB7895F8048027616F794FEA0E2B99
:108E4000C4F814B0F31AA9EB08051B022D02AEEB0F
:108E500007074FF0010BA361E5611EE040F2CA076E
:108E6000C2F200077B5C7E1896F801801F0296F81C
:108E70000290E760F57896F804E04FEA08277679E3
:108E800027614FEA092767615B1BA8EB0E071B02EE
:108E90003D02A361E561A9EB0607DDF898803F027A
:108EA000BCF1040F276203D8B4F9246005E000BFC9
:108EB000BCF1060F0BD8B4F92660013693FBF6F32C
:108EC00097FBF6F7A36195FBF6F32762E3610DF1DB
:108ED000A20532E71F9BDDF88CC01FFA83F8219CA6
:108EE000E04509D20598002800F03883019849B080
:108EF000BDE8F04FFAF716BB179A2499DDF8B2E0F7
:108F00008818259089B2981A891A1E9A80B211443D
:108F100024911A90DDF8AE00E3461890DDF8B60013
:108F20001D90DDF8BA001090DDF8BE000F90DDF85E
:108F3000C2000E9020998AF001000843B0FA80F038
:108F4000400919901C984FF02B0A08430D90DDF84A
:108F5000E5000490DDF8E9000390DDF8ED000290F3
:108F6000449808904598079046980690DDF8D900F7
:108F70001390DDF8DD001290DDF8E1000B904198D0
:108F800015904298149043980C90CDF880C0CDE98C
:108F9000228C1CE0C9B26CF30F2140F27103C2F2C3
:108FA0000003BDF8FD00A3F809101FFA8BF10B4672
:108FB00001270097F8F7FCFBA646B4460BF1010B1E
:108FC000CDF880B01FFA8BFBC3454C468AD8CDF84C
:108FD0007CE01A980022ABEB00001E9002FB0A53C3
:108FE00093F8099093F90BE009EB0C007044584595
:108FF00004DCA8EB09007044584509DA0020A3F806
:109000000500A3F807000132032AE7D1B8E000BF4A
:1090100093F90A002599270601EB000624990144DB
:1090200010D01F7993F802C0F807CDE926163BD17E
:1090300093F803A06546279EDDF88CC0B8464FF034
:10904000FF3107E006EB0900A3F80500A1EB0900DA
:10905000D7E700BFE8B251FA8AF787421CDDB3F9BF
:109060000070002F08D4AAF1010A5FFA8AF0A7EB7A
:10907000400783F803A01F800135E8B207EB4000EA
:1090800007B2B7F1FF3F9D7018805FDC5FEA887020
:10909000E0D5DD7866E000BF61465FFA8AFC48F003
:1090A000010784451F7157D14FEA4C054FF02B0A39
:1090B0000FE000BF07F0FB073046188007F00600FE
:1090C000ACF1010C0228A5F102051F7183F802C062
:1090D00032D16DB11888DC78461B06EB440001B232
:1090E00001318D42E6DD0134DC7047F00407E4E72E
:1090F000219CDDF88CC0DDF88880B8070DF1A20551
:109100003FF581AF1E9870457FF77DAF07F0FC00FB
:1091100000F102081798A4EB090AA9EB000001303E
:109120000025279E83F80480188083F803A09D7093
:109130004FF0FF318EE700BFB80758BFA446654621
:10914000219CDDF88CC0279E0CE000BF5FEA887090
:1091500048BFDD7806E000BF5FEA887058BF55461B
:10916000279E8C46E9B22698711ADDF8888050FA5D
:1091700085F0A3F805100DF1A2054FF02B0A40E78A
:109180001B9F5FB1DDE91C95DDE91FEB022F27D89E
:1091900018995FFA8EF040EA012050E01998DDE955
:1091A0001C95DDE91FEB002859D1B9F1000F1D9581
:1091B00000F09880BDF8D4701698DDE912BA002F3F
:1091C00000F0A080B9F1020FCDF87CE000F2D2806F
:1091D0005FFA8BF1A1466AF30F210DF1A205FEE0C3
:1091E0000020032F4FF0010103D0062F1CBF0120E8
:1091F0000021119A1FFA8BF392B2934298BF08464E
:10920000042F98BF084638B11898109908440F9950
:109210008E440E990D4407E018981099401A0F9942
:10922000AEEB010E0E996D1A4FF4FC62189000F42B
:10923000784002EA5E12C5F3C42110440844BDF828
:10924000D470199AB7FA87F149091143C90740F256
:109250007101C2F20001A1F8090015D0219CBDF8EE
:10926000A700BDF8A9201FFA8BF10B4601271D9519
:10927000A146009774466546F8F79AFAAC46A646AA
:109280000DF1A2059AE600BF0D9878B3BDF8A700CE
:10929000BDF8D21088420ED24A1E1FFA8BF192B24C
:1092A0000B462C4601250095254674466646F8F780
:1092B00095FDB446A646BDF8A920BA420CD9781C43
:1092C0001FFA8BF180B20B46012700977446664661
:1092D000F8F784FDB446A646219CB9F1000F1D9510
:1092E0007FF468AF16986646A14604E01D9516986F
:1092F000DDF884906646DDE9141C0DF1A20570B915
:109300005BE600BF6646DDE9141CDDF880B0A146CF
:109310004FF02B0A00280DF1A2053FF44EAEBDF828
:10932000FF20002A3FF449AE744602287FF632AE91
:109330000346DDF830A00020032B4FF0010E04D0CF
:10934000062B1CBF01204FF0000E0A9B1FFA8BF763
:109350009BB29F4298BF7046169B042B98BF7046E5
:10936000002800F0A38008988444079801440698D8
:109370008244A3E00B9E0020B9F1030F4FF00101DE
:1093800004D0B9F1060F1CBF01200021099A209BCF
:1093900092B29BB2934298BF0846B9F1040F98BFAE
:1093A0000846A14630B10498824403988344029849
:1093B000064407E00498AAEB000A0398ABEB000B05
:1093C0000298361A4FF4FC620AF4784002EA5B1203
:1093D000C6F3C42110440DF1A20501440B96BDF85B
:1093E000FF60BDF8D20040F27102C2F20002A2F8A2
:1093F0000910CDE912BACEB3BDF8FD10884227910D
:109400001ED227993C464A1E209992B289B20B4639
:109410000127009727466446F8F7E0FCA446B742C8
:1094200010D8169AEAB1DDE91417DDF880B0644669
:10943000022A4FF02B0A2BD8C8B267F30F207AE02C
:10944000B742EED92099701C89B280B23A460B46D9
:10945000012700976446F8F7C1FCA446169A002A33
:10946000E1D1DDE91FEB4FF02B0AA7E5DDF880B075
:109470003A461FFA8BF10B46012700976446F8F72E
:1094800097F9DDF87CE0A4464FF02B0A96E500BF83
:109490000020032A4FF0010C22D0DDF830E0062A2C
:1094A0001CBF01204FF0000C1CE000BF0898ACEB83
:1094B000000C0798091A0698AAEB000A4FF4FC63FF
:1094C0000CF4784003EA5113CAF3C4271844CDF8CA
:1094D00054C0CDF830A01491C1194FF02B0A5CE5AF
:1094E000DDF830E00A9A1FFA8BF392B2934298BFEC
:1094F0006046169A042A98BF604638B10898074417
:10950000079801440698864407E000BF08983F1A70
:109510000798091A0698AEEB000E4FF4FC6207F4A8
:10952000784002EA5112CEF3C42310441844159730
:10953000CDF830E0149140F27101C2F20001A1F8BF
:1095400009001FFA8BF1279832460B460127009736
:10955000F8F72EF9DDF87CE0A4462FE549B0BDE828
:10956000F08F00BF8C1CBAF1000F7FF4D5AAFFF773
:109570003CBB00BFDDE92410CDE92314002D7FF4AE
:109580001EABFFF7C5BA00002DE9F04F03AF9FB047
:1095900040F22C14C2F2000447F8500C07F11805F1
:1095A000637A94F83C00924647F8241C26CD94F840
:1095B00041C0B4F8466047F8680C002A18BF164648
:1095C000DA4312FB0C62B4F84880B4F8423002F17E
:1095D000010E47F8446C00291CBF88460B4647F82B
:1095E0005C3C47F830EC002D0CBFB4F84A50A4F8AE
:1095F0004A50217994F83F20637901FB0C2257F8F7
:109600005C1C03FB0CF08BB2D6B247F8783CB5FB80
:10961000F6F347F8140C47F87C5C68183546DEB260
:1096200047F8346C072656FA83F323F00703ADEBB3
:10963000030BDD46ADEB0309CD4694F84C6094F87E
:109640003EE0724357F8686C94F83D3047F838ECC8
:10965000002E18BF0126002B18BF0236BCF1010FE7
:1096600088BF043657F8243C4FF0200E022B88BFE9
:10967000083657F8143C47F8800C80B247F8400C85
:10968000D8B247F8640CD0B247F8580C4FF0FF300E
:1096900050FA83F047F8740C15FA81F047F81C6C07
:1096A000ABF1010247F86C0C09F1020057F8306C7D
:1096B00009F1010147F8489C47F8700C91460020D9
:1096C000002247F82C0C47F8205C47F8609C47F8CC
:1096D000141C07E057F8282CBCF1000F0AF1010A0E
:1096E00000F09C859AF800C00CF0FE01D02911D141
:1096F0001AF8011F1346BCF1D00F1BD1A1F1900243
:109700002F2A35D801F1300C1A4657F8341C9142F3
:1097100028D843E0BCF1E20F18D0BCF1840F19D176
:109720000AF1010A4FF0B90C57F8341C914219D8CC
:1097300034E000BF4AB212F1710F25DC41F0700C29
:109740001A4657F8341C91420CD827E04FF01F0CF2
:1097500028E000BFBCF1210F24D300BF57F8341C10
:1097600091421BD957F8481C01F802C0013219E098
:109770004FF0D00C812908BF4FF0A80C1A4657F8BB
:10978000341C9142EED809E0912908BF4FF0B80C83
:109790001A4657F8341C9142E4D800BFAAF1010AD6
:1097A0004FF00A0CBCF10A0F18BFBCF1000F29D111
:1097B0005FFA80F9B9F1000F47F818CC09FB05F3FF
:1097C00018BF9946002A00F09480944619FA88F24E
:1097D0000CFB052257F8401C8A4262460CFB05F13F
:1097E00047F8281C24D93146060613D057F8285CC0
:1097F00099460E4657F8181C47F8282C202940F0A7
:10980000808080E0BCF1200FD2D0BCF1090F7FF442
:1098100063AFCDE794F9403057F8642C57F85C8C6F
:1098200013445E1857F8441C6246194447F8441C18
:1098300057F8141C930847F8306C31D00022A2EB83
:10984000830E6FF0030300BFCD18E978C2B22C7904
:109850000BF80210411CC9B26E790BF80140811C53
:10986000C9B2AD790BF80160C11CC9B204330BF861
:1098700001500EEB0301043157F8141C00F10400F1
:10988000E2D140F22C140433C2F200044FF0200E57
:10989000624657F828CC12F0030607D126E000BF35
:1098A000002357F828CC12F003061FD057F8481CA5
:1098B000C2B2C95C012E00F101050BF8021011D0F3
:1098C00057F8141CEAB2C95C022E00F102060BF82C
:1098D000021009D057F8701CF2B2C95C03300BF8C3
:1098E000021003E0284601E0304600BF57F8306C14
:1098F000E1440022002557F8181C47F8282C20299D
:1099000001D009291AD157F8382C81F0090151EA00
:10991000020318BF012357F8281CA9B113B3012172
:1099200057F818CC57F8205C47F83C1C012247F840
:109930002C1C5FEA094140F0D78014E257F82C1C38
:1099400057F8205CB4E000BF1FFA88FE002B1FFA16
:1099500089F347F8306C27D057F820CC01226646AF
:109960003FE000BF57F8581CABB28B4209D357F801
:10997000581C57F8582CB3FBF1F101FB123557F87E
:10998000581C491B57F8205C89B2B1FBF5F157F818
:1099900018CC47F82C1C0121012247F83C1C5FEA37
:1099A000094140F0A180DEE157F8781CAEEB0101DF
:1099B000194411FA85F257F8581C8A4209DB57F806
:1099C000581C57F8586CB2FBF1F101FB162257F8FE
:1099D000581CA1EB020C57F8201C1FFA8CF6B6FBA2
:1099E000F1F203EB0E0157F8403C3144994207D99C
:1099F00057F8306C57F8205C00214FF0200E55E0EE
:109A000057F8381C57F8306C4FF0200E31B1010672
:109A100004D157F8205C002047E000BF11060DD0AC
:109A200012F003030ED03546C1B2012B00F101063E
:109A30000BF801E00ED1531E30461AE057F8205CB7
:109A400032E000BF1346D1B257F8205C042917D288
:109A50002AE000BFF1B2022B00F102060BF801E090
:109A600002D1931E304604E0F1B20330D31E0BF84E
:109A700001E02E46D1B257F8205C042914D300BF70
:109A8000C1B20BF801E0411CC9B20BF801E0811C26
:109A9000C9B20BF801E0C11CC9B2043B0BF801E0EC
:109AA000190600F10400EBD1E144002157F8282CFD
:109AB00047F82C1CC9B21143002A18BF0122002903
:109AC00018BF012157F818CCBCF10A0F06D029B9EC
:109AD000BCF1000F02D0002244E200BF47F83C1C5A
:109AE0005FEA094100F03F81010600F03B8157F831
:109AF000381C47F854AC51EA0C0118BF012111433E
:109B000015FA88F257F8403C12FA89F29A424FF05F
:109B1000000288BF012257F8609C11435FFA80FA67
:109B200019F80A20202A05D1B1B101380206F5D171
:109B300016E100BF57F8381C0AFB05F002290FD0C8
:109B4000012911D157F87C1C57F85C2C091A01EB3C
:109B5000D17102EB610807E00AFB05F004E000BFE9
:109B600057F8801CA1EB000857F81C1CC9B200294B
:109B700047F84C1C18BF012157F8682C002A1FBF5A
:109B800094F83F20B2FA82F2520951EA020124D13C
:109B900057F8242C04F10E01022A08BF04F1100129
:109BA000098840F27102C2F20002A2F8091057F8C7
:109BB000741C40440138314482B08BB282B21FFA27
:109BC00088F0B1B2A446012400946446F7F7F0FD92
:109BD00057F818CC4FF0200E02B057F8240C062886
:109BE00000F2BE8003285CD357F8500C47F8306C65
:109BF00020B120790AFB00F000B200E06079E27D3C
:109C0000237EA17D667E4FEA022E1A02A37E0D02FC
:109C10003102E67E4FEA03292B4657F8245C4FEACF
:109C2000062C042D1E4647F884EC04BFCE460E4693
:109C300047F8882C08BF6246052D606302D257F8AA
:109C4000885C13E082B200EBD23000B24010062DE7
:109C5000606305D157F8885CCE460E46624605E043
:109C600057F8885C57F884EC1E462A46591A57F86C
:109C7000843CA5EB0C05A3EB090391FBF0F193FBEE
:109C8000F0F395FBF0F0C4E9076E57F8306C57F825
:109C9000205C57F818CC4FF0200EC4E90921C4E924
:109CA0000B300020D946A06313E000BF57F8240C06
:109CB0001FFA88F2B3B2F8F735F957F818CC4FF01D
:109CC000200E2079A16BA8440844BAF1010AA063D0
:109CD00046D019F8010BC02802D3A0F141010DE0D4
:109CE000A82803D0B82803D1C02107E0BF2105E090
:109CF0000146B92808BF6FF03E0100BFA279891A5A
:109D0000E279CBB29A424FF0000298BF1146226826
:109D1000237AC9B211FB032157F81C2C0631120615
:109D2000C4D02028CDD057F84C0C072808D857F8B5
:109D3000240C1FFA88F2B3B2F9F71CFCBDE700BF90
:109D400082B0B5B257F8500C0A4657F8241C1FFAD7
:109D500088F3009557F8205CF8F774FD02B0ACE783
:109D600057F854AC0020BCF10A0118BF012157F884
:109D70003C2C82F0010211427FF4ACAC57F8281C55
:109D800094F94020B14647F83C2CC9B357F8448CAD
:109D90008A0839D0002157F814CCA1EB820E6FF05D
:109DA000030200BF0CEB0206F478C5B231790BF860
:109DB0000540441CE4B273790BF80410811CC9B24D
:109DC000B6790BF80130C11CC9B204320BF801603E
:109DD0000EEB0201043100F10400E3D140F22C1437
:109DE00057F8205C57F818CC131DC2F200044FF04E
:109DF000200E57F8281C024611F003060BD125E06F
:109E000057F8448C024621E0002357F8281C0246EC
:109E100011F003061AD057F8481CC2B2C95C012ED3
:109E20000BF8021000F1010210D057F8141CD2B246
:109E3000C95C022E0BF8021000F1020206D057F89E
:109E4000701CD2B2C95C0BF80210C21C57F82C1C53
:109E5000080613D011F003034E4615D0D0B257F8C0
:109E6000609C0BF800E0012B02F1010014D14B1EA5
:109E70000246C9B204293BD325E000BF4E4657F83D
:109E8000609C104634E000BF57F8609C0B46C9B296
:109E9000042918D22CE000BFC0B20BF800E0022B5E
:109EA00002F1020006D18B1E0246C9B204291FD35B
:109EB00009E000BFC0B20BF800E0D01CCB1E024688
:109EC000C9B2042914D31046C1B20BF801E0411CF9
:109ED000C9B20BF801E0811CC9B20BF801E0C11C4A
:109EE000C9B2043B0BF801E0190600F10400EBD104
:109EF00057F8641C57F83C2C11440E448844BCF1BC
:109F00000A01624618BF0121BCF1000F18BF0122EF
:109F10000A424FF0000247F8448C21D101061FD0BD
:109F200057F8381C57F8402C57F86C3C41EA0C01A4
:109F300093424FF0000288BF0122002918BF01217F
:109F4000114347F854AC00BFC5B219F80520202AC8
:109F50000ED109B301380206F6D157F85C8C3FE107
:109F600057F85C8C002147F82C1CFFF7B5BB00BFED
:109F700057F8381C57F8200C022905FB00F011D0C7
:109F8000012915D157F87C1C57F85C2C091A01EBF4
:109F9000D17102EB61080DE057F8200C57F85C8C8A
:109FA000684307E057F8801CA1EB000802E000BFFF
:109FB00057F85C8C57F81C1CC9B20029894618BF99
:109FC000012157F8682C002A1FBF94F83F20B2FAED
:109FD00082F2520951EA020124D157F8242C04F1EB
:109FE0000E01022A08BF04F11001098840F2710233
:109FF000C2F20002A2F8091057F8741C404401385C
:10A00000314482B08BB282B21FFA88F0B1B2A4465A
:10A01000012400946446F7F7CBFB57F818CC4FF0B7
:10A02000200E02B057F8240C062800F2D98003282D
:10A0300077D357F8500C47F8306C18B12079684343
:10A0400000B200E06079A17DE27D0E024FEA022EAF
:10A05000A17EE27E237E4FEA012A1102724657F862
:10A0600024EC4FEA032C134647F83C0C607EBEF10B
:10A07000040F47F884AC08BF53469A4633464FEA6C
:10A08000002047F84C6C08BF034647E90B1C08BF8B
:10A090008C4657F83C6CBEF1050F666302D257F848
:10A0A0004C4C1FE0B3B247F8880C06EBD33000B23B
:10A0B0004610BEF1060F66630CD157F8841C57F8A2
:10A0C000880C57F82CCC57F84C4C8A4603464FF076
:10A0D000200E0BE057F84C4C57F828CC57F8880C5A
:10A0E000924623464FF0200E57F8841C241A511A2A
:10A0F00057E90B0294FBF6F4121A92FBF6F040F2C9
:10A100002C12C2F2000291FBF6F102F11C0686E865
:10A11000081457F8306C57F818CC94621446C2E90A
:10A120000B100020DA46A06314E000BF57F8240C9F
:10A130001FFA88F2B3B2F7F7F5FE57F818CC4FF0D4
:10A14000200E2079A16B57F8202C08449044013D43
:10A15000A06345D01AF8010BC02803D3A0F1410138
:10A160000EE000BFA82803D0B82803D1C02107E023
:10A17000BF2105E00146B92808BF6FF03E0100BFCE
:10A18000A279891AE279CBB29A424FF0000298BFC5
:10A1900011462268237AC9B211FB032157F81C2CFF
:10A1A00006311206C2D02028CBD0B9F1070F07D84C
:10A1B00057F8240C1FFA88F2B3B2F9F7DBF9BCE7C1
:10A1C00082B057F8500C0A4657F8241C1FFA86FC38
:10A1D0001FFA88F3CDF800C0F8F734FB02B0ACE703
:10A1E000BCF10A0F0ED194F9400057F8641C57F8DF
:10A1F0005C8C084457F8441C06440144002047F88E
:10A20000441C00E0002057F854AC57F8205C0022B2
:10A21000002147F82C1CFFF75FBA00BF57F8381C25
:10A2200094F94000002908BF084657F8442C57F815
:10A230005C3C06EB000110441A4608BF4246A4F8F5
:10A240004410A4F84600A4F84820A4F84230A7F12E
:10A250000C04A546BDE8F08F2DE9F0472DED028BEB
:10A2600088B08146DDE913069A461746DDE91525D3
:10A270000528034603ACB0EE408A884628BF052374
:10A2800000280FF2F4412046F0EE608A08BF012357
:10A290008DED000BF6F782F82E2E00F090809DF8E1
:10A2A0000C002E2802D103A888E000BF9DF80D0005
:10A2B0002E2801D1601C81E09DF80E002E2801D1CE
:10A2C000A01C7BE09DF80F002E2801D1E01C75E05A
:10A2D0009DF810002E2801D1201D6FE09DF811007F
:10A2E0002E2801D1601D69E09DF812002E2801D1B1
:10A2F000A01D63E09DF813002E2801D1E01D5DE054
:10A300009DF814002E2803D104F1080056E000BF88
:10A310009DF815002E2803D104F109004EE000BF7E
:10A320009DF816002E2803D104F10A0046E000BF74
:10A330009DF817002E2803D104F10B003EE000BF6A
:10A340009DF818002E2803D104F10C0036E000BF60
:10A350009DF819002E2803D104F10D002EE000BF56
:10A360009DF81A002E2803D104F10E0026E000BF4C
:10A370009DF81B002E2803D104F10F001EE000BF42
:10A380009DF81C002E2803D104F1100016E000BF38
:10A390009DF81D002E2803D104F111000EE000BF2E
:10A3A0009DF81E002E2803D104F1120006E000BF24
:10A3B0009DF81F002E2802D104F113000670129C94
:10A3C000202D00F0C7819FEDEA0B51EC180B53ECE8
:10A3D000102B06F04CF9002840F08C809DF80C0002
:10A3E0009DF80D109DF80E2020289DF80F3008BF15
:10A3F000284620298DF80C0008BF2946202A8DF810
:10A400000D1008BF2A468DF80E20202B08BF2B46C2
:10A410009DF810008DF80F30202808BF28469DF8C1
:10A4200011108DF81000202908BF29469DF8120050
:10A430008DF81110202808BF28469DF813108DF8BC
:10A440001200202908BF29469DF814008DF813102A
:10A45000202808BF28469DF815108DF814002029E3
:10A4600008BF29469DF816008DF81510202808BF52
:10A4700028469DF817108DF81600202908BF294698
:10A480009DF818008DF81710202808BF28469DF861
:10A4900019108DF81800202908BF29469DF81A00C8
:10A4A0008DF81910202808BF28469DF81B108DF83C
:10A4B0001A00202908BF29469DF81C008DF81B10A2
:10A4C000202808BF28469DF81D108DF81C00202963
:10A4D00008BF29469DF81E008DF81D10202808BFD2
:10A4E00028469DF81F108DF81E00202918BF0D4624
:10A4F0002EE100BF9DF80D002D212D288DF80C10A8
:10A5000000F0A880202808BF8DF80D509DF80E009F
:10A510002D2800F0A680202808BF8DF80E509DF849
:10A520000F002D2800F0A480202808BF8DF80F50C0
:10A530009DF810002D2800F0A280202808BF8DF87B
:10A5400010509DF811002D2800F0A080202808BF91
:10A550008DF811509DF812002D2800F09E802028C3
:10A5600008BF8DF812509DF813002D2800F09C8034
:10A57000202808BF8DF813509DF814002D2800F0F6
:10A580009A80202808BF8DF814509DF815002D28BA
:10A5900000F09880202808BF8DF815509DF816000F
:10A5A0002D2800F09680202808BF8DF816509DF8C1
:10A5B00017002D2800F09480202808BF8DF8175030
:10A5C0009DF818002D2800F09280202808BF8DF8F3
:10A5D00018509DF819002D2800F09080202808BF01
:10A5E0008DF819509DF81A002D2800F08E80202833
:10A5F00008BF8DF81A509DF81B002D2800F08C80A4
:10A60000202808BF8DF81B509DF81C002D2800F055
:10A610008A80202808BF8DF81C509DF81D002D2829
:10A6200000F08880202808BF8DF81D509DF81E007E
:10A630002D2800F08680202808BF8DF81E509DF838
:10A640001F002D2800F08480202808BF8DF81F509F
:10A6500080E000BF8DF80D509DF80E002D287FF48E
:10A660005AAF8DF80E509DF80F002D287FF45CAF87
:10A670008DF80F509DF810002D287FF45EAF8DF8F7
:10A6800010509DF811002D287FF460AF8DF8115007
:10A690009DF812002D287FF462AF8DF812509DF8BE
:10A6A00013002D287FF464AF8DF813509DF814002B
:10A6B0002D287FF466AF8DF814509DF815002D28D5
:10A6C0007FF468AF8DF815509DF816002D287FF4A3
:10A6D0006AAF8DF816509DF817002D287FF46CAFE7
:10A6E0008DF817509DF818002D287FF46EAF8DF867
:10A6F00018509DF819002D287FF470AF8DF819506F
:10A700009DF81A002D287FF472AF8DF81A509DF82D
:10A710001B002D287FF474AF8DF81B509DF81C0092
:10A720002D287FF476AF8DF81C509DF81D002D2844
:10A730007FF478AF8DF81D509DF81E002D287FF412
:10A740007AAF8DF81E509DF81F002D287FF47CAF46
:10A750008DF81F5003AA484641460023CDE9007AF0
:10A760000294FEF711FF08B0BDEC028BBDE8F08744
:10A770000000000000000000252A2E2A66000000CC
:10A78000FEE70000FEE70000704700007047000091
:10A79000F6F71EBC70B592B006AC20463021F5F736
:10A7A000BFFE002543F640000595CDE90355CDE9F0
:10A7B00001550095C4F202000168022641F0805163
:10A7C0000160006800F080500090009847F200009F
:10A7D0000095C4F20000016841F480410160006806
:10A7E00000F48040009000980120099010200A9009
:10A7F00008200E90A820CDE90F06042011902046D5
:10A800000696CDE90C65F6F773FD18B172B600BF78
:10A81000FEE700BF0F20CDE901064FF4A0500490E1
:10A820004FF48050059001A805210395F6F776FCBA
:10A8300010B172B6FEE700BF12B070BD4EF6885080
:10A84000CEF20000016841F4700101607047000021
:10A85000FEE700007047000010B540F20040C4F26F
:10A86000020001210022F6F7A7FB4FF0C044282088
:10A8700020801420F6F7BCFA102178202180BDE852
:10A880001040F6F7B5BA000010B54FF0C0441120E3
:10A8900020807820F6F7ACFA292020801420F6F7E3
:10A8A000A7FA2C2020807820F6F7A2FA40F2004088
:10A8B000C4F2020001210122BDE81040F6F77CBB82
:10A8C0000B181344B3F5F07F18BF70474FF0C04C1E
:10A8D0003323ACF8003000234FEA102CC6F20203F9
:10A8E000C0B2A3F800C01880080A1880C8B2188047
:10A8F000100A1880D0B21880704700004FF0C04195
:10A9000037220A800022010AC6F20202C0B2118078
:10A91000108070477047000040F22C11C2F2000115
:10A92000022888BF002081F83E0070472DE9F041E1
:10A9300001F0FC0600F0F804F60046EA0424DDE924
:10A9400006ECDDF8208044EAD20640F22C14C2F274
:10A95000000404EB88070EF0FC057E8103F0F80686
:10A96000ED0045EA062545EADC05B8F1000FBD819A
:10A9700018BFBDE8F081A075E1752276637684F892
:10A980001AE084F81BC0BDE8F081000040F22C11F1
:10A99000C2F2000181F83D007047000040F22C1126
:10A9A000C2F20001086002780A7142784A71827826
:10A9B0008A71C278CA7102790A7240794872704706
:10A9C000A0F10F01C9B2F22938BF70470138C1B2F6
:10A9D000490051FA80F040F66C01C0F6010101EB2C
:10A9E000400251F81000918840F22C12C2F200028D
:10A9F000C2F816005183704740F22C11C2F20001D8
:10AA000081F83F007047000040F22C11C2F20001B3
:10AA100081F84C007047000040F22C11C2F2000196
:10AA2000012898BF012081F84100704740F22C11A5
:10AA3000C2F2000181F8400070470000072B88BF78
:10AA4000704701F0FC0100F0F800C90041EA002065
:10AA500040F27101C2F2000140EAD20001EB430171
:10AA6000A1F807007047000070B5DDF818C0BCF110
:10AA70000A0F88BF70BD40F27105DDE9046E0CEB72
:10AA80004C04C2F2000505EB4405E87529766A76A8
:10AA9000AB76EE7685F81CE070BD000040F22C111C
:10AAA000C2F2000181F83C00704700000000000085
:10AAB0002DE9F04F81B02DED0C8BADF5816D0020AF
:10AAC0000021002200230026FFF7B8FFFF20FF210E
:10AAD000FF220123FFF7B2FFFF2000210022022303
:10AAE0004FF00208FFF7AAFF0020FF2100220323F6
:10AAF000FFF7A4FF00200021FF2204230425FFF715
:10AB00009DFFFF20FF21002205230527FFF796FF69
:10AB10000020FF21FF2206230624FFF78FFFFF20DE
:10AB20000021FF220723FFF789FF0020FAF722FF09
:10AB30004FF47A70F6F75CF941F68E70C0F60100BA
:10AB4000FFF72CFF0420FFF75FFF0120FFF7A6FFB0
:10AB50000020FFF76BFF0120FFF7DEFE0220FFF76A
:10AB60005BFF0020FFF712FF0020FFF745FF1E20CC
:10AB70007821F022CDE900210290002001217722E6
:10AB80000A23CDE90854CDE90A664FF01E09039760
:10AB90000527CDE9045406960796FDF775FFA0201A
:10ABA000CDE900000020FC21FC2200230296FFF7E3
:10ABB000BDFE4FF0500A5020502150225023CDE9C5
:10ABC00000AACDF80880FFF7B1FE44F62F1B6C20D9
:10ABD0009521C0F6010BB4240091019000200621BC
:10ABE0005A4601234FF095080294FEF7CDFC4FF42E
:10ABF0007A70F6F7FDF8F02000907820CDE9010991
:10AC000000200C2177220A23CDE90856CDE90A66F7
:10AC1000CDE90375CDE905660796FDF735FF0C20F4
:10AC2000FFF7CEFEE420CDE90006FF20FF21002241
:10AC3000E4230296FFF77AFE3C273C203C213C228D
:10AC40003C234FF00209CDE90077CDF80890FFF7DB
:10AC50006DFECDF800804FF06C08002006215A46AA
:10AC60000123B424CDF804800294FEF78DFCFA2071
:10AC7000F6F7BEF8FF2000210022E423CDE90066AC
:10AC80000296FFF753FE3C203C213C223C23CDE9B9
:10AC90000077CDF80890FFF749FEF020009078206B
:10ACA00001901E2002904FF0050900200921772213
:10ACB0000A23CDE90856CDE90A66CDE90395CDE929
:10ACC000056607960927FDF7DFFE9520CDE9000808
:10ACD000002006215A460123B4244FF06C08029448
:10ACE000FEF752FC9620F6F783F8A020CDE900008D
:10ACF0000020FC21FC2200230296FFF717FE5020C3
:10AD00005021502250230224CDE900AA0294FFF7DB
:10AD10000DFEF0200090782001901E20CDE9020960
:10AD20000020012177220A23CDE90856CDE90A66E1
:10AD30004FF00509CDE9045606960796FDF7A4FEE7
:10AD40009520CDE90008002006215A460123B424AD
:10AD50000294FEF719FC42F28C00C0F60100FFF7E6
:10AD60001DFE0020FFF712FE0120FFF755FE012017
:10AD7000FFF742FE0020FFF791FE00200021002295
:10AD800000230124CDE900660294FFF7CFFDE12006
:10AD9000CDE90000EB209621002200230296FFF768
:10ADA000C5FDAA2044F6BE124FF4F076CDE900406E
:10ADB000C0F601020120012101230296FEF7E4FB07
:10ADC00040F6C000C0F60100FFF7E8FD40F21D109C
:10ADD00044F690224FF4EB76CDE90090C0F60102E4
:10ADE0000120022101230296FEF7CEFB4FF4FA5018
:10ADF000F5F7FEFF00200021FAF7B6FE4FF496703B
:10AE0000F5F7F6FF0120002100220223FCF7D8FC11
:10AE10004FF49660F5F7ECFF012001210022012399
:10AE2000FCF7CEFC4FF49660F5F7E2FF012001211C
:10AE300000220223FCF7C4FC4FF49660F5F7D8FF1C
:10AE40000120012100220323FCF7BAFC4FF4966095
:10AE5000F5F7CEFF0120072100220123FCF7B0FC0B
:10AE60004FF49660F5F7C4FF01200721002202236A
:10AE7000FCF7A6FC4FF49660F5F7BAFF0120072116
:10AE800000220323FCF79CFC4FF49660F5F7B0FF1B
:10AE90000120082100220123FCF792FC4FF4966068
:10AEA000F5F7A6FF0120082100220223FCF788FC09
:10AEB0004FF49660F5F79CFF012008210022032340
:10AEC000FCF77EFC4FF49660F5F792FF0120092114
:10AED00000220123FCF774FC4FF49660F5F788FF1D
:10AEE0000120092100220223FCF76AFC4FF496603E
:10AEF000F5F77EFF0120092100220323FCF760FC07
:10AF00004FF49660F5F774FF0020FAF733FDEF2059
:10AF10000F21EF224FF498730095FCF765FC012098
:10AF20009F214FF4EF729F230095FCF75DFC00BF5B
:10AF3000BCB220469D212246A1230095FCF754FC7B
:10AF4000B4F5E67F07F10A07F2D30424ED201321BC
:10AF5000F12213230094FCF747FCED201D21F12280
:10AF60001D230094FCF740FCED202721F12227232C
:10AF70000094FCF739FCED203121F12231230094BB
:10AF8000FCF732FCED203B21F1223B230094FCF73F
:10AF90002BFCED204521F12245230094FCF724FCF5
:10AFA000ED204F21F1224F230094FCF71DFCED20F2
:10AFB0005921F12259230094FCF716FCED2063215E
:10AFC000F12263230094FCF70FFCED206D21F122A8
:10AFD0006D230094FCF708FCED207721F122772304
:10AFE0000094FCF701FCED208121F12281230094E3
:10AFF000FCF7FAFBED208B21F1228B230094FCF768
:10B00000F3FBED209521F12295230094FCF7ECFB56
:10B01000ED209F21F1229F230094FCF7E5FBED201A
:10B02000A921F122A9230094FCF7DEFBED20B32136
:10B03000F122B3230094FCF7D7FBED20BD21F122D0
:10B04000BD230094FCF7D0FBED20C721F122C723DC
:10B050000094FCF7C9FBED20D121F122D12300940B
:10B06000FCF7C2FBED20DB21F122DB230094FCF78F
:10B07000BBFBED20E521F122E5230094FCF7B4FBB6
:10B08000ED20EF21F122EF230094FCF7ADFBED2042
:10B09000F921F122F9230094FCF7A6FBED2040F200
:10B0A0000311F12240F203130094FCF79DFBED2005
:10B0B00040F20D11F12240F20D130094FCF794FBC5
:10B0C000ED2040F21711F12240F217130094FCF723
:10B0D0008BFBED2040F22111F12240F2211300946C
:10B0E000FCF782FBED2040F22B11F12240F22B13F2
:10B0F0000094FCF779FBFFF70DFC9FEDDF9B9FEDC4
:10B10000E0AB9FEDE1BB9FEDE2CB9FEDE3DB0124E4
:10B11000A6B2304605F004F853EC192B05F08CF874
:10B1200053EC1A2BCDE9113205F086F85AEC1B9B33
:10B130004A46534604F016FE41EC180BB0EE480A9E
:10B14000F0EE680A04F0ACF855EC1C8B51EC100BD7
:10B1500042462B4605F070F857EC1DBB5A463B465D
:10B1600004F04CFD04F096FF014630460222F6F74B
:10B170000DFEB0EE480AF0EE680A04F02DF851EC2E
:10B18000100B42462B4605F057F85A463B4604F052
:10B1900035FD04F07FFF014630460322F6F7F6FD49
:10B1A000B6F5EE7F04F10104B2D9CDE90F7AFFF7CD
:10B1B00051FB4FF4FA60F5F71BFE0020FAF7DAFBBB
:10B1C0000424EF200F21EF224FF498730094FCF732
:10B1D0000BFB01209F214FF4EF729F230094FCF79B
:10B1E00003FB0925AEB230469D213246A1230094CF
:10B1F000FCF7FAFAB6F5E67F05F10A05F2D3042466
:10B20000ED201321F12213230094FCF7EDFAED2039
:10B210001D21F1221D230094FCF7E6FAED202721E1
:10B22000F12227230094FCF7DFFAED203121F122EF
:10B2300031230094FCF7D8FAED203B21F1223B2387
:10B240000094FCF7D1FAED204521F122452300942A
:10B25000FCF7CAFAED204F21F1224F230094FCF7AE
:10B26000C3FAED205921F12259230094FCF7BCFACE
:10B27000ED206321F12263230094FCF7B5FAED2061
:10B280006D21F1226D230094FCF7AEFAED207721B9
:10B29000F12277230094FCF7A7FAED208121F12217
:10B2A00081230094FCF7A0FAED208B21F1228B235F
:10B2B0000094FCF799FAED209521F1229523009452
:10B2C000FCF792FAED209F21F1229F230094FCF7D6
:10B2D0008BFAED20A921F122A9230094FCF784FA2E
:10B2E000ED20B321F122B3230094FCF77DFAED2089
:10B2F000BD21F122BD230094FCF776FAED20C72191
:10B30000F122C7230094FCF76FFAED20D121F1223E
:10B31000D1230094FCF768FAED20DB21F122DB2336
:10B320000094FCF761FAED20E521F122E523009479
:10B33000FCF75AFAED20EF21F122EF230094FCF7FD
:10B3400053FAED20F921F122F9230094FCF74CFA8D
:10B35000ED2040F20311F12240F203130094FCF7B8
:10B3600043FAED2040F20D11F12240F20D1300944A
:10B37000FCF73AFAED2040F21711F12240F21713D0
:10B380000094FCF731FAED2040F22111F12240F255
:10B3900021130094FCF728FAED2040F22B11F12242
:10B3A00040F22B130094FCF71FFAFFF7B3FA9FED5E
:10B3B0003C9B01254FF00108DA463DE09F213846CD
:10B3C0000422F6F7E3FC304604F0AAFE53EC192BF6
:10B3D00004F032FFDDE9113204F02EFF109B22460B
:10B3E00004F0C0FC41EC100B03F05AFFB00841F22E
:10B3F0007B4148435A21B0EE408AA1EB5040F0EE29
:10B40000608A04F08DFE02460B4651EC180B04F0E6
:10B4100013FF0F9B524604F0F1FB04F03BFE044681
:10B42000384621460322F6F7B1FCB6F5E05F05F198
:10B4300001052BF8024C4BD808F101081FFA88F0DF
:10B4400040F2DF11884208BF4FF00108AEB21FFA88
:10B4500088F713A8B6F5F07F00EB470B4C46B2D344
:10B460003BF8021CEF2FAAD09F29A7D03846002214
:10B47000A7E700BF00BF00BF14AE47E17A14F23F58
:10B480001F85EB51B81E0940000000000080664097
:10B490000000000000C057400000000000E06340D2
:10B4A000666666666666E63F9A9999999999F93F44
:10B4B0000000000000002EC09A9999999999F9BF4F
:10B4C0000000000000807E400000000000607F401F
:10B4D000FFF7C0F94FF4FA60F5F78AFC41F68E7079
:10B4E000C0F60100FFF75AFA01200124FFF794FA91
:10B4F00000200026FFF74AFA0020FFF77DFA00201F
:10B50000FFF7CCFAFF20CDE900000020FF21FF2249
:10B5100000230296FFF70AFA00200021FF22FF23F2
:10B52000CDE900660294FFF701FA01200121002213
:10B5300002230225FCF744F90F27012000210022F5
:10B540004FF4F073CDE9007403960294FCF710F900
:10B550000120002140F231124FF4F073CDE9007464
:10B5600002940394FCF704F9F020A0215022002358
:10B570000095F9F7A7FFF020A021502201230095A4
:10B58000F9F7A0FFF020A021502202230095F9F73F
:10B5900099FFF020A021502203230095F9F792FF94
:10B5A0000626EF209F2164220023CDE90064642554
:10B5B000FDF7D6F9EF209F2164220123CDE9006435
:10B5C000FDF7CEF9EF209F2164220223CDE900642C
:10B5D000FDF7C6F9EF209F2164220323CDE9006423
:10B5E000FDF7BEF9B220BE2144F62F12CDE90010BE
:10B5F000C0F601020120022101230295FDF7C4FFDC
:10B600001FED578B1FED569B0E274FF0050800BF0F
:10B61000BEB2304604F084FD5BEC184B22465B461C
:10B6200004F00AFE55EC19AB52462B4604F0E6FA3C
:10B6300004F030FD02460020314640F23113CDF8CF
:10B640000080FCF7D1F8B6F5967F07F10507DFD348
:10B6500040F231174FF00508BEB2304604F060FDED
:10B6600022465B4604F0E8FD52462B4604F0C6FA3B
:10B6700004F010FD024640F2DF1031460F23CDF8F2
:10B680000080FCF7B1F8053FB8B20E28E4D81FEDF2
:10B69000760B1FED751B40F2311758EC109B51ECE7
:10B6A000110B0C94CDE91110BEB2304604F038FDF8
:10B6B0004A46434604F0C0FDDDE9113204F09EFA2B
:10B6C00004F0E8FC0246002031460F2303260096D2
:10B6D000FCF78AF8053FB8B20E28E5D81FED860BB7
:10B6E0000E2751EC100B0324CDE90F10BEB23046EB
:10B6F00004F016FD4A46434604F09EFDDDE90F3294
:10B7000004F07CFA04F0C6FC024640F2DF10314639
:10B710004FF498730094FCF767F8B6F5967F07F13D
:10B720000507E3D34FF47A60CDE90D98F5F760FB98
:10B7300001200421002202234FF001084FF00409E8
:10B740000024FCF73DF80A260F27012000210022E3
:10B750004FF4F073CDE900760394CDF80880FCF740
:10B7600007F80120002140F231124FF4F073CDE9C7
:10B770000076CDF80880CDF80C80FBF7F9FFF020BB
:10B78000A02150220023CDF80090F9F79BFEF02075
:10B79000A02150220123CDF80090F9F793FEF0206C
:10B7A000A02150220223CDF800900426F9F78AFE4A
:10B7B000F020A021502203230096F9F783FE0526EE
:10B7C000EF209F2164220023CDE900686427FDF764
:10B7D000C7F8EF209F2164220123CDE90068FDF71F
:10B7E000BFF8EF209F2164220223CDE90068FDF716
:10B7F000B7F8EF209F2164220323CDE900684FF0C2
:10B800000508FDF7ADF8B220BE2144F62F12CDE9B0
:10B810000010C0F601020120012101230297FDF76B
:10B82000B3FE0C9C0E2700BFBEB2304604F078FC7D
:10B8300022465B4604F000FD52462B4604F0DEF93A
:10B8400004F028FC02460020314640F23113CDF8C6
:10B850000080FBF7C9FFB6F5967F07F10507E3D334
:10B8600040F231174FF00508BEB2304604F058FCE4
:10B8700022465B4604F0E0FC52462B4604F0BEF93B
:10B8800004F008FC024640F2DF1031460F23CDF8E9
:10B890000080FBF7A9FF053FB8B20E28E4D8DDE928
:10B8A0000D67DDE9119840F231154FF0030A00BF32
:10B8B000ACB2204604F034FC32463B4604F0BCFCFB
:10B8C00042464B4604F09AF904F0E4FB024600209D
:10B8D00021460F23CDF800A0FBF786FF053DA8B257
:10B8E0000E28E5D8DDE90FA90E254FF0030800BFAB
:10B8F000ACB2204604F014FC32463B4604F09CFCFB
:10B900004A46534604F07AF904F0C4FB024640F27A
:10B91000DF1021464FF49873CDF80080FBF764FFE9
:10B92000B4F5967F05F10505E2D34FF47A60F5F79B
:10B930005FFA0120072101220123FBF741FF4FF0AD
:10B9400005080020002100224FF4A073CDF80080EC
:10B950000027FBF749FF002000210F224FF4A073BE
:10B96000CDF80080FBF740FF002000211E224FF49D
:10B97000A073CDF80080FBF737FF002000212D22B7
:10B980004FF4A073CDF80080FBF72EFF00200021BC
:10B990003C224FF4A073CDF80080FBF725FF002078
:10B9A00000214B224FF4A073CDF80080FBF71CFF61
:10B9B000002000215A224FF4A073CDF80080FBF73D
:10B9C00013FF0020002169224FF4A073CDF80080FE
:10B9D000FBF70AFF0020002178224FF4A073CDF876
:10B9E0000080FBF701FF0020002187224FF4A073A5
:10B9F000CDF80080FBF7F8FE0020002196224FF4DE
:10BA0000A073CDF80080FBF7EFFE00200021A522F7
:10BA10004FF4A073CDF80080FBF7E6FE0020002174
:10BA2000B4224FF4A073CDF80080FBF7DDFE0020B8
:10BA30000021C3224FF4A073CDF80080FBF7D4FEA1
:10BA400000200021D2224FF4A073CDF80080FBF734
:10BA5000CBFE00200021E1224FF4A073CDF800803E
:10BA6000FBF7C2FE00200021F0224FF4A073CDF8B6
:10BA70000080FBF7B9FE00200021FF224FF4A073E5
:10BA8000CDF80080FBF7B0FE002000214FF4877254
:10BA90004FF4A073CDF80080FBF7A6FE0020002134
:10BAA00040F21D124FF4A073CDF80080FBF79CFE0E
:10BAB000002000214FF496724FF4A073CDF800805F
:10BAC000FBF792FE0020002140F23B124FF4A073DE
:10BAD000CDF80080FBF788FE002000214FF4A5720E
:10BAE0004FF4A073CDF80080FBF77EFE002000210C
:10BAF00040F259124FF4A073CDF80080FBF774FEAA
:10BB0000002000214FF4B4724FF4A073CDF80080F0
:10BB1000FBF76AFE0020002140F277124FF4A07379
:10BB2000CDF80080FBF760FE002000214FF4C372C7
:10BB30004FF4A073CDF80080FBF756FE00200021E3
:10BB400040F295124FF4A073CDF80080FBF74CFE45
:10BB5000002000214FF4D2724FF4A073CDF8008082
:10BB6000FBF742FE0020002140F2B3124FF4A07315
:10BB7000CDF80080FBF738FE002000214FF4E17281
:10BB80004FF4A073CDF80080FBF72EFE00200021BB
:10BB900040F2D1124FF4A073CDF80080FBF724FEE1
:10BBA000002000214FF4F0724FF4A073CDF8008014
:10BBB000FBF71AFE002000214FF4F0724FF49B7344
:10BBC000CDF80080FBF710FE002000214FF4F0724A
:10BBD0004FF49673CDF80080FBF706FE002000219D
:10BBE0004FF4F0724FF49173CDF80080FBF7FCFD39
:10BBF000002000214FF4F0724FF48C73CDF80080D8
:10BC0000FBF7F2FD002000214FF4F0724FF4877330
:10BC1000CDF80080FBF7E8FD002000214FF4F07222
:10BC20004FF48273CDF80080FBF7DEFD0020002189
:10BC30004FF4F072FA23CDF80080FBF7D5FD002019
:10BC400000214FF4F072F023CDF80080FBF7CCFD1B
:10BC5000002000214FF4F072E623CDF80080FBF7BE
:10BC6000C3FD002000214FF4F072DC23CDF80080EA
:10BC7000FBF7BAFD002000214FF4F072D223CDF87B
:10BC80000080FBF7B1FD002000214FF4F072C823C3
:10BC9000CDF80080FBF7A8FD002000214FF4F072E2
:10BCA000BE23CDF80080FBF79FFD002000214FF45C
:10BCB000F072B423CDF80080FBF796FD0020002140
:10BCC0004FF4F072AA23CDF80080FBF78DFD002021
:10BCD00000214FF4F072A023CDF80080FBF784FD23
:10BCE000002000214FF4F0729623CDF80080FBF77E
:10BCF0007BFD002000214FF4F0728C23CDF80080F2
:10BD0000FBF772FD002000214FF4F0728223CDF882
:10BD10000080FBF769FD002000214FF4F0727823CA
:10BD2000CDF80080FBF760FD002000214FF4F07299
:10BD30006E23CDF80080FBF757FD002000214FF463
:10BD4000F0726423CDF80080FBF74EFD0020002147
:10BD50004FF4F0725A23CDF80080FBF745FD002028
:10BD600000214FF4F0725023CDF80080FBF73CFD2A
:10BD7000002000214FF4F0724623CDF80080FBF73D
:10BD800033FD002000214FF4F0723C23CDF80080F9
:10BD9000FBF72AFD002000214FF4F0723223CDF88A
:10BDA0000080FBF721FD002000214FF4F0722823D2
:10BDB000CDF80080FBF718FD002000214FF4F07251
:10BDC0001E23CDF80080FBF70FFD002000214FF46B
:10BDD000F0721423CDF80080FBF706FD002000214F
:10BDE0004FF4F0720A23CDF80080FBF7FDFC002031
:10BDF00000214FF4F0720023CDF80080FBF7F4FC33
:10BE000006244FF4F0704FF4A0714FF4F072002349
:10BE10000094FBF7E9FC4FF4F0704FF4A07140F28E
:10BE2000D11200230094FBF7DFFC4FF4F0704FF4C5
:10BE3000A0714FF4E17200230094FBF7D5FC4FF49E
:10BE4000F0704FF4A07140F2B31200230094FBF79E
:10BE5000CBFC4FF4F0704FF4A0714FF4D27200237A
:10BE60000094FBF7C1FC4FF4F0704FF4A07140F266
:10BE7000951200230094FBF7B7FC4FF4F0704FF4D9
:10BE8000A0714FF4C37200230094FBF7ADFC4FF494
:10BE9000F0704FF4A07140F2771200230094FBF78A
:10BEA000A3FC4FF4F0704FF4A0714FF4B472002370
:10BEB0000094FBF799FC4FF4F0704FF4A07140F23E
:10BEC000591200230094FBF78FFC4FF4F0704FF4ED
:10BED000A0714FF4A57200230094FBF785FC4FF48A
:10BEE000F0704FF4A07140F23B1200230094FBF776
:10BEF0007BFC4FF4F0704FF4A0714FF49672002366
:10BF00000094FBF771FC4FF4F0704FF4A07140F215
:10BF10001D1200230094FBF767FC4FF4F0704FF400
:10BF2000A0714FF4877200230094FBF75DFC4FF47F
:10BF3000F0704FF4A071FF2200230094FBF754FC33
:10BF40004FF4F0704FF4A071F02200230094FBF73F
:10BF50004BFC4FF4F0704FF4A071E12200230094E9
:10BF6000FBF742FC4FF4F0704FF4A071D222002393
:10BF70000094FBF739FC4FF4F0704FF4A071C3222A
:10BF800000230094FBF730FC4FF4F0704FF4A071E5
:10BF9000B42200230094FBF727FC4FF4F0704FF419
:10BFA000A071A52200230094FBF71EFC4FF4F07053
:10BFB0004FF4A071962200230094FBF715FC4FF478
:10BFC000F0704FF4A071872200230094FBF70CFC63
:10BFD0004FF4F0704FF4A071782200230094FBF727
:10BFE00003FC4FF4F0704FF4A07169220023009419
:10BFF000FBF7FAFB4FF4F0704FF4A0715A220023C4
:10C000000094FBF7F1FB4FF4F0704FF4A0714B225A
:10C0100000230094FBF7E8FB4FF4F0704FF4A0719D
:10C020003C2200230094FBF7DFFB4FF4F0704FF449
:10C03000A0712D2200230094FBF7D6FB4FF4F07083
:10C040004FF4A0711E2200230094FBF7CDFB4FF4A8
:10C05000F0704FF4A0710F2200230094FBF7C4FB93
:10C060004FF4F0704FF4A071002200230094FBF70E
:10C07000BBFB4FF4F0704FF4A07100220A23009430
:10C08000FBF7B2FB4FF4F0704FF4A07100221423C1
:10C090000094FBF7A9FB4FF4F0704FF4A07100225D
:10C0A0001E230094FBF7A0FB4FF4F0704FF4A07137
:10C0B000002228230094FBF797FB4FF4F0704FF415
:10C0C000A071002232230094FBF78EFB4FF4F07036
:10C0D0004FF4A07100223C230094FBF785FB4FF442
:10C0E000F0704FF4A071002246230094FBF77CFB14
:10C0F0004FF4F0704FF4A071002250230094FBF72E
:10C1000073FB4FF4F0704FF4A07100225A23009497
:10C11000FBF76AFB4FF4F0704FF4A0710022642328
:10C120000094FBF761FB4FF4F0704FF4A071002214
:10C130006E230094FBF758FB4FF4F0704FF4A0719E
:10C14000002278230094FBF74FFB4FF4F0704FF47C
:10C15000A071002282230094FBF746FB4FF4F0709D
:10C160004FF4A07100228C230094FBF73DFB4FF4A9
:10C17000F0704FF4A071002296230094FBF734FB7B
:10C180004FF4F0704FF4A0710022A0230094FBF74D
:10C190002BFB4FF4F0704FF4A0710022AA230094FF
:10C1A000FBF722FB4FF4F0704FF4A0710022B42390
:10C1B0000094FBF719FB4FF4F0704FF4A0710022CC
:10C1C000BE230094FBF710FB4FF4F0704FF4A07106
:10C1D0000022C8230094FBF707FB4FF4F0704FF4E4
:10C1E000A0710022D2230094FBF7FEFA4FF4F07006
:10C1F0004FF4A0710022DC230094FBF7F5FA4FF412
:10C20000F0704FF4A0710022E6230094FBF7ECFAE3
:10C210004FF4F0704FF4A0710022F0230094FBF76C
:10C22000E3FA4FF4F0704FF4A0710022FA23009467
:10C23000FBF7DAFA4FF4F0704FF4A07100224FF4DC
:10C2400082730094FBF7D0FA4FF4F0704FF4A071B2
:10C2500000224FF487730094FBF7C6FA4FF4F07096
:10C260004FF4A07100224FF48C730094FBF7BCFADA
:10C270004FF4F0704FF4A07100224FF491730094CA
:10C28000FBF7B2FA4FF4F0704FF4A07100224FF4B4
:10C2900096730094FBF7A8FA4FF4F0704FF4A07176
:10C2A00000224FF49B730094FBF79EFA4FF4F0705A
:10C2B0004FF4A07100224FF4A0730094FBF794FA9E
:10C2C00040F6B830F4F794FD012009210122002343
:10C2D000FBF776FA4FF4F0704FF4A0714FF4F07260
:10C2E0000023CDF80080FBF77FFA4FF4F0704FF495
:10C2F000A07140F2D1120023CDF80080FBF774FA50
:10C300004FF4F0704FF4A0714FF4E1720023CDF8B8
:10C310000080FBF769FA4FF4F0704FF4A07140F21F
:10C32000B3120023CDF80080FBF75EFA4FF4F070F3
:10C330004FF4A0714FF4D2720023CDF80080FBF7C8
:10C3400053FA4FF4F0704FF4A07140F295120023AD
:10C35000CDF80080FBF748FA4FF4F0704FF4A0716D
:10C360004FF4C3720023CDF80080FBF73DFA4FF481
:10C37000F0704FF4A07140F277120023CDF80080E6
:10C38000FBF732FA4FF4F0704FF4A0714FF4B4722F
:10C390000023CDF80080FBF727FA4FF4F0704FF43C
:10C3A000A07140F259120023CDF80080FBF71CFA6F
:10C3B0004FF4F0704FF4A0714FF4A5720023CDF844
:10C3C0000080FBF711FA4FF4F0704FF4A07140F2C7
:10C3D0003B120023CDF80080FBF706FA4FF4F07013
:10C3E0004FF4A0714FF496720023CDF80080FBF754
:10C3F000FBF94FF4F0704FF4A07140F21D120023CE
:10C40000CDF80080FBF7F0F94FF4F0704FF4A07115
:10C410004FF487720023CDF80080FBF7E5F94FF465
:10C42000F0704FF4A071FF220023CDF80080FBF7DD
:10C43000DBF94FF4F0704FF4A071F0220023CDF837
:10C440000080FBF7D1F94FF4F0704FF4A071E122B6
:10C450000023CDF80080FBF7C7F94FF4F0704FF4DC
:10C46000A071D2220023CDF80080FBF7BDF94FF474
:10C47000F0704FF4A071C3220023CDF80080FBF7C9
:10C48000B3F94FF4F0704FF4A071B4220023CDF84B
:10C490000080FBF7A9F94FF4F0704FF4A071A522CA
:10C4A0000023CDF80080FBF79FF94FF4F0704FF4B4
:10C4B000A07196220023CDF80080FBF795F94FF488
:10C4C000F0704FF4A07187220023CDF80080FBF7B5
:10C4D0008BF94FF4F0704FF4A07178220023CDF85F
:10C4E0000080FBF781F94FF4F0704FF4A0716922DE
:10C4F0000023CDF80080FBF777F94FF4F0704FF48C
:10C50000A0715A220023CDF80080FBF76DF94FF49B
:10C51000F0704FF4A0714B220023CDF80080FBF7A0
:10C5200063F94FF4F0704FF4A0713C220023CDF872
:10C530000080FBF759F94FF4F0704FF4A0712D22F1
:10C540000023CDF80080FBF74FF94FF4F0704FF463
:10C55000A0711E220023CDF80080FBF745F94FF4AF
:10C56000F0704FF4A0710F220023CDF80080FBF78C
:10C570003BF94FF4F0704FF4A07100220023CDF886
:10C580000080FBF731F94FF4F0704FF4A0710022F6
:10C590000A23CDF80080FBF727F94FF4F0704FF431
:10C5A000A07100221423CDF80080FBF71DF94FF491
:10C5B000F0704FF4A07100221E23CDF80080FBF72D
:10C5C00013F94FF4F0704FF4A07100222823CDF836
:10C5D0000080FBF709F94FF4F0704FF4A0710022CE
:10C5E0003223CDF80080FBF7FFF84FF4F0704FF4E2
:10C5F000A07100223C23CDF80080FBF7F5F84FF442
:10C60000F0704FF4A07100224623CDF80080FBF7B4
:10C61000EBF84FF4F0704FF4A07100225023CDF8E6
:10C620000080FBF7E1F84FF4F0704FF4A0710022A6
:10C630005A23CDF80080FBF7D7F84FF4F0704FF491
:10C64000A07100226423CDF80080FBF7CDF84FF4F1
:10C65000F0704FF4A07100226E23CDF80080FBF73C
:10C66000C3F84FF4F0704FF4A07100227823CDF896
:10C670000080FBF7B9F84FF4F0704FF4A07100227E
:10C680008223CDF80080FBF7AFF84FF4F0704FF441
:10C69000A07100228C23CDF80080FBF7A5F84FF4A1
:10C6A000F0704FF4A07100229623CDF80080FBF7C4
:10C6B0009BF84FF4F0704FF4A0710022A023CDF846
:10C6C0000080FBF791F84FF4F0704FF4A071002256
:10C6D000AA23CDF80080FBF787F84FF4F0704FF4F1
:10C6E000A0710022B423CDF80080FBF77DF84FF451
:10C6F000F0704FF4A0710022BE23CDF80080FBF74C
:10C7000073F84FF4F0704FF4A0710022C823CDF8F5
:10C710000080FBF769F84FF4F0704FF4A07100222D
:10C72000D223CDF80080FBF75FF84FF4F0704FF4A0
:10C73000A0710022DC23CDF80080FBF755F84FF400
:10C74000F0704FF4A0710022E623CDF80080FBF7D3
:10C750004BF84FF4F0704FF4A0710022F023CDF8A5
:10C760000080FBF741F84FF4F0704FF4A071002205
:10C77000FA23CDF80080FBF737F84FF4F0704FF450
:10C78000A07100224FF48273CDF80080FBF72CF8E3
:10C790004FF4F0704FF4A07100224FF48773CDF87E
:10C7A0000080FBF721F84FF4F0704FF4A0710022E5
:10C7B0004FF48C73CDF80080FBF716F84FF4F0704F
:10C7C0004FF4A07100224FF49173CDF80080FBF775
:10C7D0000BF84FF4F0704FF4A07100224FF49673F1
:10C7E000CDF80080FBF700F84FF4F0704FF4A07123
:10C7F00000224FF49B73CDF80080FAF7F5FF4FF459
:10C80000F0704FF4A07100224FF4A073CDF80080B7
:10C81000FAF7EAFF0020002100224FF4A0730094F1
:10C82000FAF7E2FF002000210F224FF4A0730094DA
:10C83000FAF7DAFF002000211E224FF4A0730094C3
:10C84000FAF7D2FF002000212D224FF4A0730094AC
:10C85000FAF7CAFF002000213C224FF4A073009495
:10C86000FAF7C2FF002000214B224FF4A07300947E
:10C87000FAF7BAFF002000215A224FF4A073009467
:10C88000FAF7B2FF0020002169224FF4A073009450
:10C89000FAF7AAFF0020002178224FF4A073009439
:10C8A000FAF7A2FF0020002187224FF4A073009422
:10C8B000FAF79AFF0020002196224FF4A07300940B
:10C8C000FAF792FF00200021A5224FF4A0730094F4
:10C8D000FAF78AFF00200021B4224FF4A0730094DD
:10C8E000FAF782FF00200021C3224FF4A0730094C6
:10C8F000FAF77AFF00200021D2224FF4A0730094AF
:10C90000FAF772FF00200021E1224FF4A073009497
:10C91000FAF76AFF00200021F0224FF4A073009480
:10C92000FAF762FF00200021FF224FF4A073009469
:10C93000FAF75AFF002000214FF487724FF4A073DA
:10C940000094FAF751FF0020002140F21D124FF42D
:10C95000A0730094FAF748FF002000214FF496726C
:10C960004FF4A0730094FAF73FFF0020002140F23B
:10C970003B124FF4A0730094FAF736FF0020002119
:10C980004FF4A5724FF4A0730094FAF72DFF002026
:10C99000002140F259124FF4A0730094FAF724FFDB
:10C9A000002000214FF4B4724FF4A0730094FAF702
:10C9B0001BFF0020002140F277124FF4A073009477
:10C9C000FAF712FF002000214FF4C3724FF4A07356
:10C9D0000094FAF709FF0020002140F295124FF46D
:10C9E000A0730094FAF700FF002000214FF4D272E8
:10C9F0004FF4A0730094FAF7F7FE0020002140F2F4
:10CA0000B3124FF4A0730094FAF7EEFE0020002159
:10CA10004FF4E1724FF4A0730094FAF7E5FE0020A2
:10CA2000002140F2D1124FF4A0730094FAF7DCFE1B
:10CA3000002000214FF4F0724FF4A0730094FAF735
:10CA4000D3FE002000214FF4F0724FF49B7300944A
:10CA5000FAF7CAFE002000214FF4F0724FF49673EB
:10CA60000094FAF7C1FE002000214FF4F0724FF459
:10CA700091730094FAF7B8FE002000214FF4F07291
:10CA80004FF48C730094FAF7AFFE002000214FF4AE
:10CA9000F0724FF487730094FAF7A6FE002000218D
:10CAA0004FF4F0724FF482730094FAF79DFE002069
:10CAB00000214FF4F072FA230094FAF795FE00205B
:10CAC00000214FF4F072F0230094FAF78DFE00205D
:10CAD00000214FF4F072E6230094FAF785FE00205F
:10CAE00000214FF4F072DC230094FAF77DFE002061
:10CAF00000214FF4F072D2230094FAF775FE002063
:10CB000000214FF4F072C8230094FAF76DFE002064
:10CB100000214FF4F072BE230094FAF765FE002066
:10CB200000214FF4F072B4230094FAF75DFE002068
:10CB300000214FF4F072AA230094FAF755FE00206A
:10CB400000214FF4F072A0230094FAF74DFE00206C
:10CB500000214FF4F07296230094FAF745FE00206E
:10CB600000214FF4F0728C230094FAF73DFE002070
:10CB700000214FF4F07282230094FAF735FE002072
:10CB800000214FF4F07278230094FAF72DFE002074
:10CB900000214FF4F0726E230094FAF725FE002076
:10CBA00000214FF4F07264230094FAF71DFE002078
:10CBB00000214FF4F0725A230094FAF715FE00207A
:10CBC00000214FF4F07250230094FAF70DFE00207C
:10CBD00000214FF4F07246230094FAF705FE00207E
:10CBE00000214FF4F0723C230094FAF7FDFD002081
:10CBF00000214FF4F07232230094FAF7F5FD002083
:10CC000000214FF4F07228230094FAF7EDFD002084
:10CC100000214FF4F0721E230094FAF7E5FD002086
:10CC200000214FF4F07214230094FAF7DDFD002088
:10CC300000214FF4F0720A230094FAF7D5FD00208A
:10CC400000214FF4F07200230094FAF7CDFD40F676
:10CC5000B830F4F7CDF80120092102220223FAF7B7
:10CC6000AFFD5020A0214FF4C872A023CDF8008062
:10CC7000FAF7BAFD07F1F000C7F5A07184B28DB2E2
:10CC80002046A021F0222B46CDF80080FAF7ACFD1B
:10CC9000C7F1F00086B23046A021F0222B46CDF835
:10CCA0000080FAF7A1FDBDB22046A021F0222B465C
:10CCB000CDF80080FAF798FD3046A021F0222B46EF
:10CCC000CDF80080FAF790FD982D07F10807D1D331
:10CCD00000254FF0060900BF05F15000ACB21FFA65
:10CCE00080F8404600214FF4C8722346C5F5A0776E
:10CCF000CDF80090FAF778FDC5F5C87086B24FF40C
:10CD0000C870214632464FF4A073CDF80090FAF770
:10CD10006BFDBFB230464FF4A07150223B46CDF8B8
:10CD20000090FAF761FD5020394642460023CDF8C5
:10CD30000090FAF759FDB4F59C7F05F10805CBD9B1
:10CD40004FF47A60F4F754F8012000210022032305
:10CD500000274FF0030BFAF733FD02200090142058
:10CD600028217822502302245025F8F73FFC062082
:10CD700005210191CDE902400120B4212822782328
:10CD8000009550254FF005080626F7F72BFF0020E9
:10CD90004FF4AA7128227823CDE900580294022585
:10CDA00003960624F7F71EFF5020F02132220223BB
:10CDB000F8F7CCF90120F021F0223223CDE90085EB
:10CDC0000294F7F79BF800204FF4C871F022322349
:10CDD000CDE9008502944FF00609F7F78FF84FF47C
:10CDE000FA60F4F705F80120002100220323FAF786
:10CDF000E7FC14202821782250231424CDE9004593
:10CE0000F8F710FD50260120B42128227823CDE91F
:10CE100000641424CDE90285CDF81090F7F76AFF7D
:10CE200000204FF4AA7128227823CDE90064CDE9CF
:10CE30000285CDF81090F7F75DFF5020F0213C22DD
:10CE400000230095F8F73EFB0120F021F0223C235F
:10CE5000CDE900870295CDF80C90F7F717FD00207B
:10CE60004FF4C871F0223C23CDE900870295CDF83C
:10CE70000C900624F7F70AFD4FF4FA60F3F7B8FFB9
:10CE80000120002100220323FAF79AFC50205021B0
:10CE90003C2228230095F8F7DDF928260120F0210F
:10CEA00050223C23CDE9006802950394F7F7E2F99C
:10CEB00000204FF4C87150223C2300964FF0280AFE
:10CEC000CDE9018503944FF00609F7F7D3F91C2447
:10CED0001420C82178225023CDE900A40295F8F748
:10CEE00049FA50260120B421C8227823CDE9006AEE
:10CEF0004FF0280ACDE902480495CDF81490F7F7D1
:10CF000019FB00204FF4AA71C8227823CDE9006AEA
:10CF1000CDE902480495CDF814900624F7F70AFBF2
:10CF20004FF4FA60F3F764FF0020F8F723FD43F6AF
:10CF30009470C0F60100FDF731FD0120FDF7AEFD54
:10CF40000120FDF723FD0120FDF766FD0020FDF720
:10CF500053FD0020FDF76AFD0120FDF7DDFC4FF0D9
:10CF6000230946260225002001217F220823CDE93E
:10CF700008B4CDE90A77CDE90066CDE90298CDF88D
:10CF800010B0CDE9055707974FF07F0AFBF77CFDFE
:10CF900000200121CD220823CDE908B4CDE90A778C
:10CFA000CDE90066CDE90298CDE904B50225CDE9C9
:10CFB0000677FBF769FD0020012140F21B120823D0
:10CFC000CDE908B4CDE90A77CDE90066CDE902984C
:10CFD000CDE904B5CDE9067740F21B14FBF754FD0B
:10CFE0000820FDF7EDFC342044F6A812CDE900A09E
:10CFF000C0F601020020062101234FF0340A0296F8
:10D00000FCF7C2FACD2044F6AE12CDE9000AC0F614
:10D0100001020020062101230296FCF7B5FA44F62E
:10D02000B012C0F60102002006210123CDE9004A1A
:10D030000296FCF7A9FA0624002002217F2256233B
:10D04000CDF820B0CDE909470B97CDE90066CDE9D1
:10D050000298CDE904B506970797FBF715FD002068
:10D060000321CD225623CDE908B40624CDE90A7761
:10D07000CDE90066CDE90298CDE904B5069707979A
:10D08000FBF702FD0020042140F21B125623CDE9DC
:10D0900008B4CDE90A77CDE90066CDE90298CDE97B
:10D0A00004B5CDE90677FBF7EFFC0920FDF788FC16
:10D0B00082207F2144F6B212CDE90010C0F60102B1
:10D0C00000200621012382240296FCF75DFA0A2043
:10D0D000FDF776FCCD2044F6B412CDE90004C0F68D
:10D0E00001020020062101230296FCF74DFA0B20D5
:10D0F000FDF766FC44F6B61240F21B1AC0F60102B8
:10D10000002006210123CDE900A40296FCF73CFA99
:10D1100006250224002005217F22A423CDF820B07B
:10D12000CDE909570B97CDE90066CDE90298CDF816
:10D1300010B0CDE905470797FBF7A6FC00200621B4
:10D14000CD22A423CDE908B50625CDE90A77CDE99E
:10D150000066CDE90298CDE904B40224069707974A
:10D16000FBF792FC0020072140F21B12A423CDE91B
:10D1700008B5CDE90A77CDE90066CDE90298CDE999
:10D1800004B406970797FBF77FFC0C20FDF718FC0B
:10D19000D0207F2144F6B812CDE90010C0F601027C
:10D1A000002006210123D0240296FCF7EDF90D2082
:10D1B000FDF706FCCD2044F6BA12CDE90004C0F616
:10D1C00001020020062101230296FCF7DDF90E2062
:10D1D000FDF7F6FB44F6BC12C0F601020020062162
:10D1E0000123CDF800A040F21B1A01940296FCF72F
:10D1F000CBF906250224002001217F22F223CDF85D
:10D2000020B0CDE909570B97CDE90066CDE902982A
:10D21000CDF810B0CDE905470797FBF735FC0020A6
:10D220000121CD22F223CDE908B50625CDE90A7703
:10D23000CDE90066CDE90298CDE904B40224069751
:10D240000797FBF721FC0020012140F21B12F2237B
:10D25000CDE908B5CDE90A77CDE90066CDE90298B8
:10D26000CDE904B406970797FBF70EFC0820FDF7FD
:10D27000A7FB4FF48F707F2144F6A612CDE9001072
:10D28000C0F601020020062101234FF48F7402969C
:10D29000FCF77AF9CD2044F6AA12CDE90004C0F6D5
:10D2A00001020020062101230296FCF76DF944F6E5
:10D2B000AC12C0F60102002006210123CDE900A432
:10D2C0000296FCF761F94FF4FA70F3F791FD002034
:10D2D00008217F220823CDE908B7CDE90A77CDE9F7
:10D2E0000066CDE90298CDE904B706970797FBF7EA
:10D2F000CBFB4FF49670F3F77BFD002009217F22D2
:10D300000823CDE908B7CDE90A77CDE90066CDE974
:10D310000298CDE904B706970797FBF7B5FB96206F
:10D32000F3F766FD002001217F220823CDE908B72D
:10D33000CDE90A77CDE90066CDE90298CDE904B7D9
:10D3400006970797FBF7A0FB4FF4FA70F3F750FD31
:10D3500000200821CD220823CDE908B7CDE90A77BE
:10D36000CDE90066CDE90298CDE904B706970797A5
:10D37000FBF78AFB4FF49670F3F73AFD0020092182
:10D38000CD220823CDE908B7CDE90A77CDE90066BB
:10D39000CDE90298CDE904B706970797FBF774FB30
:10D3A0009620F3F725FD00200121CD220823CDE9A9
:10D3B00008B7CDE90A77CDE90066CDE90298CDE955
:10D3C00004B706970797FBF75FFB4FF4FA70F3F784
:10D3D0000FFD0020082140F21B120823CDE908B7F9
:10D3E000CDE90A77CDE90066CDE90298CDE904B729
:10D3F00006970797FBF748FB4FF49670F3F7F8FC96
:10D400000020092140F21B120823CDE908B7CDE91D
:10D410000A77CDE90066CDE90298CDE904B7069711
:10D420000797FBF731FB9620F3F7E2FC0020012180
:10D4300040F21B120823CDE908B7CDE90A77CDE900
:10D440000066CDE90298CDE904B706970797FBF788
:10D450001BFB4FF4FA70F3F7CBFC002008217F226E
:10D460005623CDE908B7CDE90A77CDE90066CDE9C5
:10D470000298CDE904B706970797FBF705FB4FF431
:10D480009670F3F7B5FC00200B217F225623CDE9DF
:10D4900008B7CDE90A77CDE90066CDE90298CDE974
:10D4A00004B706970797FBF7EFFA9620F3F7A0FC6F
:10D4B000002002217F225623CDE908B7CDE90A7763
:10D4C000CDE90066CDE90298CDE904B70697079744
:10D4D000FBF7DAFA4FF4FA70F3F78AFC0020082120
:10D4E000CD225623CDE908B7CDE90A77CDE900660C
:10D4F000CDE90298CDE904B706970797FBF7C4FA80
:10D500004FF49670F3F774FC00200921CD225623C6
:10D51000CDE908B7CDE90A77CDE90066CDE90298F3
:10D52000CDE904B706970797FBF7AEFA9620F3F715
:10D530005FFC00200321CD225623CDE908B7CDE9B9
:10D540000A77CDE90066CDE90298CDE904B70697E0
:10D550000797FBF799FA4FF4FA70F3F749FC0020AC
:10D56000082140F21B125623CDE908B7CDE90A770E
:10D57000CDE90066CDE90298CDE904B70697079793
:10D58000FBF782FA4FF49670F3F732FC0020092182
:10D5900040F21B125623CDE908B7CDE90A77CDE951
:10D5A0000066CDE90298CDE904B706970797FBF727
:10D5B0006BFA9620F3F71CFC0020042140F21B12AA
:10D5C0005623CDE908B7CDE90A77CDE90066CDE964
:10D5D0000298CDE904B706970797FBF755FA4FF481
:10D5E0007A70F3F705FC0020F8F7C4F90420CDE9C0
:10D5F000030B0590002001217F220823CDE908BB01
:10D60000CDE90A77CDE90066CDF808904FF004081F
:10D6100006970797FBF738FA00200121CD2208234F
:10D62000CDE908BBCDE90A77CDE90066CDE90298DE
:10D63000CDE904B806970797FBF726FA00200121E9
:10D6400040F21B120823CDE908BBCDE90A77CDE9EA
:10D650000066CDE90298CDE904B806970797FBF775
:10D6600013FA0120FDF7ACF944F6A8127F25342403
:10D6700000200421C0F601020123009501940296C6
:10D68000FBF782FF44F6AE124FF0CD0A00200421D2
:10D69000C0F601020123CDE900A434240296FBF771
:10D6A00073FF40F21B1044F6B012CDE900040020D5
:10D6B0000421C0F6010201230296FBF765FF00205A
:10D6C00002217F225623CDE908BBCDE90A77CDE9B7
:10D6D0000066CDE90298CDE904B806970797FBF7F5
:10D6E000D3F900200321CD225623CDE908BBCDE993
:10D6F0000A77CDE90066CDE90298CDE904B806972E
:10D700000797FBF7C1F90020042140F21B125623B2
:10D71000CDE908BBCDE90A77CDE90066CDE90298ED
:10D72000CDE904B806970797FBF7AEF90220FDF79D
:10D7300047F944F6B212822400200421C0F6010207
:10D740000123009501940296FBF71EFF0320FDF7CD
:10D7500037F944F6B41200200421C0F60102012377
:10D76000CDE900A482250296FBF70EFF0420FDF709
:10D7700027F944F6B61240F21B1A00200421C0F625
:10D7800001020123CDE900A50296FBF7FDFE002072
:10D7900005217F22A423CDE908BBCDE90A77CDE995
:10D7A0000066CDE90298CDE904B806970797FBF724
:10D7B0006BF900200621CD22A423CDE908BBCDE9D9
:10D7C0000A77CDE90066CDE90298CDE904B806975D
:10D7D0000797FBF759F90020072140F21B12A423F9
:10D7E000CDE908BBCDE90A77CDE90066CDE902981D
:10D7F000CDE904B806970797FBF746F90520FDF732
:10D80000DFF87F2044F6B8120090D02400200421D5
:10D81000C0F60102012301940296FBF7B5FE062033
:10D82000FDF7CEF844F6BA12CD2500200421C0F64B
:10D8300001020123CDE90054D0240296FBF7A4FE97
:10D840000720FDF7BDF844F6BC1200200421C0F605
:10D8500001020123CDF800A040F21B1A01940296A8
:10D86000FBF792FE002001217F22F223CDE908BBC5
:10D87000CDE90A77CDE90066CDE90298CDE904B893
:10D8800006970797FBF700F900200121CD22F2232C
:10D89000CDE908BBCDE90A77CDE90066CDE902986C
:10D8A000CDE904B806970797FBF7EEF800200121B1
:10D8B00040F21B12F223CDE908BBCDE90A77CDE98E
:10D8C0000066CDE90298CDE904B806970797FBF703
:10D8D000DBF80120FDF774F87F2044F6A6120090D3
:10D8E0004FF48F7400200421C0F60102012301943B
:10D8F0000296FBF749FE44F6AA1200200421C0F666
:10D9000001020123CDE900544FF48F740296FBF716
:10D910003BFE44F6AC1200200421C0F601020123B4
:10D92000CDE900A40296FBF72FFE4FF47A60F3F7DF
:10D930005FFA0020F8F71EF80124002001217F2261
:10D940000823CDE908B80A970B94CDE90066CDE924
:10D95000029BCDE904B806970797FBF795F80020DE
:10D960000121CD220823CDE908B8CDE90A740124AC
:10D97000CDE90066CDE9029BCDE904B8069707978B
:10D98000FBF782F80020012140F21B120823CDE9A9
:10D9900008B8CDE90A740125CDE90066CDE9029BFE
:10D9A000CDE904B806970797FBF76EF836207F217C
:10D9B00044F6A812CDE9001000200321C0F60102B0
:10D9C00001234FF0360A0296FBF7DEFD44F6AE1255
:10D9D000CD2400200321C0F601020123CDE9004A35
:10D9E0000296FBF7D1FD40F21B1044F6B012CDE9D0
:10D9F000000A00200321C0F6010201230296FBF772
:10DA0000C3FD002002217F225623CDE908B8CDE9CD
:10DA10000A75CDE90066CDE9029BCDE904B8069709
:10DA20000797FBF731F800200321CD225623CDE9DB
:10DA300008B8CDE90A75CDE90066CDE9029BCDE9CC
:10DA400004B806970797FBF71FF80020042140F25F
:10DA50001B125623CDE908B8CDE90A75CDE9006659
:10DA6000CDE9029BCDE904B806970797FBF70CF8C0
:10DA70000220FCF7A5FF84207F2144F6B212CDE9F5
:10DA8000001000200321C0F6010201234FF0840A98
:10DA90000296FBF779FD0320FCF792FF44F6B412DF
:10DAA00000200321C0F601020123CDE9004A0296BD
:10DAB000FBF76AFD0420FCF783FF40F21B1044F6DD
:10DAC000B612CDE9000A00200321C0F601020123AD
:10DAD0000296FBF759FD002005217F22A423CDE902
:10DAE00008B8CDE90A75CDE90066CDE9029BCDE91C
:10DAF00004B806970797FAF7C7FF00200621CD2242
:10DB0000A423CDE908B8CDE90A75CDE90066CDE9D1
:10DB1000029BCDE904B806970797FAF7B5FF0020F6
:10DB2000072140F21B12A423CDE908B8CDE90A75FC
:10DB3000CDE90066CDE9029BCDE904B806970797C9
:10DB4000FAF7A2FF0520FCF73BFFD2207F2144F625
:10DB5000B812CDE9001000200321C0F60102012314
:10DB6000D2240296FBF710FD0620FCF729FFCD20FA
:10DB700044F6BA12CDE9000400200321C0F60102E8
:10DB800001230296FBF700FD0720FCF719FF44F67E
:10DB9000BC1240F21B1A00200321C0F6010201232F
:10DBA000CDE900A40296FBF7EFFC002001217F22C3
:10DBB000F223CDE908B8CDE90A75CDE90066CDE9D3
:10DBC000029BCDE904B806970797FAF75DFF00209E
:10DBD0000121CD22F223CDE908B8CDE90A75CDE9BE
:10DBE0000066CDE9029BCDE904B806970797FAF7DE
:10DBF0004BFF0020012140F21B12F223CDE908B8AF
:10DC0000CDE90A75CDE90066CDE9029BCDE904B8FE
:10DC100006970797FAF738FF0120FCF7D1FE4FF47B
:10DC200090707F2144F6A612CDE900100020032158
:10DC3000C0F6010201234FF490740296FBF7A4FC96
:10DC4000CD2044F6AA12CDE9000400200321C0F63D
:10DC5000010201230296FBF797FC44F6AC12002068
:10DC60000321C0F601020123CDE900A40296FBF7CF
:10DC70008BFC4FF4FA60F3F7BBF80020F7F77AFE5D
:10DC80004FF0140A002001217F220823CDE908B8B3
:10DC9000CDE90A75CDE90066CDE902ABCDE904B85E
:10DCA00006970797FAF7F0FE00200121CD220823FE
:10DCB000CDE908B8CDE90A75CDE90066CDF808A030
:10DCC0001424CDE903BBCDE905870797FAF7DCFEFD
:10DCD0000020012140F21B120823CDE908B8CDE94C
:10DCE0000A75CDE90066CDE9024BCDE904B8069787
:10DCF0000797FAF7C9FE0120FCF762FE44F6A81266
:10DD00004FF07F0A362400200321C0F601020123D0
:10DD1000CDF800A001940296FBF736FCCD2044F626
:10DD2000AE12CDE9000400200321C0F60102012358
:10DD300036240296FBF728FC40F21B1044F6B01282
:10DD4000CDE9000400200321C0F601020123029660
:10DD5000FBF71AFC4FF01609002002217F22562300
:10DD6000CDE908B8CDE90A75CDE90066CDE9029B99
:10DD7000CDE904B806970797FAF786FE002003213D
:10DD8000CD225623CDE908B8CDE90A75CDE9006664
:10DD9000CDE9029BCDE904B806970797FAF774FE20
:10DDA0000020042140F21B125623CDE908B8CDE92A
:10DDB0000A75CDE90066CDE9029BCDE904B8069766
:10DDC0000797FAF761FE0220FCF7FAFD44F6B2125B
:10DDD000842500200321C0F601020123CDF800A014
:10DDE0007F2401950296FBF7CFFB0320FCF7E8FDAB
:10DDF000CD2044F6B412CDE9000500200321C0F681
:10DE00000102012384250296FBF7BEFB0420FCF7E8
:10DE1000D7FD40F21B1044F6B612CDE900050020F4
:10DE20000321C0F6010201230296FBF7ADFB012599
:10DE3000002005217F22A423CDE908B80A970B957D
:10DE4000CDE90066CDE9029BCDE904B806970797B6
:10DE5000FAF71AFE00200621CD22A423CDE908B846
:10DE6000CDE90A75CDE90066CDE9029BCDE904B89C
:10DE700006970797FAF708FE0020072140F21B12C9
:10DE8000A423CDE908B8CDE90A75CDE90066CDE94E
:10DE9000029BCDE904B806970797FAF7F5FD052030
:10DEA000FCF78EFD44F6B8124FF0D20A0020032191
:10DEB000C0F6010201230094CDF804A00296FBF7FE
:10DEC00063FB0620FCF77CFDCD2044F6BA12CDE9B9
:10DED000000A00200321C0F601020123D224029689
:10DEE000FBF752FB0720FCF76BFD44F6BC1240F237
:10DEF0001B1A00200321C0F601020123CDE900A472
:10DF00000296FBF741FB002001217F22F223CDE99D
:10DF100008B8CDE90A75CDE90066CDE9029BCDE9E7
:10DF200004B806970797FAF7AFFD00200121CD222C
:10DF3000F223CDE908B8CDE90A75CDE90066CDE94F
:10DF4000029BCDE904B806970797FAF79DFD0020DC
:10DF5000012140F21B12F223CDE908B8CDE90A7580
:10DF60000125CDE90066CDE9029BCDE904B806970D
:10DF70000797FAF789FD0120FCF722FD7F2044F680
:10DF8000A61200904FF4907400200321C0F6010205
:10DF9000012301940296FBF7F7FACD2044F6AA126A
:10DFA000CDE9000400200321C0F6010201234FF453
:10DFB00090740296FBF7E8FA44F6AC1200200321B5
:10DFC000C0F601020123CDE900A40296FBF7DCFABA
:10DFD00041F28830F2F70CFF0020F7F7CBFC40F657
:10DFE000C000C0F60100FCF7D9FC0020FCF704FDDE
:10DFF0000020FCF71BFD0020FCF750FD0020FCF783
:10E000008BFC0020FCF7C2FC0120FCF705FD002082
:10E01000002100220023CDE900770295FCF786FC61
:10E02000FA25FA20FA2100220023CDE900550297B3
:10E03000FCF77CFC0220FCF7EFFC0120FCF76CFCF9
:10E04000282044F638324FF4EB7605240190C0F6D0
:10E05000010200200121012300940296FBF794FAAB
:10E060000120FCF7D9FC0020FCF756FC009444F694
:10E07000CF245020C0F60104019000200221224646
:10E0800001230296FBF780FA00200121224601239A
:10E09000CDE900770297FBF777FA002002212246AC
:10E0A0000123CDE900770297FBF76EFA44F672324E
:10E0B000C0F60102002001210123CDE9007702977B
:10E0C000FBF762FA8C21FF20CDE90001FA20FA214A
:10E0D00000228C230297FCF729FC9FEDFD8B2C205E
:10E0E000B0EE480A302602904FF00C0A00200221C0
:10E0F000F0EE680A00220023CDE9007BCDF80CA0E9
:10E100000496FCF7A9F80020012122460123CDE95D
:10E1100000770297FBF738FA0020012122460123FD
:10E12000CDE900770297FBF72FFA4FF47A60F2F708
:10E130005FFE64200021C822FF23CDE90000029782
:10E14000FCF792FC0020002100220323F9F738FBA2
:10E1500000200021002200230226CDE9007702964C
:10E16000FCF7E4FBFA20FA2100220023CDE9005558
:10E170000297FCF7DBFB0120FCF790FC0220FCF788
:10E180004BFC0120FCF7C8FB282044F638324FF046
:10E190000509019000200121C0F6010201234FF47E
:10E1A000EB76CDF800900296FBF7EEF90120FCF734
:10E1B00033FC0020FCF7B0FB50200190002002212E
:10E1C00022460123CDF800900296FBF7DDF90020EE
:10E1D000012122460123CDE900770297FBF7D4F90C
:10E1E0000020022122460123CDE900770297FBF7A8
:10E1F000CBF944F6723200200121C0F6010201235E
:10E20000CDE900770297FBF7BFF98C204FF0FF09AB
:10E210000190FA20FA2100228C23CDF80090029779
:10E22000FCF784FB2C20B0EE480ACDE9020A00205E
:10E230000221F0EE680A002200233026CDE9007B9F
:10E240000496FCF709F80020012122460123CDE9BC
:10E2500000770297FBF798F900200121224601235D
:10E26000CDE900770297FBF78FF94FF47A60F2F768
:10E27000BFFDFA20FA2100220023CDE900550297C4
:10E28000FCF754FB0020002100220323F9F798FA41
:10E290000220FCF7C1FB0120FCF73EFB0520FCF748
:10E2A00075FBCDE90055FA20FA2100220023022552
:10E2B0000295FCF73BFB0320FCF79EFB282044F66D
:10E2C00059324FF0050A0190C0F6010200200021EA
:10E2D00001234FF4EB76CDF800A00296FBF754F93A
:10E2E0000020FCF789FB0020002100220023CDE95B
:10E2F000007702950225FCF719FB0120FCF78CFB47
:10E300000020FCF709FB0120FCF740FB50200190A6
:10E310000020022122460123CDF800A00296FBF73F
:10E3200033F90020012122460123CDE9007702972D
:10E33000FBF72AF90020022122460123CDE90077CC
:10E340000297FBF721F944F6723200200121C0F652
:10E3500001020123CDE900770297FBF715F98C2024
:10E360000190FA20FA2100228C23CDF80090029728
:10E37000FCF7DCFA2C2002900C2003903020B0EE49
:10E38000480A049000200221F0EE680A00220023CF
:10E390000097CDF804B0FBF75FFF00200121224673
:10E3A0000123CDE900770297FBF7EEF80020012169
:10E3B00022460123CDE900770297FBF7E5F84FF4F9
:10E3C0007A60F2F715FD0020002100220023FCF7FF
:10E3D00035FB0020F7F7CEFA42F28C00C0F60100C0
:10E3E000FCF7DCFA0020002100220023CDE90077B1
:10E3F0000295FCF79BFA0020FCF7FEFA0120FCF7DF
:10E40000C5FA0120FCF708FB0120FCF785FA102073
:10E410003225CDE90150052006266424CDE9030B01
:10E42000CDE905070020012114220023CDF820B0FA
:10E43000CDE909670B9700944FF010090797FAF799
:10E4400023FB0120FCF7BCFA4FF0210A142044F60C
:10E450005012CDE9000AC0F6010200200621012376
:10E460000294FBF791F80520CDE9030BCDE90507F0
:10E470000120012182220023CDE908B6CDE90A77E7
:10E480000094642601953224CDF808904FF01009CD
:10E490000797FAF7F9FA0120FCF792FA822044F67E
:10E4A0005B12CDE9000AC0F601020120062101231A
:10E4B0000296FBF769F8012500200121F0220023D4
:10E4C000CDE908B80A9700F007B800BF00BF00BF49
:10E4D000643BDF4F4D5DA2C00B95CDE90064322453
:10E4E000CDF808904FF01009CDE903BBCDE90587C1
:10E4F0000797FAF7C9FA0120FCF762FA2220F02107
:10E5000044F66612CDE90010C0F601020020032196
:10E5100001230296FBF738F8012001214FF4AF7276
:10E520000023CDE908B8CDE90A75CDE900643224AD
:10E53000CDF808904FF01009CDE903BBCDE9058770
:10E5400007974FF4AF75FAF79FFA0120FCF738FAF6
:10E5500044F67112C0F60102012003210123CDE926
:10E56000005A0296FBF710F806204FF0050ACDE995
:10E57000030B05900020012114223C23CDF820B08C
:10E58000CDE909A70B97CDE90064CDF808904FF0CD
:10E590001009062506970797FAF776FA0120FCF787
:10E5A0000FFA0320FCF7F2F95D21142044F67C12E7
:10E5B000CDE90001C0F601020020052101235D2400
:10E5C0000296FAF7E1FF3220019001200121822218
:10E5D0003C23CDE908BACDE90A7700964FF0320A1C
:10E5E000CDE90295CDE904B506970797FAF74CFAFD
:10E5F0000120FCF7E5F90320FCF7C8F9822044F676
:10E600008512CDE90004C0F6010201200521012395
:10E610005D240296FAF7B8FF4FF0FF350020012184
:10E62000F0223C23CDE908BBCDE90A75CDE9006AAB
:10E63000CDE90298CDE904BB06970797FAF724FACB
:10E640000120FCF7BDF90320FCF7A0F95C20F021C4
:10E6500044F69012CDE90010C0F60102002004211A
:10E6600001230296FAF790FF012001214FF4AF72C7
:10E670003C23CDE908BBCDE90A75CDE9006ACDE9B7
:10E680000298CDE904BB06970797FAF7FDF9012038
:10E69000FCF796F90220FCF779F94FF4AF7044F6D5
:10E6A0009B12CDE90004C0F60102012004210123E0
:10E6B0000296FAF769FF6FF00400FCF7B7F9002043
:10E6C000FCF764F90220FCF7A7F996200090FF20E0
:10E6D00096210022002301900297FCF727F91E20C3
:10E6E0000090B4200190BE200021002200230124CC
:10E6F0000294FCF71BF9C820C821C822C8230226AF
:10E70000CDE900000296FCF711F9AF2044F634126F
:10E710004FF4F076CDE90040C0F60102012005215A
:10E7200001230296FAF730FF00206421FF22FF2325
:10E73000CDE900770297FCF7F9F80520FCF726F9F8
:10E740000420FCF759F94FF49170052144F620128A
:10E75000CDE90010C0F601020020032101234FF48F
:10E76000EB770297FAF710FF4FF47A60F2F740FB6D
:10E77000FCF772F84FF4FA60F2F73AFBFCF784F812
:10E780004FF4FA700DF5816DBDEC0C8B01B0BDE856
:10E79000F04FF2F72DBB00002DE9F04140F20048A8
:10E7A000C4F2020805460026404601210022C6F2B6
:10E7B00002060027F2F700FC7820F2F719FB4FF071
:10E7C000C044112020807820F2F712FB40F2710C37
:10E7D000C2F2000C40F20111ACF80010B0218CF82C
:10E7E00006502180C2213780218044213180C521FB
:10E7F0002180E021378037803780378021800F21CA
:10E800002422318032801C2232800A223280082267
:10E81000318032804322328088223280322232801C
:10E82000102206233180328033800723E12031809B
:10E830003380378020803820318030803020308015
:10E84000092030804E203180318030807720308028
:10E850003C2030800520338032803080232030807F
:10E860001B2030803A203780208055203080362091
:10E87000042D20800CD244F61810C0F6010030F8A8
:10E88000151014A030F8152014A030F8153007E04A
:10E8900002208CF8060040F23F1340F2DF12E8211C
:10E8A00031804FF0C0402921ACF80220ACF8043090
:10E8B00001807820F2F79CFA0020F7F75BF87820C7
:10E8C000F2F796FA404601210122BDE8F041F2F745
:10E8D00073BB00BF3F013F01DF01DF01DF01DF014B
:10E8E0003F013F0188B0F2F781FBFBF753FF0025A2
:10E8F00043F630000595CDE90355CDE90155009566
:10E90000C4F20200016840F2004441F0800101605D
:10E910000168C4F2020401F08001009100990095A1
:10E920000168002241F0020101600168012601F046
:10E930000201009100990095016841F01001016009
:10E94000016801F01001009100990095016841F003
:10E9500008010160016801F008010091009900952B
:10E96000016841F0010101600068012100F001002F
:10E97000009000982046F2F71FFB01A92046CDE940
:10E980000166CDE90355F2F747FA40F2DC00C2F226
:10E9900000004FF0204140F20412CAF2000280E869
:10E9A00026004FF48051C0E90A150F21FF22CDE95E
:10E9B0000111CDE9032111211023CDE9061501A98B
:10E9C0000022C0E90355C0E90535C5614564C0E9C9
:10E9D0000855C0E90C5585630593F2F75FFE18B141
:10E9E00072B600BFFEE700BF0620CDE90106022097
:10E9F000CDE90306CDE9050040F2DC0001A9C2F231
:10EA000000000A460795F2F749FE0220FFF7C4FE10
:10EA1000FCF74EF8FEE75FEA400C08BF91F0000FEC
:10EA20004FEA8C234FEAC12243EA51514FEA1C506E
:10EA300018BF00F5F0404FEA300018BF41F0004128
:10EA40005FEA6C5C00F02980BCF1FF3F08BF40F03A
:10EA500080407047130C06BF12044FF0100C4FF0AB
:10EA6000000C130E04BF12020CF1080C130F04BFAC
:10EA700012010CF1040C930F04BF92000CF1020C74
:10EA8000D30F04BF52000CF1010C11464FF00002ED
:10EA9000A0F11F00A0EB0C00704711F0004F08BF61
:10EAA000704731F000413FF4D5AF0B0C06BF0904AD
:10EAB0004FF0100C4FF0000C0B0E04BF09020CF1CC
:10EAC000080C0B0F04BF09010CF1040C8B0F04BFE1
:10EAD00089000CF1020CCB0F04BF49000CF1010CB2
:10EAE000CCF1200322FA03F341EA030102FA0CF20B
:10EAF000A0EB0C0000F101007047000023F07F47FD
:10EB000020F07F4C80EA030000F00040ACEB0703EC
:10EB100003F57C5303F1FF032DE9804909B44FEA63
:10EB2000144324EA03484FEA154B25EA0B4E0FF233
:10EB3000042606EB13273E7803FB0667C7F500079C
:10EB400007FB06F64FEAD64606F102064FEA5437AF
:10EB500007FB066CCCF1005C4FEA1C472CEA074C23
:10EB60000CFB06F507FB06F404EB15464FEA961678
:10EB700049085FEA320234BF00204FF000404FEAFC
:10EB8000D13706FB07FC4FEA1C4C0CFB0BF7D21BE2
:10EB900003FB0CF761EB07010CFB0EF7B0EB074032
:10EBA00072EB17420CFB08F734BFA2EB0742B2EB43
:10EBB000074261EB17414FEA0C444FEA910706FB0D
:10EBC00007FC4FEA1C4C0CFB0BF7B0EBC74072EB99
:10EBD000573203FB0CF734BFA2EBC742B2EBC7427C
:10EBE00061EB57310CFB0EF7B0EBC70072EB5772BD
:10EBF0000CFB08F734BFA2EBC702B2EBC70261EB14
:10EC000057714FEA816141EA92114FEA826242EA0A
:10EC100090124FEA806004EBCC04039F4FEAD13797
:10EC200006FB07FC4FEA1C4C0CFB0BF7D21B03FB4B
:10EC30000CF761EB07010CFB0EF7B0EB074072EB32
:10EC400017420CFB08F734BFA2EB0742B2EB0742B6
:10EC500061EB17414FEA8C5504EB9C244FEA910776
:10EC600006FB07FC4FEA1C4C0CFB0BF7B0EBC74054
:10EC700072EB573203FB0CF734BFA2EBC742B2EB87
:10EC8000C74261EB57310CFB0EF7B0EBC70072EBDC
:10EC900057720CFB08F734BFA2EBC702B2EBC702F6
:10ECA00061EB57714FEA816141EA92114FEA82624A
:10ECB00042EA90124FEA806015EB4C2544F10004C3
:10ECC0004FEAD13706FB07FC4FEA1C4C0CFB0BF755
:10ECD000D21B03FB0CF761EB07010CFB0EF7B0EB4B
:10ECE000074072EB17420CFB08F734BFA2EB074258
:10ECF000B2EB074261EB17414FEA813141EA9241A1
:10ED00004FEA823242EA90424FEA80304FEA0C7674
:10ED100015EB1C1544F1000448EA03434EEA0B4886
:10ED20004FF0000EB2EB080C71EB030724BF6246F4
:10ED300039464EEB0E0E4FF0000B00185241494180
:10ED40004BEB0B0BB2EB080C71EB03077BF1000BE9
:10ED500024BF624639464EEB0E0E4FF0000B0018F2
:10ED6000524149414BEB0B0BB2EB080C71EB030723
:10ED70007BF1000B24BF624639464EEB0E0E51EA82
:10ED8000020718BF46F0010616EB0E7655F1000299
:10ED900054F1000103D5BDE88901BDE80088BDE854
:10EDA0008901BDE80048B619524141EB0101A3F1C8
:10EDB0000103704780807F7E7D7C7B7A79787776CF
:10EDC00076757473727171706F6E6E6D6C6C6B6A48
:10EDD0006A696868676666656464636362616160E6
:10EDE000605F5F5E5E5D5D5C5C5B5B5A5A59595863
:10EDF00058575756565555555454535352525251CD
:10EE0000515050504F4F4F4E4E4D4D4D4C4C4C4B22
:10EE10004B4B4A4A4A494949484848474747474669
:10EE200046464545454444444443434343424242A5
:10EE3000424141419C46002B30D477002BD04FEA11
:10EE400037071CB503B44FF010004FF01001BAF1B2
:10EE5000000F06D0BCF1000FDCBF40F0080040F00E
:10EE600008014FF000000FBCBDE810400BF1010B92
:10EE7000BBF1010F08BF5FEA170722BF12F10102C1
:10EE800011F101014FF0004143F1000300F0004097
:10EE900043EA00007047F9D35708D0E746EA064630
:10EEA0004FEA164613F1400F1FDD13F1200FDFBFAD
:10EEB00016430A46002120335B42BED0C3F120072F
:10EEC00046EA06464FEA164602FA07F746EA0706FA
:10EED00022FA03F2C3F1200701FA07F742EA070218
:10EEE00021FA03F14FF00003A7E746EA020646EADB
:10EEF00006464FEA164646EA0106BCBF46EA064603
:10EF0000360C4FF000034FF000024FF0000194E781
:10EF10002DE9804C70B49A46934691E8380007C8B2
:10EF200031EA400C48BF34EA430C03D5FFF7E6FD55
:10EF3000FFF780FFF0BCBDE8008C2DE9804C70B479
:10EF40009A46934691E8380007C810F0804F08BFF2
:10EF500013F0804F03D100F005F8FFF76BFFF0BC12
:10EF6000BDE8008C20F07F4723F07F4C80EA03004F
:10EF700000F0004007EB0C03A3F57C53A3F1FE0364
:10EF800092F0000F00F0B38095F0000F00F0778052
:10EF90002DE901494FEA114021EA00484FEA1446A1
:10EFA00024EA064700FB06FC08FB06F607FB08F808
:10EFB00018EB06484CEB164C00FB07F718EB07481C
:10EFC0004CEB17404FEA124B22EA0B4E4FEA154624
:10EFD00025EA06470BFB06FC0EFB06F607FB0EFEBA
:10EFE0001EEB064E4CEB164C0BFB07F71EEB074EC9
:10EFF0004CEB174B18EB0B0840F1000018EB0E0B15
:10F0000058EB000840F100008F1A4FF000014FF05C
:10F0100000063CBFC943661B14BFB5EB040C0021BE
:10F020003CBFC943F61B4FEA174427EA04454FEAA1
:10F030001C472CEA074C04FB076205FB07F70CFB97
:10F0400005F616EB074642EB174204FB0CFC16EBE9
:10F050000C4642EB1C421BEB060658EB02024141F8
:10F060004EEA8E0E46EA9E0601D5BDE80189B61924
:10F07000524141EB0101A3F10103BDE801894FEACF
:10F08000144524EA05464FEA114721EA074C05FBDF
:10F0900007F406FB07F70CFB06F111EB074144EB05
:10F0A000174405FB0CFC11EB0C4144EB1C444FEAEC
:10F0B000124722EA074C05FB07F206FB07F70CFB99
:10F0C00006F616EB074642EB174205FB0CFC16EB67
:10F0D0000C4642EB1C456A1854F1000148BF7047CA
:10F0E000B619524141EB0101A3F10103704795F0BC
:10F0F000000F37D04FEA114221EA02464FEA144787
:10F1000024EA074C02FB07F106FB07F70CFB06F4A9
:10F1100014EB074441EB174102FB0CFC14EB0C44CD
:10F1200041EB1C414FEA154725EA074C02FB07F566
:10F1300006FB07F70CFB06F616EB074645EB1745F3
:10F1400002FB0CFC16EB0C4645EB1C42121951F16C
:10F15000000148BF7047B619524141EB0101A3F1CC
:10F16000010370474FEA144524EA05464FEA114768
:10F1700021EA074C05FB07F106FB07F70CFB06F23B
:10F1800012EB074241EB174105FB0CFC12EB0C4262
:10F1900051EB1C414FF0000648BF7047921841EBFD
:10F1A0000101A3F10103704703B4019841000098E5
:10F1B00050EAC12018BF04204A0D18BF40F00100DA
:10F1C00040F2FF72B2EB515F08BF40F0020001282D
:10F1D00008BF052002B0704710B52F499FED2C1BCA
:10F1E0002DED020B84B0059820F000408842D8BF76
:10F1F0009DED040B2DDD2949884209D1049840B9C1
:10F200004FF00100F1F7BBF900F0A2FC06B010BD11
:10F2100005DB9DED040B00F08FFC06B010BD6846C9
:10F220009DED040B00F0A0F810F0030004BF9DED6D
:10F23000021B9DED000B0CD001280ED09DED021B92
:10F240009DED000B022817D0012000F0DDFB06B079
:10F2500010BD00F0A5FA06B010BD9DED021B9DED9E
:10F26000000B012000F0D0FB51EC100B00F0BAFCB9
:10F2700006B041EC100B10BD00F092FA51EC100BEF
:10F2800000F0B0FC06B041EC100B10BD0000000017
:10F290000000000000000000FB21E93F0000F07FBB
:10F2A00010B52F499FED2C1B2DED020B84B0059856
:10F2B00020F000408842DCBF00209DED040B32DDD1
:10F2C0002849884209D1049840B94FF00100F1F76C
:10F2D00056F900F03DFC06B010BD05DB9DED040BBA
:10F2E00000F02AFC06B010BD68469DED040B00F04E
:10F2F0003BF810F0030011D0012818D09DED021B3F
:10F300009DED000B02281AD000F04AFA51EC100BC8
:10F3100000F068FC06B041EC100B10BD9DED021B27
:10F320009DED000B012000F06FFB06B010BD9DEDC0
:10F33000021B9DED000B00F033FA06B010BD01205A
:10F3400000F062FB51EC100B00F04CFC06B041ECFD
:10F35000100B10BD000000000000000000000000C5
:10F36000FB21E93F0000F07F2DE9F14F04462DED30
:10F37000020B2DED088B8AB09FEDE70B80ED020BA1
:10F38000139EE74826F0004585420ADC9DED120BEE
:10F39000002084ED000B0AB0BDEC088B03B0BDE883
:10F3A000F08FE0489FEDE0AB9FEDE1BBA84247DD69
:10F3B000E14F9FEDE39B9FEDE48B9DED120B53EC32
:10F3C0001A2B51EC100B002E1CDD01F03FF841EC24
:10F3D000100BBD4208D053EC1B2B51EC100B01F06D
:10F3E00035F8C4E900010BE053EC192B51EC100B7C
:10F3F00001F02CF853EC182B01F028F8C4E90001B7
:10F400000120C8E700F0FAFB41EC100BBD4208D028
:10F4100053EC1B2B51EC100B00F0F0FBC4E9000186
:10F420000BE053EC192B51EC100B00F0E7FB53EC05
:10F43000182B00F0E3FBC4E900014FF0FF30AAE70E
:10F44000C348A84279DB9DED120B51EC100B00F084
:10F45000A6FB41EC180B9FEDC00B53EC102B00F0FA
:10F46000EBFE9FEDBF1B53EC112B00F0C7FB00F030
:10F4700011FE074600F03DFE41EC190B53EC1A2B30
:10F4800000F0DAFE53EC182B00F0D4FF41EC180B1F
:10F4900053EC1B2B51EC190B00F0CEFEDFF8C8A289
:10F4A00041EC100B4FEA15580125FA4453EC102B90
:10F4B00051EC180B00F0CAFF032DC4E900013DD048
:10F4C000C1F30A5005EB4511A8EB00001139814248
:10F4D00034DA0AEB051BB0EE48AA9BED000BF0EE08
:10F4E00068AA53EC102B51EC190B00F0A5FE41EC6F
:10F4F0001B0B51EC1A0B53EC1B2B00F0A7FF41EC3C
:10F50000180B51EC1A0B53EC182B00F09FFF53EC27
:10F510001B2B00F09BFF9BED020B41EC1A0B53ECF5
:10F52000102B51EC190B00F087FE53EC1A2B00F056
:10F530008DFF41EC100B6D1CB8E70EE0002EA8BF4C
:10F540003846BFF628AF94ED000B51EC100B00F0DD
:10F5500049FBC4E9000178421DE7C6F3130040F4FB
:10F56000801EC6F30A50A0F2F530471100F01F05C7
:10F57000C5F12000DDF848B0089000200690079003
:10F580000520EC467949002D07EB0002794408BFBD
:10F5900051F8221009D051F8223001EB8201AB4022
:10F5A0004A68089922FA01F11943A1FB0E26A1FB32
:10F5B0000B131A449A4234BF0123002303EB0608BD
:10F5C0000CEB8003D3E901A60E448E4234BF012127
:10F5D000002192448A4411B1924502D903E0924538
:10F5E00001D2012100E00021C3E901A641444CF809
:10F5F0002010011EA0F10100C4DC029800F10050AF
:10F60000850F0298DDE903678000DDF8148000F0C3
:10F6100070FD41EC1A0B304600F082FD9FED541B4B
:10F6200053EC112B00F008FE41EC1B0B384600F0A8
:10F6300077FD9FED511B53EC112B00F0FDFD41ECCC
:10F64000180B404600F06CFD9FED4D1B53EC112B49
:10F6500000F0F2FD41EC190B51EC180B53EC192B97
:10F6600000F0CCFA53EC1B2B00F0C8FA53EC1A2B29
:10F6700000F0C4FACDE90801002008909DED080BC8
:10F6800053EC1A2B51EC100B00F0E0FE53EC1B2B4B
:10F6900000F0DCFE53EC182B00F0D8FE53EC192BD5
:10F6A00000F0C8FE9FED381B53EC112B00F0C4FD99
:10F6B0009FED370B41EC180B53EC102B9DED080B15
:10F6C00051EC100B00F0B8FD53EC182B00F096FA3B
:10F6D0009FED310B41EC180B53EC102B9DED080BFB
:10F6E00051EC100B00F0A8FD53EC182B00F086FA3B
:10F6F00041EC100B139810F0004F06D06D4251EC06
:10F70000100B00F06FFA41EC100B284684ED000B53
:10F7100041E60000000000000000000000000000C2
:10F72000FB21E93F7CD9024000004054FB21F93F16
:10F730003163621A61B4D03DFB21F93F0000000043
:10F740000000601A61B4D03D7370032E8A19A33B88
:10F75000FB2139410000000083C8C96D305FE43FE0
:10F76000000000000000E03F2212000070110000C5
:10F77000000000000000103E000000000000103CEF
:10F78000000000000000103A182D4454FB21F93D00
:10F790003326A611460B113C00000054FB21F93D15
:10F7A00010B52DED040B2DED088B82B0B0EE419A13
:10F7B000F0EE619A0B9820F000449FED4BABB4F152
:10F7C000795F11DA9DED0A0B51EC100B00F062FC31
:10F7D000002801BFB0EE4A0AF0EE6A0A02B0BDECA2
:10F7E000088B04BF04B010BD9DED0A0B53EC102B29
:10F7F00051EC100B00F020FD41EC180B3C480621A9
:10F80000B0EE480AF0EE680A784400F081F853EC54
:10F81000182B51EC100B00F00FFD9DED0A0B41EC85
:10F820001B0B53EC192B51EC100B00F005FD41ECB8
:10F83000190B53EC1B2B51EC180B00F0FDFC53EC97
:10F84000192B00F003FE9FED2C0B41EC190B53EC30
:10F85000102B51EC180B00F0EFFC41EC100B28487A
:10F86000844210DA53EC192B51EC100B00F0EEFD32
:10F8700053EC1A2B00F0DEFD41EC100B02B0BDEC96
:10F88000088B04B010BD1F48A042BCBF9FED1E1BDB
:10F890008DED001B06DBA4F5001001900020009008
:10F8A0009DED001B51EC100B53EC112B00F0CEFD25
:10F8B0009DED000B41EC180B53EC102B51EC1A0B87
:10F8C00000F0C4FD41EC1A0B53EC192B51EC180B52
:10F8D00000F0BCFD53EC1A2B00F0ACFD41EC100B1A
:10F8E000CCE7000000000000000000000000F03F36
:10F8F000940E000000000000000000000000E03F47
:10F900003333D33F0000E93F000000000000D23F46
:10F9100070B504462DED028B4D1E00EBC500B0EE18
:10F92000408AF0EE608A90ED000B35F0060017D0AB
:10F9300053EC182B51EC100B00F07EFC41EC100B3B
:10F940006D1E04EBC50090ED001B51EC100B53EC49
:10F95000112B00F053F941EC100B35F00600E7D104
:10F96000022D36D0042D1CD0062D1CBFBDEC028B01
:10F9700070BD53EC182B51EC100B00F05DFC94EDB6
:10F980000A1B53EC112B00F039F953EC182B00F043
:10F9900053FC94ED081B53EC112B00F02FF941ECB4
:10F9A000100B53EC182B51EC100B00F045FC94EDB0
:10F9B000061B53EC112B00F021F953EC182B00F02F
:10F9C0003BFC94ED040B53EC102B00F017F941ECC9
:10F9D000100B53EC182B51EC100B00F02DFC94ED98
:10F9E000021B53EC112B00F009F953EC182B00F01B
:10F9F00023FC94ED001B53EC112B00F0FFF8BDEC41
:10FA0000028B41EC100B70BD31B504462DED040B9B
:10FA10002DED0A8BB0EE41BAF0EE61BA0B989DED78
:10FA20000A0B20F00040B0F1795F0DDA51EC100BB9
:10FA3000FFF7BAFB042808BF00F09AF89DED0A0B07
:10FA4000BDEC0A8B05B030BD53EC102B51EC100B04
:10FA500000F0F2FB41EC180B9DED0A0B53EC182B58
:10FA600051EC100B00F0E8FB41EC190B2C48B0EE08
:10FA7000480AF0EE680A05217844FFF749FF9FED38
:10FA80002ACBB0EE40AAF0EE60AA9CB353EC1C2B3C
:10FA900051EC190B00F0D0FB41EC1C0B53EC1A2B72
:10FAA00051EC190B00F0C8FB9FED210B41EC190B39
:10FAB00053EC102B51EC1B0B00F0BEFB53EC192B3D
:10FAC00000F0C4FC53EC182B00F0B6FB53EC1B2BDE
:10FAD00000F0BCFC53EC1C2B00F0B8FC9DED0A1BA5
:10FAE00053EC112B00F0A6FCBDEC0A8B05B041ECE9
:10FAF000100B30BDFFE753EC1A2B51EC180B00F044
:10FB00009BFB53EC1C2B00F079F853EC192B00F005
:10FB100093FB9DED0A1B53EC112B00F06FF8E3E70C
:10FB2000240D000000000000495555555555C5BF2E
:10FB3000000000000000E03F10B553EC102B51EC2A
:10FB4000100B00F05BF841EC100B10BD0000000042
:10FB50009FED050B10B553EC102B51EC100B00F082
:10FB600001F941EC100B10BD000000000000000086
:10FB70009FED050B10B553EC102B51EC100B00F062
:10FB80005BFB41EC100B10BD0000000000000010FA
:10FB900030380A2801D2012070470020704782B017
:10FBA000CDE9000121F0004001909DED000B02B075
:10FBB00051EC100B7047000010B500290AD00878EE
:10FBC000002807D005487844F1F73EF8002801D016
:10FBD000002010BD0248784410BD00003A500000DB
:10FBE0003250000081F00041704780F000407047C3
:10FBF00021F00041704720F00040704710B591EAB5
:10FC0000030F48BF83F0004300F12884841A71EB8E
:10FC1000030C05D2121943EB0C03001B61EB0C0122
:10FC20004FEA1154A4EB135CDFF81CE11EEA430F0A
:10FC300018BF9EEA445F00F0748021EA045123EA71
:10FC40000E0343F48013DCF1200E32D322FA0CFEB3
:10FC500010EB0E0023FA0CFE41EB0E01CCF1200E4E
:10FC600003FA0EFE10EB0E00CCF1200E51F1000154
:10FC7000B1F5801F32D201EB045112FA0EF2BDE849
:10FC8000104058BF7047401C38BF5FEA420218BF9F
:10FC90007047002814BF20F0010041F100014FEA35
:10FCA000410313F5001F38BF7047A1F1C04100F0B8
:10FCB000BBBB012A43EB0302ACF1200CDCF11F0EAD
:10FCC00032BF4FF0000E23FA0CF310EB030041EBB0
:10FCD0000451B4EB115FD0D0A1EB045101F58011B8
:10FCE000490801EB04515FEA30000ED350F10000E7
:10FCF00038BF12FA0EFE08D1BDE81040C9E7401C1B
:10FD000038BF5FEA4202CAD1C3E7BDE810404FEAFC
:10FD1000410313F5001F38BF7047A1F1C04100F047
:10FD200083BB9EEA445F08D011EA5E0FBDE8104035
:10FD300004BF01F0004100207047BDE8104070B5DD
:10FD400000F024FB64FBBE3E0000E0FF491058BFFA
:10FD5000C1F140415B1058BFC3F140438B42EFF308
:10FD6000008070472DE9C04130B4DFF8A8C23CEAFA
:10FD7000111418BF3CEA131400F0F0801CEA1114AF
:10FD800081EA030544EAD57418BF1CEA131500F094
:10FD9000CB80A4EB050404F17F7404F500344FF02C
:10FDA000004545EAC12145EAC32341EA505143EAEF
:10FDB00052534FEAC0204FEAC222994208BF9042F4
:10FDC00000F0A0804FEA13650FF24816765D4FEA07
:10FDD000134506FB05F7C7F1807706FB07F74FEAE7
:10FDE000D737A7FB03687642A7FB06CEC8F5803855
:10FDF00038BFA8F1010807FB08E6A6FB028C4FF00C
:10FE0000000EE6FB03CED8F100086FEA0C0C5CF1A3
:10FE1000000C6FEA0E0E4EF1004EA6FB0C584FF090
:10FE20000007E6FB0E87A1FB08C6A0FB07CE16EB7A
:10FE30000E064FF0000545F10005E1FB076515F1E1
:10FE4000E04E7EBFA4F580345FEA46066D4116F1B0
:10FE5000800745F100054FEA172747EA05674FEA93
:10FE600015254FEA0666A6F1DE46B6F1805F20D979
:10FE7000384605EBC47124F0010C01EB0C11BCF108
:10FE8000FE6F02D8F0BCBDE8008124425CBF01F5E2
:10FE9000801E9EEAC47F02D4F0BCBDE800812442EB
:10FEA00000F13980A1F1C041F0BCBDE8004100F093
:10FEB000BBBA4FEAD02040EA41504FEAD1214FEA85
:10FEC000D22242EA43524FEAD323A7FB028607FB22
:10FED000036605FB02661EEA0E0F58BFA6EB00562E
:10FEE000B6EB00564FEA520E4EEAC37E18EB0E0EEA
:10FEF00056EB530EBCD518EB02085E417F1C55F142
:10FF00000005B5E74FF480154FF000074FF00006ED
:10FF10004FF00008ACE701F1C04101F000414FF0A3
:10FF20000000F0BCBDE800810CEA131511EA0C1FBB
:10FF300000D00CE013EA0C1F00F025804FF0000009
:10FF400081EA030101F00041F0BCBDE80081F0BC92
:10FF5000BDE8004181EA030100F066BAF0BCBDE8EB
:10FF6000004170B500F012FA097EFC3E00F007B8BF
:10FF70004FF0000081EA030101F00041704781EA7F
:10FF8000030100F051BAF0BCBDE8004122494FF036
:10FF900000007047FFFDFBF9F7F5F4F2F0EEEDEB32
:10FFA000E9E8E6E4E3E1E0DEDDDBDAD8D7D5D4D377
:10FFB000D1D0CFCDCCCBCAC8C7C6C5C4C2C1C0BFC3
:10FFC000BEBDBCBBBAB9B8B7B6B5B4B3B2B1B0AFC9
:10FFD000AEADACABAAA9A8A8A7A6A5A4A3A3A2A1AD
:10FFE000A09F9F9E9D9C9C9B9A9999989797969568
:10FFF00095949393929191908F8F8E8E8D8C8C8B04
:020000040801F1
:100000008B8A89898888878786858584848383828B
:10001000828181800000FF070000F87F51EA030C15
:1000200017D41CF5801F58BFBCF5801F00F1068057
:10003000994218BF704708BF9042704707D711F523
:10004000801F58BF13F5801F19D499427047894209
:1000500070471CF5801F08D5BCF5801FF7D58B4273
:1000600018BF704708BF824270474FF4001C1CEB5A
:10007000410F38BF1CEB430F01D28B42704770B564
:1000800000F084F9922449004FF000514FF0805362
:10009000FFF75CBE4FEA41034FEA5353A3F5806379
:1000A000D3F11E03C8BFD3F1210C0CDD4FF0004289
:1000B00042EAC12242EA505232FA03FC8CEAE17C65
:1000C000ACEBE1707047102BC4BF0020704703F504
:1000D000787CBCF1FF3F04D06FF0004282EA21003F
:1000E000704770B500F052F94992248000207047A3
:1000F000F2E710F0004248BF4042B0FA80F310FA35
:1001000003F10AD0C3F11D0303F5806302EB035230
:100110004FEA415002EBD12170474FF00000704789
:10012000B0FA80F310FA03F10AD0C3F11D0303F50E
:1001300080634FEA03524FEA415002EBD1217047EE
:100140004FF000007047000051EA030C17D41CF573
:10015000801F58BFBCF5801F00F10680994218BF70
:10016000704708BF9042704707D711F5801F58BFEE
:1001700013F5801F19D499427047894270471CF5C6
:10018000801F08D5BCF5801FF7D58B4218BF70477C
:1001900008BF824270474FF4001C1CEB410F38BF70
:1001A0001CEB430F01D28B42704770B500F0EEF8A4
:1001B000922449004FF080514FF00053FFF7C6BD25
:1001C00051EA030C17D41CF5801F58BFBCF5801FE3
:1001D00000F10680994218BF704708BF90427047EF
:1001E00007D711F5801F58BF13F5801F19D4994206
:1001F0007047894270471CF5801F08D5BCF5801FE9
:10020000F7D58B4218BF704708BF824270474FF442
:10021000001C1CEB410F38BF1CEB430F01D28B427B
:10022000704770B500F0B2F8922449004FF00051C9
:100230004FF08053FFF78ABD70B5DFF848C11CEA64
:10024000111E1EBF1CEA13159EEA0C0F95EA0C0F37
:1002500000F06F8081EA03044EEAD47EAE4421EAC6
:100260004C1123EA4C1341F4801143F48013AEF196
:100270007F7EA1FB024CA0FB0365361955EB0C05F4
:10028000A1FB034C4CF10003A0FB021C16EB0C0677
:10029000654153F10003094218BF46F0010613F40B
:1002A000007F0BD14FEA03314FEA053041EA155187
:1002B00040EA165034036FF003020AE04FEAC3210C
:1002C0004FEAC52041EA555140EA5650F4026FF01A
:1002D000020202EB2E4201EB025585EACE710AD0F2
:1002E0005FEA440C18BF24F0004450F1000041F1D3
:1002F000000120EAD47040F2FE7C624500D270BD5D
:10030000A84214BF4FF080444FF04044002E08BF75
:100310000024BEF1806FA8BFA1F1C041BDE87040CC
:1003200080F2828001F1C04101F000414FF00000F5
:1003300070470CEA13159EEA0C0F18BF95EA0C0FD4
:1003400006D081EA030E4FF000000EF0004170BDB0
:1003500000F01CF88900013E00F007B800F009B871
:100360004FEA430C5FEA5C5C08D081EA030100F0CD
:100370005BB84FEA410C5FEA5C5CF6D102494FF092
:10038000000070470000FF070000F87F0EF1020E2A
:100390002EF0030E5EF8046B364205D4012A43EBBF
:1003A000030515F5001F12D8012841EB010C1CF5BF
:1003B000001F0CD80ED14FEAD17C0CEB4C0C0CF189
:1003C000020C15F5001F08BF4CEBD37C04E04FF086
:1003D000080C01E04FEAD37C0CEB4C0526FA05F63D
:1003E00006F00706B6F1040C06D20EEB860CBDE84B
:1003F00070404CF0010C6047DFE80CF0090B020282
:100400004FF00041A1F500214FF0000070BD1946EA
:100410001046012851EB010418BFD4F5001484BF25
:10042000002001F0004170BD0808A0F500114FEA5E
:100430003101704710B591EA030F81F000413FF59B
:10044000E5AB83F0004300F009B8000010B591EA75
:10045000030F48BF83F000433FF5D8AB841A71EB1C
:10046000030C07D28CF0004C121943EB0C03001B59
:1004700061EB0C014FEA1154A4EB135CDFF8A4E12B
:100480001EEA430F18BF9EEA445F00F0B48021EAE1
:10049000045123EA6E035242C3EB6E0338BF5B1E66
:1004A000DCF1200E25D322FA0CFE10EB0E0043FAED
:1004B0000CFE41EB0E01CCF1200E03FA0EFE10EB08
:1004C0000E00CCF1200E51F1000129D401EB0451B2
:1004D00012FA0EF2BDE8104058BF7047401C1CBF16
:1004E000B2F1004F704700280CBF491C20F00100FA
:1004F000704712EB020E43EB030218BF4FF0010EE0
:100500004EEA4202ACF1200CDCF11E0E56D943FA41
:100510000CFE10EB0E00CCF11E0E51F1FF31D5D5C3
:100520000EF1010E12FA0EFE404141EB010101EB0A
:10053000445C5FEA5C5C10D901EB045110EBDE70A7
:1005400038BFBEF1004FBDE8104018BF704700280B
:100550000CBF491C20F00100704734D24FEAD42C64
:1005600024F4006411F500111BD0B1FA81F20B3AAA
:10057000A41AA41ED2F12003914030FA03F31943C8
:10058000904001EBCC7101EB0451002CBDE8104010
:10059000A8BF704701F1C04101F000414FF00000D9
:1005A0007047B0FA80F310FA03F102D1BDE81040B1
:1005B0007047E41A173C4805C90AE2E701EB045109
:1005C000BDE81040704749104FEA300001EB04517C
:1005D000BDE8104002E04FF0000170474A0008BF3C
:1005E0000042F8D0B2F5001F28BF704701F000416B
:1005F0004FF0000070479EEA445F07D011EA5E0F9B
:10060000BDE8104004BF002100207047BDE8104045
:1006100070B5FFF7BBFE00BF40DFF63E104683F02B
:10062000004170470000E0FF10B5FFF7F7FC0CBF7A
:100630000120002010BD10B5FFF7F0FC14BF012011
:10064000002010BD10B5FFF77FFD8CBF01200020FA
:1006500010BD10B5FFF778FD2CBF0120002010BDA4
:1006600010B5FFF7ADFD94BF0120002010BD10B5FF
:10067000FFF7A6FD34BF0120002010BDF1EE100AE7
:100680004FF6FF71C0F2C03120EA010040F0407027
:10069000E1EE100A7047F0F750B8000000000000CB
:1006A0004C5555555555A53F7751C1166CC156BF90
:1006B0009015CB19A001FA3EAD529C804F7E92BEA0
:1006C000C4B1B4BD9EEE213ED43888BEE9FAA8BDBF
:1006D00000004054FB21F93F3163621A61B4D03D00
:1006E0000000601A61B4D03D7370032E8A19A33BD9
:1006F0000000002E8A19A33BC14920259A837B392B
:1007000000000000000000006E83F9A22915444E8D
:10071000D15727FCC0DD34F5999562DB4190433C0D
:10072000AB6351FE61C5BBDE3A6E24B7E0D24D42E9
:10073000EA2E49061C92D1091CEB1DFE3EA729B1E9
:10074000F53582E88444BB2E26709CE9417E5FB477
:1007500039D69139F43953838B5F849C3B28F9BD9A
:10076000FF97F81F0F9805DE8B112FEF1F6D0A5AA8
:10077000CF7E366DB709CB27663F464F2DEA5F9E89
:10078000C7BA27757BF1E5EBF739073DEA92528A44
:10079000B15FFB6B085D8D1F463003560000000003
:1007A000A6F810111111813FD561C119A0012ABF0E
:1007B0007DFEB157E31DC73EEB9C2B8AE6E55ABE92
:1007C0007CD5CF5A3AD9E53D02400000000000A098
:1007D0000000000005400000000000C8000000000C
:1007E0000C4000000000409C000000001940000088
:1007F0000020BCBE0000000034400000BFC91B8EBA
:1008000000000004B5400000504BCFD06607E2CF97
:10081000010000006C4100003E8251AADFEEA734C7
:1008200001000000D9420000DCB5A0E23A301F9779
:10083000FFFFFFFFB4450000FD25A0C8E9A3C14F9D
:10084000FFFFFFFFFF3F00000000008000000000EE
:10085000FF3F0000000000800000000000000000DA
:10086000000000000102030406070809FFFFFFBEA5
:10087000BEBEFFBE3CB4780000FF0000B400BEBEA8
:10088000FF6E6EC8F8E8009A9A0000FFFF00A0A073
:10089000FFB4FFA064A0FFFFFFD2D2D2FFBE3CD2C4
:1008A000A00000FF0000D200BEBEFF7878DCF5F5A6
:1008B00000BEBE0000FFFF00BEBEFFB4FFBE64BEB0
:1008C0000C1820A22412000000000000000000000C
:1008D0000000000000000000000000000000000018
:1008E0000000000000000000000000000000000008
:1008F00006006006006006006006006006006000FA
:10090000000006006006000000000000000000007B
:10091000001981981981980900000000000000006A
:1009200000000000000000000000000000000000C7
:1009300000000000000000001981981981987FE1F3
:10094000981981981981987FE198198198198000E8
:100950000000000000000000000000600601F83602
:10096000C6666606603601F806C06606666636C16B
:10097000F806006000000000000000000000000019
:1009800000038C6CC6D86D83B00300600600C00DF8
:10099000C1B61B633631C00000000000000000003B
:1009A000000000000E01B03183183181B00E01E665
:1009B00033661C60C60C61C3361E60000000000078
:1009C0000000000000060060060060060000000055
:1009D0000000000000000000000000000000000017
:1009E00000000000000000000000C01803003006F6
:1009F00000600600600600600600600600600600F9
:100A00003003001800C0000000000000003001802A
:100A10000C00C0060060060060060060060060066C
:100A200000600600C00C01803000000000000000E3
:100A30000000000000000000060C3181B00E0FFE27
:100A40000E01B031860C0000000000000000000024
:100A50000000000000000000000000000060060030
:100A6000600607FE0600600600600000000000004F
:100A70000000000000000000000000000000000076
:100A80000000000000000000000000000000060060
:100A9000600600200200400000000000000000008E
:100AA0000000000000000000000007FE0000000041
:100AB0000000000000000000000000000000000036
:100AC0000000000000000000000000000000000026
:100AD00000000000000006006006000000000000AA
:100AE000000000000000000600600C00C01801803B
:100AF000300300600600C00C0180180300300600BF
:100B00006000000000000000000000001F830C6077
:100B1000660660E61E6366666C67867066066063DE
:100B20000C1F80000000000000000000000000001A
:100B30000600E01E03600600600600600600600616
:100B400000600600603FC0000000000000000000E0
:100B5000000000001F830C60660660600600C0187D
:100B60000300600C01803006007FE0000000000000
:100B700000000000000000001F830C6060060060A1
:100B80000600C0F800C00600600660630C1F80000D
:100B900000000000000000000000000000600E01E6
:100BA000E0360660C61863066066066067FE006091
:100BB00006006000000000000000000000000000CF
:100BC0007FE6006006006006007F800C0060060083
:100BD000600660630C1F8000000000000000000041
:100BE000000000001FC3006006006006007F860C46
:100BF00060660660660660630C1F800000000000EF
:100C000000000000000000007FE60660600600C0F3
:100C10000C0180180300300600600600600600002A
:100C20000000000000000000000000001F830C60B6
:100C3000660660660630C1F830C606606606606308
:100C40000C1F8000000000000000000000000000F9
:100C50001F830C6066066066066063061FE0060080
:100C6000600600600C3F80000000000000000000F3
:100C70000000000000000000000006006006000008
:100C800000000000000006006006000000000000F8
:100C9000000000000000000000000000000006004E
:100CA0006006000000000000000006006006002052
:100CB00002004000000000000000000000600C0185
:100CC00080300600C01803001800C0060030018004
:100CD0000C006000000000000000000000000000A8
:100CE0000000000000000007FE0000000000007F80
:100CF000E000000000000000000000000000000014
:100D0000000000006003001800C006003001800CE5
:100D10000180300600C018030060000000000000E1
:100D200000000000000000001F830C606606606089
:100D30000C01803006006000000006006006000024
:100D40000000000000000000000000001F830C6095
:100D5000660663E66666666666666666663A6003AB
:100D6000001FE00000000000000000000000000084
:100D70001F830C6066066066066066067FE6066096
:100D8000660660660660600000000000000000006B
:100D9000000000007F860C60660660660C7F860C93
:100DA00060660660660660660C7F800000000000DA
:100DB00000000000000000001F830C606606600653
:100DC0000060060060060060060660630C1F80007D
:100DD0000000000000000000000000007F860C60A2
:100DE00066066066066066066066066066066066A1
:100DF0000C7F8000000000000000000000000000E8
:100E00007FE6006006006006006007F8600600608C
:100E100006006006007FE000000000000000000007
:100E2000000000007FE6006006006006006007F832
:100E30006006006006006006006000000000000020
:100E400000000000000000001F830C6066066006C2
:100E50000060063E60660660660660630C1F8000E8
:100E60000000000000000000000000006066066056
:100E700066066066066067FE606606606606606617
:100E8000066060000000000000000000000000009C
:100E90001F806006006006006006006006006006B5
:100EA00000600600601F80000000000000000000DD
:100EB0000000000003F00C00C00C00C00C00C00CCF
:100EC00000C00C60C60C60C3181F000000000000CA
:100ED000000000000000000060660C6186306606BD
:100EE000C07807007806C066063061860C60600036
:100EF000000000000000000000000000600600602C
:100F000006006006006006006006006006006006DD
:100F1000007FE00000000000000000000000000072
:100F2000802C06E0EF1EDB6CE6C46C06C06C06C0CD
:100F30006C06C06C06C060000000000000000000ED
:100F4000000000006066066066067067866C666674
:100F500063661E60E60660660660600000000000D2
:100F600000000000000000001F830C606606606641
:100F70000660660660660660660660630C1F800099
:100F80000000000000000000000000007F860C60F0
:100F9000660660660660C7F86006006006006006C8
:100FA00000600000000000000000000000000000E1
:100FB0001F830C60660660660660660660660660F3
:100FC000660666633C1F800C0060000000000000A5
:100FD000000000007F860C60660660660660C7F849
:100FE0007806C066063061860C6060000000000074
:100FF00000000000000000001F830C606600600617
:10100000003001F800C00600600660630C1F80001D
:101010000000000000000000000000007FE060060B
:1010200000600600600600600600600600600600C2
:10103000600600000000000000000000000000004A
:101040006066066066066066066066066066066044
:10105000660660630C1F80000000000000000000B6
:101060000000000060660660660630C30C30C30CEA
:101070001981981980F00F00600600000000000040
:101080000000000000000000C06C06C06C06C06CD0
:1010900006C06C06C46CE6DB6F1EE0EC0680200028
:1010A0000000000000000000000000006066063044
:1010B000C30C1981980F00600F019819830C30C67A
:1010C000066060000000000000000000000000005A
:1010D00060660630C30C1981980F00F006006006A8
:1010E0000060060060060000000000000000000034
:1010F000000000007FE00600600600C018030060EA
:101100000C01803006006006007FE0000000000057
:10111000000000000007C0600600600600600600D6
:101120006006006006006006006006006006006061
:1011300007C000000000000000000600600300304F
:1011400001801800C00C0060060030030018018008
:101150000C00C0060060000000000000003E0060BF
:10116000060060060060060060060060060060067B
:1011700000600600600600603E0000000000000005
:10118000000600F019830C60600000000000000001
:10119000000000000000000000000000000000004F
:1011A000000000000000000000000000000000003F
:1011B000000000000000000000000000000000002F
:1011C0007FE0000000000000001800C006003001B1
:1011D000800000000000000000000000000000008F
:1011E00000000000000000000000000000000000FF
:1011F0000000000000003F800C0060061FE3066056
:1012000066066063061FE0000000000000000000AA
:10121000000000006006006006007F860C60660625
:1012200060660660660660660C7F80000000000055
:1012300000000000000000000000000000001F830C
:101240000C60660060060060060060630C1F800092
:101250000000000000000000000000000060060028
:1012600060061FE3066066066066066066066063E9
:10127000061FE00000000000000000000000000069
:101280000000000000001F830C6066066067FE60BF
:1012900006006003061FC000000000000000000000
:1012A0000000000003E0600600603FC060060060D0
:1012B00006006006006006006006000000000000F6
:1012C00000000000000000000000000000001FE31C
:1012D000066066066066066066066063061FE006D6
:1012E00000600600C3F80000000000006006006017
:1012F00006007F860C6066066066066066066066AD
:101300000660600000000000000000000000000017
:101310000600600600001E00600600600600600611
:1013200000600600601F8000000000000000000058
:101330000000000000C00C00C00003C00C00C00C86
:1013400000C00C00C00C00C00C00C00C30C30C1955
:1013500080F0000000000000300300300300306324
:101360000C3183303603C036033031830C306000DB
:101370000000000000000000000000001E006006E9
:10138000006006006006006006006006006006005F
:10139000601F80000000000000000000000000004E
:1013A0000000000000007F866C6666666666666602
:1013B0006666666666666000000000000000000069
:1013C000000000000000000000007F860C60660640
:1013D00060660660660660660660600000000000E9
:1013E00000000000000000000000000000001F835B
:1013F0000C60660660660660660660630C1F80000F
:1014000000000000000000000000000000000000DC
:1014100000007F860C606606606606606606606691
:101420000C7F8600600600600600000000000000DF
:101430000000000000001FE30660660660660660AC
:1014400066066063061FE006006006006006000096
:101450000000000000000000000067E6C078070000
:1014600060060060060060060060000000000000EA
:1014700000000000000000000000000000003FC667
:10148000066006006003FC0060060066063FC000C0
:101490000000000000000000000000000C00C00C74
:1014A00000C07F80C00C00C00C00C00C00C00C004D
:1014B000C007C000000000000000000000000000A5
:1014C0000000000000006066066066066066066058
:1014D00066066063061FE0000000000000000000D8
:1014E0000000000000000000000060660660630C61
:1014F00030C1981980F00F00600600000000000065
:101500000000000000000000000000000000606615
:10151000066066066666666666666666663FC00064
:1015200000000000000000000000000000000000BB
:10153000000060660630C1980F00600F019830C649
:1015400006606000000000000000000000000000D5
:1015500000000000000060660660660660660660C7
:1015600066066063061FE00600600600C3F8000020
:10157000000000000000000000007FE00600C0182E
:101580000300600C01803006007FE00000000000D6
:10159000000000000001C030060060060060060088
:1015A000600C01800C0060060060060060060030E0
:1015B00001C0000000000000000600600600600698
:1015C000006006006006006006006006006006001D
:1015D000600600600600000000000000003800C047
:1015E0000600600600600600600300180300600645
:1015F00000600600600600C0380000000000000027
:10160000000000000000000000000000003C6666D2
:1016100066663C00000000000000000000000000C2
:1016200000000000000000001F830C60660660667A
:10163000066066067FE60660660660660660600015
:101640000000000000000000000000007FC60060F5
:1016500006006006007F860C6066066066066066AF
:101660000C7F80000000000000000000000000006F
:101670007F860C60660660660C7F860C606606607E
:10168000660660660C7F800000000000000000001D
:10169000000000007FE600600600600600600600B3
:1016A00060060060060060060060000000000000A8
:1016B00000000000000000000FC18C30C30C30C3DC
:1016C0000C30C30C30C30C30C30C30C30C7FE606A7
:1016D0006066060000000000000000007FE6006079
:1016E00006006006006007F86006006006006006FD
:1016F000007FE0000000000000000000000000008B
:1017000066666666666666636C1F80F01F836C663D
:101710006666666666666000000000000000000005
:10172000000000001F830C60600600600600C0F827
:1017300000C00600600660630C1F8000000000000F
:10174000000000000000000060660660660660E6BB
:101750001E6366666C67867066066066066060007B
:1017600000000000000030C30C1F800060660660AF
:10177000660660E61E6366666C678670660660666F
:101780000660600000000000000000000000000093
:1017900060660C6186306606C07807007806C06611
:1017A000063061860C606000000000000000000050
:1017B000000000000FE186306306306306306306E8
:1017C000306306306306306606C06000000000002B
:1017D0000000000000000000802C06E0EF1EDB6C23
:1017E000E6C46C06C06C06C06C06C06C06C0600027
:1017F00000000000000000000000000060660660BD
:1018000066066066066067FE60660660660660667D
:101810000660600000000000000000000000000002
:101820001F830C606606606606606606606606607A
:10183000660660630C1F80000000000000000000CE
:10184000000000007FE606606606606606606606C9
:101850006066066066066066066060000000000064
:1018600000000000000000007F860C6066066066D5
:101870000660C7F8600600600600600600600000B1
:101880000000000000000000000000001F830C604A
:10189000660660060060060060060060060660637B
:1018A0000C1F80000000000000000000000000008D
:1018B0007FE06006006006006006006006006006CB
:1018C000006006006006000000000000000000004C
:1018D00000000000606606606606606606606306DB
:1018E0001FE00600600600600C3F80000000000062
:1018F00000000000000000601F836C66666666667C
:101900006666666666666666666666636C1F8060A7
:1019100000000000000000000000000060660630CB
:10192000C30C1981980F00600F019819830C30C601
:1019300006606000000000000000000000000000E1
:10194000606606606606606606606606606606603B
:1019500066066063061FF00300300300000000000D
:10196000000000006066066066066066063061FE84
:1019700000600600600600600600600000000000D5
:101980000000000000000000666666666666666627
:10199000666666666666666666666663661FE0001D
:1019A000000000000000000000000000666666669F
:1019B00066666666666666666666666666666663CA
:1019C000661FF0030030030000000000000000006C
:1019D000E00E006006006007F860C60660660660FC
:1019E000660660660C7F80000000000000000000BA
:1019F00000000000C06C06C06C06C06FC6C66C3626
:101A0000C36C36C36C36C36C66FC6000000000001B
:101A10000000000000000000600600600600600793
:101A2000F860C60660660660660660660C7F800029
:101A30000000000000000000000000001F830C6098
:101A400060060060060060FE0060060060066063DD
:101A50000C1F8000000000000000000000000000DB
:101A6000C7CCC6CC6CC6CC6CC6CC6FC6CC6CC6CC56
:101A70006CC6CC6CC6C7C0000000000000000000AF
:101A8000000000001FE3066066066066063061FE27
:101A900001E0360660C618630660600000000000C2
:101AA00000000000000000000000000000003F8077
:101AB0000C0060061FE30660660660630E1F600090
:101AC0000000000000000000000000001FC30060D4
:101AD00006003001F830C606606606606606606380
:101AE0000C1F80000000000000000000000000004B
:101AF0003F061860C60C60C6187F860C60660660DC
:101B0000660660660C3F80000000000000000000D8
:101B1000000000000000000000003FC0060060065A
:101B20000063FC6006006006003FC000000000008B
:101B300000000000000000003F800C0060061FE372
:101B40000E60660660660660660660630C1F8000B5
:101B50000000000000000000000000000000000085
:101B600000001F830C6066066067FE60060060036D
:101B7000061FC00000000000000000000000000080
:101B800000000000000066666666636C1F80F01F40
:101B9000836C66666666600000000000000000005E
:101BA000000000000000000000003FC606006006C4
:101BB0000060FC0060060066063FC00000000000F8
:101BC000000000000000000000000000000060664F
:101BD000066066066066066066066063061FE000D3
:101BE00000000000000000000000000030C30C1FD7
:101BF0008000606606606606606606606606606372
:101C0000061FE000000000000000000000000000CF
:101C100000000000000030630C3183303603C03612
:101C2000033031830C306000000000000000000031
:101C3000000000000000000000000FE18630630695
:101C40003063063063063063066060000000000009
:101C5000000000000000000000000000000040261E
:101C60000670E79E6F6666606606606606606000E6
:101C70000000000000000000000000000000000064
:101C800000006066066066066067FE606606606665
:101C9000066060000000000000000000000000007E
:101CA0000000000000001F830C606606606606608E
:101CB000660660630C1F800000000000000000004A
:101CC000000000000000000000007FE606606606DD
:101CD00060660660660660660660600000000000E0
:101CE00000000000000000000000000000007F86EF
:101CF0000C60660660660660660660660C7F86009D
:101D00006006006006000000000000000000000007
:101D100000001F830C6066006006006006006063C0
:101D20000C1F800000000000000000000000000008
:101D30000000000000007FE0600600600600600612
:101D400000600600600600000000000000000000C7
:101D500000000000000000000000606606606606EB
:101D60006066066066066063061FE00600600600A7
:101D7000C3F80000000000000000000600601F83A0
:101D80006C66666666666666666666636C1F80601D
:101D9000060000000000000000000000000000003D
:101DA000000060660630C1980F00600F019830C6D1
:101DB000066060000000000000000000000000005D
:101DC000000000000000606606606606606606604F
:101DD00066066063061FF003003003000000000089
:101DE000000000000000000000006066066066065B
:101DF0003061FE0060060060060060000000000028
:101E00000000000000000000000000000000666606
:101E1000666666666666666666666663661FE00098
:101E200000000000000000000000000000000000B2
:101E30000000666666666666666666666666666311
:101E4000661FF003003003000000000000000000E7
:101E50000000000000007007003003F830C30630B7
:101E6000630630630C3F80000000000000000000AB
:101E7000000000000000000000006066066067C609
:101E80006666366366366366667C60000000000046
:101E900000000000000000000000000000006006DC
:101EA000006007F061860C60C60C60C6187F0000F9
:101EB0000000000000000000000000000000000022
:101EC00000001F830C6060060060FE006006606317
:101ED0000C1F800000000000000000000000000057
:101EE000000000000000C7CCC6CC6CC6CC6FC6CCCE
:101EF0006CC6CC6CC6C7C00000000000000000002B
:101F0000000000000000000000003FE606606606DA
:101F10006063FE0360660C618630600000000000B4
:101F200000001981981980007FE6006006006006B5
:101F3000006007F86006006006006006007FE000B1
:101F40000000000000000000000000001981981946
:101F500080001F830C6066066067FE6006006003F9
:101F6000061FC0000000000000000000000000008C
:101F700061C63663663661C60070073E7BE6B06FA9
:101F800006706706306300000000000000000D26A8
:101F900030043E25F807C03E03F01F81FC0FE0FF30
:101FA0000FF87FC7FE3FF3EF9F7DF3FF9FF8FFC75A
:101FB000FC3FE1FF8FFE7FF3EFDF3FF9FFC7FE1F1E
:101FC000F0FF83FC0FE07F01F807C03E01F00F80B7
:101FD0007C007C07C03E01E00E00700307987C8304
:101FE000C43E01E01F01F00F80F807C07C03E01F32
:101FF00000FC03E01F807E01F007C43E30F983EE51
:102000001F787FC1FF0FFC3FE0DF867E13F00FC01B
:1020100001F807C03E00F003801CF067C31E08F8FB
:1020200043C01F007C03E00F807C01F00F807C0721
:10203000E03E03E03F01F01F00F84F86F837C3FC95
:102040003FC1FE1FE1FE0FB0FD0FF07F87FCFFFFD9
:10205000FFFFFF01FC0FE07F83FE1FF0FFC7FE3E86
:10206000F9F7CF9F7CFFE3FF1FF87FC3FE3FF3FF2D
:102070009FFDFBFF9FF8FFC7FC3FC1FE0FE07E0303
:10208000F01F00F807C03FFFFFFFFFFC0E1C20A25F
:1020900031150000000000000000000000000000FA
:1020A0000000000000000000000000000000000030
:1020B0000000000000000000000000000000000020
:1020C0000000000000000000000006001800600191
:1020D0008006001800600180060018006001800082
:1020E00000000060018006001800000000000000F1
:1020F00000000000000000018C063018C063018C55
:102100000630000000000000000000000000000099
:1021100000000000000000000000000000000000BF
:1021200000000000000000000000000018C0630173
:102130008C06307FF1FFC18C063018C063018C061D
:10214000307FF1FFC18C063018C063000000000032
:10215000000000000000000000000000C003003F7D
:1021600001FE0CCC3330CC03300CC01FC03F803399
:1021700000CC0330CCC33307F80FC00C0030000094
:1021800000000000000000000000000000003C31E2
:10219000F8C66619987EC0F30018006003000C00B2
:1021A0006001800CF037E199866631F8C3C0000009
:1021B0000000000000000000000000000000000F10
:1021C000007E030C0C3030C0E701F803C00E007C29
:1021D00063BB9C7C60E183860E1C7C3FB87C600006
:1021E000000000000000000000000000006001800E
:1021F00006001800600180000000000000000000E0
:1022000000000000000000000000000000000000CE
:1022100000000000000000000000000000000C00B2
:102220006003000C00600180060018006001800659
:102230000018006001800600180060018003000C97
:1022400000180030000000000000000000000180C5
:102250000300060018003000C003000C003000C06E
:1022600003000C003000C003000C003000C006006A
:102270001800C00600000000000000000000000080
:102280000000000000000000000038E07700F801C6
:10229000C07FF1FFC07003E01DC0E38000000000BC
:1022A000000000000000000000000000000000002E
:1022B00000000000000000000000C003000C00301F
:1022C00000C07FF9FFE03000C003000C00300000C8
:1022D00000000000000000000000000000000000FE
:1022E00000000000000000000000000000000000EE
:1022F000000000000000000000000000000060017D
:102300008006001800C00600000000000000000069
:1023100000000000000000000000000000000000BD
:10232000000000007FF1FFC000000000000000007E
:10233000000000000000000000000000000000009D
:10234000000000000000000000000000000000008D
:10235000000000000000000000000000000000007D
:10236000600180060018000000000000000000006E
:10237000000000000000000C00300180060030006A
:10238000C006001800C0030018006003000C0060C5
:1023900001800C00300180060000000000000000F9
:1023A0000000000000000000001FC0FF8603180CA2
:1023B000607183C61F18EC6731B8C7C31E0C70313B
:1023C00080C603180C3FE07F000000000000000002
:1023D0000000000000000000000003001C00F007E7
:1023E000C003000C003000C003000C003000C0032C
:1023F000000C003000C01FE07F80000000000000E3
:1024000000000000000000000000001FC0FF860365
:10241000180C603180C003001C00E007003801C0C8
:102420000E007003801C007FF1FFC0000000000060
:102430000000000000000000000000001FC0FF8638
:1024400003180C003000C003000C0FE03F800300B5
:102450000C003000C603180C3FE07F0000000000B5
:10246000000000000000000000000000000030013B
:10247000C00F007C03B01CC0E3070C3831C0C6039A
:10248000180C7FF1FFC003000C003000C0000000FA
:1024900000000000000000000000000000007FF1CC
:1024A000FFC600180060018006001FF07FE000C03A
:1024B00003000C003000C603180C3FE07F00000052
:1024C0000000000000000000000000000000001FED
:1024D000E0FF8600180060018006001FF07FE180A9
:1024E000C603180C603180C603180C3FE07F000063
:1024F00000000000000000000000000000000000DC
:102500007FF1FFC603180C6030018006003000C068
:1025100006001800C003000C003000C003000C00CF
:1025200000000000000000000000000000000000AB
:10253000001FC0FF8603180C603180C603180C3FD3
:10254000E0FF8603180C603180C603180C3FE07F63
:10255000000000000000000000000000000000007B
:1025600000001FC0FF8603180C603180C603180CE2
:102570006030FFC1FF000C003000C003000C3FE0E2
:10258000FF0000000000000000000000000000004C
:1025900000000000000000000000000018006001C2
:1025A00080060000000000000000000060018006BE
:1025B0000018000000000000000000000000000003
:1025C0000000000000000000000000000018006093
:1025D0000180060000000000000000000060018093
:1025E00006001800C0060000000000000000000007
:1025F0000000000000000001C00E007003801C00FD
:10260000E007003801C0038007000E001C003800FE
:102610007000E001C00000000000000000000000A9
:10262000000000000000000000000000000001FFAA
:10263000C7FF000000000000001FFC7FF00000004A
:10264000000000000000000000000000000000008A
:10265000000000000000000001C0038007000E0021
:102660001C0038007000E001C00E007003801C00E8
:10267000E007003801C0000000000000000000007A
:1026800000000000000000001F80FF060618186010
:102690006181800C00600300180060018000000070
:1026A000006001800600180000000000000000002B
:1026B0000000000000000000001FC0FF8603180C8F
:1026C000603187C63F19CC663198C66319CC63F177
:1026D00087460018003FF07FC000000000000000A7
:1026E000000000000000000000001FC0FF8603186B
:1026F0000C603180C603180C6031FFC7FF180C60F6
:102700003180C603180C603180C00000000000005A
:1027100000000000000000000000007FC1FF8603F1
:10272000180C603180C6061FF07FC1818603180C2B
:10273000603180C603180C7FE1FF0000000000003C
:102740000000000000000000000000001FC0FF8625
:1027500003180C6031800600180060018006001824
:1027600000600180C603180C3FE07F0000000000FD
:10277000000000000000000000000000007F01FFDA
:10278000060E1818603180C603180C603180C6032D
:10279000180C603180C60618387FC1FC00000000AC
:1027A00000000000000000000000000000007FF1B9
:1027B000FFC6001800600180060018007F81FE0639
:1027C000001800600180060018007FF1FFC00000C3
:1027D0000000000000000000000000000000007F7A
:1027E000F1FFC6001800600180060018007F81FE1E
:1027F00006001800600180060018006001800000DB
:1028000000000000000000000000000000000000C8
:102810001FC0FF8603180C6031800600180063F1AA
:102820008FC603180C603180C603180C3FE07F0090
:102830000000000000000000000000000000000098
:1028400000603180C603180C603180C603180C7F0D
:10285000F1FFC603180C603180C603180C6031808C
:10286000C0000000000000000000000000000000A8
:1028700000000FC03F003000C003000C003000C05B
:1028800003000C003000C003000C003000C00FC07B
:102890003F000000000000000000000000000000F9
:1028A00000000001F807E006001800600180060043
:1028B0001800600180060018606181860618183FC4
:1028C000C07E0000000000000000000000000000CA
:1028D00000000000603181C60E187063819C06E024
:1028E0001F007801E007C01B8067018E061C1838A6
:1028F000607180C0000000000000000000000000C7
:1029000000000000006001800600180060018006E1
:1029100000180060018006001800600180060018A1
:10292000007FF1FFC0000000000000000000000078
:1029300000000000000040098067039E1E7CF9BF74
:10294000667998C6601980660198066019806601EC
:102950009806601980600000000000000000000080
:1029600000000000000000603180C603180C7031C8
:10297000E0C7C31B8C67318EC61F183C607180C6D0
:1029800003180C603180C00000000000000000004F
:1029900000000000000000001FC0FF8603180C604C
:1029A0003180C603180C603180C603180C6031807A
:1029B000C603180C3FE07F0000000000000000008C
:1029C0000000000000000000007FC1FF8603180C1B
:1029D000603180C603180C6031FF87FC180060016D
:1029E0008006001800600180000000000000000068
:1029F000000000000000000000001FC0FF86031858
:102A00000C603180C603180C603180C603180C605E
:102A10003180C63B187C3FE07F8007000E0000003D
:102A200000000000000000000000007FC1FF8603DE
:102A3000180C603180C603180C6031FF87FC1F0042
:102A40006E019C0638187060E181C0000000000033
:102A50000000000000000000000000001FC0FF8612
:102A600003180C600180060018003FC07F8003003F
:102A70000C003000C603180C3FE07F00000000008F
:102A8000000000000000000000000000007FF9FFCF
:102A9000E03000C003000C003000C003000C003028
:102AA00000C003000C003000C003000C0000000058
:102AB0000000000000000000000000000000603185
:102AC00080C603180C603180C603180C603180C6C4
:102AD00003180C603180C603180C3FE07F00000033
:102AE0000000000000000000000000000000006086
:102AF0003180C603180C3060C183060C1818C063FF
:102B0000018C06300D803600D801C007001C000083
:102B100000000000000000000000000000000000B5
:102B20006019806601980660198066019806601930
:102B300080663199E66FD9F3E7879C0E6019002013
:102B40000000000000000000000000000000000085
:102B500000603180C3060C1818C06300D8036007FA
:102B6000001C00D8036018C06303060C1860318095
:102B7000C000000000000000000000000000000095
:102B8000000060198063030C0C18606180CC033076
:102B900007801E003000C003000C003000C003009E
:102BA0000C00000000000000000000000000000019
:102BB0000000007FF1FFC003000C007003801C00C8
:102BC000E007003801C00E00700180060018007F89
:102BD000F1FFC00000000000000000000000000045
:102BE000007E01F8060018006001800600180060F1
:102BF0000180060018006001800600180060018056
:102C0000060018007E01F80000000000000000002F
:102C100000000018006000C003000600180030002B
:102C2000C0018006000C00300060018003000C0031
:102C300018006000C0030000000000000000000059
:102C4000000003F00FC003000C003000C003000CB4
:102C5000003000C003000C003000C003000C003046
:102C600000C003000C03F00FC000000000000000D3
:102C7000000000002001C00F8077038E1C1C0000A4
:102C80000000000000000000000000000000000044
:102C90000000000000000000000000000000000034
:102CA0000000000000000000000000000000000024
:102CB0000000000000000000000000000000000014
:102CC0000000000000000000001FFC7FF00000007A
:102CD000000000000000C0038007000E0018000084
:102CE00000000000000000000000000000000000E4
:102CF00000000000000000000000000000000000D4
:102D000000000000000000000000000000000000C3
:102D10000000007F01FE000C00307FC3FF180C6034
:102D20003180C603180C3FF07FC000000000000097
:102D300000000000000000000000006001800600AC
:102D400018006001FF07FE180C603180C603180CE4
:102D5000603180C603180C7FE1FF00000000000016
:102D60000000000000000000000000000000000063
:102D700000000000007F03FE181C600180060018A0
:102D8000006001800600181C3FE07F00000000008A
:102D90000000000000000000000000000000300003
:102DA000C003000C00307FC3FF180C603180C603E5
:102DB000180C603180C603180C3FF07FC000000083
:102DC0000000000000000000000000000000000003
:102DD000000000000000007F03FE180C603180C777
:102DE000FF1FFC6001800600181C3FE07F00000010
:102DF00000000000000000000000000000000003D0
:102E0000F01FC06001800600FF03FC01800600186F
:102E100000600180060018006001800600180000B4
:102E200000000000000000000000000000000000A2
:102E30000000000000000000007FC3FF180C60319C
:102E400080C603180C603180C603180C3FF07FC0A9
:102E500003000C003000C3FE0FF000000000000073
:102E600000600180060018006001FF07FE180C607A
:102E70003180C603180C603180C603180C603180A5
:102E8000C000000000000000000000000000000082
:102E9000000003000C0030000000003C00F000C007
:102EA00003000C003000C003000C003000C00FC055
:102EB0003F000000000000000000000000000000D3
:102EC00000000000600180060000000007801E0076
:102ED00018006001800600180060018006001800DC
:102EE000600180060C183060C181FC03E000000026
:102EF000000000003000C003000C003000C1C30E11
:102F00000C703380DC03E00F003E00DC03380C70F3
:102F100030E0C1C000000000000000000000000020
:102F200000000000000F003C003000C003000C0057
:102F30003000C003000C003000C003000C00300063
:102F4000C00FC03F000000000000000000000000B3
:102F5000000000000000000000000000000001FF71
:102F600087FF18C663198C663198C663198C663161
:102F700098C663198C60000000000000000000008B
:102F80000000000000000000000000000000000140
:102F9000FF07FE180C603180C603180C603180C634
:102FA00003180C603180C000000000000000000029
:102FB0000000000000000000000000000000000011
:102FC000007F03FE180C603180C603180C6031804E
:102FD000C603180C3FE07F00000000000000000066
:102FE00000000000000000000000000000000000E1
:102FF0000001FF07FE180C603180C603180C603119
:1030000080C603180C7FE1FF0600180060018006EF
:103010000018000000000000000000000000000098
:103020000000007FC3FF180C603180C603180C60DD
:103030003180C603180C3FF07FC003000C00300045
:10304000C003000C000000000000000000000000B1
:10305000000000019FC6FF1F007801C00600180095
:103060006001800600180060018000000000000080
:103070000000000000000000000000000000000050
:1030800000000000007F03FE180C60018003FC07B5
:10309000F8003000C0031C0C3FE07F00000000007F
:1030A0000000000000000000000000000006001802
:1030B000006001800600FF03FC018006001800602C
:1030C00001800600180060018007E00F800000000A
:1030D00000000000000000000000000000000000F0
:1030E0000000000000000180C603180C603180C69B
:1030F00003180C603180C603180C3FF07FC000003D
:1031000000000000000000000000000000000000BF
:10311000000000000000000180C603180C3060C1F0
:103120008306063018C06300D8036007001C000047
:10313000000000000000000000000000000000008F
:103140000000000000000000018066019806601980
:103150008C663198C663198C663198C63FF07F80C3
:10316000000000000000000000000000000000005F
:103170000000000000000000000180C6031C1C3895
:10318000E07700F801C00F8077038E1C1C6031804F
:10319000C00000000000000000000000000000006F
:1031A000000000000000000000000180C603180CB1
:1031B000603180C603180C603180C603180C3FF0E4
:1031C0007FC003000C003000C3FE0FF000000000C1
:1031D000000000000000000000000001FFC7FF0029
:1031E0001C00E007003801C00E007003801C007F47
:1031F000F1FFC0000000000000000000000000001F
:10320000000E007803800C003000C003000C00307A
:1032100001801C0070006000C003000C003000C082
:1032200003000E001E003800000000000000000037
:103230000000600180060018006001800600180090
:10324000600180060018006001800600180060011F
:1032500080060018006001800000000000000000EF
:10326000000003800F000E001800600180060018A7
:10327000006000C001C00700300180060018006037
:10328000018006003803C00E0000000000000000AE
:10329000000000000000000000000000000000002E
:1032A0000000000F0C7E318CC63F18780000000033
:1032B000000000000000000000000000000000000E
:1032C00000000000000000001FC0FF8603180C6013
:1032D0003180C603180C6031FFC7FF180C603180C5
:1032E000C603180C603180C0000000000000000020
:1032F0000000000000000000007FE1FF86001800D1
:1033000060018006001FF07FE180C603180C603169
:1033100080C603180C7FE1FF0000000000000000E1
:10332000000000000000000000007FC1FF860318BD
:103330000C603180C6061FF07FC1818603180C60C7
:103340003180C603180C7FE1FF0000000000000080
:1033500000000000000000000000007FF1FFC60038
:103360001800600180060018006001800600180047
:10337000600180060018006001800000000000006D
:1033800000000000000000000000000007F03FC146
:10339000830C0C603180C603180C603180C60318A2
:1033A0000C603180C603180CFFFBFFEC01B006C0B7
:1033B000180000000000000000000000007FF1FF86
:1033C000C6001800600180060018007F81FE06001C
:1033D0001800600180060018007FF1FFC0000000A7
:1033E0000000000000000000000000000000631961
:1033F0008C663198C66319CCE3B707F80FC07F839A
:10340000B71CCE63198C663198C663198C600000B6
:103410000000000000000000000000000000001F8D
:10342000C0FF8603180C003000C003000C0FE03F03
:103430008003000C003000C603180C3FE07F000042
:10344000000000000000000000000000000000007C
:10345000603180C603180C603181C60F187C63B1DF
:103460009CC6E31F0C7831C0C603180C603180C0C5
:103470000000000000000000000018C07F00F800FD
:1034800000603180C603180C603181C60F187C6360
:10349000B19CC6E31F0C7831C0C603180C603180A4
:1034A000C00000000000000000000000000000005C
:1034B0000000603181C60E187063819C06E01F0019
:1034C0007801E007C01B8067018E061C1838607108
:1034D00080C00000000000000000000000000000AC
:1034E00000000007F03FC183060C183060C183065E
:1034F0000C183060C183060C183060C183060C388C
:1035000031C0C0000000000000000000000000000A
:103510000000000040098067039E1E7CF9BF6679A9
:1035200098C6601980660198066019806601980641
:103530006019806000000000000000000000000032
:103540000000000000603180C603180C603180C6A6
:1035500003180C7FF1FFC603180C603180C60318F6
:103560000C603180C000000000000000000000007E
:103570000000000000001FC0FF8603180C603180AF
:10358000C603180C603180C603180C603180C60376
:10359000180C3FE07F000000000000000000000069
:1035A000000000000000007FF1FFC603180C60312E
:1035B00080C603180C603180C603180C603180C6C9
:1035C00003180C603180C000000000000000000003
:1035D00000000000000000007FC1FF8603180C609F
:1035E0003180C603180C6031FF87FC180060018031
:1035F00006001800600180000000000000000000CC
:103600000000000000000000001FC0FF8603180C2F
:10361000603180060018006001800600180060011B
:1036200080C603180C3FE07F00000000000000008F
:10363000000000000000000000007FF9FFE0300003
:10364000C003000C003000C003000C003000C003B9
:10365000000C003000C003000C000000000000005F
:103660000000000000000000000000603180C60380
:10367000180C603180C603180C6030FFC1FF000CCD
:10368000003000C003000C3FE0FF0000000000001D
:103690000000000000000000003000C01FE0FFC676
:1036A0003198C663198C663198C663198C66319857
:1036B000C663198C663198C63FF07F803000C00029
:1036C00000000000000000000000000000603180E9
:1036D000C3060C1818C06300D8036007001C00D88C
:1036E000036018C06303060C18603180C00000003E
:1036F0000000000000000000000000000000603139
:1037000080C603180C603180C603180C603180C677
:1037100003180C603180C603180C3FF87FE001806D
:1037200006001800600000000000000000000060BB
:103730003180C603180C603180C603180C3FF07F3F
:10374000C003000C003000C003000C003000C000BB
:103750000000000000000000000000000000000069
:1037600063198C663198C663198C663198C66319E3
:103770008C663198C663198C663198C63FF87FE035
:103780000000000000000000000000000000000039
:103790000063198C663198C663198C663198C663CC
:1037A000198C663198C663198C663198C63FFC7FC8
:1037B000F000C003000C003000000000000000001A
:1037C0000000F003C003000C003000C003FE0FFC3B
:1037D0003018C063018C063018C063018C063FF0BE
:1037E000FF8000000000000000000000000000005A
:1037F0000000006019806601980660198067F19FDB
:10380000E660D983660D983660D983660D98367F59
:1038100099FC6000000000000000000000000000B3
:10382000000000006001800600180060018007FCB5
:103830001FF8603180C603180C603180C603180C75
:103840007FE1FF0000000000000000000000000019
:1038500000000000001FC0FF8603180C003000C0ED
:1038600003000C0FF03FC003000C003000C603182B
:103870000C3FE07F0000000000000000000000009E
:1038800000000000000061E18FC66199866619980A
:10389000666199867E19F8666199866619986661EF
:1038A000998663F18780000000000000000000009E
:1038B000000000000000001FF0FFC603180C60317C
:1038C00080C603180C6030FFC1FF007C03B01CC031
:1038D000E3070C3831C0C000000000000000000009
:1038E00000000000000000000000000000000000D8
:1038F000007F01FE000C00307FC3FF180C60318098
:10390000C603180C3FF07FC000000000000000005C
:103910000000000000000000001FC0FF06001800AB
:1039200060008001FC0FF8603180C603180C603124
:1039300080C603180C3FE07F00000000000000007C
:10394000000000000000000000001F00FE070C182F
:103950003060C18306181FF07FE180C603180C6039
:103960003180C6031C183FE07F000000000000000B
:103970000000000000000000000000000000000047
:1039800000000000FF03FE000C003000C1FE0FF03D
:10399000600180060018003FE07F8000000000000A
:1039A0000000000000000000000000003FC0FF8099
:1039B00003000C00307FC3FF180C603180C6031871
:1039C0000C603180C603180C3FE07F00000000004F
:1039D00000000000000000000000000000000000E7
:1039E0000000000000007F03FE180C603180C7FF5C
:1039F0001FFC6001800600181C3FE07F00000000F3
:103A000000000000000000000000000000000000B6
:103A1000000000000000018C663198C67338EDC1CB
:103A2000FE03F01FE0EDC73398C663198C600000F9
:103A30000000000000000000000000000000000086
:103A400000000000000000007F03FE1C0C0030009E
:103A5000C0FE03F8003000C0031C0C3FE07F0000F4
:103A60000000000000000000000000000000000056
:103A700000000000000000000180C603180C603147
:103A800080C603180C603180C603181C3FF07EC04E
:103A90000000000000000000000000000000000026
:103AA0000000006301FC03E0000180C603180C6005
:103AB0003180C603180C603180C603181C3FF07EAD
:103AC000C000000000000000000000000000000036
:103AD0000000000000000000000000C1C30E0C70D8
:103AE0003380DC03E00F003E00DC03380C7030E074
:103AF000C1C0000000000000000000000000000045
:103B00000000000000000000000000001FC0FF06D1
:103B10000C183060C183060C183060C183060C3865
:103B200031C0C000000000000000000000000000E4
:103B3000000000000000000000000000010026015D
:103B40009C0E7879F3E6FD99E66319806601980684
:103B5000601980600000000000000000000000000C
:103B6000000000000000000000000000000180C60E
:103B700003180C603180C7FF1FFC603180C603183A
:103B80000C603180C0000000000000000000000058
:103B90000000000000000000000000000000007FA6
:103BA00003FE180C603180C603180C603180C60318
:103BB000180C3FE07F000000000000000000000043
:103BC00000000000000000000000000000000001F4
:103BD000FFC7FF180C603180C603180C603180C627
:103BE00003180C603180C0000000000000000000DD
:103BF00000000000000000000000000000000000C5
:103C000001FF07FE180C603180C603180C6031807C
:103C1000C603180C7FE1FF06001800600180060053
:103C2000180000000000000000000000000000007C
:103C300000007F03FE181C60018006001800600170
:103C4000800600181C3FE07F00000000000000001C
:103C50000000000000000000000000000000000064
:103C6000000001FFE7FF80C003000C003000C0032C
:103C7000000C003000C003000C0000000000000039
:103C80000000000000000000000000000000000034
:103C90000000000180C603180C603180C603180CB8
:103CA000603180C603180C3FF07FC003000C003069
:103CB00000C3FE0FF0000000000000000000000044
:103CC0000000C003007F83FF18C663198C6631981B
:103CD000C663198C663198C63FF07F803000C00003
:103CE00000000000000000000000000000000000D4
:103CF00000000000000180C6031C1C38E07700F8BB
:103D000001C00F8077038E1C1C603180C000000052
:103D100000000000000000000000000000000000A3
:103D20000000000000000180C603180C603180C64E
:103D300003180C603180C603180C3FF87FE0018047
:103D400006001800600000000000000000000000F5
:103D5000000000000000000180C603180C603180E4
:103D6000C3FF07FC003000C003000C003000C0009F
:103D70000000000000000000000000000000000043
:103D80000000000000000000018C663198C6631935
:103D90008C663198C663198C663198C63FF87FE00F
:103DA0000000000000000000000000000000000013
:103DB000000000000000000000018C663198C6631E
:103DC000198C663198C663198C663198C63FFC7FA2
:103DD000F000C003000C00300000000000000000F4
:103DE0000000000000000000000003C00F000C00F5
:103DF0003000FF03FE0C0C3030C0C3030C0C3FE05E
:103E0000FF000000000000000000000000000000B3
:103E10000000000000000000000000018066019822
:103E2000066019FC67F9983660D983660D98367F6D
:103E300099FC60000000000000000000000000008D
:103E400000000000000000000000000000C00300AF
:103E50000C003000FF03FE0C0C3030C0C3030C0C10
:103E60003FE0FF0000000000000000000000000034
:103E700000000000000000000000000000007F03C0
:103E8000FE1C0C003000C0FF03FC003000C0031C0F
:103E90000C3FE07F00000000000000000000000078
:103EA000000000000000000000000000000001878A
:103EB000863F198666199866619F867E19986661A5
:103EC000998663F187800000000000000000000078
:103ED00000000000000000000000000000000000E2
:103EE0007FC3FF180C603180C6030FFC1FF00EC0AB
:103EF00073038C1C30E0C0000000000000000000D4
:103F00000018C063018C00007FF1FFC6001800603C
:103F10000180060018007F81FE0600180060018005
:103F2000060018007FF1FFC0000000000000000044
:103F3000000000000000000000000063018C06305B
:103F400000007F03FE180C603180C7FF1FFC60017A
:103F5000800600181C3FE07F000000000000000009
:103F60000000000000000000000061E18FC633186F
:103F7000CC63F18787001C0079F1E7C6D81B606726
:103F8000819E063818E06181860000000000000074
:103F90000000000010202021401900000000000057
:103FA0000000000000000000000000000000000011
:103FB0000000000000000000000000000000000001
:103FC00000000000000000000000000000000000F1
:103FD00000000000000000000000000000000000E1
:103FE0000000000000000380038003800380038042
:103FF00003800380038003800380038003800380A9
:104000000380000000000380038003800380000021
:1040100000000000000000000000000000000000A0
:104020001C701C701C701C701C701C700000000048
:104030000000000000000000000000000000000080
:104040000000000000000000000000000000000070
:104050000000000000000000000000000000000060
:104060000000000000001C701C701C701C701C7094
:104070007FFC7FFC1C701C701C701C701C701C7002
:104080007FFC7FFC1C701C701C701C701C7000007E
:104090000000000000000000000000000000000020
:1040A00000000000038003801FF03FF8739C739CA6
:1040B00073807380738073803FF01FF8039C039CB0
:1040C000039C039C739C739C3FF81FF00380038048
:1040D00000000000000000000000000000000000E0
:1040E0000000000000001F1C3F9C3BB83BB83FF0A5
:1040F0001F7000E000E001C001C0038003800700E2
:1041000007000EF80FFC1DDC1DDC39FC38F8000040
:10411000000000000000000000000000000000009F
:104120000000000000000F801FC038E038E038E0D9
:1041300038E038E039C01F800F001F8C39DC70F880
:10414000707070707070707070F83FDC1F8C0000C1
:10415000000000000000000000000000000000005F
:10416000038003800380038003800380000000003D
:10417000000000000000000000000000000000003F
:10418000000000000000000000000000000000002F
:10419000000000000000000000000000000000001F
:1041A0000038007000E000E001C001C001C00380E1
:1041B00003800380038003800380038003800380E7
:1041C00003800380038001C001C001C000E000E063
:1041D0000070003800000000000000000000000037
:1041E00038001C000E000E000700070007000380C7
:1041F00003800380038003800380038003800380A7
:104200000380038003800700070007000E000E00F4
:104210001C0038000000000000000000000000004A
:10422000000000000000000000000000000038381E
:104230001C700EE007C003807FFC7FFC038007C07A
:104240000EE01C7038380000000000000000000084
:10425000000000000000000000000000000000005E
:1042600000000000000000000000000000000380CB
:1042700003800380038003807FFC7FFC0380038036
:1042800003800380038000000000000000000000A5
:10429000000000000000000000000000000000001E
:1042A000000000000000000000000000000000000E
:1042B00000000000000000000000000000000000FE
:1042C00000000000000003800380038003800700DB
:1042D0000E000000000000000000000000000000D0
:1042E00000000000000000000000000000000000CE
:1042F00000000000000000007FFC7FFC00000000C8
:1043000000000000000000000000000000000000AD
:10431000000000000000000000000000000000009D
:10432000000000000000000000000000000000008D
:10433000000000000000000000000000000000007D
:104340000000000000000380038003800380000061
:10435000000000000000000000000000000000005D
:10436000000E000E001C001C0038003800700070A9
:1043700000E000E001C001C00380038007000700E7
:104380000E000E001C001C00380038007000700089
:10439000E000E0000000000000000000000000005D
:1043A0000000000000001FF03FF8701C701C701C23
:1043B000703C707C70FC71DC739C771C7E1C7C1CD8
:1043C000781C701C701C701C701C3FF81FF00000E3
:1043D00000000000000000000000000000000000DD
:1043E000000000000000038007800F801F801F80F6
:1043F00003800380038003800380038003800380A5
:10440000038003800380038003801FF01FF00000FF
:10441000000000000000000000000000000000009C
:104420000000000000001FF03FF8701C701C701CA2
:10443000701C701C001C0038007000E001C003807C
:1044400007000E001C00380070007FFC7FFC00009D
:10445000000000000000000000000000000000005C
:104460000000000000001FF03FF8701C701C001CD2
:10447000001C001C001807F007F00018001C001CAE
:10448000001C001C001C701C701C3FF81FF000007A
:10449000000000000000000000000000000000001C
:1044A000000000000000001C003C007C00FC01DC5F
:1044B000039C071C0E1C1C1C381C701C701C701CE0
:1044C0007FFC7FFC001C001C001C001C001C00006A
:1044D00000000000000000000000000000000000DC
:1044E0000000000000007FFC7FFC70007000700086
:1044F0007000700070007FF07FF8001C001C001C32
:10450000001C001C001C701C701C3FF81FF00000F9
:10451000000000000000000000000000000000009B
:104520000000000000001FF83FF8700070007000ED
:104530007000700070007FF07FF8701C701C701CA1
:10454000701C701C701C701C701C3FF81FF0000069
:10455000000000000000000000000000000000005B
:104560000000000000007FFC7FFC701C701C701CB1
:10457000703800380070007000E000E001C001C039
:104580000380038003800380038003800380000096
:10459000000000000000000000000000000000001B
:1045A0000000000000001FF03FF8701C701C701C21
:1045B000701C701C701C30181FF01FF03018701C1D
:1045C000701C701C701C701C701C3FF81FF00000E9
:1045D00000000000000000000000000000000000DB
:1045E0000000000000001FF03FF8701C701C701CE1
:1045F000701C701C701C701C701C3FFC1FFC001C8D
:10460000001C001C001C001C001C3FF83FF00000B8
:10461000000000000000000000000000000000009A
:10462000000000000000000000000000000000008A
:10463000000003800380038003800000000000006E
:10464000000000000000038003800380038000005E
:10465000000000000000000000000000000000005A
:10466000000000000000000000000000000000004A
:10467000000003800380038003800000000000002E
:104680000000000000000380038003800380070017
:104690000E0000000000000000000000000000000C
:1046A000000000000000001C0038007000E001C0A5
:1046B000038007000E001C00380038001C000E00AC
:1046C0000700038001C000E000700038001C0000FB
:1046D00000000000000000000000000000000000DA
:1046E00000000000000000000000000000000000CA
:1046F00000007FFC7FFC00000000000000007FFC49
:104700007FFC00000000000000000000000000002E
:104710000000000000000000000000000000000099
:10472000000000000000700038001C000E000700B0
:10473000038001C000E0007000380038007000E025
:1047400001C0038007000E001C003800700000004C
:104750000000000000000000000000000000000059
:104760000000000000001FF03FF8701C701C701C5F
:10477000701C701C0038007000E001C003800380D2
:10478000038000000000038003800380038000009A
:104790000000000000000000000000000000000019
:1047A0000000000000001FF03FF8701C701C701C1F
:1047B00070FC71FC739C739C739C739C739C739CC6
:1047C000739C71FC70EC700070003FFC1FFC0000DB
:1047D000000000000000000000003C3C3CDCDCDC91
:1047E000FFFF00FF0000FFFF4F004FFF4FFF00FFE4
:1047F0004F0000FF4F004FFF00DF4F00DFFFFF4F74
:1048000000004FFFFF00EF00DFEFFFEF0000EFFFC2
:10481000EF00FFEFCF00FFD7004FD700C8C8C88018
:104820008080606060404040C8C8C8686868F850D0
:1048300000B050009C00007C0000F00000900000E0
:1048400000D00000880000680000480000D0000090
:1048500070000050FF0050A0000090000070002881
:10486000FA002890E8C8007870008050006030009E
:10487000E8B80088580000C8D00080880060680050
:10488000404800C8D0006870E800E89000907000D0
:1048900070500050D800D8780078FFFFFF808080EB
:1048A000606060404040C8C8C8686868FF0000A8F1
:1048B00000009C00007C0000F0000090000000FF61
:1048C0000000880000680000480000D00000700070
:1048D0000000FF0000B00000900000700000F80031
:1048E0000098FFFF00787000805000603000E8B84A
:1048F0000088580000FFFF00808800606800404882
:1049000000C8D0006870FF00FF90009070007050E9
:104910000050E200E278007848008800E8002800B3
:104920004B65696C204D444B20352E3433410030AB
:10493000313233004B56422D31366269742D4C436F
:10494000440A53544D3332463430375647543600B8
:10495000D092D092D095D0A0D0A500D092D098D0AF
:1049600094D095D09E00D09DD090D097D090D094E8
:1049700000D0A1D091D0A0D09ED0A100D092D09D47
:10498000D098D09700D0A1D0A2D090D0A0D0A20033
:10499000D097D092D0A3D09AD09800D090D0A3D066
:1049A00094D098D09E003000310023002A003200BD
:1049B0003300340035003600370038003900D09F0E
:1049C000D180D0B5D0B4D181D182D0B0D0B2D0BB5B
:1049D000D18FD0B5D1822C20D0B3D180D0B0D184AA
:1049E000D0B8D187D0B5D181D0BAD183D18E20D0E3
:1049F000B1D0B8D0B1D0BBD0B8D0BED182D0B5D0B4
:104A0000BAD183204B564220E28496312E302C209E
:104A1000D0BDD0B0D0BFD0B8D181D0B0D0BDD0BD86
:104A2000D183D18E20D0B8D181D0BAD0BBD18ED194
:104A300087D0B8D182D0B5D0BBD18CD0BDD0BE206C
:104A4000D0B220D186D0B5D0BBD0BED187D0B8D11E
:104A500081D0BBD0B5D0BDD0BDD0BED0B920D0BCE8
:104A6000D0B0D182D0B5D0BCD0B0D182D0B8D0BA7D
:104A7000D0B520D0BDD0B020D18FD0B7D18BD0BA97
:104A8000D0B5203C433E20D0B2203C4143363E00CE
:104A9000D091D0BED180D183D0B7D0B4D0BED0B267
:104AA00020D09AD0BED0BDD181D182D0B0D0BDD1DE
:104AB00082D0B8D0BD0AD182D0B5D0BB2E202B3742
:104AC000203936352D3336332D34352D323900200B
:104AD000D0A1D18AD0B5D188D18C20D0B5D189D1FF
:104AE0009120D18DD182D0B8D18520D0BCD18FD0AA
:104AF000B3D0BAD0B8D18520D184D180D0B0D0BDC8
:104B0000D186D183D0B7D181D0BAD0B8D18520D0C9
:104B1000B1D183D0BBD0BED0BA2C20D0B4D0B0207D
:104B2000D0B2D18BD0BFD0B5D0B920D0B6D0B520BF
:104B3000D187D0B0D18E2E00D09FD0B5D180D0B546
:104B4000D0BDD0BED18120D0BFD0BE20D181D0BBBE
:104B5000D0BED0B2D0B0D0BC00D0A2D0B5D0BAD1E7
:104B600081D18220D18120D182D0B5D0BDD18CD14C
:104B70008E0020D092D18BD0B2D0BED0B4D0B8D0DD
:104B8000BC20D0B220D181D182D180D0BED0BAD0C9
:104B9000B520D0B2D0B5D189D0B5D181D182D0B233
:104BA000D0B5D0BDD0BDD0BED0B520D187D0B8D182
:104BB00081D0BBD0BE20D18120D0B4D0BED0B1D066
:104BC000B0D0B2D0BBD0B5D0BDD0B8D0B5D0BC205D
:104BD000D0BDD183D0BBD0B5D0B92E20000000000D
:104BE000204C01080000002010000000EC0100082B
:104BF000304C010810000020702100000C02000859
:104C00001C00000043000000F8FFFFFF0C00000044
:104C10000E0000000F0000002E0000000000000049
:104C200001000000100000000024F400000000005B
:040000050800018965
:00000001FF
