:100000000C94FD210C9407220C9407220C940722D7
:100010000C9407220C9407220C9407220C940722BC
:100020000C9407220C9407220C9407220C940722AC
:100030000C9407220C9407220C9407220C9407229C
:100040000C9407220C9407220C9407220C9407228C
:100050000C9407220C9407220C9407220C9407227C
:100060000C9407220C9407220C9407220C9407226C
:100070000C9407220C9407220C9407220C9407225C
:100080000C9407220C9407220C94072205A84CCD4F
:10009000B2D44EB93836A9020C50B9918688083CC2
:1000A000A6AAAA2ABE000000803F00407A10F35A98
:1000B00000A0724E18090010A5D4E80000E87648A8
:1000C000170000E40B54020000CA9A3B000000E154
:1000D000F505000080969800000040420F000000E7
:1000E000A08601000000102700000000E8030000C7
:1000F00000006400000000000A0000000000010091
:10010000000000002C76D888DC674F0823DFC1DFB1
:10011000AE59E1B1B796E5E3E453C63AE6519976B4
:1001200096E8E6C28426EB898C9B62ED407C6FFCEE
:10013000EFBC9C9F40F2BAA56FA5F490055A2AF730
:100140005C936B6CF9676DC11BFCE0E40D47FEF539
:1001500020E6B500D0ED902E0300943577050080A1
:10016000841E080000204E0A000000C80C33333300
:10017000330F986E12831141EF8D2114893BE655A0
:1001800016CFFEE6DB18D1844B381BF77C1D901D83
:10019000A4BBE424203284725E228100C9F124ECE5
:1001A000A1E53D272A002300300039003800370040
:1001B00036003500340033003200310041746D6583
:1001C0006C2053747564696F2037004B56422D3193
:1001D000366269742D4C43440A41546D6567613140
:1001E000323800C0D3C4C8CE00C7C2D3CAC800D1F9
:1001F000D2C0D0D200C2CDC8C700D1C1D0CED100AC
:10020000CDC0C7C0C400C2C8C4C5CE00C2C2C5D01C
:10021000D50020C2FBE2EEE4E8EC20E220F1F2F0AF
:10022000EEEAE520E2E5F9E5F1F2E2E5EDEDEEE5F5
:1002300020F7E8F1EBEE20F120E4EEE1E0E2EBE57F
:10024000EDE8E5EC20EDF3EBE5E92E200020D1FA16
:10025000E5F8FC20E5F9B820FDF2E8F520ECFFE335
:10026000EAE8F520F4F0E0EDF6F3E7F1EAE8F5204E
:10027000E1F3EBEEEA2C20E4E020E2FBEFE5E920FD
:10028000E6E520F7E0FE2E00D2E5EAF1F220F120CB
:10029000F2E5EDFCFE00CFE5F0E5EDEEF120EFEE4E
:1002A00020F1EBEEE2E0EC00C1EEF0F3E7E4EEE289
:1002B00020CAEEEDF1F2E0EDF2E8ED0AF2E5EB2E08
:1002C000202B37203936352D3336332D34352D322A
:1002D0003900CFF0E5E4F1F2E0E2EBFFE5F22C20AB
:1002E000E3F0E0F4E8F7E5F1EAF3FE20E1E8E1EB22
:1002F000E8EEF2E5EAF3204B564220312E302C2076
:10030000EDE0EFE8F1E0EDEDF3FE20E8F1EAEBFEE1
:10031000F7E8F2E5EBFCEDEE20E220F6E5EBEEF798
:10032000E8F1EBE5EDEDEEE920ECE0F2E5ECE0F2F2
:10033000E8EAE520EDE020FFE7FBEAE5203C433E6C
:1003400020E2203C4743433E00303132330010204E
:100350002021401900000000000000000000000003
:10036000000000000000000000000000000000008D
:10037000000000000000000000000000000000007D
:10038000000000000000000000000000000000006D
:10039000000000000000000000000000000000005D
:1003A0000380038003800380038003800380038035
:1003B000038003800380038003800380000000002B
:1003C0000380038003800380000000000000000021
:1003D000000000000000000000001C701C701C7079
:1003E0001C701C701C700000000000000000000069
:1003F00000000000000000000000000000000000FD
:1004000000000000000000000000000000000000EC
:1004100000000000000000000000000000000000DC
:100420001C701C701C701C701C707FFC7FFC1C708E
:100430001C701C701C701C701C707FFC7FFC1C707E
:100440001C701C701C701C7000000000000000007C
:100450000000000000000000000000000000038019
:1004600003801FF03FF8739C739C738073807380CC
:1004700073803FF01FF8039C039C039C039C739CB8
:10048000739C3FF81FF00380038000000000000011
:10049000000000000000000000000000000000005C
:1004A0001F1C3F9C3BB83BB83FF01F7000E000E0D2
:1004B00001C001C003800380070007000EF80FFC95
:1004C0001DDC1DDC39FC38F80000000000000000D5
:1004D000000000000000000000000000000000001C
:1004E0000F801FC038E038E038E038E038E039C02D
:1004F0001F800F001F8C39DC70F870707070707086
:10050000707070F83FDC1F8C0000000000000000DD
:100510000000000000000000000003800380038052
:100520000380038003800000000000000000000042
:1005300000000000000000000000000000000000BB
:1005400000000000000000000000000000000000AB
:10055000000000000000000000000038007000E013
:1005600000E001C001C001C003800380038003805C
:100570000380038003800380038003800380038063
:1005800001C001C001C000E000E0007000380000C0
:100590000000000000000000000038001C000E00F9
:1005A0000E0007000700070003800380038003801C
:1005B0000380038003800380038003800380038023
:1005C0000700070007000E000E001C0038000000A6
:1005D000000000000000000000000000000000001B
:1005E000000000000000000038381C700EE007C05A
:1005F00003807FFC7FFC038007C00EE01C7038384E
:1006000000000000000000000000000000000000EA
:1006100000000000000000000000000000000000DA
:1006200000000000000000000380038003800380BE
:1006300003807FFC7FFC03800380038003800380B2
:1006400000000000000000000000000000000000AA
:10065000000000000000000000000000000000009A
:10066000000000000000000000000000000000008A
:10067000000000000000000000000000000000007A
:10068000038003800380038007000E000000000049
:10069000000000000000000000000000000000005A
:1006A000000000000000000000000000000000004A
:1006B00000007FFC7FFC0000000000000000000044
:1006C000000000000000000000000000000000002A
:1006D000000000000000000000000000000000001A
:1006E000000000000000000000000000000000000A
:1006F00000000000000000000000000000000000FA
:1007000003800380038003800000000000000000DD
:1007100000000000000000000000000E000E001CA1
:10072000001C003800380070007000E000E001C0DC
:1007300001C003800380070007000E000E001C00AC
:100740001C003800380070007000E000E00000007D
:100750000000000000000000000000000000000099
:100760001FF03FF8701C701C701C703C707C70FC9B
:1007700071DC739C771C7E1C7C1C781C701C701CAC
:10078000701C701C3FF81FF000000000000000000B
:100790000000000000000000000000000000000059
:1007A000038007800F801F801F80038003800380E9
:1007B0000380038003800380038003800380038021
:1007C000038003801FF01FF0000000000000000005
:1007D0000000000000000000000000000000000019
:1007E0001FF03FF8701C701C701C701C701C001CEB
:1007F0000038007000E001C0038007000E001C00FC
:10080000380070007FFC7FFC00000000000000004A
:1008100000000000000000000000000000000000D8
:100820001FF03FF8701C701C001C001C001C0018FE
:1008300007F007F00018001C001C001C001C001C26
:10084000701C701C3FF81FF000000000000000004A
:100850000000000000000000000000000000000098
:10086000001C003C007C00FC01DC039C071C0E1CEF
:100870001C1C381C701C701C701C7FFC7FFC001C36
:10088000001C001C001C001C0000000000000000F8
:100890000000000000000000000000000000000058
:1008A0007FFC7FFC700070007000700070007000B2
:1008B0007FF07FF8001C001C001C001C001C001CAA
:1008C000701C701C3FF81FF00000000000000000CA
:1008D0000000000000000000000000000000000018
:1008E0001FF83FF87000700070007000700070001A
:1008F0007FF07FF8701C701C701C701C701C701CCA
:10090000701C701C3FF81FF0000000000000000089
:1009100000000000000000000000000000000000D7
:100920007FFC7FFC701C701C701C703800380070DD
:10093000007000E000E001C001C00380038003807C
:10094000038003800380038000000000000000009B
:100950000000000000000000000000000000000097
:100960001FF03FF8701C701C701C701C701C701CF9
:1009700030181FF01FF03018701C701C701C701C99
:10098000701C701C3FF81FF0000000000000000009
:100990000000000000000000000000000000000057
:1009A0001FF03FF8701C701C701C701C701C701CB9
:1009B000701C701C3FFC1FFC001C001C001C001C59
:1009C000001C001C3FF83FF0000000000000000089
:1009D0000000000000000000000000000000000017
:1009E0000000000000000000000000000380038001
:1009F00003800380000000000000000000000000F1
:100A000003800380038003800000000000000000DA
:100A100000000000000000000000000000000000D6
:100A200000000000000000000000000003800380C0
:100A300003800380000000000000000000000000B0
:100A4000038003800380038007000E000000000085
:100A50000000000000000000000000000000000096
:100A6000001C0038007000E001C0038007000E0089
:100A70001C00380038001C000E000700038001C075
:100A800000E000700038001C0000000000000000C2
:100A90000000000000000000000000000000000056
:100AA0000000000000000000000000007FFC7FFC50
:100AB00000000000000000007FFC7FFC0000000040
:100AC0000000000000000000000000000000000026
:100AD0000000000000000000000000000000000016
:100AE000700038001C000E000700038001C000E009
:100AF000007000380038007000E001C0038007007B
:100B00000E001C0038007000000000000000000013
:100B100000000000000000000000000000000000D5
:100B20001FF03FF8701C701C701C701C701C00388B
:100B3000007000E001C0038003800380000000001B
:100B40000380038003800380000000000000000099
:100B50000000000000000000000000000000000095
:100B60001FF03FF8701C701C701C70FC71FC739CB3
:100B7000739C739C739C739C739C739C71FC70EC52
:100B8000700070003FFC1FFC00000000000000002F
:100B9000000000000E1C20A2311500000000000023
:100BA0000000000000000000000000000000000045
:100BB0000000000000000000000000000000000035
:100BC0000000000000000000000000000000000025
:100BD0000000060018006001800600180060018017
:100BE000060018006001800000000060018006001F
:100BF00018000000000000000000000000000001DC
:100C00008C063018C063018C063000000000000024
:100C100000000000000000000000000000000000D4
:100C200000000000000000000000000000000000C4
:100C30000000000018C063018C06307FF1FFC18CFA
:100C4000063018C063018C06307FF1FFC18C06307E
:100C500018C0630000000000000000000000000059
:100C600000000000C003003F01FE0CCC3330CC0379
:100C7000300CC01FC03F803300CC0330CCC33307DF
:100C8000F80FC00C00300000000000000000000061
:100C90000000000000003C31F8C66619987EC0F3E1
:100CA0000018006003000C006001800CF037E1992F
:100CB000866631F8C3C0000000000000000000009C
:100CC000000000000000000F007E030C0C3030C05C
:100CD000E701F803C00E007C63BB9C7C60E1838667
:100CE0000E1C7C3FB87C600000000000000000008B
:100CF0000000000000600180060018006001800014
:100D000000000000000000000000000000000000E3
:100D100000000000000000000000000000000000D3
:100D20000000000000000C006003000C0060018067
:100D300006001800600180060018006001800600AF
:100D4000180060018003000C001800300000000053
:100D500000000000000001800300060018003000C1
:100D6000C003000C003000C003000C003000C003C2
:100D7000000C003000C006001800C0060000000093
:100D80000000000000000000000000000000000063
:100D9000000038E07700F801C07FF1FFC07003E089
:100DA0001DC0E38000000000000000000000000003
:100DB0000000000000000000000000000000000033
:100DC0000000C003000C003000C07FF9FFE03000DD
:100DD000C003000C00300000000000000000000014
:100DE0000000000000000000000000000000000003
:100DF00000000000000000000000000000000000F3
:100E000000000000000060018006001800C006001D
:100E100000000000000000000000000000000000D2
:100E20000000000000000000000000007FF1FFC093
:100E300000000000000000000000000000000000B2
:100E400000000000000000000000000000000000A2
:100E50000000000000000000000000000000000092
:100E60000000000000000000600180060018000083
:100E70000000000000000000000000000000000C66
:100E80000030018006003000C006001800C00300DA
:100E900018006003000C006001800C003001800627
:100EA0000000000000000000000000000000000042
:100EB000001FC0FF8603180C607183C61F18EC6703
:100EC00031B8C7C31E0C703180C603180C3FE07FD9
:100ED0000000000000000000000000000000000012
:100EE000000003001C00F007C003000C003000C02D
:100EF00003000C003000C003000C003000C01FE0F5
:100F00007F800000000000000000000000000000E2
:100F10000000001FC0FF8603180C603180C0030072
:100F20001C00E007003801C00E007003801C007F29
:100F3000F1FFC00000000000000000000000000001
:100F4000000000001FC0FF8603180C003000C00323
:100F5000000C0FE03F8003000C003000C603180CAB
:100F60003FE07F00000000000000000000000000E3
:100F70000000000000003001C00F007C03B01CC066
:100F8000E3070C3831C0C603180C7FF1FFC0030023
:100F90000C003000C0000000000000000000000055
:100FA0000000000000007FF1FFC600180060018013
:100FB00006001FF07FE000C003000C003000C603F5
:100FC000180C3FE07F00000000000000000000005F
:100FD000000000000000001FE0FF86001800600114
:100FE0008006001FF07FE180C603180C603180C6C8
:100FF00003180C3FE07F000000000000000000002C
:1010000000000000000000007FF1FFC603180C6024
:1010100030018006003000C006001800C003000C3C
:10102000003000C003000C000000000000000000C1
:101030000000000000000000001FC0FF8603180C25
:10104000603180C603180C3FE0FF8603180C603146
:1010500080C603180C3FE07F000000000000000085
:10106000000000000000000000001FC0FF86031801
:101070000C603180C603180C6030FFC1FF000C000B
:101080003000C003000C3FE0FF0000000000000043
:101090000000000000000000000000000000000050
:1010A0000000000018006001800600000000000041
:1010B0000000000060018006001800000000000031
:1010C0000000000000000000000000000000000020
:1010D0000000000000180060018006000000000011
:1010E000000000000060018006001800C00600003B
:1010F00000000000000000000000000000000001EF
:10110000C00E007003801C00E007003801C003809F
:1011100007000E001C0038007000E001C000000055
:1011200000000000000000000000000000000000BF
:1011300000000000000001FFC7FF000000000000E9
:10114000001FFC7FF0000000000000000000000015
:10115000000000000000000000000000000000008F
:1011600001C0038007000E001C0038007000E00181
:10117000C00E007003801C00E007003801C00000B2
:10118000000000000000000000000000000000005F
:101190001F80FF06061818606181800C0060030044
:1011A0001800600180000000006001800600180047
:1011B000000000000000000000000000000000002F
:1011C000001FC0FF8603180C603187C63F19CC662C
:1011D0003198C66319CC63F187460018003FF07F51
:1011E000C00000000000000000000000000000003F
:1011F00000001FC0FF8603180C603180C603180C66
:101200006031FFC7FF180C603180C603180C6031D5
:1012100080C000000000000000000000000000008E
:101220000000007FC1FF8603180C603180C6061FD6
:10123000F07FC1818603180C603180C603180C7FD3
:10124000E1FF0000000000000000000000000000BE
:10125000000000001FC0FF8603180C6031800600EC
:10126000180060018006001800600180C603180C99
:101270003FE07F00000000000000000000000000D0
:1012800000000000007F01FF060E1818603180C6C4
:1012900003180C603180C603180C603180C6061834
:1012A000387FC1FC000000000000000000000000CA
:1012B0000000000000007FF1FFC600180060018000
:1012C000060018007F81FE060018006001800600FD
:1012D00018007FF1FFC000000000000000000000C7
:1012E000000000000000007FF1FFC6001800600150
:1012F00080060018007F81FE06001800600180064D
:1013000000180060018000000000000000000000E4
:1013100000000000000000001FC0FF8603180C60E2
:1013200031800600180063F18FC603180C6031800D
:10133000C603180C3FE07F00000000000000000022
:10134000000000000000000000603180C603180C9F
:10135000603180C603180C7FF1FFC603180C6031A2
:1013600080C603180C603180C0000000000000003F
:10137000000000000000000000000FC03F0030002F
:10138000C003000C003000C003000C003000C0039C
:10139000000C003000C00FC03F0000000000000043
:1013A000000000000000000000000001F807E00657
:1013B0000018006001800600180060018006001817
:1013C000606181860618183FC07E000000000000A2
:1013D000000000000000000000000000603181C635
:1013E0000E187063819C06E01F007801E007C01BA7
:1013F0008067018E061C1838607180C000000000F4
:1014000000000000000000000000000000600180FB
:1014100006001800600180060018006001800600C8
:101420001800600180060018007FF1FFC000000076
:101430000000000000000000000000000000400963
:101440008067039E1E7CF9BF667998C66019806626
:101450000198066019806601980660198060000096
:10146000000000000000000000000000000000601C
:101470003180C603180C7031E0C7C31B8C67318EF6
:10148000C61F183C607180C603180C603180C00014
:10149000000000000000000000000000000000004C
:1014A0001FC0FF8603180C603180C603180C603122
:1014B00080C603180C603180C603180C3FE07F0023
:1014C000000000000000000000000000000000001C
:1014D000007FC1FF8603180C603180C603180C60C2
:1014E00031FF87FC18006001800600180060018051
:1014F00000000000000000000000000000000000EC
:1015000000001FC0FF8603180C603180C603180C52
:10151000603180C603180C603180C63B187C3FE008
:101520007F8007000E0000000000000000000000A7
:101530000000007FC1FF8603180C603180C60318CD
:101540000C6031FF87FC1F006E019C06381870602C
:10155000E181C00000000000000000000000000069
:10156000000000001FC0FF8603180C600180060009
:1015700018003FC07F8003000C003000C603180C29
:101580003FE07F00000000000000000000000000BD
:1015900000000000007FF9FFE03000C003000C00F5
:1015A0003000C003000C003000C003000C0030000D
:1015B000C003000C0000000000000000000000005C
:1015C000000000000000603180C603180C6031800C
:1015D000C603180C603180C603180C603180C60346
:1015E000180C3FE07F000000000000000000000039
:1015F00000000000000000603180C603180C30605D
:10160000C183060C1818C063018C06300D803600AB
:10161000D801C007001C000000000000000000000E
:10162000000000000000000060198066019806605C
:10163000198066019806601980663199E66FD9F3C2
:10164000E7879C0E601900200000000000000000E9
:10165000000000000000000000603180C3060C188C
:1016600018C06300D8036007001C00D8036018C0CE
:101670006303060C18603180C00000000000000009
:101680000000000000000000000060198063030CEF
:101690000C18606180CC033007801E003000C0034E
:1016A000000C003000C003000C000000000000002F
:1016B00000000000000000000000007FF1FFC003F8
:1016C000000C007003801C00E007003801C00E0011
:1016D000700180060018007FF1FFC00000000000CC
:1016E0000000000000000000007E01F80600180065
:1016F000600180060018006001800600180060018B
:101700008006001800600180060018007E01F800C5
:10171000000000000000000000000018006000C091
:101720000300060018003000C0018006000C0030E5
:101730000060018003000C0018006000C00300007E
:101740000000000000000000000003F00FC00300D4
:101750000C003000C003000C003000C003000C007F
:101760003000C003000C003000C003000C03F00F79
:10177000C000000000000000000000002001C00FB9
:101780008077038E1C1C0000000000000000000099
:101790000000000000000000000000000000000049
:1017A0000000000000000000000000000000000039
:1017B0000000000000000000000000000000000029
:1017C0000000000000000000000000000000000019
:1017D000001FFC7FF0000000000000000000C003BC
:1017E0008007000E0018000000000000000000004C
:1017F00000000000000000000000000000000000E9
:1018000000000000000000000000000000000000D8
:1018100000000000000000000000007F01FE000C3E
:1018200000307FC3FF180C603180C603180C3FF0F6
:101830007FC0000000000000000000000000000069
:10184000000000600180060018006001FF07FE181C
:101850000C603180C603180C603180C603180C7F01
:10186000E1FF000000000000000000000000000098
:10187000000000000000000000000000007F03FEE8
:10188000181C600180060018006001800600181C0A
:101890003FE07F00000000000000000000000000AA
:1018A0000000000000003000C003000C00307FC3C7
:1018B000FF180C603180C603180C603180C6031815
:1018C0000C3FF07FC000000000000000000000009E
:1018D0000000000000000000000000000000007F89
:1018E00003FE180C603180C7FF1FFC6001800600FA
:1018F000181C3FE07F000000000000000000000016
:101900000000000000000003F01FC060018006001E
:10191000FF03FC018006001800600180060018002B
:1019200060018006001800000000000000000000B8
:1019300000000000000000000000000000000000A7
:10194000007FC3FF180C603180C603180C60318023
:10195000C603180C3FF07FC003000C003000C3FE2C
:101960000FF0000000000000006001800600180079
:101970006001FF07FE180C603180C603180C60314F
:1019800080C603180C603180C00000000000000019
:101990000000000000000000000003000C00300008
:1019A0000000003C00F000C003000C003000C00349
:1019B000000C003000C00FC03F000000000000001D
:1019C0000000000000000000000000006001800630
:1019D0000000000007801E0018006001800600184B
:1019E0000060018006001800600180060C1830605D
:1019F000C181FC03E0000000000000003000C003D3
:101A0000000C003000C1C30E0C703380DC03E00F0B
:101A1000003E00DC03380C7030E0C1C00000000064
:101A2000000000000000000000000000000F003C6B
:101A3000003000C003000C003000C003000C003078
:101A400000C003000C003000C00FC03F00000000C9
:101A50000000000000000000000000000000000086
:101A600000000000000001FF87FF18C663198C66A4
:101A70003198C663198C663198C663198C60000072
:101A80000000000000000000000000000000000056
:101A90000000000000000001FF07FE180C6031800C
:101AA000C603180C603180C603180C603180C0007A
:101AB0000000000000000000000000000000000026
:101AC0000000000000000000007F03FE180C6031E1
:101AD00080C603180C603180C603180C3FE07F00FD
:101AE00000000000000000000000000000000000F6
:101AF00000000000000000000001FF07FE180C605D
:101B00003180C603180C603180C603180C7FE1FFDA
:101B100006001800600180060018000000000000A8
:101B200000000000000000000000007FC3FF180C50
:101B3000603180C603180C603180C603180C3FF07A
:101B40007FC003000C003000C003000C0000000048
:101B50000000000000000000000000019FC6FF1F01
:101B6000007801C0060018006001800600180060BF
:101B700001800000000000000000000000000000E4
:101B8000000000000000000000000000007F03FED5
:101B9000180C60018003FC07F8003000C0031C0C27
:101BA0003FE07F0000000000000000000000000097
:101BB0000000000000060018006001800600FF031E
:101BC000FC0180060018006001800600180060011A
:101BD0008007E00F8000000000000000000000000F
:101BE0000000000000000000000000000000018074
:101BF000C603180C603180C603180C603180C60320
:101C0000180C3FF07FC00000000000000000000042
:101C100000000000000000000000000000000001C3
:101C200080C603180C3060C18306063018C06300FC
:101C3000D8036007001C0000000000000000000046
:101C40000000000000000000000000000000000094
:101C500001806601980660198C663198C663198CFC
:101C6000663198C63FF07F80000000000000000051
:101C70000000000000000000000000000000000064
:101C8000000180C6031C1C38E07700F801C00F80FB
:101C900077038E1C1C603180C00000000000000033
:101CA0000000000000000000000000000000000034
:101CB00000000180C603180C603180C603180C6058
:101CC0003180C603180C3FF07FC003000C003000C9
:101CD000C3FE0FF000000000000000000000000044
:101CE00000000001FFC7FF001C00E007003801C032
:101CF0000E007003801C007FF1FFC0000000000098
:101D00000000000000000000000E007803800C00BE
:101D10003000C003000C003001801C007000600027
:101D2000C003000C003000C003000E001E0038008D
:101D300000000000000000000000600180060018A4
:101D40000060018006001800600180060018006035
:101D50000180060018006001800600180060018004
:101D60000000000000000000000003800F000E00D3
:101D70001800600180060018006000C001C0070064
:101D80003001800600180060018006003803C00E94
:101D90000000000000000000000000000000000043
:101DA00000000000000000000000000F0C7E318CDD
:101DB000C63F18780000000000000000000000008E
:101DC0000000000000000000000000000000000013
:101DD0001FC0FF8603180C603180C603180C6031E9
:101DE000FFC7FF180C603180C603180C603180C03B
:101DF00000000000000000000000000000000000E3
:101E0000007FE1FF8600180060018006001FF07F60
:101E1000E180C603180C603180C603180C7FE1FF17
:101E200000000000000000000000000000000000B2
:101E300000007FC1FF8603180C603180C6061FF0CA
:101E40007FC1818603180C603180C603180C7FE1C6
:101E5000FF00000000000000000000000000000083
:101E60000000007FF1FFC600180060018006001826
:101E70000060018006001800600180060018006004
:101E800001800000000000000000000000000000D1
:101E90000000000007F03FC1830C0C603180C603D6
:101EA000180C603180C603180C603180C603180C12
:101EB000FFFBFFEC01B006C01800000000000000AE
:101EC00000000000007FF1FFC600180060018006DE
:101ED0000018007F81FE06001800600180060018CF
:101EE000007FF1FFC00000000000000000000000C3
:101EF00000000000000063198C663198C66319CC9D
:101F0000E3B707F80FC07F83B71CCE63198C663127
:101F100098C663198C6000000000000000000000FB
:101F2000000000000000001FC0FF8603180C0030F6
:101F300000C003000C0FE03F8003000C003000C61F
:101F400003180C3FE07F00000000000000000000CC
:101F50000000000000000000603180C603180C6023
:101F60003181C60F187C63B19CC6E31F0C7831C069
:101F7000C603180C603180C00000000000000000A3
:101F8000000018C07F00F80000603180C603180C04
:101F9000603181C60F187C63B19CC6E31F0C783199
:101FA000C0C603180C603180C000000000000000B3
:101FB00000000000000000000000603181C60E1823
:101FC0007063819C06E01F007801E007C01B8067FA
:101FD000018E061C1838607180C0000000000000EF
:101FE000000000000000000000000007F03FC18377
:101FF000060C183060C183060C183060C183060CD3
:10200000183060C183060C3831C0C00000000000E9
:102010000000000000000000000000004009806790
:10202000039E1E7CF9BF667998C660198066019888
:102030000660198066019806601980600000000043
:10204000000000000000000000000000006031807F
:10205000C603180C603180C603180C7FF1FFC6035D
:10206000180C603180C603180C603180C00000007D
:1020700000000000000000000000000000001FC081
:10208000FF8603180C603180C603180C603180C6CF
:1020900003180C603180C603180C3FE07F0000007D
:1020A0000000000000000000000000000000007FB1
:1020B000F1FFC603180C603180C603180C60318034
:1020C000C603180C603180C603180C603180C00054
:1020D0000000000000000000000000000000000000
:1020E0007FC1FF8603180C603180C603180C603175
:1020F000FF87FC1800600180060018006001800066
:1021000000000000000000000000000000000000CF
:10211000001FC0FF8603180C6031800600180060A5
:10212000018006001800600180C603180C3FE07FA4
:10213000000000000000000000000000000000009F
:1021400000007FF9FFE03000C003000C003000C049
:1021500003000C003000C003000C003000C003007E
:102160000C00000000000000000000000000000063
:10217000000000603180C603180C603180C603186F
:102180000C6030FFC1FF000C003000C003000C3FAA
:10219000E0FF000000000000000000000000000060
:1021A000003000C01FE0FFC63198C663198C66314D
:1021B00098C663198C663198C663198C663198C6C7
:1021C0003FF07F803000C0000000000000000000F1
:1021D0000000000000603180C3060C1818C06300C6
:1021E000D8036007001C00D8036018C06303060C06
:1021F00018603180C00000000000000000000000F6
:10220000000000000000603180C603180C603180BF
:10221000C603180C603180C603180C603180C603F9
:10222000180C3FF87FE001800600180060000000F5
:1022300000000000000000603180C603180C60310F
:1022400080C603180C3FF07FC003000C003000C0B4
:1022500003000C003000C00000000000000000007F
:10226000000000000000000063198C663198C6630E
:10227000198C663198C663198C663198C663198CBF
:10228000663198C63FF87FE00000000000000000C3
:1022900000000000000000000063198C663198C641
:1022A00063198C663198C663198C663198C66319B8
:1022B0008C663198C63FFC7FF000C003000C0030F4
:1022C00000000000000000000000F003C003000C4C
:1022D000003000C003FE0FFC3018C063018C0630D4
:1022E00018C063018C063FF0FF8000000000000072
:1022F000000000000000000000000060198066017E
:10230000980660198067F19FE660D983660D98365C
:1023100060D983660D98367F99FC6000000000004C
:1023200000000000000000000000000060018006C6
:1023300000180060018007FC1FF8603180C6031898
:102340000C603180C603180C7FE1FF000000000024
:10235000000000000000000000000000001FC0FF9F
:102360008603180C003000C003000C0FF03FC003C0
:10237000000C003000C603180C3FE07F0000000096
:10238000000000000000000000000000000061E10B
:102390008FC6619986661998666199867E19F86676
:1023A0006199866619986661998663F18780000055
:1023B0000000000000000000000000000000001FFE
:1023C000F0FFC603180C603180C603180C6030FFA4
:1023D000C1FF007C03B01CC0E3070C3831C0C00053
:1023E00000000000000000000000000000000000ED
:1023F0000000000000000000007F01FE000C003023
:102400007FC3FF180C603180C603180C3FF07FC0FB
:1024100000000000000000000000000000000000BC
:10242000001FC0FF0600180060008001FC0FF8606C
:102430003180C603180C603180C603180C3FE07F62
:10244000000000000000000000000000000000008C
:1024500000001F00FE070C183060C18306181FF033
:102460007FE180C603180C603180C6031C183FE072
:102470007F000000000000000000000000000000DD
:10248000000000000000000000000000FF03FE004C
:102490000C003000C1FE0FF0600180060018003F04
:1024A000E07F80000000000000000000000000004D
:1024B000000000003FC0FF8003000C00307FC3FF1E
:1024C000180C603180C603180C603180C603180CEC
:1024D0003FE07F000000000000000000000000005E
:1024E00000000000000000000000000000007F036A
:1024F000FE180C603180C7FF1FFC600180060018C9
:102500001C3FE07F00000000000000000000000011
:102510000000000000000000000000000000018C2E
:10252000663198C67338EDC1FE03F01FE0EDC73386
:1025300098C663198C6000000000000000000000D5
:10254000000000000000000000000000000000008B
:102550007F03FE1C0C003000C0FE03F8003000C0FA
:10256000031C0C3FE07F00000000000000000000A2
:10257000000000000000000000000000000000005B
:102580000180C603180C603180C603180C603180CE
:10259000C603181C3FF07EC00000000000000000D1
:1025A00000000000000000000000006301FC03E0E8
:1025B000000180C603180C603180C603180C60311E
:1025C00080C603181C3FF07EC00000000000000021
:1025D00000000000000000000000000000000000FB
:1025E000000000C1C30E0C703380DC03E00F003E1E
:1025F00000DC03380C7030E0C1C0000000000000B7
:1026000000000000000000000000000000000000CA
:10261000000000001FC0FF060C183060C183060CCC
:10262000183060C183060C3831C0C00000000000C3
:10263000000000000000000000000000000000009A
:1026400000000000010026019C0E7879F3E6FD9958
:10265000E66319806601980660198060000000003A
:10266000000000000000000000000000000000006A
:1026700000000000000180C603180C603180C7FF15
:102680001FFC603180C603180C603180C000000060
:10269000000000000000000000000000000000003A
:1026A000000000000000007F03FE180C603180C6AF
:1026B00003180C603180C603180C3FE07F00000057
:1026C000000000000000000000000000000000000A
:1026D0000000000000000001FFC7FF180C603180FF
:1026E000C603180C603180C603180C603180C0002E
:1026F00000000000000000000000000000000000DA
:10270000000000000000000001FF07FE180C60310F
:1027100080C603180C603180C603180C7FE1FF06E9
:102720000018006001800600180000000000000092
:10273000000000000000000000007F03FE181C6085
:102740000180060018006001800600181C3FE07F31
:102750000000000000000000000000000000000079
:102760000000000000000000000001FFE7FF80C043
:1027700003000C003000C003000C003000C0030058
:102780000C0000000000000000000000000000003D
:1027900000000000000000000000000180C60318D7
:1027A0000C603180C603180C603180C603180C3FE2
:1027B000F07FC003000C003000C3FE0FF0000000EB
:1027C00000000000000000000000C003007F83FF45
:1027D00018C663198C663198C663198C663198C621
:1027E0003FF07F803000C0000000000000000000CB
:1027F000000000000000000000000000000180C692
:10280000031C1C38E07700F801C00F8077038E1C92
:102810001C603180C00000000000000000000000CB
:102820000000000000000000000000000000018027
:10283000C603180C603180C603180C603180C603D3
:10284000180C3FF87FE001800600180060000000CF
:102850000000000000000000000000000000000177
:1028600080C603180C603180C3FF07FC003000C035
:1028700003000C003000C000000000000000000059
:102880000000000000000000000000000000000048
:10289000018C663198C663198C663198C663198CB1
:1028A000663198C63FF87FE000000000000000009D
:1028B0000000000000000000000000000000000018
:1028C00000018C663198C663198C663198C663190D
:1028D0008C663198C63FFC7FF000C003000C0030CE
:1028E00000000000000000000000000000000000E8
:1028F000000003C00F000C003000FF03FE0C0C3082
:1029000030C0C3030C0C3FE0FF00000000000000DB
:1029100000000000000000000000000000000000B7
:102920000000000180660198066019FC67F998367E
:1029300060D983660D98367F99FC60000000000026
:102940000000000000000000000000000000000087
:102950000000000000C003000C003000FF03FE0C6C
:102960000C3030C0C3030C0C3FE0FF00000000003F
:102970000000000000000000000000000000000057
:102980000000000000007F03FE1C0C003000C0FFB0
:1029900003FC003000C0031C0C3FE07F000000007F
:1029A0000000000000000000000000000000000027
:1029B0000000000000000187863F198666199866AE
:1029C000619F867E19986661998663F18780000011
:1029D00000000000000000000000000000000000F7
:1029E00000000000000000007FC3FF180C60318071
:1029F000C6030FFC1FF00EC073038C1C30E0C00038
:102A000000000000000000000018C063018C0000FE
:102A10007FF1FFC6001800600180060018007F816A
:102A2000FE06001800600180060018007FF1FFC05C
:102A30000000000000000000000000000000000096
:102A400000000063018C063000007F03FE180C605C
:102A50003180C7FF1FFC6001800600181C3FE07F2B
:102A60000000000000000000000000000000000066
:102A7000000061E18FC63318CC63F18787001C002A
:102A800079F1E7C6D81B6067819E063818E061813E
:102A90008600000000000000000000000C1820A2CA
:102AA00024120000000000000000000000000000F0
:102AB0000000000000000000000000000000000016
:102AC000000000000000000000000000060060069A
:102AD000006006006006006006006000000006005E
:102AE000600600000000000000000000001981984E
:102AF000198198090000000000000000000000009B
:102B000000000000000000000000000000000000C5
:102B1000000000001981981981987FE19819819827
:102B20001981987FE19819819819800000000000B0
:102B300000000000000000600601F836C666660668
:102B4000603601F806C06606666636C1F8060060A3
:102B500000000000000000000000000000038C6C7A
:102B6000C6D86D83B00300600600C00DC1B61B63FC
:102B70003631C0000000000000000000000000002E
:102B80000E01B03183183181B00E01E633661C604E
:102B9000C60C61C3361E600000000000000000008B
:102BA0000006006006006006000000000000000053
:102BB0000000000000000000000000000000000015
:102BC000000000000000C01803003006006006008E
:102BD0006006006006006006006006003003001812
:102BE00000C0000000000000003001800C00C006A2
:102BF00000600600600600600600600600600600D7
:102C0000C00C018030000000000000000000000047
:102C100000000000060C3181B00E0FFE0E01B03135
:102C2000860C000000000000000000000000000012
:102C3000000000000000000000600600600607FEC3
:102C400006006006006000000000000000000000B8
:102C50000000000000000000000000000000000074
:102C600000000000000000000000060060060020D8
:102C70000200400000000000000000000000000012
:102C800000000000000007FE00000000000000003F
:102C90000000000000000000000000000000000034
:102CA0000000000000000000000000000000000024
:102CB00000000600600600000000000000000000A8
:102CC0000000000600600C00C018018030030060A6
:102CD0000600C00C018018030030060060000000F0
:102CE00000000000000000001F830C60660660E624
:102CF0001E6366666C678670660660630C1F8000E4
:102D00000000000000000000000000000600E01EBF
:102D100003600600600600600600600600600600B2
:102D2000603FC00000000000000000000000000044
:102D30001F830C60660660600600C0180300600C0C
:102D400001803006007FE00000000000000000006D
:102D5000000000001F830C60600600600600C0F8E1
:102D600000C00600600660630C1F800000000000C9
:102D7000000000000000000000600E01E036066068
:102D8000C61863066066066067FE006006006000A5
:102D90000000000000000000000000007FE600606E
:102DA00006006006007F800C00600600600660631D
:102DB0000C1F800000000000000000000000000068
:102DC0001FC3006006006006007F860C6066066018
:102DD000660660630C1F8000000000000000000019
:102DE000000000007FE60660600600C00C0180184D
:102DF00003003006006006006006000000000000CE
:102E000000000000000000001F830C606606606682
:102E10000630C1F830C60660660660630C1F80008D
:102E20000000000000000000000000001F830C6094
:102E300066066066066063061FE0060060060060C6
:102E40000C3F8000000000000000000000000000B7
:102E50000000000000000600600600000000000006
:102E600000000600600600000000000000000000F6
:102E700000000000000000000000060060060000E6
:102E80000000000000000600600600200200400074
:102E9000000000000000000000600C01803006000F
:102EA000C01803001800C006003001800C0060004C
:102EB0000000000000000000000000000000000012
:102EC00000000007FE0000000000007FE00000009E
:102ED00000000000000000000000000000000000F2
:102EE0006003001800C006003001800C018030062D
:102EF00000C0180300600000000000000000000097
:102F0000000000001F830C60660660600C018030CA
:102F100006006000000006006006000000000000DF
:102F200000000000000000001F830C60660663E6DE
:102F30006666666666666666663A6003001FE0005F
:102F40000000000000000000000000001F830C6073
:102F500066066066066066067FE606606606606670
:102F6000066060000000000000000000000000009B
:102F70007F860C60660660660C7F860C6066066065
:102F8000660660660C7F8000000000000000000004
:102F9000000000001F830C606606600600600600EB
:102FA00060060060060660630C1F800000000000E1
:102FB00000000000000000007F860C60660660666E
:102FC0000660660660660660660660660C7F8000C6
:102FD0000000000000000000000000007FE600602C
:102FE00006006006006007F86006006006006006E4
:102FF000007FE00000000000000000000000000072
:103000007FE6006006006006006007F8600600606A
:1030100006006006006000000000000000000000E4
:10302000000000001F830C60660660060060063E1C
:1030300060660660660660630C1F8000000000008A
:103040000000000000000000606606606606606622
:10305000066067FE60660660660660660660600081
:103060000000000000000000000000001F8060065B
:103070000060060060060060060060060060060052
:10308000601F800000000000000000000000000041
:1030900003F00C00C00C00C00C00C00C00C00C60A1
:1030A000C60C60C3181F00000000000000000000F4
:1030B0000000000060660C6186306606C07807007C
:1030C0007806C066063061860C6060000000000073
:1030D00000000000000000006006006006006006BE
:1030E000006006006006006006006006007FE000E9
:1030F000000000000000000000000000802C06E03E
:10310000EF1EDB6CE6C46C06C06C06C06C06C06CBF
:1031100006C0600000000000000000000000000089
:103120006066066066067067866C666663661E602B
:10313000E606606606606000000000000000000017
:10314000000000001F830C6066066066066066066D
:1031500060660660660660630C1F80000000000069
:1031600000000000000000007F860C6066066066BC
:103170000660C7F860060060060060060060000098
:103180000000000000000000000000001F830C6031
:1031900066066066066066066066066066066663CA
:1031A0003C1F800C006000000000000000000000D8
:1031B0007F860C60660660660660C7F87806C066A3
:1031C000063061860C606000000000000000000016
:1031D000000000001F830C6066006006003001F8EC
:1031E00000C00600600660630C1F80000000000045
:1031F00000000000000000007FE0600600600600A4
:1032000060060060060060060060060060060000C0
:103210000000000000000000000000006066066082
:10322000660660660660660660660660660660633F
:103230000C1F8000000000000000000000000000E3
:1032400060660660660630C30C30C30C198198199D
:1032500080F00F0060060000000000000000000089
:1032600000000000C06C06C06C06C06C06C06C0696
:10327000C46CE6DB6F1EE0EC06802000000000005E
:10328000000000000000000060660630C30C1981D9
:10329000980F00600F019819830C30C6066060001B
:1032A0000000000000000000000000006066063022
:1032B000C30C1981980F00F006006006006006003C
:1032C0006006000000000000000000000000000098
:1032D0007FE00600600600C0180300600C0180302B
:1032E00006006006007FE000000000000000000013
:1032F0000007C0600600600600600600600600600F
:1033000006006006006006006006006007C000005E
:10331000000000000000060060030030018018007B
:10332000C00C006006003003001801800C00C006CD
:103330000060000000000000003E00600600600623
:10334000006006006006006006006006006006007F
:10335000600600603E00000000000000000600F073
:1033600019830C60600000000000000000000000F5
:10337000000000000000000000000000000000004D
:10338000000000000000000000000000000000003D
:103390000000000000000000000000007FE00000CE
:1033A00000000000001800C006003001800000008E
:1033B000000000000000000000000000000000000D
:1033C00000000000000000000000000000000000FD
:1033D00000003F800C0060061FE306606606606325
:1033E000061FE000000000000000000000000000D8
:1033F0006006006006007F860C60660660660660F8
:10340000660660660C7F800000000000000000007F
:10341000000000000000000000001F830C60660038
:1034200060060060060060630C1F80000000000062
:1034300000000000000000000060060060061FE3BE
:10344000066066066066066066066063061FE0004A
:10345000000000000000000000000000000000006C
:1034600000001F830C6066066067FE600600600354
:10347000061FC00000000000000000000000000067
:1034800003E0600600603FC0600600600600600662
:103490000060060060060000000000000000000060
:1034A000000000000000000000001FE30660660648
:1034B0006066066066066063061FE0060060060040
:1034C000C3F80000000000006006006006007F8670
:1034D0000C606606606606606606606606606000F0
:1034E0000000000000000000000000000600600670
:1034F00000001E0060060060060060060060060016
:10350000601F8000000000000000000000000000BC
:1035100000C00C00C00003C00C00C00C00C00C00B8
:10352000C00C00C00C00C00C30C30C1980F00000AF
:103530000000000030030030030030630C318330A2
:103540003603C036033031830C30600000000000C9
:1035500000000000000000001E0060060060060081
:10356000600600600600600600600600601F8000C4
:10357000000000000000000000000000000000004B
:1035800000007F866C666666666666666666666668
:1035900066666000000000000000000000000000FF
:1035A0000000000000007F860C6066066066066012
:1035B0006606606606606000000000000000000013
:1035C000000000000000000000001F830C60660681
:1035D00060660660660660630C1F800000000000E5
:1035E00000000000000000000000000000007F86D6
:1035F0000C60660660660660660660660C7F860084
:1036000060060060060000000000000000000000EE
:1036100000001FE30660660660660660660660637B
:10362000061FE006006006006006000000000000C3
:1036300000000000000067E6C07807006006006038
:1036400006006006006000000000000000000000AE
:10365000000000000000000000003FC606600600F9
:103660006003FC0060060066063FC000000000002A
:1036700000000000000000000C00C00C00C07F80B3
:10368000C00C00C00C00C00C00C00C00C007C00083
:10369000000000000000000000000000000000002A
:1036A0000000606606606606606606606606606327
:1036B000061FE00000000000000000000000000005
:1036C00000000000000060660660630C30C19819BD
:1036D00080F00F0060060000000000000000000005
:1036E0000000000000000000000060660660660642
:1036F0006666666666666666663FC0000000000035
:1037000000000000000000000000000000006066F3
:103710000630C1980F00600F019830C60660600047
:103720000000000000000000000000000000000099
:103730000000606606606606606606606606606396
:10374000061FE00600600600C3F80000000000004D
:103750000000000000007FE00600C0180300600CBD
:1037600001803006007FE000000000000000000043
:103770000001C0300600600600600600600C018099
:103780000C006006006006006006003001C000000A
:1037900000000000000600600600600600600600F1
:1037A00060060060060060060060060060060060BB
:1037B0000600000000000000003800C0060060069F
:1037C0000060060060030018030060060060060049
:1037D000600600C03800000000000000000000008B
:1037E0000000000000000000003C666666663C00C9
:1037F00000000000000000000000000000000000C9
:10380000000000001F830C606606606606606606A6
:103810007FE60660660660660660600000000000E5
:1038200000000000000000007FC600600600600687
:10383000007F860C60660660660660660C7F80000E
:103840000000000000000000000000007F860C6007
:10385000660660660C7F860C6066066066066066BB
:103860000C7F80000000000000000000000000004D
:103870007FE60060060060060060060060060060EB
:10388000060060060060000000000000000000006C
:10389000000000000FC18C30C30C30C30C30C30CCF
:1038A00030C30C30C30C30C30C7FE60660660600E4
:1038B00000000000000000007FE6006006006006D7
:1038C000006007F86006006006006006007FE00008
:1038D0000000000000000000000000006666666650
:1038E000666666636C1F80F01F836C66666666663C
:1038F000666660000000000000000000000000009C
:103900001F830C60600600600600C0F800C006005F
:10391000600660630C1F80000000000000000000D3
:103920000000000060660660660660E61E6366666C
:103930006C678670660660660660600000000000C6
:10394000000030C30C1F800060660660660660E6FB
:103950001E6366666C678670660660660660600059
:1039600000000000000000000000000060660C6124
:1039700086306606C07807007806C0660630618625
:103980000C6060000000000000000000000000006B
:103990000FE186306306306306306306306306301D
:1039A0006306306606C060000000000000000000F2
:1039B00000000000802C06E0EF1EDB6CE6C46C0605
:1039C000C06C06C06C06C06C06C060000000000041
:1039D0000000000000000000606606606606606689
:1039E000066067FE606606606606606606606000E8
:1039F0000000000000000000000000001F830C60B9
:103A00006606606606606606606606606606606357
:103A10000C1F8000000000000000000000000000FB
:103A20007FE606606606606606606606606606609B
:103A3000660660660660600000000000000000008E
:103A4000000000007F860C60660660660660C7F8AE
:103A500060060060060060060060000000000000D4
:103A600000000000000000001F830C606606600676
:103A70000060060060060060060660630C1F8000A0
:103A80000000000000000000000000007FE0600671
:103A90000060060060060060060060060060060028
:103AA00060060000000000000000000000000000B0
:103AB0006066066066066066066063061FE00600D4
:103AC000600600600C3F8000000000000000000065
:103AD000000000601F836C666666666666666666E2
:103AE00066666666666666636C1F8060000000003E
:103AF000000000000000000060660630C30C198161
:103B0000980F00600F019819830C30C606606000A2
:103B10000000000000000000000000006066066079
:103B20006606606606606606606606606606606336
:103B3000061FF0030030030000000000000000003A
:103B40006066066066066066063061FE006006001C
:103B50006006006006006000000000000000000039
:103B6000000000006666666666666666666666668D
:103B70006666666666666663661FE00000000000B3
:103B80000000000000000000666666666666666605
:103B9000666666666666666666666663661FF003E8
:103BA000003003000000000000000000E00E006094
:103BB00006006007F860C606606606606606606616
:103BC0000C7F8000000000000000000000000000EA
:103BD000C06C06C06C06C06FC6C66C36C36C36C3FC
:103BE0006C36C36C66FC6000000000000000000042
:103BF000000000006006006006006007F860C6066E
:103C000060660660660660660C7F8000000000004B
:103C100000000000000000001F830C6060060060D0
:103C2000060060FE00600600600660630C1F8000F6
:103C3000000000000000000000000000C7CCC6CC5F
:103C40006CC6CC6CC6CC6FC6CC6CC6CC6CC6CC6C0F
:103C5000C6C7C00000000000000000000000000017
:103C60001FE3066066066066063061FE01E0360608
:103C700060C61863066060000000000000000000DD
:103C8000000000000000000000003F800C00600603
:103C90001FE30660660660630E1F60000000000000
:103CA00000000000000000001FC30060060030019B
:103CB000F830C60660660660660660630C1F80000A
:103CC0000000000000000000000000003F06186037
:103CD000C60C60C6187F860C606606606606606665
:103CE0000C3F800000000000000000000000000009
:103CF0000000000000003FC0060060060063FC609A
:103D000006006006003FC000000000000000000048
:103D1000000000003F800C0060061FE30E60660696
:103D200060660660660660630C1F8000000000008D
:103D300000000000000000000000000000001F83E1
:103D40000C6066066067FE6006006003061FC00028
:103D50000000000000000000000000000000000063
:103D6000000066666666636C1F80F01F836C666683
:103D70006666600000000000000000000000000017
:103D80000000000000003FC6060060060060FC0066
:103D900060060066063FC000000000000000000052
:103DA000000000000000000000006066066066067B
:103DB0006066066066066063061FE00000000000A3
:103DC000000000000000000030C30C1F800060668F
:103DD000066066066066066066066063061FE000B1
:103DE00000000000000000000000000000000000D3
:103DF000000030630C3183303603C036033031832A
:103E00000C30600000000000000000000000000016
:103E10000000000000000FE18630630630630630CA
:103E200063063063066060000000000000000000D0
:103E30000000000000000000000040260670E79E21
:103E40006F666660660660660660600000000000DF
:103E5000000000000000000000000000000060669C
:103E6000066066066067FE60660660660660600063
:103E70000000000000000000000000000000000042
:103E800000001F830C60660660660660660660635D
:103E90000C1F800000000000000000000000000077
:103EA0000000000000007FE60660660660660660AF
:103EB000660660660660600000000000000000000A
:103EC000000000000000000000007F860C60660615
:103ED00060660660660660660C7F860060060060AD
:103EE00006000000000000000000000000001F832A
:103EF0000C60660060060060060060630C1F8000B6
:103F000000000000000000000000000000000000B1
:103F100000007FE0600600600600600600600600AA
:103F2000600600000000000000000000000000002B
:103F300000000000000060660660660660660660BD
:103F400066066063061FE00600600600C3F8000016
:103F5000000000000000000600601F836C666666BB
:103F600066666666666666636C1F806006000000B3
:103F7000000000000000000000000000000060667B
:103F80000630C1980F00600F019830C606606000CF
:103F90000000000000000000000000000000000021
:103FA000000060660660660660660660660660631E
:103FB000061FF003003003000000000000000000B6
:103FC0000000000000006066066066063061FE00CA
:103FD00060060060060060000000000000000000B5
:103FE000000000000000000000006666666666666D
:103FF0006666666666666663661FE000000000002F
:1040000000000000000000000000000000006666E4
:10401000666666666666666666666663661FF00363
:10402000003003000000000000000000000000005D
:1040300000007007003003F830C3063063063063B9
:104040000C3F8000000000000000000000000000A5
:104050000000000000006066066067C666663663A2
:1040600066366366667C60000000000000000000A9
:10407000000000000000000000006006006007F083
:1040800061860C60C60C60C6187F0000000000004E
:1040900000000000000000000000000000001F837E
:1040A0000C6060060060FE00600660630C1F80000C
:1040B0000000000000000000000000000000000000
:1040C0000000C7CCC6CC6CC6CC6FC6CC6CC6CC6C62
:1040D000C6C7C00000000000000000000000000093
:1040E0000000000000003FE6066066066063FE0315
:1040F00060660C61863060000000000000001981DD
:10410000981980007FE6006006006006006007F8EE
:104110006006006006006006007FE000000000000E
:1041200000000000000000001981981980001F8322
:104130000C6066066067FE6006006003061FC00034
:1041400000000000000000000000000061C63663AF
:10415000663661C60070073E7BE6B06F0670670684
:10416000306300000000000000000D2630043E25F2
:10417000F807C03E03F01F81FC0FE0FF0FF87FC778
:10418000FE3FF3EF9F7DF3FF9FF8FFC7FC3FE1FF8A
:104190008FFE7FF3EFDF3FF9FFC7FE1FF0FF83FCC9
:1041A0000FE07F01F807C03E01F00F807C007C0724
:1041B000C03E01E00E00700307987C83C43E01E01E
:1041C0001F01F00F80F807C07C03E01F00FC03E034
:1041D0001F807E01F007C43E30F983EE1F787FC157
:1041E000FF0FFC3FE0DF867E13F00FC001F807C031
:1041F0003E00F003801CF067C31E08F843C01F0098
:104200007C03E00F807C01F00F807C07E03E03E040
:104210003F01F01F00F84F86F837C3FC3FC1FE1F77
:10422000E1FE0FB0FD0FF07F87FCFFFFFFFFFF01F6
:10423000FC0FE07F83FE1FF0FFC7FE3EF9F7CF9F24
:104240007CFFE3FF1FF87FC3FE3FF3FF9FFDFBFFF3
:104250009FF8FFC7FC3FC1FE0FE07E03F01F00F890
:1042600007C03FFFFFFFFFFC3C3C3CDCDCDCFFFF0A
:1042700000FF5F00FFFF4F004FFF4FFF00FF4F00A9
:1042800000FF4F004FFF00DF4F00DFFFFF4F000038
:104290004FFFFF00EF00DFEFFFEF0000EFFFEF0049
:1042A000FFEFCF00FFD7004FD700FFFFFFBEBEBE1E
:1042B000FFBE3CB4780000FF0000B400BEBEFF6E3D
:1042C0006EC8F8E8009A9A0000FFFF00A0A0FFB4B3
:1042D000FFA064A0FFFFFFD2D2D2FFBE3CD2A0005D
:1042E00000FF0000D200BEBEFF7878DCF5F500BE0E
:1042F000BE0000FFFF00BEBEFFB4FFBE64BEC8C864
:10430000C8808080606060404040C8C8C8686868F5
:10431000F85000B050009C00007C0000F0000090BD
:10432000000000D00000880000680000480000D0B5
:10433000000070000050FF0050A0000090000070CE
:104340000028FF002890E8C80078700080500060C6
:104350003000E8B80088580000C8D00080880060AD
:104360006800404800C8D0006870E800E8900090FD
:10437000700070500050D800D8780078FFFFFF80A0
:104380008080606060404040C8C8C8686868FF00BE
:1043900000A800009C00007C0000F00000900000DD
:1043A00000FF0000880000680000480000D0000006
:1043B00070000000FF0000B00000900000700000DE
:1043C000F8000098FFFF0078700080500060300017
:1043D000E8B80088580000FFFF008088006068008F
:1043E000404800C8D0006870FF00FF900090700047
:1043F00070500050E200E278007811241FBECFEF29
:10440000D0E1DEBFCDBF0E9402370C9434760C940D
:1044100000004F925F926F927F928F929F92AF9225
:10442000BF92CF92DF92EF92FF920F931F93CF93A1
:10443000DF93CDB7DEB7CC5BD3400FB6F894DEBFC9
:104440000FBECDBF20E040E060E080E00E94E43E8F
:1044500021E04FEF6FEF8FEF0E94E43E22E040E05B
:1044600060E08FEF0E94E43E23E040E06FEF80E0E9
:104470000E94E43E24E04FEF60E080E00E94E43ED2
:1044800025E040E06FEF8FEF0E94E43E26E04FEF23
:104490006FEF80E00E94E43E27E04FEF60E08FEF97
:1044A0000E94E43E80E00E94193F2FEF33ED80E34D
:1044B000215030408040E1F700C000008AE691E4DE
:1044C0000E94EA5C84E00E94E75C81E00E945E5DFD
:1044D00080E00E946A5D81E00E94615D82E00E944E
:1044E0006D5D80E00E945B5D80E00E94675D1F92D1
:1044F0001F9286E08F9394E0B92EBF921F921F9275
:104500008F9324E0822E35E0A32E4EE1C42E58E78F
:10451000E52EF12C00EF10E02AE030E047E750E014
:1045200061E080E00E94D46CC12C60EAE62E00EAD3
:1045300020E04CEF6CEF80E00E94115D72E0C72E2E
:10454000E0E5EE2E00E520E540E560E580E50E942F
:10455000115DF4EBCF2ED12CACE6EA2EF12C05E95F
:1045600010E021E049E453E066E080E00E945B68EF
:104570009FEF23ED30E3915020403040E1F700C041
:1045800000001F921F921F92BF921F921F921F92B4
:10459000BEE1CB2E18E7E12EF12C00EF10E02AE06F
:1045A00030E047E750E06CE080E00E94D46C8CE0A3
:1045B0000E94A46CC12CE12C04EE24EE40E06FEFCD
:1045C0008FEF0E94115D02E0C02E8CE3E82E0CE319
:1045D0002CE34CE36CE38CE30E94115D94EBC92E59
:1045E000D12C2CE6E22EF12C05E910E021E049E483
:1045F00053E066E080E00E945B688FEF94E32CE07C
:10460000815090402040E1F700C00000C12CE12C17
:1046100000E024EE40E060E08FEF0E94115D32E0A8
:10462000C32E4CE3E42E0CE32CE34CE36CE38CE36D
:104630000E94115D1F921F921F92BF921F921F92A4
:104640001F925EE1C52E68E7E62EF12C00EF10E028
:104650002AE030E047E750E069E080E00E94D46C57
:1046600074EBC72ED12CECE6EE2EF12C05E910E010
:1046700021E049E453E066E080E00E945B683FEFA0
:1046800082E597E0315080409040E1F700C00000A3
:10469000C12CF0EAEF2E00EA20E04CEF6CEF80E056
:1046A0000E94115DA2E0CA2EB0E5EB2E00E520E5E8
:1046B00040E560E580E50E94115D1F921F921F9208
:1046C000BF921F921F921F921EE1C12E08E7E02E9B
:1046D000F12C00EF10E02AE030E047E750E061E025
:1046E00080E00E94D46C84EBC82ED12C9CE6E92E8D
:1046F000F12C05E910E021E049E453E066E080E0B8
:104700000E945B6884E99BE00E94EA5C80E00E9472
:104710005B5D81E00E946D5D81E00E94675D80E0ED
:104720000E945E5DCC24C394E12C00E020E040E0D8
:1047300060E080E00E94115DC12C21EEE22E01EECE
:1047400020E040E066E98BEE0E94115D30EEC32E62
:10475000DD24D3944AEAE42EF12C01E010E021E0BC
:1047600042ED52E061E081E00E945B688CE99AE2F0
:104770000E94EA5C56EDC52EDD24D3946DE1E62E51
:10478000FF24F39405E010E021E048EA52E062E003
:1047900081E00E945B6824E535E885E491E02150E2
:1047A000304080409040D9F700C000C0000060E079
:1047B00080E00E94833F2FEF35EA8EE021503040A9
:1047C0008040E1F700C0000022E040E060E081E0CE
:1047D0000E942A3F9FEF27E93AE391502040304062
:1047E000E1F700C0000021E040E061E081E00E94CC
:1047F0002A3F8FEF97E92AE3815090402040E1F76C
:1048000000C0000022E040E061E081E00E942A3F19
:104810003FEF87E99AE3315080409040E1F700C0D4
:10482000000023E040E061E081E00E942A3F2FEF9A
:1048300037E98AE3215030408040E1F700C00000B2
:1048400021E040E067E081E00E942A3F9FEF27E9F6
:104850003AE3915020403040E1F700C0000022E0F0
:1048600040E067E081E00E942A3F8FEF97E92AE36A
:10487000815090402040E1F700C0000023E040E07C
:1048800067E081E00E942A3F3FEF87E99AE33150D9
:1048900080409040E1F700C0000021E040E068E087
:1048A00081E00E942A3F2FEF37E98AE32150304010
:1048B0008040E1F700C0000022E040E068E081E0D5
:1048C0000E942A3F9FEF27E93AE391502040304071
:1048D000E1F700C0000023E040E068E081E00E94D2
:1048E0002A3F8FEF97E92AE3815090402040E1F77B
:1048F00000C0000021E040E069E081E00E942A3F22
:104900003FEF87E99AE3315080409040E1F700C0E3
:10491000000022E040E069E081E00E942A3F2FEFA2
:1049200037E98AE3215030408040E1F700C00000C1
:1049300023E040E069E081E00E942A3F9FEF27E901
:104940003AE3915020403040E1F700C0000080E0A1
:104950000E94193F04E020E331E04FEE50E06FE0A9
:1049600070E08FEE90E00E94B9402FE930E04EED0C
:1049700051E06FE970E081E090E00E94B9400FB62D
:10498000F894DEBF0FBECDBF79E0E72EF12C04E036
:1049900021EA30E0A7016DE970E0C7010E94B9404B
:1049A0009AE0E90EF11C2FEDE21621E0F20679F70C
:1049B00003E1E02EF12C04E0970141EF50E0B70154
:1049C0008DEE90E00E94B9403AE0E30EF11C85E3E1
:1049D000E81681E0F80679F70E94E73AB5E4CB2EB5
:1049E000B3EFDB2EBFE7EB2EBFE3FB2E1AED812EDC
:1049F00018E7912E11EAA12E1CE3B12E01E010E080
:104A000023C0B80180E090E00E94033827ED33EA2C
:104A100040E95FE30E94CA3823EC35EF48E450E4F4
:104A20000E94CA3820E030E044E353E40E946F372C
:104A30006B017C010E942D394B015C01C701B6015D
:104A40000E946C376B017C0120E030E04EEB52E4B9
:104A5000C501B4010E94CA3820E030E04FE153E4C0
:104A60000E9408370E94D73742E0C8010E94EB3A03
:104A700020E030E04EEB52E4C701B6010E94CA3894
:104A800020E030E04FE153E40E9408370E94D7371E
:104A900043E0C8010E94EB3A0F5F1F4F0E3D91E0CB
:104AA000190709F0AECF0E94E93A2FEF37EA81E605
:104AB000215030408040E1F700C0000080E00E94BB
:104AC000193F04E020E331E04FEE50E06FE070E08A
:104AD0008FEE90E00E94B9402FE930E04EED51E0BA
:104AE0006FE970E081E090E00E94B940A9E0EA2E11
:104AF000F12C04E021EA30E0A7016DE970E0C70184
:104B00000E94B9409AE0E90EF11C2FEDE21621E077
:104B1000F20679F7F3E1EF2EF12C04E0970141EF73
:104B200050E0B7018DEE90E00E94B9403AE0E30E0C
:104B3000F11C85E3E81681E0F80679F70E94E73A70
:104B4000AA24A394B12CEE24E394F12CEAE58E2E52
:104B5000912C55C040E0C6010E94EB3A5601B701C6
:104B600080E090E00E94033823E333E343E35FE314
:104B70000E94CA3823EC35EF48E450E40E94CA385A
:104B800020E030E044E353E40E946F370E942D3967
:104B90002B013C0197013695279536952795ABE774
:104BA000B4E10E94A87396958795B401681B790BB0
:104BB00080E090E00E940338A30192010E94CA386D
:104BC00020E030E04FE153E40E9408370E94D737DD
:104BD0002B013C0143E0C5010E94EB3AE1E0F0E02B
:104BE000EC0FFD1FE00FF11F518240829FEFE91A89
:104BF000F90A22E0E2162CE1F20609F44BC0650145
:104C00009FEFC91AD90A2FEDC21621E0D206F1F0A2
:104C100030EEE31631E0F30690F18FEEC816D104C2
:104C200001F18501000F111FE1E0F0E0EC0FFD1F25
:104C3000E00FF11F608171816F39710509F08ACF32
:104C400044E0C6010E94EB3A560189CF20EEE216FD
:104C500021E0F206C8F000E010E0CC24C394D12C8F
:104C6000E1CFC352DE4F68817981CD5DD1400CED3B
:104C700011E044E0C6010E94EB3A560170CF850175
:104C80005601000F111F6BCFAA24A394B12C00E092
:104C900010E065CF0E94E93A3FEF87EA91E6315094
:104CA00080409040E1F700C000008AE691E40E9455
:104CB000EA5C81E00E946D5D80E00E945B5D80E0C7
:104CC0000E94675D80E00E945E5DC12CEE24EA9444
:104CD0000FEF20E04FEF6FEF80E00E94115DCC24DA
:104CE000C394E12C00E02FEF4FEF60E080E00E94E2
:104CF000115D22E040E061E081E00E942A3FA12CAA
:104D0000EE24E3940FE010E020EE31E040E050E0CC
:104D100060E070E081E00E94483FAA24A39420EE66
:104D200031E041E351E060E070E081E00E94483F03
:104D300002E020E040E550E060EA70E080EF90E0C3
:104D40000E94DC5121E040E550E060EA70E080EF35
:104D500090E00E94DC5122E040E550E060EA70E023
:104D600080EF90E00E94DC5123E040E550E060EAF3
:104D700070E080EF90E00E94DC5106E010E020E05F
:104D800044E650E06FE970E08FEE90E00E94454904
:104D900021E044E650E06FE970E08FEE90E00E9481
:104DA000454922E044E650E06FE970E08FEE90E084
:104DB0000E94454923E044E650E06FE970E08FEE41
:104DC00090E00E944549E4E6CE2ED12CF2EBEF2E86
:104DD000F12C0EEB10E021E049E453E062E081E0C9
:104DE0000E945B68AEE0EA2EF12CB70180E090E013
:104DF0000E9403382DEC3CEC4CEC5FE30E94CA3877
:104E000020E030E040E751E40E9407370E94D737A6
:104E100005E021E331E0AB01B70180E090E00E94C2
:104E2000B94025E0E20EF11C35E3E31631E0F3066C
:104E3000E1F671E3E72EFF24F394B70180E090E000
:104E40000E9403382DEC3CEC4CEC5FE30E94CA3826
:104E500020E030E040E751E40E9407370E94D73756
:104E600005E02FE030E0AB01B7018FED91E00E944B
:104E7000B94085E0E81AF1089AE0E916F104E9F68C
:104E800061E3E62EFF24F394B70180E090E00E94F6
:104E900003382DEC3CEC4CEC5FE30E94CA389B01DC
:104EA000AC0160E070E084EF93E40E9407370E9459
:104EB000D73703E02FE030E0AB01B70180E090E0AE
:104EC0000E94B94025E0E21AF1083AE0E316F10445
:104ED000D9F65EE0E52EF12CB70180E090E00E946B
:104EE00003382DEC3CEC4CEC5FE30E94CA389B018C
:104EF000AC0160E070E08BEF93E40E9407370E9402
:104F0000D73703E020E331E0AB01B7018FED91E04B
:104F10000E94B94085E0E80EF11C95E3E91691E0A6
:104F2000F906D1F62FEF3FE483EC2150304080406A
:104F3000E1F700C0000022E040E064E081E00E9470
:104F40002A3FA12CCC24C3949AE0E92E0FE010E074
:104F500020EE31E040E050E060E070E081E00E944F
:104F6000483FAA24A39420EE31E041E351E060E001
:104F700070E081E00E94483F04E020E040E550E01E
:104F800060EA70E080EF90E00E94DC5121E040E5B3
:104F900050E060EA70E080EF90E00E94DC5122E097
:104FA00040E550E060EA70E080EF90E00E94DC5164
:104FB00023E040E550E060EA70E080EF90E00E947E
:104FC000DC51EE24E39405E010E020E044E650E0FC
:104FD0006FE970E08FEE90E00E94454921E044E6E1
:104FE00050E06FE970E08FEE90E00E94454922E0CA
:104FF00044E650E06FE970E08FEE90E00E94454992
:1050000023E044E650E06FE970E08FEE90E00E940C
:10501000454924E6C22ED12C32EBE32EF12C0EEBC7
:1050200010E021E049E453E061E081E00E945B6828
:105030004EE0E42EF12CB70180E090E00E940338AE
:105040002DEC3CEC4CEC5FE30E94CA3820E030E0F1
:1050500040E751E40E9407370E94D73705E021E37B
:1050600031E0AB01B70180E090E00E94B94095E0EB
:10507000E90EF11C25E3E21621E0F206E1F681E3F8
:10508000E82EFF24F394B70180E090E00E940338FB
:105090002DEC3CEC4CEC5FE30E94CA3820E030E0A1
:1050A00040E751E40E9407370E94D73705E02FE020
:1050B00030E0AB01B7018FED91E00E94B94035E0DF
:1050C000E31AF1088AE0E816F104E9F601E3E02EBC
:1050D000FF24F394B70180E090E00E9403382DECA8
:1050E0003CEC4CEC5FE30E94CA389B01AC0160E0F1
:1050F00070E084EF93E40E9407370E94D73703E003
:105100002FE030E0AB01B70180E090E00E94B940B1
:1051100095E0E91AF1082AE0E216F104D9F61EE05A
:10512000E12EF12CB70180E090E00E9403382DECD5
:105130003CEC4CEC5FE30E94CA389B01AC0160E0A0
:1051400070E08BEF93E40E9407370E94D73703E0AB
:1051500020E331E0AB01B7018FED91E00E94B9404F
:1051600035E0E30EF11C85E3E81681E0F806D1F6A0
:105170009FEF2FE433EC915020403040E1F700C026
:10518000000021E041E067E081E00E942A3FE12C3D
:10519000F12C05E020E431E0A70160E070E080E060
:1051A00090E00E94B9408FE0E80EF11C9FEEE916F6
:1051B00091E0F90671F7B6E3EB2EFF24F39405E0D6
:1051C000970140EE51E060E070E080E090E00E94E6
:1051D000B9402AE0E21AF10836EFE3163FEFF30692
:1051E00071F7A0EEEA2EFF24F39406E020E030E011
:1051F000A70160E471E080EE91E00E94B9408FE089
:10520000E81AF10891F706E0970140E050E060E409
:1052100071E080EE91E00E94B9409AE0E90EF11C45
:105220002AE4E21621E0F20671F73FEF8BE792E9FC
:10523000315080409040E1F700C0000020E041E0A4
:1052400069E081E00E942A3FF0EEEF2EFF24F39404
:1052500005E020E030E0A70160E471E080EE91E03D
:105260000E94B9402FE0E21AF10891F7C12CD12C2D
:1052700005E0960140E050E060E471E080EE91E0EE
:105280000E94B9403AE0C30ED11C8AE4C81681E0FE
:10529000D80671F706E020E431E0A70160E070E095
:1052A00080E090E00E94B9409FE0E90EF11C2FEEF3
:1052B000E21621E0F20671F7E6E3EE2EFF24F39406
:1052C00006E0970140EE51E060E070E080E090E0A1
:1052D0000E94B9403AE0E31AF10886EFE8168FEF32
:1052E000F80671F79FEF2BE732E9915020403040EC
:1052F000E1F700C0000022E042E069E081E00E94A6
:105300002A3F05E020EA30E040E951E060EA70E041
:1053100080E590E00E94B940E12CF12C70E4672E0A
:105320007724739443018E189F08570180EFA80ECD
:10533000B11C05E0940140EF50E060EA70E0C50167
:105340000E94B94080EF90E06C01CE18DF08940114
:1053500040EF50E060EA70E0C6010E94B94097015A
:1053600040EF50E060EA70E0C5010E94B94097014B
:1053700040EF50E060EA70E0C6010E94B94098E05A
:10538000E90EF11C20EAE216F10461F6E12CF12CA1
:1053900060E4662E772473945301AE18BF0847016A
:1053A00030E5830E911C06E0970140E951E060E092
:1053B00070E0C4010E94B94080E991E06C01CE1810
:1053C000DF0820E431E0A601B7010E94B940950151
:1053D00040E550E060E471E0C6010E94B94020E081
:1053E00030E0A401B50180E590E00E94B94088E07A
:1053F000E80EF11C98E4E91691E0F90669F62FEF42
:105400003FE483EC215030408040E1F700C00000D1
:1054100023E040E060E081E00E942A3F02E020E5D6
:1054200030E048E750E068E270E084E190E00E94FC
:10543000F04996E0A92E22E0C22E35E0E32EF12CB1
:1054400000E510E028E730E048E250E064EB70E06F
:1054500081E00E941A4A28E730E048E250E064E523
:1054600071E080E00E941A4A22E042E350E060EFDF
:1054700070E080E590E00E94B24A46E0C42E52E01F
:10548000E52E05E010E022E330E040EF50E060EF71
:1054900070E081E00E94A44B22E330E040EF50E056
:1054A00060E971E080E00E94A44B9FEF27EA31E6BB
:1054B000915020403040E1F700C0000023E040E080
:1054C00060E081E00E942A3F04E110E020E530E046
:1054D00048E750E068E270E084E190E00E94DA4D35
:1054E00066E0862E72E0A72EE5E0CE2ED12CF4E108
:1054F000EF2EF12C00E510E028E730E048E250E024
:1055000064EB70E081E00E94E64E28E730E048E27C
:1055100050E064E571E080E00E94E64E02E020E0A9
:105520004CE350E060EF70E080E590E00E94DC51D9
:10553000A6E0AA2EB2E0CB2EE12C05E02CE330E071
:1055400040EF50E060EF70E081E00E94E6522CE313
:1055500030E040EF50E060E971E080E00E94E65208
:105560008FEF97EA21E6815090402040E1F700C09C
:10557000000023E040E060E081E00E942A3F02E07A
:1055800028E230E04CE350E060E570E080E590E038
:105590000E94435515E0E12EF12C08E210E02CE3C7
:1055A00030E040E550E060EF70E081E00E9470562E
:1055B0002CE330E040E550E060E971E080E00E94DB
:1055C00070568CE1E82EF12C20E530E048E750E001
:1055D00068EC70E084E190E00E94CC5896E0692E7F
:1055E0006F9222E0822E35E0A32EB12C4CE1C42E26
:1055F000D12C58E2E52EF12C00E510E028E730E050
:1056000048EC50E064EB70E081E00E94175A6F9222
:1056100028E730E048EC50E064E571E080E00E946B
:10562000175A3FEF87EA91E6315080409040E1F70A
:1056300000C0000080E00E94193F8EE493E00E94C9
:10564000EA5C81E00E945E5D81E00E945B5D81E03A
:105650000E946D5D80E00E94675D80E00E946A5D4F
:1056600081E00E94615D1F921F926F9263E0B62EEF
:10567000BF921F921F9272E0972E9F92E3E08E2EB0
:10568000F3E2CF2EA6E4EA2EF12C06E410E028E0A7
:1056900030E04FE750E061E080E00E94D46C1F9260
:1056A0001F926F92BF921F921F929F9228E030E04C
:1056B0004DEC50E061E080E00E94D46C1F921F929C
:1056C0006F92BF921F921F929F9228E030E04BE1B1
:1056D00051E061E080E00E94D46C88E00E94A46CFC
:1056E000B6E4CB2ED12C14E3E12EF12C0FE710E021
:1056F00021E04AEB51E066E080E00E945B680DEC3F
:1057000010E021E048EB51E066E080E00E945B6839
:105710000BE111E021E046EB51E066E080E00E9401
:105720005B681F921F926F92BF921F921F929F926F
:1057300003E2C02E86E4E82EF12C06E410E026E514
:1057400030E04FE750E062E080E00E94D46C1F92AE
:105750001F926F92BF921F921F929F9226E530E098
:105760004DEC50E063E080E00E94D46C0FB6F894FA
:10577000DEBF0FBECDBF1F921F926F92BF921F92CE
:105780001F929F9226E530E04BE151E064E080E01B
:105790000E94D46C89E00E94A46C96E4C92ED12C9E
:1057A00022E8E22EF12C0FE710E021E044EB51E07B
:1057B00066E080E00E945B688AE00E94A46C0DECC9
:1057C00010E021E042EB51E066E080E00E945B687F
:1057D0008BE00E94A46C0BE111E021E040EB51E072
:1057E00066E080E00E945B681F921F926F92BF92FA
:1057F0001F921F929F9233E2C32E46E4E42EF12CB7
:1058000006E410E024EA30E04FE750E065E080E095
:105810000E94D46C1F921F926F92BF921F921F9290
:105820009F9224EA30E04DEC50E066E080E00E9478
:10583000D46C1F921F926F92BF921F921F929F92E1
:1058400024EA30E04BE151E067E080E00E94D46C54
:105850008CE00E94A46C56E4C52ED12C60EDE62E9F
:10586000F12C0FE710E021E04EEA51E066E080E025
:105870000E945B688DE00E94A46C0DEC10E021E0BA
:105880004CEA51E066E080E00E945B688EE00E9496
:10589000A46C0BE111E021E04AEA51E066E080E00F
:1058A0000E945B681F921F926F92BF921F921F927D
:1058B0009F9273E2C72EE6E4EE2EF12C06E410E090
:1058C00022EF30E04FE750E061E080E00E94D46CCE
:1058D0000FB6F894DEBF0FBECDBF1F921F926F921E
:1058E000BF921F921F929F9222EF30E04DEC50E04A
:1058F00061E080E00E94D46C1F921F926F92BF9271
:105900001F921F929F9222EF30E04BE151E061E045
:1059100080E00E94D46C88E00E94A46CF6E4CF2E54
:10592000D12CAEE1EA2EFF24F3940FE710E021E042
:1059300048EA51E066E080E00E945B680DEC10E010
:1059400021E046EA51E066E080E00E945B680BE1FE
:1059500011E021E044EA51E066E080E00E945B68EB
:105960009FEF29E638E1915020403040E1F700C038
:1059700000001F921F921F92BF921F921F921F92B0
:10598000B3E2CB2E16E4E12EF12C06E410E028E081
:1059900030E04FE750E068E080E00E94D46C8FEF89
:1059A00095EA2EE0815090402040E1F700C00000D1
:1059B0001F921F921F92BF921F921F921F9228E068
:1059C00030E04FE750E069E080E00E94D46C3FEFA8
:1059D00082E597E0315080409040E1F700C0000040
:1059E0001F921F921F92BF921F921F921F9228E038
:1059F00030E04FE750E061E080E00E94D46C2FEF90
:105A000039E688E1215030408040E1F700C00000D5
:105A10000FB6F894DEBF0FBECDBF1F921F921F922C
:105A2000BF921F921F921F9228E030E04DEC50E091
:105A300068E080E00E94D46C3FEF85EA9EE0315040
:105A400080409040E1F700C000001F921F921F921B
:105A5000BF921F921F921F9228E030E04DEC50E061
:105A600069E080E00E94D46C2FEF32E587E021509E
:105A700030408040E1F700C000001F921F921F924B
:105A8000BF921F921F921F9228E030E04DEC50E031
:105A900061E080E00E94D46C9FEF29E638E19150EC
:105AA00020403040E1F700C000001F921F921F927B
:105AB000BF921F921F921F9228E030E04BE151E00D
:105AC00068E080E00E94D46C8FEF95EA2EE0815070
:105AD00090402040E1F700C000001F921F921F92EB
:105AE000BF921F921F921F9228E030E04BE151E0DD
:105AF00069E080E00E94D46C3FEF82E597E031508E
:105B000080409040E1F700C000000FB6F894DEBF7F
:105B10000FBECDBF1F921F921F92BF921F921F9266
:105B20001F9228E030E04BE151E061E080E00E940C
:105B3000D46C3FEF89E698E1315080409040E1F726
:105B400000C000001F921F921F92BF921F921F92CF
:105B50001F9226E530E04FE750E068E080E00E94C9
:105B6000D46C2FEF35EA8EE0215030408040E1F7D1
:105B700000C000001F921F921F92BF921F921F929F
:105B80001F9226E530E04FE750E06BE080E00E9496
:105B9000D46C9FEF22E537E0915020403040E1F790
:105BA00000C000001F921F921F92BF921F921F926F
:105BB0001F9226E530E04FE750E062E080E00E946F
:105BC000D46C8FEF99E628E1815090402040E1F7B6
:105BD00000C000001F921F921F92BF921F921F923F
:105BE0001F9226E530E04DEC50E068E080E00E9436
:105BF000D46C3FEF85EA9EE0315080409040E1F761
:105C000000C000000FB6F894DEBF0FBECDBF1F92DC
:105C10001F921F92BF921F921F921F9226E530E0A3
:105C20004DEC50E069E080E00E94D46C3FEF82E5EB
:105C300097E0315080409040E1F700C000001F9293
:105C40001F921F92BF921F921F921F9226E530E073
:105C50004DEC50E063E080E00E94D46C2FEF39E619
:105C600088E1215030408040E1F700C000001F92E1
:105C70001F921F92BF921F921F921F9226E530E043
:105C80004BE151E068E080E00E94D46C9FEF25EA90
:105C90003EE0915020403040E1F700C000001F92EC
:105CA0001F921F92BF921F921F921F9226E530E013
:105CB0004BE151E069E080E00E94D46C8FEF92E507
:105CC00027E0815090402040E1F700C000001F9283
:105CD0001F921F92BF921F921F921F9226E530E0E3
:105CE0004BE151E064E080E00E94D46C3FEF83ED33
:105CF00090E3315080409040E1F700C000000FB6C3
:105D0000F894DEBF0FBECDBF80E00E94193F1F9206
:105D10001F92BF92BF921F921F9284E0982E9F9273
:105D200094E0A92E28E030E04FE750E061E080E009
:105D30000E94D46C1F921F92BF92BF921F921F921B
:105D40009F9228E030E04DEC50E061E080E00E945E
:105D5000D46C1F921F92BF92BF921F921F929F926C
:105D600028E030E04BE151E061E080E00E94D46C3B
:105D700081E00E94A46C26E4C22ED12C34E3E32EF1
:105D8000F12C0FE710E021E04AEB51E064E080E005
:105D90000E945B680DEC10E021E048EB51E064E00C
:105DA00080E00E945B680BE111E021E046EB51E0EE
:105DB00064E080E00E945B681F921F92BF92BF92D6
:105DC0001F921F929F9243E2C42E56E4E52EF12CBF
:105DD00006E410E026E530E04FE750E062E080E0C6
:105DE0000E94D46C1F921F92BF92BF921F921F926B
:105DF0009F9226E530E04DEC50E063E080E00E94A9
:105E0000D46C0FB6F894DEBF0FBECDBF1F921F92A9
:105E1000BF92BF921F921F929F9226E530E04BE106
:105E200051E064E080E00E94D46C82E00E94A46CA7
:105E300066E4C62ED12C72E8E72EF12C0FE710E0B5
:105E400021E044EB51E064E080E00E945B6883E085
:105E50000E94A46C0DEC10E021E042EB51E064E004
:105E600080E00E945B6884E00E94A46C0BE111E07A
:105E700021E040EB51E064E080E00E945B681F920B
:105E80001F92BF92BF921F921F929F92E3E2CE2E6B
:105E9000F6E4EF2EF12C06E410E024EA30E04FE7C0
:105EA00050E065E080E00E94D46C1F921F92BF9288
:105EB000BF921F921F929F9224EA30E04DEC50E077
:105EC00066E080E00E94D46C1F921F92BF92BF9246
:105ED0001F921F929F9224EA30E04BE151E067E06D
:105EE00080E00E94D46C85E00E94A46CA6E4CA2ED7
:105EF000D12CB0EDEB2EF12C0FE710E021E04EEAB3
:105F000051E064E080E00E945B6886E00E94A46C3F
:105F10000DEC10E021E04CEA51E064E080E00E94EA
:105F20005B6887E00E94A46C0BE111E021E04AEA83
:105F300051E064E080E00E945B681F921F92BF9274
:105F4000BF921F921F929F9213E2C12E06E4E02E91
:105F5000F12C06E410E022EF30E04FE750E061E082
:105F600080E00E94D46C0FB6F894DEBF0FBECDBFA8
:105F70001F921F92BF92BF921F921F929F9222EF79
:105F800030E04DEC50E061E080E00E94D46C1F9264
:105F90001F92BF92BF921F921F929F9222EF30E0FA
:105FA0004BE151E061E080E00E94D46C81E00E940E
:105FB000A46C86E4C82ED12C9EE1E92EFF24F39434
:105FC0000FE710E021E048EA51E064E080E00E9441
:105FD0005B680DEC10E021E046EA51E064E080E00F
:105FE0000E945B680BE111E021E044EA51E064E0CB
:105FF00080E00E945B683FEF8FE493EC315080407B
:106000009040E1F700C0000080E00E94193F772433
:1060100073947F921F929F92BF921F921F929F92A2
:1060200023E0A22E33E2C32E46E4E42EF12C06E454
:1060300010E028E030E04FE750E061E080E00E94AF
:10604000D46C7F921F929F92BF921F921F929F9239
:1060500028E030E04DEC50E061E080E00E94D46C3C
:106060007F921F929F92BF921F921F929F9228E051
:1060700030E04BE151E061E080E00E94D46C0FB66B
:10608000F894DEBF0FBECDBF56E4C52ED12C66E31B
:10609000E62EF12C0FE710E021E04AEB51E063E03F
:1060A00080E00E945B680DEC10E021E048EB51E0DD
:1060B00063E080E00E945B680BE111E021E046EBC9
:1060C00051E063E080E00E945B687F921F929F92A4
:1060D000BF921F921F929F9273E2C72EE6E4EE2EAC
:1060E000F12C06E410E026E530E04FE750E062E0F6
:1060F00080E00E94D46C7F921F929F92BF921F9269
:106100001F929F9226E530E04DEC50E063E080E086
:106110000E94D46C7F921F929F92BF921F921F92F7
:106120009F9226E530E04BE151E064E080E00E9480
:10613000D46C82E00E94A46CF6E4CF2ED12CA4E8AB
:10614000EA2EF12C0FE710E021E044EB51E063E090
:1061500080E00E945B6883E00E94A46C0DEC10E07C
:1061600021E042EB51E063E080E00E945B6884E064
:106170000E94A46C0BE111E021E040EB51E063E0F0
:1061800080E00E945B687F921F929F92BF921F9255
:106190001F929F92B3E2CB2E16E4E12EF12C06E47F
:1061A00010E024EA30E04FE750E065E080E00E9434
:1061B000D46C7F921F929F92BF921F921F929F92C8
:1061C00024EA30E04DEC50E066E080E00E94D46CC0
:1061D0000FB6F894DEBF0FBECDBF7F921F929F9285
:1061E000BF921F921F929F9224EA30E04BE151E050
:1061F00067E080E00E94D46C85E00E94A46C06E415
:10620000C02ED12C82EDE82EF12C0FE710E021E01A
:106210004EEA51E063E080E00E945B6886E00E9405
:10622000A46C0DEC10E021E04CEA51E063E080E06A
:106230000E945B6887E00E94A46C0BE111E021E002
:106240004AEA51E063E080E00E945B687F921F921F
:106250009F92BF921F921F929F9293E2C92E26E4B3
:10626000E22EF12C06E410E022EF30E04FE750E0A0
:1062700061E080E00E94D46C7F921F929F92BF9257
:106280001F921F929F9222EF30E04DEC50E061E0B0
:1062900080E00E94D46C7F921F929F92BF921F92C7
:1062A0001F929F9222EF30E04BE151E061E080E0ED
:1062B0000E94D46C81E00E94A46C36E4C32ED12CE1
:1062C00040E2E42EFF24F3940FE710E021E048EAD7
:1062D00051E063E080E00E945B680DEC10E021E09B
:1062E00046EA51E063E080E00E945B680BE111E068
:1062F00021E044EA51E063E080E00E945B689FEFA8
:1063000027EA31E6915020403040E1F700C000001C
:1063100080E00E94193F7F921F929F92BF921F922E
:106320001F929F9254E1C52E66E4E62EF12C06E4FE
:1063300010E028E030E04FE750E061E080E00E94AC
:10634000D46C0FB6F894DEBF0FBECDBF7F921F9204
:106350009F92BF921F921F929F9228E030E04DECD7
:1063600050E061E080E00E94D46C7F921F929F9287
:10637000BF921F921F929F9228E030E04BE151E0C4
:1063800061E080E00E94D46C81E00E94A46C76E41D
:10639000C72ED12CE6E3EE2EF12C0FE710E021E022
:1063A0004AEB51E063E080E00E945B680DEC10E096
:1063B00021E048EB51E063E080E00E945B680BE184
:1063C00011E021E046EB51E063E080E00E945B6871
:1063D0007F921F929F92BF921F921F929F92F6E10F
:1063E000CF2EA6E4EA2EF12C06E410E026E530E0FC
:1063F0004FE750E062E080E00E94D46C7F921F92F1
:106400009F92BF921F921F929F9226E530E04DEC23
:1064100050E063E080E00E94D46C7F921F929F92D4
:10642000BF921F921F929F9226E530E04BE151E010
:1064300064E080E00E94D46C0FB6F894DEBF0FBE1B
:10644000CDBF82E00E94A46CB6E4CB2ED12C14E820
:10645000E12EF12C0FE710E021E044EB51E063E086
:1064600080E00E945B6883E00E94A46C0DEC10E069
:1064700021E042EB51E063E080E00E945B6884E051
:106480000E94A46C0BE111E021E040EB51E063E0DD
:1064900080E00E945B687F921F929F92BF921F9242
:1064A0001F929F9206E1C02E86E4E82EF12C06E4AE
:1064B00010E024EA30E04FE750E065E080E00E9421
:1064C000D46C7F921F929F92BF921F921F929F92B5
:1064D00024EA30E04DEC50E066E080E00E94D46CAD
:1064E0007F921F929F92BF921F921F929F9224EAC7
:1064F00030E04BE151E067E080E00E94D46C85E041
:106500000E94A46C96E4C92ED12C22EDE22EF12C2F
:106510000FE710E021E04EEA51E063E080E00E94E6
:106520005B6886E00E94A46C0DEC10E021E04CEA70
:1065300051E063E080E00E945B6887E00E94A46C09
:106540000BE111E021E04AEA51E063E080E00E94C3
:106550005B687F921F929F92BF921F921F929F92A1
:1065600036E1C32E46E4E42EF12C06E410E022EFDF
:1065700030E04FE750E061E080E00E94D46C7F9211
:106580001F929F92BF921F921F929F9222EF30E024
:106590004DEC50E061E080E00E94D46C0FB6F894BE
:1065A000DEBF0FBECDBF7F921F929F92BF921F9200
:1065B0001F929F9222EF30E04BE151E061E080E0DA
:1065C0000E94D46C81E00E94A46C56E4C52ED12CAC
:1065D00060E2E62EFF24F3940FE710E021E048EAA2
:1065E00051E063E080E00E945B680DEC10E021E088
:1065F00046EA51E063E080E00E945B680BE111E055
:1066000021E044EA51E063E080E00E945B689FEF94
:1066100023E234EF915020403040E1F700C0000009
:1066200080E00E94193F8CE99AE20E94EA5C80E0D7
:106630000E94675D80E00E946A5D80E00E945E5D6E
:1066400080E00E94615D80E00E945B5D81E00E94CD
:106650006D5DCC24C394E12C00E020E040E060E0DC
:1066600080E00E94115DC12C7AEFE72E0AEF20E056
:1066700040E06AEF8AEF0E94115D82E00E946D5D4A
:1066800081E00E94615DE6EDCE2EDD24D394F8E238
:10669000EF2EF12C05E010E021E046E952E061E048
:1066A00080E00E945B6881E00E946D5D80E00E9456
:1066B000615DA0E5EA2EF12C21E04DE452E062E0BC
:1066C00080E00E945B68C12CD12CE12CF12C00E011
:1066D00010E021E04DE452E061E080E00E945B6860
:1066E00021E04DE452E062E080E00E945B6821E03E
:1066F00042E152E061E080E00E945B68BCE8EB2E82
:106700000FEF2CE840E06AEF8AEF0E94115D10E382
:10671000412E4F920CE0502E5F928CE2882EC12CBD
:10672000D12CE12CF12C00E010E02AE63AEE42E117
:1067300055EC62E080E00E94356B21E04DE452E0D0
:1067400061E080E00E945B6821E04DE452E061E09E
:1067500080E00E945B688FEF9FE423EC81509040C3
:106760002040E1F700C0000094E6E92E04E62FEF98
:1067700048EC60E084E60E94003F23E040E060E0F7
:1067800080E00E942A3F22E0C22EE12C00E020E0BF
:1067900040E060E080E00E94115DC12C3AEFE32E02
:1067A0000AEF20E040E06AEF8AEF0E94115D81E08D
:1067B0000E945E5D82E00E946D5D81E00E94615DED
:1067C00046EDC42EDD24D39458E2E52EF12C05E0ED
:1067D00010E021E046E952E061E080E00E945B6861
:1067E00081E00E946D5D80E00E94615D60E5E62EC3
:1067F000F12C21E04DE452E062E080E00E945B6811
:10680000C12CD12CE12CF12C00E010E021E04DE472
:1068100052E061E080E00E945B6821E04DE452E0DC
:1068200062E080E00E945B6821E042E152E061E0CA
:1068300080E00E945B687CE8E72E0FEF2CE840E0E8
:106840006AEF8AEF0E94115D4F925F92C12CD12CAA
:10685000E12CF12C00E010E02AE63AEE42E155ECA2
:1068600062E080E00E94356B21E04DE452E061E09F
:1068700080E00E945B6821E04DE452E061E080E04E
:106880000E945B683FEF8FE493EC31508040904072
:10689000E1F700C00000EAEFEE2E0AEF20E040E052
:1068A0006AEF8AEF0E94115D23E040E060E080E043
:1068B0000E942A3F82E00E946D5D81E00E94615D3E
:1068C00085E00E945B5DF2E0CF2E20E040E06AEFC1
:1068D0008AEF0E94115D83E00E94675DA6EDCA2EDB
:1068E000DD24D394B8E2EB2EF12C05E010E021E09A
:1068F00048E852E060E080E00E945B6880E00E942F
:10690000675D12E0C12EE12C00E020E040E060E095
:1069100080E00E94115D81E00E946D5D80E00E9438
:10692000615D81E00E945B5D06EDC02EDD24D394A5
:1069300080E5E82EF12C05E010E021E04DE452E086
:1069400062E080E00E945B68C12CD12CE12CF12C2C
:1069500000E010E021E04DE452E061E080E00E94C0
:106960005B6821E04DE452E062E080E00E945B68F9
:1069700021E042E152E061E080E00E945B689CE837
:10698000E92E0FEF2CE840E06AEF8AEF0E94115DDC
:106990004F925F92C12CD12CE12CF12C00E010E041
:1069A0002AE63AEE42E155EC62E080E00E94356B67
:1069B00021E04DE452E061E080E00E945B6821E06C
:1069C0004DE452E061E080E00E945B682FEF3FE41D
:1069D00083EC215030408040E1F700C0000020E00F
:1069E00040E060E080E00E94E43E80E00E94193FC9
:1069F00084E99BE00E94EA5C22E0C22E20E040E0B5
:106A000060E080E00E94115D80E00E94675D81E0AF
:106A10000E945B5D81E00E946D5D81E00E94615D8E
:106A20001F921F926F92BF921F921F9235E0532EBA
:106A30005F9243E0842E55E0A52E60E1C62E72E3FE
:106A4000E72EF12C04E610E020E030E044E150E0D5
:106A500061E080E00E94D46C81E00E94A46CE4E6D6
:106A6000CE2ED12CF1E2EF2EF12C04E110E021E04A
:106A70004CE052E066E080E00E945B681F921F924B
:106A80006F92BF921F921F925F92A0E1CA2EB2E353
:106A9000EB2EF12C04E610E020E030E042E850E07C
:106AA00061E081E00E94D46C81E00E94A46C14E655
:106AB000C12ED12C01E2E02EF12C02E810E021E001
:106AC00046E052E066E081E00E945B687F921F92A0
:106AD0009F92BF921F921F929F9283E0A82E90E1F7
:106AE000C92E22E3E22EF12C04E610E020E030E093
:106AF00040EF50E061E080E00E94D46C0FB6F89463
:106B0000DEBF0FBECDBF81E00E94A46C34E6C32E71
:106B1000D12C42E2E42EF12C00EF10E021E040E025
:106B200052E063E080E00E945B687F921F929F9238
:106B3000BF921F921F929F9250E1C52E62E3E62EF4
:106B4000F12C04E610E020E030E04EE551E061E099
:106B500081E00E94D46C81E00E94A46C74E6C72E90
:106B6000D12CE1E2EE2EF12C0EE511E021E04AEF0E
:106B700051E063E081E00E945B681F921F925F9288
:106B8000BF921F921F926F92F6E0AF2EA0E1CA2E25
:106B9000B2E3EB2EF12C04E610E02CE330E044E10C
:106BA00050E061E080E00E94D46C81E00E94A46C1F
:106BB00083E00E945B5D14E6C12ED12C0DE5E02E32
:106BC000F12C04E110E021E045EF51E065E080E0C8
:106BD0000E945B681F921F925F92BF921F921F924A
:106BE0006F9280E1C82E92E3E92EF12C04E610E0CA
:106BF0002CE330E042E850E061E081E00E94D46C98
:106C000081E00E94A46C83E00E945B5D24E6C22EBA
:106C1000D12C3DE5E32EF12C02E810E021E04FEE0F
:106C200051E065E081E00E945B6899249A949F920C
:106C30001F92BF92BF921F921F92BF9244E0A42E58
:106C400050E1C52E62E3E62EF12C04E610E02CE3C1
:106C500030E040EF50E061E080E00E94D46C81E0E1
:106C60000E94A46C83E00E945B5D74E6C72ED12C69
:106C7000ECE5EE2EF12C00EF10E021E049EE51E0C2
:106C800064E080E00E945B689F921F92BF92BF9277
:106C90001F921F92BF92F0E1CF2EA2E3EA2EF12CB9
:106CA00004E610E02CE330E04EE551E061E081E0E5
:106CB0000E94D46C0FB6F894DEBF0FBECDBF81E04A
:106CC0000E94A46C82E00E945B5DB4E6CB2ED12CC6
:106CD0001DE5E12EF12C0EE511E021E043EE51E03F
:106CE00064E081E00E945B688BEF0E946A5D80E057
:106CF0000E945B5D82E00E946D5DC12CEE24EA94EF
:106D000006E920E040E066E98FEF0E94115DCC24A7
:106D1000C39404EBE02E0EE120E040E060E08EEB57
:106D20000E94115D82E0C82E98ECE92E08EC28EC58
:106D300048EC68EC88EC0E94115D20EEC22EDD2448
:106D4000D3943FEAE32EF12C01E010E021E04BEC7C
:106D500051E065E081E00E945B68C12CE12C00E01D
:106D60002FEF4FEF64E680E00E94115D85E00E9406
:106D70005B5D81E00E94675D46EDC42EDD24D39407
:106D800052E2E52EFF24F39405E010E021E04CEB05
:106D900051E063E080E00E945B689FEF2FE433ECFA
:106DA000915020403040E1F700C00000C4D38FEF85
:106DB00097EA21E6815090402040E1F700C00000B2
:106DC000D8D33FEF89E698E1315080409040E1F719
:106DD00000C00000C454DC4F0FB6F894DEBF0FBEF5
:106DE000CDBFDF91CF911F910F91FF90EF90DF907A
:106DF000CF90BF90AF909F908F907F906F905F905B
:106E00004F90089582E0BCD20E940922FFCF5058D3
:106E1000BB27AA270ED073C13CD130F041D120F05E
:106E200031F49F3F11F41EF431C10EF4E095E7FBFD
:106E300027C1E92F86D180F3BA1762077307840749
:106E4000950718F071F49EF59EC10EF4E0950B2E97
:106E5000BA2FA02D0B01B90190010C01CA01A001AC
:106E60001124FF27591B99F0593F50F4503E68F107
:106E70001A16F040A22F232F342F4427585FF3CF48
:106E8000469537952795A795F0405395C9F77EF419
:106E90001F16BA0B620B730B840BBAF09150A1F062
:106EA000FF0FBB1F661F771F881FC2F70EC0BA0FE8
:106EB000621F731F841F48F4879577956795B79570
:106EC000F7959E3F08F0B3CF9395880F08F0992768
:106ED000EE0F979587950895EBD0E39521C10CD0DF
:106EE0000EC1DED040F0D5D030F021F45F3F19F074
:106EF000C7C0511149C1CAC024D198F39923C9F31D
:106F00005523B1F3951B550BBB27AA2762177307AF
:106F1000840738F09F5F5F4F220F331F441FAA1F63
:106F2000A9F333D00E2E3AF0E0E830D09150504023
:106F3000E695001CCAF729D0FE2F27D0660F771FD1
:106F4000881FBB1F261737074807AB07B0E809F0B3
:106F5000BB0B802DBF01FF2793585F4F2AF09E3F48
:106F6000510568F08DC010C15F3FECF3983EDCF333
:106F7000869577956795B795F7959F5FC9F7880FC1
:106F8000911D9695879597F90895E1E0660F771F13
:106F9000881FBB1F621773078407BA0720F0621BA4
:106FA000730B840BBA0BEE1F88F7E0950895D1D0D0
:106FB00088F09F5790F0B92F9927B751A0F0D1F0E2
:106FC000660F771F881F991F1AF0BA95C9F712C06C
:106FD000B13081F0D8D0B1E00895D5C0672F782FB7
:106FE0008827B85F39F0B93FCCF3869577956795D8
:106FF000B395D9F73EF490958095709561957F4F44
:107000008F4F9F4F0895E89409C097FB3EF49095E9
:107010008095709561957F4F8F4F9F4F9923A9F071
:10702000F92F96E9BB279395F69587957795679500
:10703000B795F111F8CFFAF4BB0F11F460FF1BC044
:107040006F5F7F4F8F4F9F4F16C0882311F096E9D7
:1070500011C0772321F09EE8872F762F05C0662385
:1070600071F096E8862F70E060E02AF09A95660F3E
:10707000771F881FDAF7880F9695879597F90895F7
:1070800097F99F6780E870E060E008959FEF80ECDB
:10709000089500240A94161617061806090608957E
:1070A00000240A9412161306140605060895EECF5E
:1070B00050D0E8F3E894E0E0BB279F57F0F02AEDCA
:1070C0003FE049EC06C0EE0FBB0F661F771F881F1D
:1070D00028F0B23A62077307840728F0B25A620BAD
:1070E000730B840BE3959A9572F7803830F49A9578
:1070F000BB0F661F771F881FD2F79048B6C0092EB6
:107100000394000C11F4882352F0BB0F40F4BF2B02
:1071100011F460FF04C06F5F7F4F8F4F9F4F089542
:10712000EF93E0FF06C0A2EA2AED3FE049EC5FEBF7
:1071300080DEE5DF0F90039401FC9058ECE8F0E06E
:10714000A0C057FD9058440F551F59F05F3F71F094
:107150004795880F97FB991F61F09F3F79F08795BE
:107160000895121613061406551FF2CF4695F1DF47
:1071700008C0161617061806991FF1CF86957105D7
:10718000610508940895E894BB2766277727CB010B
:1071900097F908950BD0B3CF7CDF28F081DF18F08A
:1071A000952309F06DCF72CF1124EECFCADFA0F383
:1071B000959FD1F3950F50E0551F629FF001729F8C
:1071C000BB27F00DB11D639FAA27F00DB11DAA1FAB
:1071D000649F6627B00DA11D661F829F2227B00DF8
:1071E000A11D621F739FB00DA11D621F839FA00D83
:1071F000611D221F749F3327A00D611D231F849FD3
:10720000600D211D822F762F6A2F11249F57504029
:107210008AF0E1F088234AF0EE0FFF1FBB1F661FC4
:10722000771F881F91505040A9F79E3F510570F07D
:1072300027CFAACF5F3FECF3983EDCF38695779596
:107240006795B795F795E7959F5FC1F7FE2B880F78
:10725000911D9695879597F908959F9329DF0F9033
:1072600007FCEE5F5DCF9F3F31F0915020F4879592
:1072700077956795B795880F911D9695879597F99E
:1072800008959F938F937F936F93FF93EF939B0149
:10729000AC0180DFEF91FF9105D02F913F914F918D
:1072A0005F9178CFDF93CF931F930F93FF92EF926D
:1072B000DF927B018C01689405C0DA2EEF0176DF46
:1072C000FE01E894A5912591359145915591AEF334
:1072D000EF01AFDDFE019701A801DA9479F7DF90A5
:1072E000EF90FF900F911F91CF91DF9108958093C0
:1072F0000601979896E395BB9698969A8130D1F1BE
:1073000098F18230D9F08330B1F4979A88E285BB46
:107310009698969A809106018230C8F08FED91E0A0
:1073200090930301809302018FE391E09093050114
:1073300080930401089582E080930601979A8BE27E
:1073400085BB9698969A80910601823038F78FE334
:1073500091E090930301809302018FED91E090936F
:107360000501809304010895979A8AE085BB969859
:10737000969AD0CF979A89E085BB9698969ACACF6D
:107380001F93CF93DF93182FE0E0F1E0108211827A
:1073900086838FEF84BB8ABB85BB8BBB8E9A8C9A0E
:1073A000E4E6F0E08081816080838F9A8D9A80810D
:1073B00082608083959AC5E6D0E088818D7F88833E
:1073C00094988881816088838FE39CE90197F1F725
:1073D00000C0000088818E7F88839FEF20E782E0D5
:1073E000915020408040E1F700C00000888181601A
:1073F00088839FEF2BED85E0915020408040E1F79E
:1074000000C0000081E1D9D09FEF2BED85E09150C5
:1074100020408040E1F700C0000080EDCED087E042
:10742000D1D082E4C6D088E1C4D081EDC6D080E05E
:10743000C9D087E0BED080E1BCD082EDBED081E073
:10744000C1D082E0B6D080ECB8D080E1BBD08BE375
:10745000B0D080E0AED082E0ACD081E1AAD085ECA3
:10746000ACD080E0AFD088ECA8D080E0ABD082E395
:10747000A0D086E39ED086E09CD086E09AD080E0C3
:1074800098D087E396D085E794D087E792D084E5BB
:1074900090D08CE08ED080E08CD0812F28DF8AE3E2
:1074A0008CD085E58FD089E288D09FEF2BED85E0E9
:1074B000915020408040E1F700C0000080E0B9D446
:1074C0009FEF22E587E0915020408040E1F700C027
:1074D0000000888182608883949ADF91CF911F9108
:1074E00008959498979823E325BB9698969A979A2F
:1074F00095BB9698969A85BB9698969A75BB9698E2
:10750000969A65BB9698969A55BB9698969A45BB5F
:107510009698969A949A08959498979827E325BBFD
:107520009698969A979A95BB9698969A85BB9698B0
:10753000969A949A08959498E5E6F0E080818D7F7C
:10754000808388E23AD02FEF89EF90E0215080408D
:107550009040E1F700C0000080E12BD02FEF8BEDD1
:1075600095E0215080409040E1F700C00000949ADF
:107570000895949881E121D02FEF8BED95E0215073
:1075800080409040E1F700C0000089E212D02FEF68
:1075900089EF90E0215080409040E1F700C000006A
:1075A0008CE207D0E5E6F0E0808182608083949AE7
:1075B000089585BB9698969A0895979885BB969856
:1075C000969A0895979A85BB9698969A0895949856
:1075D0000895949A089597982AE225BB9698969ACA
:1075E000979A95BB9698969A85BB9698969A95BBCE
:1075F0009698969A85BB9698969A97988BE285BBB3
:107600009698969A979A75BB9698969A65BB96980F
:10761000969A75BB9698969A65BB9698969A9798FF
:107620008CE285BB9698969A979A50E0FA01EE0FF5
:10763000FF1FE85FFE4F80818BBB440F551FFA018F
:10764000E050FF4F878185BB9698969A08950F93D7
:107650001F939798EAE2E5BB9698969A979A95BBFE
:107660009698969A85BB9698969A55BB9698969AB0
:1076700045BB9698969A97989BE295BB9698969A52
:10768000979A75BB9698969A65BB9698969A35BBCD
:107690009698969A25BB9698969A97989CE295BB51
:1076A0009698969A979A10E0F801EE0FFF1FE85F00
:1076B000FE4F90819BBB000F111FF801E050FF4F60
:1076C000978195BB481B2F5F3F4F261B370B429F6F
:1076D000200D11249698969A2150E1F71F910F9151
:1076E0000895EF920F939798EAE2E5BB9698969AE1
:1076F000979A95BB9698969A85BB9698969A55BBFD
:107700009698969A45BB9698969A97989BE295BBC1
:107710009698969A979A75BB9698969A65BB9698FE
:10772000969A35BB9698969A25BB9698969A97986E
:107730009CE295BB9698969A979A0BBBE5BA481B24
:107740002F5F3F4F261B370B429F200D1124969829
:10775000969A2150E1F70F91EF9008950F931F93A0
:10776000D90197982AE225BB9698969A979A95BB45
:107770009698969A85BB9698969A55BB9698969A9F
:1077800045BB9698969A97982BE225BB9698969A21
:10779000979A75BB9698969A65BB9698969AB5BB3C
:1077A0009698969AA5BB9698969A97982CE225BBA0
:1077B0009698969A979A10E0F801EE0FFF1FE85FEF
:1077C000FE4F20812BBB000F111FF801E050FF4F2F
:1077D000278125BB4F5F5F4F9A01281B390B1196FC
:1077E000A61BB70B0E94A8738B019C0144E0369541
:1077F0002795179507954A95D1F76F7001151105D3
:1078000041F19698969A9698969A9698969A9698FE
:10781000969A9698969A9698969A9698969A9698F0
:10782000969A9698969A9698969A9698969A9698E0
:10783000969A9698969A9698969A9698969A9698D0
:10784000969A01501109E9F6662329F09698969ABE
:1078500061506111FBCF1F910F910895EF920F932B
:107860001F93D90197982AE225BB9698969A979AE2
:1078700095BB9698969A85BB9698969A55BB96987E
:10788000969A45BB9698969A97982BE225BB969820
:10789000969A979A75BB9698969A65BB9698969A7B
:1078A000B5BB9698969AA5BB9698969A97982CE20F
:1078B00025BB9698969A979A0BBBE5BA4F5F5F4F98
:1078C0009A01281B390B1196A61BB70B0E94A873AF
:1078D0008B019C0184E036952795179507958A952D
:1078E000D1F76F700115110541F19698969A969807
:1078F000969A9698969A9698969A9698969A969810
:10790000969A9698969A9698969A9698969A9698FF
:10791000969A9698969A9698969A9698969A9698EF
:10792000969A9698969A9698969A01501109E9F621
:10793000662329F09698969A61506111FBCF1F91AA
:107940000F91EF9008952F923F924F925F926F9216
:107950007F928F929F92AF92BF92CF92DF92EF92DF
:10796000FF920F931F93CF93DF93CDB7DEB762974C
:107970000FB6F894DEBF0FBECDBF49832A83D7016F
:10798000882309F4B0C1862F90E09C01220F331F99
:10799000820F931F880F991FFC01E859FD4B6491DA
:1079A000FC01E759FD4B5491FC01E659FD4B349124
:1079B000FC01E559FD4B4491FC01E459FD4B249138
:1079C000FC01E359FD4BE491862F90E09F838E8369
:1079D000642F70E07D836C83861B970B9695982FA0
:1079E0008827979587959A8B898B852F90E0998723
:1079F0008887422E512C84199509AC015695542F35
:107A00004427579547955E874D87632F70E07B87A6
:107A10006A872E2E312CCB01821993099C01369551
:107A2000322F222737952795388B2F87398133239B
:107A3000F1F0409106014B83413009F48BC108F409
:107A4000A1C1423009F493C1433009F078C1E090FC
:107A50000401F090050147018A189B08EA1AFB0A05
:107A600080E045DC56016701D801840101C01B821A
:107A700035015FEF651A750A6A1A7B0A76016FEFA6
:107A8000E61AF60AE01AF10A97988AE285BB9698F8
:107A9000969A979A15BB9698969A05BB9698969A39
:107AA000D5BA9698969AC5BA9698969A97988BE270
:107AB00085BB9698969A979AB5BB9698969AA5BBC9
:107AC0009698969AB5BA9698969AA5BA9698969ACE
:107AD00097988CE285BB9698969A979A7A8172309D
:107AE00008F4D3C0262D21702C87430196948794E7
:107AF00089899A89B4010E9473735B018D859E8583
:107B0000B4010E9473737E876D878F859889B40155
:107B10000E9473733A81DD24D394323009F4CEC0CD
:107B20004E815F815695542F442757954795288558
:107B300039853695322F222737952795EA85FB859B
:107B4000F695FE2FEE27F795E79500E0D701B29561
:107B5000A295AF70AB27BF70AB271E2D1F70CC2432
:107B6000C3945C841B01CA0188279C77880F892FE6
:107B7000881F990B7901EE2460E7F6229F2D9595D9
:107B8000959595959595892B8BBBCF0188279C77EB
:107B9000F92EF594F594C90188279E7095958795DF
:107BA0009595879595958795959587958F2985BB0B
:107BB000109719F1CD019698969A9698969A96985C
:107BC000969A9698969A9698969A9698969A96983D
:107BD000969A9698969A9698969A9698969A96982D
:107BE000969A9698969A9698969A9698969A96981D
:107BF000969A9698969A0197F1F6112329F0812F7B
:107C00009698969A8150E1F771E0671A7108DD2025
:107C100019F068147904A1F1002349F14A0D5B1DA4
:107C20008D859E85280F391FE20DF31D01E061143B
:107C3000710409F098CF7981711167C062960FB60F
:107C4000F894DEBF0FBECDBFDF91CF911F910F9192
:107C5000FF90EF90DF90CF90BF90AF909F908F906C
:107C60007F906F905F904F903F902F9008954A19AA
:107C70005B096D857E85261B370BE219F309D7CF8B
:107C80000C255110C9CFD12CD2CF89899A89B30143
:107C90000E9473735B018D859E85B3010E9473738F
:107CA0007E876D878F859889B3010E9473738A815F
:107CB000811185C01C86D12C812C912C4C815D8139
:107CC0005695542F44275795479592013695322F54
:107CD000222737952795F101F695FE2FEE27F79588
:107CE000E79501E033CF862F90E0FC01EE0FFF1FF8
:107CF000E80FF91FEE0FFF1FE050FF4F6789508D0F
:107D0000318D428D238DE48D5FCE8B8162960FB6CF
:107D1000F894DEBF0FBECDBFDF91CF911F910F91C1
:107D2000FF90EF90DF90CF90BF90AF909F908F909B
:107D30007F906F905F904F903F902F90D8CA9C2D6E
:107D40008D2D6501A92EB82E902F812F8D01A92F81
:107D5000B82F8ECE809100018130E1F045013D01C8
:107D600083E0C5DA56016401D801830181CEE09039
:107D70000401F090050147018A189B08EA1AFB0AE2
:107D800081E06FCE80910001813071F045013D01AD
:107D900082E0E7CF809004019090050134016A18D9
:107DA0007B088A1A9B0ADCCF809004019090050121
:107DB00034016A187B088A1A9B0A82E0D2CF812C90
:107DC000912CD12C1C86ACCE30E0F901EE0FFF1FB8
:107DD000E85FFE4F887F962F929596959770892B36
:107DE0008083220F331FF901E050FF4F6C71660F43
:107DF000660F660F469546954695642B67830895F2
:107E0000CF92DF92EF920F93D12CF601EE0FFF1F6E
:107E1000EC0DFD1DEE0FFF1FE050FF4F878B608FB5
:107E2000418F228F038FE48E0F91EF90DF90CF90E0
:107E300008950F939498E0E0F1E024813581428128
:107E40005381082F60E070E080E090E087DC949A36
:107E50000F910895AF92BF92CF92DF92EF92FF926F
:107E60000F931F939498E0E0F1E0A480B580C28066
:107E7000D380E12CF12C00E010E065DD949A1F9195
:107E80000F91FF90EF90DF90CF90BF90AF9008954B
:107E9000AF92BF92CF92DF92EF92FF920F931F9318
:107EA0009E2DAC2DBA2D2115310511F0215031092F
:107EB0000115110511F0015011096901C60ED71EF7
:107EC000E0910201F0910301EC15FD0550F058011D
:107ED000A40EB51EE0910401F0910501EA15FB0521
:107EE00048F41F910F91FF90EF90DF90CF90BF90DB
:107EF000AF90089594987A018B012B2F4A2F692F08
:107F000022DD949AEECF9F92AF92BF92CF92DF92F2
:107F1000EF92FF920F931F93CF93DF93182F962E1C
:107F2000E0900201F09003018FEFE81AF80AC09088
:107F30000401D09005019FEFC91AD90A809106016A
:107F400040E050E0823008F469C0B70180E090E082
:107F5000C8DA80910101811151C080910601C0E011
:107F6000D0E08230D0F1092D960141E050E060E090
:107F700070E0111118C0CE0101970E94F049CE01A6
:107F8000CBDA8FE99FE00197F1F700C0000021965E
:107F9000EC16FD06A8F1092D960141E050E060E0E5
:107FA00070E0112341F35701AC1ABD0AC5010E94CC
:107FB000F049C501B1DAE5CFBE0180E090E00E9452
:107FC000F049CE01A9DA8FE99FE00197F1F700C0EF
:107FD00000002196CC16DD0698F0092D21E030E056
:107FE000A701112349F35601AC1ABD0AB50180E07F
:107FF00090E00E94F049C5018FDAE5CF813099F019
:1080000080E090E0DF91CF911F910F91FF90EF9072
:10801000DF90CF90BF90AF909F907ECAB60180E076
:1080200090E05FDA96CF80910601811127C0C0E011
:10803000D0E013C0BE016150710980E090E00E9461
:10804000F049CE0169DA8FE99FE00197F1F700C0AE
:1080500000002196CC16DD0698F2092D21E030E0D3
:10806000A701112339F35601AC1ABD0AB50180E00E
:1080700090E00E94F049C5014FDAE5CF813009F464
:108080004FC0823039F1833009F0BACFC0E0D0E080
:1080900010C0CE010E94F049CE013EDA8FE99FE088
:1080A0000197F1F700C000002196EC16FD0608F4D8
:1080B000A7CF092D960141E050E060E070E0112368
:1080C00041F35701AC1ABD0AC5010E94F049C50130
:1080D00023DAE4CF5701C0E0D0E014C0CE0101970D
:1080E0000E94F049C50118DA8FE99FE00197F1F786
:1080F00000C00000219691E0A91AB108EC16FD0617
:1081000008F47ECF092D960141E050E060E070E078
:10811000112321F3C5010E94F049CE01FDD9E4CF1E
:108120005601C0E0D0E017C0BE016150710980E087
:1081300090E00E94F049C501EFD98FE99FE00197D7
:10814000F1F700C00000219691E0A91AB108CC1601
:10815000DD0608F455CF092D21E030E0A7011123F9
:1081600019F3B50180E090E00E94F049CE01D4D926
:10817000E4CF2F923F924F925F926F927F928F92B5
:108180009F92AF92BF92CF92DF92EF92FF920F93A6
:108190001F93CF93DF9300D000D0CDB7DEB7A0916F
:1081A0000201B09103014D018A179B0708F44C01AD
:1081B000BA83A9834A175B0710F45A834983E09175
:1081C0000401F0910501CF016E177F0708F4CB0180
:1081D0002E173F0708F4F90129803A80821493048E
:1081E00008F0D2C0281839083C822B82EE24E39490
:1081F000F12C8E179F0708F0C0C0BF01681B790BD8
:10820000CC24C394D12C10E09801220F331F285F97
:108210003E4FD901AC90000F111F00501F4FD801E5
:108220001796BC9094982B803C80232809F059C065
:1082300009811A810815190528F4382D292D4801BE
:1082400039832A83E817F90708F42AC197982AE2A4
:1082500025BB9698969A979A95BA9698969A85BAC3
:108260009698969A1A8115BB9698969A298125BB5D
:108270009698969A97982BE225BB9698969A979AF5
:1082800095BB9698969A85BB9698969AF5BB9698C4
:10829000969AE5BB9698969A97988CE285BB9698A5
:1082A000969A979AABBAB5BA9698969A6150710910
:1082B000D8F7949A0F900F900F900F90DF91CF9175
:1082C0001F910F91FF90EF90DF90CF90BF90AF90F4
:1082D0009F908F907F906F905F904F903F902F90E6
:1082E00008956115710509F05AC049815A814815F0
:1082F000590528F4382D292D4A0139832A83E81796
:10830000F90708F4D3C097982AE225BB9698969A65
:10831000979A95BA9698969A85BA9698969A5A8107
:1083200055BB9698969AA981A5BB9698969A9798C8
:108330002BE225BB9698969A979A95BB9698969A13
:1083400085BB9698969AF5BB9698969AE5BB9698B3
:10835000969A97988CE285BB9698969A979AABBA1C
:10836000B5BA9698969A0B811C81015011091C830D
:108370000B830F3F1F4FA9F79CCFBC016E1B7F0BD8
:10838000CC24CA94DC2C3FCF940149815A81241B10
:10839000350B3C832B83EE24EA94FE2C2ACFA401D8
:1083A0009C018B819C816817790709F485C0AB819A
:1083B000BC81A617B70708F0D2C0DB01B695A79518
:1083C000B195A195B1097C2C88248A94820EC901AB
:1083D0008A01912C312C0F2EFAE26F2EF02D0F2EE8
:1083E000FBE25F2EF02D0F2EFCE24F2EF02D311010
:1083F0001CC02E173F07C9F091105CCF99249394AD
:108400002E173F0709F0912C2C0D3D1D2B803C8031
:10841000A20DB31DB7FDA0C04E0D5F1DA61BB70B6F
:1084200033243394870C332021F3979865BA9698B8
:10843000969A979A15BB9698969A05BB9698969A8F
:1084400015BB9698969A05BB9698969A979855BAA2
:108450009698969A979A821793070CF064C095BBEA
:108460009698969A85BB9698969A8901015011091B
:1084700015BB9698969A85BA9698969A979845BA03
:108480009698969A979A1901281A390AC101ABBA97
:10849000B5BA9698969A0197E1F7C9018A01ACCFCF
:1084A000382F292FCF01E32FF22FD0CE382F292FAD
:1084B000CF01E32FF22F27CF6AE29BE28CE204C0C8
:1084C0004E0D5F1D2C0D3D1D979865BB9698969A95
:1084D000979A55BB9698969A45BB9698969A55BB8F
:1084E0009698969A45BB9698969A979895BB969823
:1084F000969A979A35BB9698969A25BB9698969A8F
:1085000035BB9698969A25BB9698969A979885BB70
:108510009698969A979AABBAB5BA9698969AE217A1
:10852000F30771F6C6CE89010F5F1F4F15BB9698F2
:10853000969A12E0180D15BB9698969A95BB969848
:10854000969A85BB9698969A979845BA9698969AD1
:10855000979A821B930B9BCF312C870C64CFEB81B6
:10856000FC81F695E795F195E195F1097E2C88243B
:108570008A94840E2901CA01912C10E0AAE26A2E85
:10858000BBE23B2E0CE2202E11111FC009811A8183
:1085900004171507D1F091108DCE99249394098179
:1085A0001A814017510709F0912C4E0D5F1DE60FFF
:1085B000F71FF7FD6EC02C0D3D1DAB81BC81EA1B82
:1085C000FB0B11E0870C112309F3979865BA969875
:1085D000969A979A8417950794F595BB9698969ACC
:1085E00085BB9698969A8A010150110915BB9698F9
:1085F000969A85BA9698969A979835BA9698969A32
:10860000979A55BA9698969A45BA9698969A55BA60
:108610009698969A45BA9698969A979825BA969863
:10862000969A979ADA01A81BB90BCD01ABBAB5BAE5
:108630009698969A0197E1F72901CA01ACCF8A0171
:108640000F5F1F4F15BB9698969A12E0180D15BB39
:108650009698969A95BB9698969A85BB9698969A70
:10866000979835BA9698969A979A55BA9698969AF0
:1086700045BA9698969A55BA9698969A45BA969803
:10868000969A979825BA9698969A979A841B950BDE
:10869000CDCF10E0870C97CF2F923F924F925F92F1
:1086A0006F927F928F929F92AF92BF92CF92DF9202
:1086B000EF92FF920F931F93CF93DF9300D000D0E0
:1086C000CDB7DEB7E0910201F0910301FA83E983AF
:1086D0005F018E179F0708F45C0189819A81481712
:1086E000590710F45A834983E0910401F091050180
:1086F000AF016E177F0708F4AB01FC83EB832E17E5
:108700003F0710F43C832B83E981FA81AE16BF0644
:1087100008F0EBC0DF01AA19BB09EE24E394F12CA9
:108720008B819C814817590708F0D6C09C01241BF7
:10873000350BCC24C394D12C10E0C801880F991FAD
:10874000885F9E4FFC018080000F111F00501F4F5B
:10875000F80197809498109709F069C009811A81EF
:108760000A151B0528F49A2D8B2D580199838A83AD
:108770008B819C818417950708F446C197988AE2FB
:1087800085BB9698969A979AB5BA9698969AA5BAEE
:108790009698969A89819A81019695BB9698969A11
:1087A00099819F5F95BB9698969A97988BE285BB27
:1087B0009698969A979A55BB9698969A45BB96988E
:1087C000969A8B819C81019695BB9698969AEB819F
:1087D000EF5FE5BB9698969A97988CE285BB969842
:1087E000969A979A8BBA95BA9698969A9698969AD8
:1087F0009698969A9698969A21503109A8F7949A45
:108800000F900F900F900F90DF91CF911F910F91CC
:10881000FF90EF90DF90CF90BF90AF909F908F90A0
:108820007F906F905F904F903F902F90089521150B
:10883000310509F063C0E981FA81EA15FB0528F4E6
:108840009A2D8B2D5F0199838A830B811C810417DC
:10885000150708F4E0C097988AE285BB9698969A27
:10886000979AB5BA9698969AA5BA9698969A898143
:108870009A81019695BB9698969A99819F5F95BB30
:108880009698969A97988BE285BB9698969A979A1F
:1088900055BB9698969A45BB9698969A8B819C81E3
:1088A000019695BB9698969AEB81EF5FE5BB9698FB
:1088B000969A97988CE285BB9698969A979A8BBAD7
:1088C00095BA9698969A9698969A9698969A969811
:1088D000969A1197B0F793CF9A01EB81FC812E1BEA
:1088E0003F0BCC24CA94DC2C27CFD50129813A81B7
:1088F000A21BB30BEE24EA94FE2C12CFB5012A176B
:108900003B0709F48EC0A217B30708F0F7C0F901BE
:10891000F695E795882799278E1B9F0B9A83898365
:108920005C2C66246394640ECA01712C10E0EAE2A8
:108930004E2EFBE23F2E0CE2202E111123C0EB81C4
:10894000FC814E175F07F1F071105ACF77247394B2
:10895000EB81FC814E175F0709F0712C4C0D5D1DFA
:1089600009811A810A0F1B1F1A83098317FDC3C0CF
:108970006E0D7F1D021B130B1A83098311E0650C1A
:108980001123E9F2979845BA9698969A979AB5BAAC
:108990009698969AA5BA9698969A85010F5F1F4F5A
:1089A00015BB9698969AA394A5BA9698969A979876
:1089B00035BA9698969A979A841795070CF07FC0C7
:1089C00095BB9698969A85BB9698969A55BB96981D
:1089D000969A45BB9698969A979825BA9698969A9D
:1089E000979A8A01081B190BC8018BBA95BA9698F9
:1089F000969A9698969A9698969A9698969A019795
:108A0000B1F7CA015B01A0CF942F852F4B815C8108
:108A10009B838C83B3CE942F852FA8019B838C835B
:108A20001ACF1E2D91E09A0DEC2D81E0840FFAE211
:108A3000BBE2ACE204C06E0D7F1D4C0D5D1D97982E
:108A4000F5BB9698969A979A75BB9698969A65BB39
:108A50009698969A9B012F5F3F4F35BB9698969AB2
:108A600095BB9698969A9798B5BB9698969A979A2A
:108A700055BB9698969A45BB9698969A9A012F5F01
:108A80003F4F35BB9698969A85BB9698969A97983D
:108A9000A5BB9698969A979A8BBA95BA9698969AF5
:108AA0009698969A9698969A9698969A910F8E0F6F
:108AB0002B813C812417350709F0BDCFA0CE8A0158
:108AC0000F5F1F4F15BB9698969A65BA9698969A1F
:108AD0008C010F5F1F4F15BB9698969A11E0180FE7
:108AE00015BB9698969A979825BA9698969A979ABB
:108AF000841B950B7ACF10E0650C42CFFD01F695F3
:108B0000E795F195E195F1095E2C662463946A0C72
:108B10005A01CB01712C10E00AE2402E0BE2302EFC
:108B20000CE2202E11111DC009811A8106171707AA
:108B3000C1F0711065CE7724739409811A81601792
:108B4000710709F0712C6E0D7F1DE20FF31FF7FD09
:108B50007CC04C0D5D1DEA1BFB0B11E0650C112365
:108B600019F3979845BA9698969A979A8617970701
:108B7000DCF595BB9698969A85BB9698969A75BBA8
:108B80009698969A65BB9698969A979835BA9698BD
:108B9000969A979AB5BA9698969AA5BA9698969AEA
:108BA00085010F5F1F4F15BB9698969AA394A5BA9F
:108BB0009698969A979825BA9698969A979A8B012E
:108BC000081B190BC801870D911D8BBA95BA969891
:108BD000969A9698969A9698969A9698969A0197B3
:108BE000B1F75A01CB01A5CF8B010F5F1F4F15BB0A
:108BF0009698969A65BA9698969A8C010F5F1F4F31
:108C000015BB9698969A11E0180F15BB9698969AF0
:108C1000979835BA9698969A979AB5BA9698969ADA
:108C2000A5BA9698969A85010F5F1F4F15BB969827
:108C3000969AA394A5BA9698969A979825BA9698D4
:108C4000969A979A861B970BC0CF10E0650C87CF3A
:108C50002F923F924F925F926F927F928F929F924C
:108C6000AF92BF92CF92DF92EF92FF920F931F933A
:108C7000CF93DF9300D000D000D0CDB7DEB7C09047
:108C80000201D090030146018C159D0508F44C01AA
:108C90004C155D0508F46A01E0910401F0910501AD
:108CA000AF016E177F0708F4AB012E173F0708F4DA
:108CB000F9018C149D0408F0F7C0960128193909B0
:108CC0003E832D8381E090E09A8389834E175F076E
:108CD00008F0E3C09F01241B350BEE24E394F12C34
:108CE00010E0C801880F991F885F9E4FDC01BC907F
:108CF000000F111F00501F4FD8011796AC90949889
:108D00008D819E81892B09F06EC0C814D90428F486
:108D1000982D892D4601C92ED82EE417F50708F4A1
:108D200067C197988AE285BB9698969A979A95BA62
:108D30009698969A85BA9698969AC601029695BB89
:108D40009698969AC394C394C5BA9698969A97980B
:108D50008BE285BB9698969A979A55BB9698969A69
:108D600045BB9698969ACF01029695BB9698969A8F
:108D7000EE5FE5BB9698969A97988CE285BB96989D
:108D8000969A979ABBBAA5BA9698969A9698969AF2
:108D90009698969A9698969A9698969A9698969A5B
:108DA0009698969A9698969A9698969A21503109FE
:108DB00058F7949A26960FB6F894DEBF0FBECDBF33
:108DC000DF91CF911F910F91FF90EF90DF90CF90A7
:108DD000BF90AF909F908F907F906F905F904F90DB
:108DE0003F902F9008952115310509F067C0C814F0
:108DF000D90428F4982D892D4601C92ED82EE417C0
:108E0000F50708F4FBC097988AE285BB9698969A76
:108E1000979A95BA9698969A85BA9698969AC60110
:108E2000029695BB9698969AC394C394C5BA9698A1
:108E3000969A97988BE285BB9698969A979A55BB87
:108E40009698969A45BB9698969ACF01029695BBAE
:108E50009698969AEE5FE5BB9698969A97988CE2CC
:108E600085BB9698969A979ABBBAA5BAAD81BE81F2
:108E70009698969A9698969A9698969A9698969A7A
:108E80009698969A9698969A9698969A9698969A6A
:108E90009698969A119760F78CCF9A012E1B3F0BEC
:108EA000EE24EA94FE2C1CCFD401AC19BD09BE837C
:108EB000AD832FEF3FEF3A83298308CFB4018D8133
:108EC0009E812817390709F49FC08D819E818217E2
:108ED000930708F020C18901169507951195019512
:108EE00011092A019FEF491A590A3E2C88248394BC
:108EF000840ECA013B01912CD12CBAE22B2E3C836B
:108F00002B83AD81BE811EC04E175F07E9F0911023
:108F100051CF992493944E175F0709F0912C4E0D71
:108F20005F1D0A0F1B1F17FDF4C029813A81620FD4
:108F3000731F2B813C81021B130BDD24D3944E0C39
:108F40005F1C830CDD2001F3979825BA9698969ABA
:108F5000979A75BA9698969A65BA9698969A630172
:108F6000841795070CF0A8C022E0C20ED11CD5BA18
:108F70009698969A6394639465BA9698969A9798F9
:108F80003BE235BB9698969A979A95BB9698969A97
:108F900085BB9698969A55BA9698969A85BA969859
:108FA000969A97982CE225BB9698969A979A9A014A
:108FB000281B390BC901BBBAA5BA2B813C819698F5
:108FC000969A9698969A9698969A9698969A969829
:108FD000969A9698969A9698969A9698969A969819
:108FE000969A019761F73C832B83CA013B018FCF8F
:108FF000942F852FAF01E92FF82F93CE942F852F33
:10900000AF01E92FF82FFFCED98092E0980D0E2DF9
:1090100082E0840F1AE2BBE2ACE206C029813A8109
:10902000620F731F4E0D5F1D979815BB9698969A09
:10903000979A75BB9698969A65BB9698969A9B0157
:109040002E5F3F4F35BB9698969A95BB9698969A09
:109050009798B5BB9698969A979A55BB9698969A74
:1090600045BB9698969A9A012E5F3F4F35BB9698CE
:10907000969A85BB9698969A9798A5BB9698969A35
:10908000979ABBBAA5BA9698969A9698969A9698F1
:10909000969A9698969A9698969A9698969A969858
:1090A000969A9698969A9698969A9D0D800FE417A0
:1090B000F50709F0B3CF7DCE32E0C30ED11CD5BA8F
:1090C0009698969A6394639465BA9698969A9798A8
:1090D0002BE225BB9698969A979A55BA9698969AA7
:1090E00085BA9698969A6C0132E0C30ED11CD5BA17
:1090F0009698969A22E0D22ED80ED5BA9698969A3D
:1091000097982CE225BB9698969A979A841B950B74
:1091100052CFD12C14CFED81FE81F695E795F195D4
:10912000E195F10924018FEF481A580A398001E0CE
:10913000080D3A0110E080E09AE2292E8B83AD8180
:10914000BE811DC0C616D706E9F0111133CE11E05D
:109150006C157D0509F010E089819A81680F791FEF
:10916000E20FF31FF7FD8FC04E0D5F1DEA1BFB0BD7
:1091700091E09B8389819A81480E591E030D9B8142
:10918000992301F3979825BA9698969A979A8616F6
:1091900097060CF049C095BA9698969A85BA969813
:1091A000969A55BA9698969A05BB9698969A9798D5
:1091B0008BE285BB9698969A979A75BA9698969AE6
:1091C00065BA9698969AC301029695BB9698969A18
:1091D0006394639465BA9698969A97989CE295BB27
:1091E0009698969A979ACB01881999094C01810E05
:1091F000911CBBBAA5BA9698969A9698969A969804
:10920000969A9698969A9698969A9698969A9698E6
:10921000969A9698969A9698969A91E0891A9108B5
:1092200051F73A014B0191CF55BA9698969A05BBE2
:109230009698969AC401029695BB9698969A82E063
:10924000880D85BB9698969A97989BE295BB9698C1
:10925000969A979A75BA9698969A65BA9698969AA3
:10926000C301029695BB9698969A6394639465BAE7
:109270009698969A97988CE285BB9698969A979A24
:10928000861A970AB6CF1B8275CF4F925F926F9264
:109290007F928F929F92AF92BF92CF92DF92EF9286
:1092A0000F931F93CF93DF936C015B01E22F102F7D
:1092B00027E733E0DA010E94B773DC01CB012AE033
:1092C000B595A795979587952A95D1F74A019594D5
:1092D0008794E13009F466C008F458C0E230A1F187
:1092E000E33011F52601481859084501881A990AF2
:1092F0003501680E791EE201C40ED51EEE2091F1F3
:1093000031E0012F3E1508F05BC09401A201B501C8
:10931000C6019EDC9301AE01B401C20199DC950146
:10932000A601B301CE0194DCDF91CF911F910F9183
:10933000EF90DF90CF90BF90AF909F908F907F90F5
:109340006F905F904F90089524014C0C5D1C450177
:10935000881A990A3501680E791EE201C41AD50AE5
:10936000E110CECF012F9401A201B501C6010E94E8
:10937000B9409301AE01B401C2010E94B940950108
:10938000A601B301CE010E94B940CECF2601481AF2
:10939000590A8A0C9B1CE601C80FD91F3401A41A74
:1093A000B50AACCF2601481A590A9501281939097E
:1093B0004901E601C80FD91F3901A40EB51E9ECF81
:1093C0009401A201B501C60167D99301AE01B401B0
:1093D000C20162D99501A601B301CE015DD9A4CF26
:1093E0000F934115510511F04150510921153105D7
:1093F00011F021503109480F591FE0910201F091FD
:109400000301E417F50760F0260F371FE091040110
:10941000F0910501E217F30730F482E00F9108950F
:1094200081E00F91089594980E94AE3B949A80E059
:109430000F9108952F923F924F925F926F927F9279
:109440008F929F92AF92BF92CF92DF92EF92FF9254
:109450000F931F93CF93DF9323303105A0F483E064
:10946000DF91CF911F910F91FF90EF90DF90CF9000
:10947000BF90AF909F908F907F906F905F904F9034
:109480003F902F900895F701EE0FFF1FE217F307AB
:1094900030F70330110510F484E0E2CFE017F10754
:1094A000D8F72B0191E0491A5108E901C40DD51DE7
:1094B00020910201309103012C173D0778F04A01F9
:1094C00091E0891A9108800E911E2091040130913B
:1094D00005012815390520F482E0C2CF81E0C0CF14
:1094E000BC2CFA011B01182F6701C40ED51E3401D4
:1094F0006E187F089498823028F0823039F1949A5F
:1095000080E0AECF0A2D960121503109AE01BF0196
:10951000C1010E94AE3B9401AE01B3016F5F7F4F6A
:10952000C1010E94AE3BA701440D551D9301B60138
:10953000C1010E94AE3B9301AE01B601CE018E196E
:109540009F0901960E94AE3B1111D9CFAE014E1971
:109550005F090B2D9301B601C701820D931D0E9477
:10956000AE3BCDCF2F923F924F925F926F927F9200
:109570008F929F92AF92BF92CF92DF92EF92FF9223
:109580000F931F93CF93DF93CDB7DEB72C970FB612
:10959000F894DEBF0FBECDBF6C011B015A83498317
:1095A0004230510508F440C0460151E0851A910847
:1095B00049805A80480C591C809102019091030106
:1095C00084159505B8F089819A81C816D90690F05E
:1095D000F1013197FE83ED83CF0149815A81840FD8
:1095E000951F40910401509105014817590708F54E
:1095F00082E001C081E02C960FB6F894DEBF0FBE6A
:10960000CDBFDF91CF911F910F91FF90EF90DF9031
:10961000CF90BF90AF909F908F907F906F905F9012
:109620004F903F902F90089542E050E05A83498335
:10963000BBCF89819A8128163906D0F281E090E06B
:109640003C01E981FA816E1A7F0A30E0F901EE0FE0
:10965000FF1FE85FFE4FF080220F331FF901E0503B
:10966000FF4F17819498B12C49815A81415051097B
:109670005C834B839A8689869B2C89819A819C87FF
:109680008B8777FC12C0EB81FC81FC87EB87CF01D5
:10969000880F991F681A790A2F0149855A85440E47
:1096A000551ECF0101979C838B839394A92CB12CD9
:1096B000C501880F991F680E791E77FC22C0E12E24
:1096C0000F2DB101EB85FC856E1B7F0B9B0149853E
:1096D0005A854A0D5B1D5A834983C6018A199B0925
:1096E00098878F830E942E3C6D817E81EB85FC855F
:1096F0006E0F7F1F9B0149815A818F8198850E943F
:109700002E3CB1016A197B09E12E0F2D9B01A201AC
:10971000C601EB85FC858E1B9F0B9A8389830E9473
:109720002E3C6D817E816A0D7B1D9B01A20189818A
:109730009A810E942E3C4B815C81A416B50608F4E8
:10974000A0CF949A80E057CF2F923F924F925F9292
:109750006F927F928F929F92AF92BF92CF92DF9241
:10976000EF92FF920F931F93CF93DF93CDB7DEB7A6
:109770006D970FB6F894DEBF0FBECDBF89832B0166
:109780001A012430310510F424E030E002301105D4
:1097900008F440C0B9016250710960177107E8F51B
:1097A000420141E0841A9108C901880D991D409138
:1097B0000201509103014817590790F042165306D1
:1097C00078F0C10101979E838D83820F931F409192
:1097D0000401509105014817590708F582E001C0BE
:1097E00081E06D960FB6F894DEBF0FBECDBFDF915E
:1097F000CF911F910F91FF90EF90DF90CF90BF908E
:10980000AF909F908F907F906F905F904F903F9020
:109810002F90089562E070E0C3CFB801C1CF221647
:109820003306E0F241E050E0421B530B5C834B8374
:109830002A83C901861B970B9987888741E050E0EE
:10984000481B590B5B874A8778848E2D90E0FC017A
:10985000EE0FFF1FE85FFE4F50815E8B880F991F50
:10986000FC01E050FF4F67816F8B8C2D90E0FC0175
:10987000EE0FFF1FE85FFE4F7081788F880F991FF2
:10988000FC01E050FF4F8781898F9498F22EB12C14
:10989000198A188A1F861E86612C10E01B8A1A8A74
:1098A0001D8A1C8A1F82A12C20E030E04A81842F6F
:1098B00090E06A857B857D8F6C8F3B8E2A8E3A2C5B
:1098C000AC01415051092417350784F57F8171118E
:1098D0002DC02B813C8137FD0EC03A8131503A8337
:1098E000832F90E09C01220F331F4B815C81421B30
:1098F000530B5C834B833394232D30E0A901440F39
:10990000551F6B817C81640F751F7C836B8377FD92
:10991000D7CFA201421B530B5D8B4C8BB401620F5E
:10992000731F7B8B6A8B7A81371620F03110B6C09B
:1099300051E05F83812F90E0272D30E022C061103D
:1099400041C0B1103FC08C8D9D8D97FD0CC07A94A5
:10995000272D30E0C901880F991F4C8D5D8D481B64
:10996000590B5D8F4C8F1F5F812F90E0AC01440F2E
:10997000551F6C8D7D8D640F751F7D8F6C8F77FFEC
:109980007EC0A9014150510984179507C4F26110A6
:1099900019C011111CC066246394CF2CD12C88856A
:1099A00099858C159D05D8F59981923008F4A7C04A
:1099B000FA94FF2009F499C0232D30E04A81842FC6
:1099C00090E07ECF112349F371E06712E6CFB1102A
:1099D000E2CFAC01440F551FC401821B930B9F873C
:1099E0008E87B201620F731F798B688BC901880F54
:1099F000991F2C8D3D8D820F931F841B950B9C010D
:109A00002F5F3F4F241735070CF0CDC073949D8F07
:109A10008C8F1150BB24B39466246394BECF2981EC
:109A2000223008F487C0223011F0B12CC1CFAD80B4
:109A3000BE80AC0CBD1C6A8D7B8D6C197D097D8749
:109A40006C87EF880E892C853D85888999890197D7
:109A50009B878A87AC01B901CE84DF849FEFC91A46
:109A6000D90AC6010E942E3CEF880E8995014A85CD
:109A70005B85B501C6010E942E3CB12C99CFB40183
:109A8000681B790B7F876E87B201680F791F798B0E
:109A9000688B171530F5BB24B3947FCFA201481B08
:109AA000590B5D8B4C8BB401680F791F7B8B6A8BD4
:109AB000880F991F4B815C81840F951F220F331FE4
:109AC000821B930BAC014F5F5F4F4217530784F427
:109AD0005A815F5F5A839C838B833A9471E07F83C2
:109AE00029CF112309F457CF77CF949A80E079CE0C
:109AF0006B817C81621B730B7C836B83EECF6D81EA
:109B00007E816C0D7D1DE98C088D9B014A895B89E6
:109B10008C899D890E94713B6A8D7B8D6C197D09B2
:109B2000E98C088D9B014A895B898C899D890E94FB
:109B3000713B3ECF4A8D5B8D4C195D095D874C872B
:109B4000E98C088D9A014E855F85B9018C899D89C4
:109B50000E94713BE98C088D2C853D854A895B8983
:109B6000B901888999890E94713BAD80BE80AC0C97
:109B7000BD1CE98C088D95014E855F85B5018C89EA
:109B80009D890E94713BE98C088D95014A895B890A
:109B9000B501888999890E94713B5981552309F43F
:109BA00050CFB12C05CF6C8D7D8D641B750B7D8FD7
:109BB0006C8F2FCF2F923F924F925F926F927F9236
:109BC0008F929F92AF92BF92CF92DF92EF92FF92CD
:109BD0000F931F93CF93DF93CDB7DEB728970FB6C0
:109BE000F894DEBF0FBECDBF9A8389830230110582
:109BF00008F4E0C045305105B8F141505109253015
:109C00003105B8F12150310989809A80840E951E62
:109C100080910201909103018815990508F4C8C04C
:109C20002B01420E531E8091040190910501841571
:109C3000950510F582E028960FB6F894DEBF0FBEAA
:109C4000CDBFDF91CF911F910F91FF90EF90DF90EB
:109C5000CF90BF90AF909F908F907F906F905F90CC
:109C60004F903F902F90089544E050E0253031050B
:109C700048F624E030E0C8CF4217530708F49DC0EF
:109C80003695279558012017310708F459014A18CD
:109C90005B0881E090E06C01CA18DB081501260E14
:109CA000371E8E2D90E0FC01EE0FFF1FE85FFE4F88
:109CB000F080880F991FFC01E050FF4F17819498A6
:109CC0000E2D9201A401B10189819A810E94AE3BBF
:109CD00094012A193B093C832B8389819A818A0D3F
:109CE0009B1D9E838D8318861F829501215031090B
:109CF0003A832983D7FC0BC0A980BA80C501880F9D
:109D0000991FC81AD90AC50101979A8389832F819F
:109D100038852F5F3F4F38872F83C901880F991FE0
:109D2000C80ED91ED7FC1CC0E12E0F2DB1016A1937
:109D30007B099B016B807C808F819885680E791EE2
:109D4000A3018D809E80881A990AC4010E942E3C2E
:109D5000B501640D751D9B01A301C4010E942E3C39
:109D6000E12E0F2DB1012F813885621B730B9B01F2
:109D70006B807C806A0C7B1CA3018D809E808A187E
:109D80009B08C4010E942E3C6F817885640D751D6F
:109D90009B01A301C4010E942E3C8F8198852981DB
:109DA0003A818217930708F4A5CF949A80E043CFB5
:109DB00081E041CF02E010E01DCF56954795580154
:109DC0004017510708F063CF5A0161CF2F923F929D
:109DD0004F925F926F927F928F929F92AF92BF92BB
:109DE000CF92DF92EF92FF920F931F93CF93DF9367
:109DF000CDB7DEB7E4970FB6F894DEBF0FBECDBF88
:109E00008A831B01588B4F876A2D44E0E416F104C6
:109E100018F4A4E0EA2EF12C52E0C516D10408F49F
:109E200043C127303105D8F12150310907301105E0
:109E3000D8F101501109C901820D931D9E878D87AC
:109E40008091020190910301ED85FE858E179F0799
:109E500008F428C140910401509105018F8598892B
:109E6000800F911F4817590710F582E0E4960FB64E
:109E7000F894DEBF0FBECDBFDF91CF911F910F9140
:109E8000FF90EF90DF90CF90BF90AF909F908F901A
:109E90007F906F905F904F903F902F90089526E0B5
:109EA00030E00730110528F606E010E0C4CF201797
:109EB000310708F4FDC0C80196958795FA86E986B2
:109EC0008E159F0510F49A87898789859A85029750
:109ED000D8A2CF8E8C159D0510F498A38F8FA90161
:109EE00089859A85481B590B5EA34DA3F801E81B91
:109EF000F90BFCABEBAB81E090E02C0129853A85B6
:109F0000421A530AC9844F8D58A1241B350B388738
:109F10002F835C01A21AB30ADF80862F90E0FC0138
:109F2000EE0FFF1FE85FFE4F50815B8F880F991F78
:109F3000FC01E050FF4F67816C8F912CF401EE0F14
:109F4000FF1FE85FFE4F70817D8FC401880F991F4E
:109F5000FC01E050FF4F87818E8F9498CC2009F44C
:109F600096C089841E8A1D8A1C8A1B8A912CF12C1A
:109F70001A8E198E188E1F8A612C10E0F10131970C
:109F8000FAA3E9A391012F5F3F4F3CA32BA34DA15F
:109F90005EA14150510958A74FA369857A856F5F2B
:109FA0007F4F7AA769A789859A85EF85F8898E0FF3
:109FB0009F1F98AB8FA72BA93CA9E20FF31FFAAB09
:109FC000E9AB782C892CC9823C862B86362C6D2CEB
:109FD000812F90E0272D30E016C031101AC057FCB9
:109FE00008C07A94272D30E0C901880F991F481ABC
:109FF000590A1F5F812F90E0AC01440F551F440E9A
:10A00000551E57FE9EC0A90141505109841795075E
:10A0100024F31111A8C0332433948F2D90E0262D02
:10A0200030E018C0811084C0911082C0B7FC08C015
:10A030006A94262D30E0C901880F991FA81AB90A21
:10A04000F3948F2D90E0AC01440F551FA40EB51E64
:10A05000B7FEA8C0A901415051098417950714F310
:10A06000F110D6C0882483949981C92ED12CEF8118
:10A07000F885EC15FD0530F5FA81F23008F4D4C00E
:10A08000F981F150F983F111A3CF2B843C849A819B
:10A09000923008F465C12A81223009F445C1949AAE
:10A0A00080E0E4CE81E0E2CEF2E0CF2ED12CB9CE3A
:10A0B000C90196958795FA86E9868E159F0508F061
:10A0C00004CF01CF9A81923008F4D6C0923011F0BB
:10A0D000912CD6CF4FA558A94C195D095A8B498BA5
:10A0E00069A97AA9C60ED71EEC8C0B8D29893A89ED
:10A0F0008FA198A5ED89FE898E0F9F1F9C838B836E
:10A10000AC01B90189A59AA5EB89FC898E0F9F1F27
:10A110009E838D830E942E3CEC8C0B8D96014B818F
:10A120005C81B6018D819E810E942E3C912CA8CF2E
:10A13000FF2009F499CFF1E08F1609F469C0812C52
:10A1400093CF4B855C85481B590B588F4F8B6B8584
:10A150007C85680F791F7A8F698F171508F45DCF9A
:10A16000112309F458CFEB85FC85E21BF30BF88F24
:10A17000EF8B4B855C85420F531F5A8F498F220FFF
:10A18000331F240D351D880F991F281B390BA9017A
:10A190004F5F5F4F481759070CF042C07394290175
:10A1A000115039CF69A17AA1681B790B7C8B6B8B1D
:10A1B000EBA1FCA1E80FF91FFE8BED8BF61418F450
:10A1C0009924939451CFFF2009F44CCF69A17AA12F
:10A1D000621B730B7C8B6B8B8BA19CA1820F931FDB
:10A1E0009E8B8D8BC901880F991F8A0D9B1D841B27
:10A1F000950B9C012F5F3F4F241735070CF091C042
:10A2000063945C01FA9499249394882483942CCFCA
:10A21000992009F482C0992493948824839424CFAC
:10A22000481A590A1150F7CE6FA578A96C197D0903
:10A23000EE8C0D8D9B014DA15EA1898D9A8D480FED
:10A24000591F5C834B83E985FA858F89988DE80FC8
:10A25000F91FFE83ED83CF010E942E3C69A97AA9E4
:10A260006C0D7D1DEE8C0D8D9B014B815C818D8174
:10A270009E810E942E3C04CFEFA5F8A9EC19FD09A0
:10A28000FA8BE98BEE8C0D8D9F0149855A856B8980
:10A290007C89460F571F5C834B83BF0189859A8554
:10A2A000EF89F88D8E0F9F1F9E838D830E94713BD7
:10A2B000EE8C0D8D29893A894DA15EA1698D7A8D2B
:10A2C000460F571F5CA74BA7B9018D899E89EDA149
:10A2D000FEA18E0F9F1F9EA78DA70E94713B29A9EB
:10A2E0003AA9C20ED31EEE8C0D8D96014B815C8176
:10A2F000B6018D819E810E94713BEE8C0D8D960181
:10A300004BA55CA5B6018DA59EA50E94713B3A8127
:10A31000332309F4E9CE912CB3CEAC01440F551F81
:10A3200055CFA41AB50A6ECFA984BA842F8538896F
:10A33000A20EB31E69014BA95CA9C40ED51E4D85A2
:10A340005E856F8D78A1461B570BEC8C0B8D9601AB
:10A35000B5018F8D98A1820D931D0E942E3C9FCE3A
:10A36000CF84D8884BA95CA9C40ED51EA984BA8411
:10A370006F857889A60EB71EA101415051098F8DB6
:10A3800098A1480F591FEE8C0D8D9601B501C101A2
:10A390000E942E3CEE8C0D8D96014D855E85B5019B
:10A3A000CA010196EF8DF8A18E1B9F0B0E942E3CD7
:10A3B000FA81FF2321F273CE4F925F926F927F92C8
:10A3C0008F929F92AF92BF92CF92DF92EF92FF92C5
:10A3D0000F931F93CF93DF93EC015B017A01122F50
:10A3E000433051051CF423E0E22EF12C6701CC0E22
:10A3F000DD1EC6010197209102013091030128174B
:10A40000390788F0CE15DF0574F047018A0C9B1CD4
:10A41000C4010197209104013091050128173907E3
:10A42000A0F482E001C081E0DF91CF911F910F91F4
:10A43000FF90EF90DF90CF90BF90AF909F908F9064
:10A440007F906F905F904F900895AE14BF044CF3CF
:10A450009701220F331F2E0D3F1DA90155954795DA
:10A460004115510511F483E0DFCF27E733E0D70131
:10A470000E94B773DC01CB016AE0B595A79597956B
:10A4800087956A95D1F7092E000CAA0BBB0B66279E
:10A49000782F892F9A2F9A01550F440B550B0E9444
:10A4A00086733901802F90E0FC01EE0FFF1FE85FFB
:10A4B000FE4F4080880F991FFC01E050FF4F5780EE
:10A4C00094981230D8F1123009F473C0F594E794DF
:10A4D000CE19DF094601C814D9042CF594012C19B2
:10A4E0003D09269DC001279D900D369D900D11249C
:10A4F00081589F4F892F99279501280F391FB50142
:10A50000681B790BE52C042DA401C4010E942E3C8C
:10A510008C169D0681F0123051F0F1E08F1A9108EF
:10A52000C814D904DCF2960128193909DACFEFEF03
:10A530008E1A9E0AD0CF949A80E076CF111141C036
:10A5400045018E189F08F594E794AE0CBF1C64017A
:10A550008C149D0434F5960128193909269DC001F3
:10A56000279D900D369D900D112480589F4F892F67
:10A570009927AE01480F591FE52C042D9601B6010D
:10A58000FE01E81BF90BCF010E942E3CCA14DB042C
:10A5900091F211110AC0FFEFCF1ADF0A8C149D044B
:10A5A000D4F294012C193D09D9CF81E0C81AD10801
:10A5B000CFCF6E01CE18DF08F594E794CE0DDF1DE6
:10A5C00089CFF594E794AE18BF08C1CF2F923F9280
:10A5D0004F925F926F927F928F929F92AF92BF92B3
:10A5E000CF92DF92EF92FF920F931F93CF93DF935F
:10A5F000CDB7DEB760970FB6F894DEBF0FBECDBF04
:10A60000F82E4B013A013E832D831E2D2330310558
:10A6100024F423E030E03E832D834D805E80480C9F
:10A62000591CC201019720910201309103012817A2
:10A63000390798F04D815E818416950674F01A01F1
:10A64000260C371CC10101972091040130910501AE
:10A6500028173907E0F482E001C081E060960FB668
:10A66000F894DEBF0FBECDBFDF91CF911F910F9148
:10A67000FF90EF90DF90CF90BF90AF909F908F9022
:10A680007F906F905F904F903F902F900895641649
:10A6900075060CF39A01220F331F240F351FA901F1
:10A6A000559547954115510511F483E0D7CF27E71C
:10A6B00033E0AD81BE810E94B773DC01CB01EAE0DB
:10A6C000B595A79597958795EA95D1F7092E000C32
:10A6D000AA0BBB0B6627782F892F9A2F9A01550F4B
:10A6E000440B550B0E9486733B832A83D12CF601C1
:10A6F000EE0FFF1FE85FFE4F50815D87C601880F98
:10A70000991FFC01E050FF4F87818E87B12CF50126
:10A71000EE0FFF1FE85FFE4FE080C501880F991F15
:10A72000FC01E050FF4F97819C839498123008F40D
:10A73000AAC0123009F43FC12D813E81359527957D
:10A740006401C21AD30A802E912C1201A12CB12CC3
:10A75000A601480D591D5E834D83C60188199909CC
:10A7600098878F83F982FE2C38C0C101841995091E
:10A770004A815B81849F9001859F300D949F300DAD
:10A78000112421583F4F232F3327B301621B730B32
:10A79000C301820F931F988B8F87A814B9044CF1C3
:10A7A000123011F14D815E812416350614F1898134
:10A7B000882391F19981913009F408C129812230CF
:10A7C00009F450C02C143D0421F11230F1F041E0A5
:10A7D000241A31085FEFA51AB50A421453042CF26B
:10A7E000C20182199309C4CF2F8138852215330500
:10A7F000F4F65981523031F3EC800F2D2F853889D2
:10A80000A101C1010E942E3CDDCF3FEF231A330A84
:10A81000E1CF949A80E022CF9B01280D391D3A8721
:10A82000298721503109EC800F2DA101C1010E941F
:10A83000713B4F855889481959095C874B87898531
:10A840009A85481759070CF0DAC06B857C856F5FD5
:10A850007F4FEC800F2D2F853889A101C1010E9407
:10A86000713BB0CF680D791D2F85388928193909BA
:10A87000261737070CF4A6CFEE840D85A101C10180
:10A880000E942E3C9FCF1111C3C013012D813E8128
:10A89000221A330A359527956901C60CD71C602EFC
:10A8A000712C5101412C512CA601460D571D5E8380
:10A8B0004D83C6018619970998878F83F982FE2CEC
:10A8C00039C0C501821993094A815B81849F900137
:10A8D000859F300D949F300D112420583F4F232F1A
:10A8E0003327C401821B930BA401420F531F588BC3
:10A8F0004F874614570454F1111123C02F81388516
:10A900002A153B051CF12981222381F1398131303F
:10A9100009F497C04981423009F482C0AC14BD04E7
:10A9200009F477CF11111EC05FEFA51AB50A9FEF8A
:10A93000491A590A2A143B0424F2C1018A199B09B5
:10A94000C3CF4D815E81A416B506ECF65981523015
:10A9500029F3EC800F2D95014F855889B5010E9490
:10A960002E3CDCCF81E0A81AB108E1CFAC01460D46
:10A97000571D5A87498741505109EC800F2D950189
:10A98000B5010E94713B8F859889861997099C872C
:10A990008B8729853A85821793070CF06AC0EC8073
:10A9A0000F2D95014F855889B5018B859C850196A2
:10A9B0000E94713BB3CF24012D813E81421A530A7C
:10A9C000359527956901C80CD91CBDCE9B01280D72
:10A9D000391D21503109EC800F2DA101C1010E94C8
:10A9E000713B6F857889681979096F5F7F4FEC80BB
:10A9F0002F853889A101C1010E94713BE3CEEE840D
:10AA00000D859A01A101BC01C1010E942E3C1DCF00
:10AA10008D819E81959587956301C81AD90A3FCF8C
:10AA2000860D971D4F8558894619570948175907AC
:10AA30000CF474CFEE840D859501B5010E942E3C77
:10AA40006DCFAC01460D571D41505109EC800F2DC3
:10AA50009501B5010E94713B8F85988986199709E8
:10AA6000EC8095014F855889B50101960E94713B94
:10AA700055CFEE840D859501AC01B50189859A8588
:10AA80000E942E3C8CCF2F923F924F925F926F92FA
:10AA90007F928F929F92AF92BF92CF92DF92EF926E
:10AAA000FF920F931F93CF93DF93CDB7DEB76697D7
:10AAB0000FB6F894DEBF0FBECDBF6C017A836983F9
:10AAC0003C872B874230510508F448C02B853C85D4
:10AAD00022303105F0F1160191E0291A3108CA013E
:10AAE000820D931D2091020130910301281739072F
:10AAF000B0F0C416D50698F0E981FA813197F8874D
:10AB0000EF83CF012B853C85820F931F2091040199
:10AB1000309105012817390720F582E001C081E056
:10AB200066960FB6F894DEBF0FBECDBFDF91CF9112
:10AB30001F910F91FF90EF90DF90CF90BF90AF905B
:10AB40009F908F907F906F905F904F903F902F904D
:10AB5000089582E090E09C878B87BDCF42E050E073
:10AB6000B5CF8B859C85E981FA81E817F907A8F2B2
:10AB7000449F9001459F300D300D11243C8B2B8B51
:10AB8000889FA001899F500D500D11245A87498735
:10AB9000880F991F9E838D83DC0111974A01A12C98
:10ABA000B12C0E94A873861A970AA80AB90A802FA6
:10ABB00090E0FC01EE0FFF1FE85FFE4F1081880F51
:10ABC000991FFC01E050FF4FF7809498EB89FC89B6
:10ABD000CF01A0E0B0E022273327A901281B390BC1
:10ABE0004A0B5B0B2F87388B498B5A8B1C821B823D
:10ABF0004B855C855E8B4D8B24C04B815C81440F03
:10AC0000551FDA01119629853A850E94A8734616C8
:10AC100057066806790664F48B819C8101969C83B3
:10AC20008B8312960E94A873860E971EA81EB91ECB
:10AC3000ED89FE89309709F450C0EE0FFF1FFE83A7
:10AC4000ED8324013501440C551C661C771CAD8135
:10AC5000BE8111972F85388949895A890E94BD7311
:10AC6000641575058605970544F669817A818D8995
:10AC70009E89681B790BEF2C012F9B01EB81FC81D6
:10AC8000E20DF31DFC87EB87AF01C601EB81FC8170
:10AC90008E1B9F0B9E878D870E942E3C6F8178852F
:10ACA0002D893E89620F731F9B014B855C858D85C5
:10ACB0009E850E942E3C4D895E89415051095E8BD4
:10ACC0004D8BAD81BE8113972B893C890E94A8735F
:10ACD000861A970AA80AB90A90CF949A80E020CFE2
:10ACE0002F923F924F925F926F927F928F929F929C
:10ACF000AF92BF92CF92DF92EF92FF920F931F938A
:10AD0000CF93DF93CDB7DEB7AE970FB6F894DEBF23
:10AD10000FBECDBF89834B015C874B87A901C88ECD
:10AD2000AF8A2330310510F443E050E003301105C1
:10AD300010F403E010E09401215031093A8729878B
:10AD4000240F351F60910201709103016217730790
:10AD5000A0F08416950688F08B859C8501979C8FC2
:10AD60008B8F9C01200F311F6091040170910501B0
:10AD700062177307E0F482E001C081E0AE960FB67F
:10AD8000F894DEBF0FBECDBFDF91CF911F910F9121
:10AD9000FF90EF90DF90CF90BF90AF909F908F90FB
:10ADA0007F906F905F904F903F902F900895AB856C
:10ADB000BC85A017B107F8F20417150708F04BC1BE
:10ADC000F80132979701EF2811F421E030E02E17B7
:10ADD0003F0708F4F9011C830B83449F6001459FE2
:10ADE000D00CD00C1124DE8ECD8E009F6001019F0F
:10ADF000D00CD00C1124D8A2CF8ED801AA0FBB1F23
:10AE00001197E12CF12C2D8D3E8D0E94A873970196
:10AE10008601061B170B280B390B0D871E872F8702
:10AE2000388BAB80BC801FEFA11AB10AAE1ABF0AE3
:10AE30004F5F5F4F4E1B5F0B449F6001459FD00CDF
:10AE4000D00C1124DE82CD82AA9C6001AB9CD00C78
:10AE5000D00C1124D886CF82D501AA0FBB1F119721
:10AE6000E12CF12C2D813E810E94A873260137012F
:10AE7000461A570A680A790ADF888D2D90E0FC018E
:10AE8000EE0FFF1FE85FFE4FF080F9A6880F991FB5
:10AE9000FC01E050FF4F17811AA794981A8E198E63
:10AEA00022242394312C9401225031093EA32DA356
:10AEB000A4014F5F5F4F58A74FA3C12CD12CDEA632
:10AEC000CDA619814BC0123008F4C8C0AB81BC813B
:10AED0001197BC83AB83AD89BE8913972D8D3E8DB1
:10AEE0000E94B773CD84DE84EF84F888C61AD70A2F
:10AEF000E80AF90ACD86DE86EF86F88A498D5A8DF2
:10AF0000440F551FDA0111962F8D38A10E94B77397
:10AF1000C988DA88EB88FC88C616D706E806F906E1
:10AF2000BCF4298D3A8D2F5F3F4F3A8F298F1296AF
:10AF30002F8D38A10E94B773CD84DE84EF84F8880A
:10AF4000C60ED71EE81EF91ECD86DE86EF86F88A6D
:10AF5000CB80DC801C141D040CF07AC0CD84DE8410
:10AF6000EF84F888CC0CDD1CEE1CFF1CC98ADA8A41
:10AF7000EB8AFC8ACB80DC80CC0CDD1CDE8ACD8A9F
:10AF8000D101AC19BD092D8D3E8D0E94B773C988C2
:10AF9000DA88EB88FC886C157D058E059F050CF022
:10AFA000ADCFCB80DC80CA14DB040CF08CCF1A143C
:10AFB0001B040CF08BCFF501EE0FFF1F7301620134
:10AFC000CC0CDD1CEE1CFF1C4DA55EA5440F551FCF
:10AFD000DA0111962F8138850E94B773C616D706FD
:10AFE000E806F9067CF42DA53EA52F5F3F4F3EA74E
:10AFF0002DA712962F8138850E94B773460E571ED3
:10B00000681E791E2D813E81D101AE1BBF0B0E94AF
:10B01000B7736C157D058E059F0584F631E0A31A84
:10B02000B108DF0113972D813E810E94B773461A44
:10B03000570A680A790ACB80DC80CA14DB0409F05D
:10B04000B6CF123008F458C0123061F156013ECF2D
:10B05000949A80E093CEFA013297B4CE0F896B8533
:10B060007C85CB80DC806C197D099B01E984FA84A6
:10B07000C98CDA8CEC0CFD1CA7016401898D9A8DBA
:10B08000C81AD90AC6010E94273B0F896B8D7C8D97
:10B09000AB81BC816A0F7B1F9B01A701C6010E9487
:10B0A000273B14CFAB84BC84CB80DC80AC18BD08BC
:10B0B000EB8CFC8CEC0CFD1CFA82E982088D95016E
:10B0C000CDA0DEA04DA55EA5C40ED51EA601B5017E
:10B0D000EFA0F8A48DA59EA5E81AF90AC7010E9461
:10B0E000AE3B088D29813A81A601B901C7010E94B2
:10B0F000AE3BAB80BC80EACEAB84BC84CB80DC8032
:10B10000AC18BD08EAA409A5950164014DA55EA58A
:10B11000C41AD50AA601B501C401A98DBA8D8A1B2E
:10B120009B0B9AA389A30E94713BEAA409A59501F0
:10B13000E985FA85498D5A8DE40FF51FFCA3EBA331
:10B14000AF01B50189859A85ADA5BEA58A0F9B1F64
:10B150009CA78BA70E94713BEB8DFC8DEB80FC8044
:10B16000EE0DFF1DFA83E983EAA409A59F01A6015C
:10B17000BF0189A19AA10E94713BEAA409A5298176
:10B180003A814BA15CA1B9018BA59CA50E94713BA2
:10B19000112309F493CFADCF2F923F924F925F923C
:10B1A0006F927F928F929F92AF92BF92CF92DF92D7
:10B1B000EF92FF920F931F93CF93DF93CDB7DEB73C
:10B1C00064970FB6F894DEBF0FBECDBFFC0102300E
:10B1D000110508F41CC182E0E816F10408F413C15B
:10B1E00044305105B0F1DA01119724303105B0F146
:10B1F00021503109AF014A0F5B1F809102019091EC
:10B2000003018417950708F4FCC0CB01820F931F3C
:10B21000A0900401B0900501A816B90610F582E0CF
:10B2200064960FB6F894DEBF0FBECDBFDF91CF910D
:10B230001F910F91FF90EF90DF90CF90BF90AF9054
:10B240009F908F907F906F905F904F903F902F9046
:10B250000895A3E0B0E02430310550F623E030E05B
:10B26000C9CFB695A795A017B10708F4D8C03695F1
:10B2700027952E153F0508F4D0C05F01A00EB11E22
:10B28000B88AAF865A01A01AB10ABA8AA98A5B01A4
:10B29000AE0CBF1CBC86AB865C01AE18BF08BE8678
:10B2A000AD86FA82E982009F5001019FB00CB00C7C
:10B2B0001124BE82AD82EE9C5001EF9CB00CB00C0C
:10B2C0001124BC82AB82D701AA0FBB1F1197450185
:10B2D000A12CB12C2D813E810E94A873140125015F
:10B2E000261A370A480A590A8C2D90E0DC01AA0F69
:10B2F000BB1FA85FBE4FFC90880F991FDC01A050B8
:10B30000BF4F17961C9194980C2D2D853E856B850B
:10B310007C85CF010E94AE3B612C712CCC24C39460
:10B32000D12CA980BA80BC8AAB8A1DC0A301440F6E
:10B33000551FDA0111962B813C810E94B773861646
:10B340009706A806B90654F49FEF691A790A12966F
:10B350000E94B773260E371E481E591EAB88BC8844
:10B36000AB2809F457C052014101880C991CAA1C52
:10B37000BB1C2B893C89220F331F3A832983D601BA
:10B38000A21BB30B2D813E810E94B773681579050E
:10B390008A059B055CF66B857C858B899C89681B7F
:10B3A000790BE12E0F2D9B0189899A89860D971DB6
:10B3B00098878F83AC018F859889861997099A871A
:10B3C00089870E942E3C6D857E852B893C89620F82
:10B3D000731F9B014F81588589859A850E942E3C59
:10B3E0008B899C8901979C8B8B8BA981BA81139740
:10B3F0002D813E810E94B773261A370A480A590ADE
:10B4000095CF81E00DCF82E0E82EF12CE9CE02E06D
:10B4100010E0E1CE949A80E003CF79012ECF8D0128
:10B42000369527952E153F0508F027CFF6CF2F929A
:10B430003F924F925F926F927F928F929F92AF92C4
:10B44000BF92CF92DF92EF92FF920F931F93CF9311
:10B45000DF93CDB7DEB7AF970FB6F894DEBF0FBE60
:10B46000CDBF8F8B7A8369838F8284E0E816F104E5
:10B4700018F4F4E0EF2EF12C94E0C916D10418F47E
:10B48000E4E0CE2ED12CA2E0AA16B10408F4BBC190
:10B4900028303105B8F12150310908301105B8F1D3
:10B4A0000150110989809A80820E931E80910201B9
:10B4B000909103018815990508F4A3C1CA01800F72
:10B4C000911F60910401709105016817790710F5CB
:10B4D00082E0AF960FB6F894DEBF0FBECDBFDF910E
:10B4E000CF911F910F91FF90EF90DF90CF90BF9081
:10B4F000AF909F908F907F906F905F904F903F9014
:10B500002F90089527E030E00830110548F607E055
:10B5100010E0C8CF369527952E153F0508F481C158
:10B52000169507950C151D0508F475C1CE14DF049A
:10B5300008F46DC19701225031092A153B0508F422
:10B540005901E981FA81EE0DFF1DFD8FEC8F840119
:10B550000E191F091F8F0E8F9A012C0D3D1D39A347
:10B5600028A3AC014C195D095BA34AA3D88ACF86F6
:10B57000EE9CC001EF9C900D900D11249C8B8B8B49
:10B58000CC9CD001CD9CB00DB00D1124BE8BAD8BE9
:10B59000D601AA0FBB1F1197ED89FE892F01612CDF
:10B5A000712C9C010E94A87393018201061B170B4A
:10B5B000280B390B0B871C872D873E8736011FEF21
:10B5C000611A710A6A187B082FEFE21AF20AEA1868
:10B5D000FB08EE9CA001EF9C500D500D11245C83E4
:10B5E0004B83669CC001679C900D900D11249E8337
:10B5F0008D83D301AA0FBB1F11976C01E12CF12C95
:10B600009A010E94A87316012701261A370A480AD0
:10B61000590A1F81812F90E0FC01EE0FFF1FE85FA8
:10B62000FE4F10811EA3880F991FFC01E050FF4FB1
:10B6300017811FA325968FAD259790E0FC01EE0F93
:10B64000FF1FE85FFE4FF080880F991FFC01E0505C
:10B65000FF4F178194982F89223008F4EDC02230D3
:10B6600009F408C1A12CB12C1A8A198ACC24C394DC
:10B67000D12C4E8D5F8D4150510959A748A78C8D13
:10B680009D8D01969BA78AA78F849888FCA21DA3F5
:10B6900048C01F89123008F4FCC091E0891A910853
:10B6A000AF85B88913972B893C890E94B7730B85A6
:10B6B0001C852D853E85061B170B280B390B0B8728
:10B6C0001C872D873E8749895A89440F551FDA0107
:10B6D00011962D893E890E94B7730F81188529859F
:10B6E0003A850617170728073907BCF429893A89CC
:10B6F0002F5F3F4F3A8B298B12962D893E890E94EE
:10B70000B7730B851C852D853E85060F171F281FD7
:10B71000391F0B871C872D873E87181419040CF0DE
:10B7200088C00B851C852D853E85000F111F221FAB
:10B73000331F0F83188729873A879401220F331FFD
:10B74000388B2F87D601A21BB30B2B893C890E9413
:10B75000B7730F81188529853A85601771078207AD
:10B7600093070CF0B0CF861497040CF092CF161408
:10B7700017040CF092CFF301EE0FFF1F820171014D
:10B78000EE0CFF1C001F111FA501440F551FDA010D
:10B7900011962D813E810E94B773E616F7060807C1
:10B7A00019075CF4BFEFAB1ABB0ADA0113960E94CB
:10B7B000B773260E371E481E591E2B813C81D601B9
:10B7C000AE1BBF0B0E94B7736E157F0580079107F4
:10B7D000ACF601E0601A7108DF0113970E94B7739D
:10B7E000261A370A480A590A8614970409F0BFCF67
:10B7F0001F89123008F49DC0123009F470C0340162
:10B800004CCF81E066CE72E0A72EB12C41CE9601DE
:10B810002250310992CE6801CE14DF0408F08ACE9E
:10B82000F6CF7901169507950C151D0508F07ECE0B
:10B83000F2CF949A80E04DCE49815A81415051090E
:10B840004A0D5B1DE12E0F2D2AA13BA168A179A114
:10B8500089819A810E942E3C2AA13BA1A40168A162
:10B8600079A1C40101968A199B090E942E3C3F8947
:10B870003111F8CEA4014A195B090F812AA13BA11D
:10B8800068A179A189819A818A0D9B1D0E94AE3B96
:10B89000E9CEEDA00CA168A179A1681979099B01F5
:10B8A0004E8D5F8D89899A89480F591F5A83498324
:10B8B000AC8DBD8DA81BB90BB98FA88FCD010E948F
:10B8C000713BEDA00CA16AA17BA1680D791D9B01C4
:10B8D00049815A81888D998D0E94713BDECEE8A105
:10B8E000F9A1E819F909F98FE88F0AA11BA1080D40
:10B8F000191D1B8F0A8FEFA00EA1288D398D68A40A
:10B9000079A46A0C7B1CA301B9018AA59BA58A199D
:10B910009B099A8389830E942E3CEFA00EA12A8D59
:10B920003B8DA301B90189819A810E942E3C34018B
:10B93000B4CE28A139A128193909398F288FEDA053
:10B940000CA16C8C7D8C6A187B08A301B9018C8DCD
:10B950009D8DA989BA898A1B9B0B9A8389830E9432
:10B96000713BEDA00CA1288D398DEE8DFF8D49899D
:10B970005A89E40FF51FFDA7ECA7AF01B9018E8D21
:10B980009F8D8A0D9B1D9FA78EA70E94713BAAA128
:10B99000BBA1A80DB91DBB8FAA8FEDA00CA19D0165
:10B9A000A301BD0189819A810E94713BEDA00CA188
:10B9B0002A8D3B8D4CA55DA5B9018EA59FA50E9442
:10B9C000713BBF89BB2309F496CF340166CE8093C7
:10B9D00093010895A9E5B1E011969C938E93FC0123
:10B9E000249112962C9312973196E4911396EC932E
:10B9F0001397FC013296E4911496EC931497FC0192
:10BA00003396E4911596EC931597FC013496E491E6
:10BA10001696EC931697FC013596849117968C93A5
:10BA20000895CF92EF920F93EC2DF0E0DF01AA0F73
:10BA3000BB1FAA0FBB1FAF59BE4F382F387F962FA1
:10BA4000929596959770932B9C93EE0FFF1FEE0F98
:10BA5000FF1FE75AFE4F962F9C71990F990F990F70
:10BA6000342F369536953695932B9187322F387F24
:10BA7000902F929596959770932B9287902F9C710B
:10BA8000990F990F990F3E2D369536953695932B34
:10BA90009387C1100CC080936D0160936E01409339
:10BAA0006F012093700100937101E09272010F9178
:10BAB000EF90CF900895809384010895809383013F
:10BAC0000895833008F080E0809385010895809385
:10BAD00086010895809387010895811101C081E056
:10BAE0008093880108950F931F93CF93DF93FB01F9
:10BAF0008A01E90140915B0120915C0170915F0135
:10BB0000823009F46FC060916101A09162013091AF
:10BB100065015091660197988AE285BB9698969A3E
:10BB2000979A15BB9698969A05BB9698969A842FE5
:10BB300090E00197800F911F95BB9698969A41507F
:10BB4000040F05BB9698969A97988BE285BB9698BA
:10BB5000969A979AD5BB9698969AC5BB9698969AB8
:10BB6000CE01820F911D95BB9698969AC20FC5BBC8
:10BB70009698969A97988CE285BB9698969A979AFB
:10BB8000849131968823C9F098E007C03BBB55BB30
:10BB90009698969A880F915049F087FFF7CF6BBB24
:10BBA000A5BB9698969A880F9150B9F7715041F7B6
:10BBB000DF91CF911F910F9108953BBB55BB969894
:10BBC000969A9698969A9698969A9698969A9698FD
:10BBD000969A9698969A9698969A9698969A71505A
:10BBE00079F6E6CF60916301A0916401309167011D
:10BBF0005091680190CF2F923F924F925F926F9237
:10BC00007F928F929F92AF92BF92CF92DF92EF92EC
:10BC1000FF920F931F93CF93DF93CDB7DEB72F978C
:10BC20000FB6F894DEBF0FBECDBF682EDA010DB798
:10BC30001EB71F870E8780905B0140905C017724C0
:10BC40007394740C109184011B8350918801859E1C
:10BC5000402D112488E0881508F4FFC2E8E0FE2E8C
:10BC6000872D90E0FC01EE0FFF1F0DB71EB70E1BD6
:10BC70001F0B0FB6F8941EBF0FBE0DBF0F5F1F4FF7
:10BC80001A870987EDB7FEB712821182FC0131973E
:10BC9000EE0FFF1FE00FF11F11821082882D90E040
:10BCA0009F838E8380E190E0EE81FF818E1B9F0B4E
:10BCB000EFEFFFEF1F0102C0220C331C8A95E2F761
:10BCC000F2E06F1609F4CEC25090610190906201CB
:10BCD000809169018D8790916A019887E7E0E81566
:10BCE00008F462C280E0A12CB12C91E0FF2DF8197C
:10BCF000F983EF2DF0E0FD83EC83C52ED42EFB01FC
:10BD0000549144276F5F7F4FE92FF0E0EE0FFF1F44
:10BD1000E00FF11F7A01082E02C0F694E7940A940E
:10BD2000E2F7AE0CBF1CA220B320B182A082FF2498
:10BD3000F394F90EF71420F5E9818E0FEC81FD8163
:10BD4000E81BF1095A0102C0AA0CBB1CEA95E2F7F4
:10BD50008816A0F4EF2DF0E0EE0FFF1FE00FF11FAB
:10BD6000A1014A215B21518340839E5F88190E8087
:10BD700002C0AA0CBB1C0A94E2F7C1CF9F2DBFCF13
:10BD80005C2D4D2D8B818111A9C07801F2E0EF0E61
:10BD9000F11C252E312CDD24DA94D50ED20E810132
:10BDA000015011091A830983FAE28F2E1BE2A12E9A
:10BDB0000CE2B02EF701619171917F01611571055F
:10BDC00009F45DC089819A81820F931F692E90E0EA
:10BDD000FB01EE27F0780D2D732EEF2B09F475C0C3
:10BDE00080E0660F771F850FFB01EE27F078309714
:10BDF000C1F7979885BA9698969A979A6D01C90E49
:10BE0000D11CD5BA9698969A192F1A0F1B8315BB79
:10BE10009698969A11E0C11AD108C80ED11CD5BACD
:10BE20009698969A1B811150180F15BB9698969A62
:10BE30009798A5BA9698969A979A75BA9698969A58
:10BE400025BB9698969A65BA9698969A05BB969849
:10BE5000969A9798B5BA9698969A979A5BBA95BA21
:10BE6000980F589F802D11249698969A8150E1F74B
:10BE7000941720F46115710509F0AFCFD02E4A94C4
:10BE8000220D331DD50E411095CF8E859F850FB69F
:10BE9000F8949EBF0FBE8DBF2F960FB6F894DEBFED
:10BEA0000FBECDBFDF91CF911F910F91FF90EF900B
:10BEB000DF90CF90BF90AF909F908F907F906F90CA
:10BEC0005F904F903F902F900895660F771F950FCA
:10BED0009417A0F6FB01EE27F0787FCF43944394AC
:10BEE0004982E52FEE0FE40F852F90E09D838C8330
:10BEF000A81BB90B7901E81AF90A89010150110947
:10BF0000580188248A94850E8E0C1C861B8620E09E
:10BF100030E060E070E0FAE24F2E1BE2312E0CE2DE
:10BF2000202EC52C592C9E2E19811230F0F0098537
:10BF30001A85F801619171918F0176956795E98570
:10BF4000FA8582819381969587954B81443009F4D7
:10BF5000E6C04B81433009F4F2C04B81453009F40F
:10BF6000F5C07C876B871A870987CB01880F991FDB
:10BF70008B010095109520233123DF2CFB2D40E011
:10BF80007D84E92DBF82AE8277FF50C0B12C02C004
:10BF9000880F991FBC01220F331FB50E97FDF8CFF4
:10BFA000662009F467C0979845BA9698969A979A2A
:10BFB0008D01040F111D15BB9698969A942E9A0E1A
:10BFC00095BA9698969A015011090B0D111D15BB43
:10BFD0009698969A1FEF190D1B0D15BB9698969A79
:10BFE000979835BA9698969A979AD5BA9698969AB7
:10BFF000E5BA9698969AF5BB9698969A85BA9698C9
:10C00000969A979825BA9698969A979ACBBA55BACF
:10C010004B0D5B9D102D11249698969A1150E1F7C7
:10C020004E1760F4880F991F77FDB0CF37FD24C0FD
:10C03000BC01220F331F450F4E17A0F39E2EAE807A
:10C04000BF801B81113009F460C04B81423009F47C
:10C0500061C08B81853009F498C0F981F150F98372
:10C060000C811D81E00EF11EA00EB11E850EF11196
:10C070005BCF0BCF4B0DD4CFB12C02C0880F991FD3
:10C08000BC01220F331FB50E37FDF8CF979845BA84
:10C090009698969A979A8D01040F111D15BB969844
:10C0A000969A942E9A0E95BA9698969A01501109DE
:10C0B0000B0D111D15BB9698969A1FEF190D1B0DB0
:10C0C00015BB9698969A979835BA9698969A979A95
:10C0D000D5BA9698969AE5BA9698969AF5BB969898
:10C0E000969A85BA9698969A979825BA9698969A17
:10C0F000979A7BBA088505BB4B0D5B9D102D1124CB
:10C100009698969A1150E1F78BCF2B853C85369502
:10C110002795A3CF2B853C85220F331F9ECFE98126
:10C12000E23009F41ECF880F991F282B392B7C870A
:10C130006B871A870987CB01880F991F19CFE9816F
:10C14000E23009F40ECF96958795EFCFE981E23082
:10C1500009F407CFFC01EE0FFF1F282B392BE22B30
:10C16000F32B9C01369527952E2B3F2BCB019695D3
:10C170008795282B392BCB01880F991F282B392B1A
:10C180007C876B871A870987F3CE2B853C85220F26
:10C19000331F8B859C8596958795282B392BEB85AE
:10C1A000FC852E2B3F2B59CFF8E08F1609F481C068
:10C1B000FFE0F81508F469C0E12CC12CD12CBB2498
:10C1C000B394AF2CA8188F2D90E09A838983F42E16
:10C1D0003D832C83342D452C592C952EFB019591B4
:10C1E00084916E5F7F4F009759F0AC010E2C02C016
:10C1F000569547950A94E2F742215321C40ED51E65
:10C20000EB2DF0E0EE0FFF1FE00FF11FD182C08297
:10C21000E1E0EB0DE71588F5EA0C49815A814E19EA
:10C2200051096C0102C0CC0CDD1C4A95E2F78E145A
:10C23000B8F4F0E0EE0FFF1FE00FF11FC1018C21F9
:10C240009D2191838083B394B394E8180E8002C03B
:10C25000CC0CDD1C0A94E2F7C1CF90E1F92E00CDA1
:10C26000BE2EBCCF509063019090640180916B0111
:10C270008D8790916C01988731CD592D952C542C38
:10C28000432E4F2D2C813D817DCD90E189127ACDB9
:10C29000C8010296DD24D394FB01F590E490FC01E3
:10C2A000E192F192CF016E5F7F4FD394D714A0F348
:10C2B00069CDC8010296FF24F394FB01D490CC24ED
:10C2C000FC01C192D192CF016F5F7F4FF394F714BD
:10C2D000A0F358CD2F923F924F925F926F927F9230
:10C2E0008F929F92AF92BF92CF92DF92EF92FF9286
:10C2F0000F931F93CF93DF93CDB7DEB7AE970FB6F3
:10C30000F894DEBF0FBECDBF8A876AA35A016901C8
:10C310001E830D838DB69EB69DA28CA2F0905B010C
:10C3200090905C019E86292D2F5F2E8B3091840189
:10C330003D8720918801F29EE02C112448E04F15A2
:10C3400008F4ACC458E05D8F7E89872F90E0AC0183
:10C35000440F551FADB7BEB7A41BB50B0FB6F8946D
:10C36000BEBF0FBEADBF0DB71EB70F5F1F4F188FFB
:10C370000F8B12961C921E921197FC013197EE0FB3
:10C38000FF1FE00FF11F118210828F2C912C9F8EC6
:10C390008E8E80E190E0881999094FEF5FEFBA0126
:10C3A00002C0660F771F8A95E2F77A8F698F8091B6
:10C3B0007F01909180019D8B8C8BA0918101B09128
:10C3C0008201BC8FAB8FE0917901F0917A01F9A3E2
:10C3D000E8A380907B0190907C0198868F824091A9
:10C3E0007D0150917E015C874B87229F502D112447
:10C3F00059877A85772309F44FC481E08F0DA82FE0
:10C40000B0E0BA83A983CD01880F991FEDB7FEB7BD
:10C41000E81BF90B0FB6F894FEBF0FBEEDBF4DB78A
:10C420005EB74F5F5F4F3A016DB77EB7681B790B00
:10C430000FB6F8947EBF0FBE6DBFADB7BEB71196F5
:10C440002D01EDB7FEB7E81BF90B0FB6F894FEBF50
:10C450000FBEEDBF4DB75EB74F5F5F4F1A015091F2
:10C460006901598B60916A016A8B40917301509107
:10C470007401D3014D935C93809075019090760187
:10C48000F201918280826091770170917801ADB75D
:10C49000BEB712967C936E931197E981FA81329719
:10C4A00008F47DC0F3013296D20112968DB79EB783
:10C4B0000396988B8F8781E090E0FEA2FEA7EDA700
:10C4C000B8A6AFA2ECA6EF84F888DAA6C9A62BA777
:10C4D00028A139A119A308A31AA17BA26AA27A8470
:10C4E00037C0153078F0FC01772021F0EB8DFC8D02
:10C4F000E80FF91FAC88BD88EA15FB050CF0A3C056
:10C50000163041F1421B530BEDA5FEA5518340832C
:10C51000AF80B8848A189B0811969C928E92CB8427
:10C52000DC846C197D09F701718360830196C980F1
:10C53000DA80C816D90641F1EDA5FEA541915191C9
:10C54000FEA7EDA78D909D90F701619171917F01FC
:10C55000143039F6420F531FEDA5FEA551834083D9
:10C56000AF80B8848A0C9B1C11969C928E92CB84CF
:10C57000DC846C0D7D1DF701718360830196C98099
:10C58000DA80C816D906C1F6FEA02BA5ECA4AFA090
:10C59000B8A4C9A4DAA408A119A16AA07BA097E055
:10C5A0009F1508F422C330E0A0E0B0E061E08D8C7C
:10C5B0008F1889824D8D842E912C732F898D9A8DA1
:10C5C000D886CF82DE2CE22EF50154914427FFEF6E
:10C5D000AF1ABF0AE62FF0E0EE0FFF1FE00FF11FCA
:10C5E0009A01072E02C0369527950A94E2F7A20F0A
:10C5F000B31FA823B923B183A08331E0360FCE88BF
:10C600003C1538F5A9817A0FF401E71BF109DA012D
:10C6100002C0AA0FBB1FEA95E2F7F716C0F4E32F9A
:10C62000F0E0EE0FFF1FE00FF11FAC014A235B2388
:10C63000518340836E5F7F190E8C02C0AA0FBB1F0F
:10C640000A94E2F7C1CF153009F05CCF83CF632F96
:10C65000BBCF2E2DED2CCF80D8843D85311132C13A
:10C66000B8016E5F7F4F788B6F87822F90E09B8B36
:10C670008A8B8FEF820F0D81080F9E859D87198A07
:10C68000AA89BB891197B887AF838C0DF82EEF85E7
:10C69000F88941915191F88BEF874115510509F4C3
:10C6A000B4C0BE818D819E816F817885860F971F72
:10C6B000192FA0E030E09989892F90E09C878B8723
:10C6C00057FF99C09798EAE2E5BB9698969A979A91
:10C6D000C601830F911D95BB9698969A632F6C0D9A
:10C6E00065BB9698969A8F809884880D991D95BB06
:10C6F0009698969A8F2D830F85BB9698969A9798C1
:10C70000FBE29F2E95BA9698969A979AB5BB969803
:10C71000969AAD80A5BA9698969A15BB9698969AD1
:10C7200005BB9698969A97988CE2B82EB5BA9698CB
:10C73000969A979A7A857111C2C06B857C85660F2F
:10C74000771FC201860F971F9D8B8C8BC301860FAD
:10C75000971FFC018081918188279C774C01990F5C
:10C76000AA08BB08F7E0B594A79497948794FA9524
:10C77000D1F789829A82AB82BC82EC89FD89808163
:10C780009181882790774C01990FAA08BB088CE00B
:10C79000B594A794979487948A95D1F7F9818F2AB5
:10C7A0008BBA620D731DFB018081918188279C7774
:10C7B0004C01990FAA08BB089AE0B594A7949794E6
:10C7C00087949A95D1F7EC89FD89608171816627FC
:10C7D0007E70072E000C880B990BE4E095958795E9
:10C7E00077956795EA95D1F7682965BB898596980D
:10C7F000969A8150E1F7440F551F320FAF5F3E15F7
:10C8000020F44115510509F05BCF8D809E80AA88E8
:10C81000BB888A0C9B1C9E828D82BD843E85B3168C
:10C8200030F4FD85F23018F039893F5F398B4D8542
:10C8300041504D87020F41112ACF7A857723F9F0B5
:10C840008E8D9F8D880F991FF301E80FF91F2081AE
:10C8500031813093740120937301F201E80FF91FC5
:10C86000208131813093760120937501F101E80F29
:10C87000F91F8081918190937801809377018CA03A
:10C880009DA00FB6F8949EBE0FBE8DBEAE960FB69D
:10C89000F894DEBF0FBECDBFDF91CF911F910F91F6
:10C8A000FF90EF90DF90CF90BF90AF909F908F90D0
:10C8B0007F906F905F904F903F902F9008956A2FD8
:10C8C00070E03DCF8E858E5F8E87A22EAA0CAE0CB7
:10C8D000A22FB0E0BD8BAC8B7601EA1AFB0A8D80EB
:10C8E0009E808A1A9B0A9E828D823FEF320FB82C5F
:10C8F000B30E1197B887AF838A0E9B1E988A8F86D6
:10C90000198E1C8E1B8E812C912C80E090E03E0DA8
:10C910003D8FCB2C3E853230F0F0EF89F88D819140
:10C92000919196958795AF89B88D12964D915C91AE
:10C93000139756954795BD85B43009F411C16D859F
:10C94000633009F41DC1AD85A53009F42FC19C8F5A
:10C950008B8FF88FEF8BBC01660F771FAC01409572
:10C96000509584229522EE81E983B8880E2D1D8D85
:10C97000D12C30E0598D452F50E05C874B8797FFD5
:10C980007BC097988AE285BB9698969A979AC7013A
:10C99000830F911D95BB9698969A05BB9698969A8B
:10C9A000AF81B8858A0F9B1F95BB9698969A15BB49
:10C9B0009698969A9798BBE2B5BB9698969A979A4E
:10C9C000E981E5BB9698969AFD81F5BB9698969A73
:10C9D000B5BA9698969AC5BA9698969A97984CE250
:10C9E00045BB9698969A979A8A85811184C08B85C3
:10C9F0009C85880F991FF201E80FF91FD301A80F3A
:10CA0000B91F4D915C9144275C77440F452F441F1B
:10CA1000550B5195A081B181AA27B0775B2F529514
:10CA20005F70452B4BBBD101A80FB91F8D919C9115
:10CA300088279C77492F4695469580819181882744
:10CA40009E70929582958F7089279F708927842B7D
:10CA500085BB89859698969A8150E1F7CB01880C21
:10CA6000991C320FD394020F120F3A1508F046C0EA
:10CA7000660F771F97FD85CF97FEF0CF97989AE2C4
:10CA800095BB9698969A979AC701830F911D95BB6F
:10CA90009698969A05BB9698969AAF81B8858A0F14
:10CAA0009B1F95BB9698969A15BB9698969A9798C1
:10CAB000BBE2B5BB9698969A979AE981E5BB9698A2
:10CAC000969AFD81F5BB9698969AB5BA9698969ADD
:10CAD000C5BA9698969A97984CE245BB9698969ABE
:10CAE000979A59895BBB8A8985BB89859698969A5E
:10CAF0008150E1F7B3CF8D2D90E07BCFAD85A13094
:10CB000029F1BD85B23039F13D85353009F43FC09A
:10CB10005E856E89561728F4533018F0798D7F5F43
:10CB2000798FAE85A150AE87ED81FE814C895D89FC
:10CB3000E40FF51FFE83ED83C20E6F857889640FC5
:10CB4000751F788B6F87A111E5CE77CE8B8C9C8C6F
:10CB500096948794DDCF8B8C9C8C880C991CD8CFB5
:10CB60003E85323009F4F3CE440F551F842A952AAE
:10CB70009C8F8B8FF88FEF8BBC01660F771FEECEEB
:10CB80007E85723009F4E3CE56954795EFCF8B8CB6
:10CB90009C8C880C991C4B8D5C8D56954795842AEE
:10CBA000952A4B8D5C8D842A952AB2CFBE85B230F2
:10CBB00009F4CDCEBA01660F771F842A952A682919
:10CBC00079294A0196948794862A972AAC0156952A
:10CBD0004795842A952ABC01660F771F862A972AD3
:10CBE0009C8F8B8FF88FEF8BB9CEB8E0FB1609F4D2
:10CBF0006FC04FE0842E8F1408F455C060E040E011
:10CC000050E071E09D8C9F183D8DA32FB0E0822EE7
:10CC1000F50195918491E2E0AE0EB11C009769F0A8
:10CC2000FC01062E02C0F695E7950A94E2F7298DDD
:10CC30003A8DE223F3234E0F5F1FE72FF0E0EE0F54
:10CC4000FF1FE00FF11F51834083E1E0E70F3E89B2
:10CC5000E31708F03BC0690DAD01461B51099C016B
:10CC600002C0220F331F4A95E2F7A901F616C8F455
:10CC7000F0E0EE0FFF1FE00FF11F898D9A8D8423E6
:10CC80009523918380837E5F6F190E8C02C0440FC1
:10CC9000551F0A94E2F7BCCF8E85B1CB60E16D8F52
:10CCA00053CB7E2FB5CF30E1F312D7CCD8011296FB
:10CCB00031E0F501959184918D939D9342E0A40E0E
:10CCC000B11C3F5F5E893517A0F3C7CC282DC5CCBA
:10CCD000D801129681E09E89F501549144274D9325
:10CCE0005D93FFEFAF1ABF0A8F5F8917A8F3B5CC2A
:10CCF0002F923F92AF92BF92CF92DF92EF92FF922C
:10CD00000F931F93CF93DF93E1018FA1882389F1C4
:10CD1000282F30E04DA15EA1FA01E20FF31F3197F9
:10CD200090819032B1F56CA109C0282F30E0FA0152
:10CD3000E20FF31F31979081903259F5611115C0C0
:10CD40009BA1911112C09AA191110FC09D8DE8A1D4
:10CD5000F9A12E8D3F8D2E0F3F1F290F311DEB8D19
:10CD6000FC8DE217F30708F095C181508FA3811164
:10CD7000DCCF1FA21F8E1E8EDF91CF911F910F91CE
:10CD8000FF90EF90DF90CF90BF90AF903F902F90AB
:10CD900008958BA19D8D929FA001939F500D11240A
:10CDA0005F8F4E8F813009F45FC1823009F442C138
:10CDB00080918601882309F4A2C08E8981119FC0C9
:10CDC0008C89823009F45DC18091650180930A01EC
:10CDD0008091660180930901949869897A8988A174
:10CDE00099A19B01215031094B89240F311D4E8D92
:10CDF0005F8D480F591F4150510901E00E94AE3B21
:10CE0000949A9C89973008F0B7CF933008F09AC075
:10CE1000109282011092810194981B82AFA1AA23E3
:10CE200009F48BC048A159A180E091ECD92E20ECE7
:10CE3000E22E3FEBF32E47C081548A8390915D012F
:10CE4000891B8A8390915E01891708F054C090E095
:10CE50002091590130915A0139832883B0915F01A3
:10CE6000B89FB001B99F700D11246A5F7F4F620FA8
:10CE7000731F798368838E89882309F444C0908165
:10CE8000903259F0883008F047C029893A898C8956
:10CE90000E94FB5D48A159A1AFA18D8D480F511D86
:10CEA00059A348A320915B01809181019091820157
:10CEB000820F911D90938201809381018B818F5FFE
:10CEC0008B838A17D0F5EDA1FEA1E80FF11D8081BB
:10CED000803C08F0B1CF883A51F1883B59F1893B49
:10CEE00071F18A8390915D01891B8A8390915E0123
:10CEF000891708F4ACCF1A8280E090E0A9CF8D8921
:10CF000081117FCF5DCF29893A898C890E94735D19
:10CF100048A159A1AFA1C1CF09891A899A01AB01D2
:10CF20006C898C81D7D948A159A1AFA1B6CFFA821B
:10CF30008FEB84CFEA8280EC81CF949A1ACFDA8289
:10CF400081EC7CCF20916D012E7F60E8269F9001BF
:10CF50001124388B2F87E0916E01EE7F80E8E89FE7
:10CF6000F0011124FE87ED8700916F010E7F60E8CC
:10CF7000069F800111241C870B87409170014E7F12
:10CF800080E8489FA00111245A8749878091710148
:10CF90008E7F60E8869F50011124B886AF82809111
:10CFA00072018E7F60E8869F60011124DE82CD824F
:10CFB0008C81811175C0E0905C01F12CF0928001B0
:10CFC000E0927F011B82943009F43FC040F0F59459
:10CFD000E794F0928001E0927F019630B1F13093B6
:10CFE000740120937301F0937601E093750110931F
:10CFF000780100937701C901841B950BB7010E944A
:10D00000737370937A0160937901CF018A199B0938
:10D01000B7010E94737370937C0160937B01C80118
:10D020008C199D09B7010E94737370937E01609300
:10D030007D01EECE298D3A8D8F89988D820F931FB9
:10D04000841B950B99A388A3B3CE81E08B83509367
:10D05000740140937301B0927601A0927501D09251
:10D060007801C0927701C7CF898D9A8D841B950B6B
:10D07000969587952F89388D820F931F99A388A342
:10D0800097CE8091670180930A0180916801809317
:10D090000901A2CE899FC00111249F8F8E8F88CE57
:10D0A000E0905B018FA1E89E70011124F092800155
:10D0B000E0927F0187CF2F923F924F925F926F92C3
:10D0C0007F928F929F92AF92BF92CF92DF92EF9218
:10D0D000FF920F931F93CF93DF93CDB7DEB7AA973D
:10D0E0000FB6F894DEBF0FBECDBF362F5A01922E79
:10D0F0004DB75EB75AA749A78D836D8B198F088FDF
:10D10000DB8ECA8EE0918301EE8B40918801E114A1
:10D11000F10421F4E0908D01F0908E018091600186
:10D1200090E00196489FB001499F700D1124C701FE
:10D13000861B970B01969B8B8A8B0115110509F4B1
:10D140001AC21AA309A3C114D10409F40DC2D092C2
:10D150009201C0929101C6011A82198250915B011D
:10D1600020918601459F200D11242E8F50915C0146
:10D17000549F502D11245C8B080F191F1D8F0C8F8D
:10D18000622F70E00E945F73762E77278DB79EB76F
:10D19000861B970B0FB6F8949EBF0FBE8DBF0196EE
:10D1A0009FA38EA318A68DB79EB7861B970B0FB6AD
:10D1B000F8949EBF0FBE8DBF0DB71EB70F5F1F4FF8
:10D1C0001BA240909301249D402C11248091850145
:10D1D0008CA3E111C6C11F8A80918401882319F0B4
:10D1E0008F8982608F8B423018F08F8984608F8B9B
:10D1F000333018F08F8988608F8B30E028A580E26B
:10D20000882E512C9AE0692EF5019110CDC08081B5
:10D210008DA3813248F0371508F0DAC0F801E30F2A
:10D22000F11D80833F5F3BA397EF980F923018F07A
:10D230008F7D09F0C2C0A22F222309F4B8C08E8DC1
:10D24000829FC001112498A38F8F332309F444C017
:10D250001C828E8D839FC001112449A15AA1EF8D9C
:10D26000F8A14E0F5F1F480F591F6C8D7D8D6417FD
:10D270007507B0F421111DC1409187012C8930E060
:10D28000240F311D47FD3A954A895B89420F531F90
:10D290005B8B4A8BE20EF31E288D398D3AA329A3AE
:10D2A0001C8230E0EEA1FFA1EA0FF11DD801A30F0F
:10D2B000B11D2C91208328A52F5FA22F28A73C8188
:10D2C0003F5F3C834BA1341768F31BA2EF8DF8A19D
:10D2D0008E0F9F1F98A38F8F4DA1403209F4C1C0BC
:10D2E00030E080E090E0493009F4A4C0332309F431
:10D2F00074C0D12CEF8DF8A1EF2B09F078C03C89D8
:10D3000080918701082E000C990B830F911D4A898B
:10D310005B89480F591F5B8B4A8BE80EF91E888D7D
:10D32000998D9AA389A31C82922F80E0EEA1FFA180
:10D33000E90FF11DD801A80FB11D8C91808328A59C
:10D340002F5F922F28A78C818F5F8C833BA183173F
:10D3500068F31BA2DD2071F0822FEEA1FFA1E80F80
:10D36000F11D808228A581E0820F282F88A7DA94FA
:10D37000D110F3CF8DA181111DC0222309F4A0C0CB
:10D38000FE0131961F01B4DC8DA18A3009F447C13A
:10D39000FFEFAF1ABF0A882309F492C03BA128A56A
:10D3A000F501992009F433CF84918DA332CF18A2CF
:10D3B0001F8E4BCF8A3029F03BA14FEFA41AB40A3D
:10D3C00023CF2111DDCF3FEFA31AB30A3BA11CCF1E
:10D3D000F1E0AF1AB1086DA22ECF4DA1442311F098
:10D3E0004A3051F7D12C8F8D98A1892B21F0CE0195
:10D3F00001961C017DDC8BA1811135C1D11004C0C7
:10D400008DA18A3009F0C4CF209187018C8990E0EA
:10D41000820F911D27FD9A952A893B89280F391F74
:10D420003B8B2A8BE80EF91E888D998D9AA389A3D0
:10D4300028A590CF332309F47CC03CA13111A8C0AA
:10D440008415950508F40AC1B2010E945F73A20118
:10D45000481B590BCA016E8D70E00E945F73D62E77
:10D46000C2CFCE8CD12C6F8D78A189A19AA1860FC5
:10D47000971F8C0D9D1D6C8D7D8D6817790708F4A5
:10D480009BCF8CA1811168C061E0822FEEA1FFA12A
:10D49000E80FF11D808228A52F5F822F28A76150F9
:10D4A000A9F73BA1EF8DF8A1EC0DFD1DF8A3EF8FBF
:10D4B0001DCF4DA1403209F016CFDD24D3941CCFEF
:10D4C0008CA1811192C08A899B8990938C01809351
:10D4D0008B01F0928E01E0928D0189A19AA1909327
:10D4E000900180938F01888D998D90938A0180930C
:10D4F000890189A59AA50FB6F8949EBF0FBE8DBF6E
:10D50000AA960FB6F894DEBF0FBECDBFDF91CF91C4
:10D510001F910F91FF90EF90DF90CF90BF90AF9051
:10D520009F908F907F906F905F904F903F902F9043
:10D5300008953CA1332389F1CE8CD12C6F8D78A135
:10D5400089A19AA1860F971F8C0D9D1D6C8D7D8DD5
:10D550006817790708F430CF222309F43FCF61E040
:10D5600094CF81E08F8B38CE809191019091920180
:10D570009B8F8A8FF1CD80918F01909190019AA31A
:10D5800089A30091890110918A01198F088FDBCD41
:10D59000DD24D394EF8DF8A1AFCE29A03AA0EF8D72
:10D5A000F8A12E0E3F1EAC01420D531DC88CD98C24
:10D5B000CA018C199D098415950508F44AC0B20169
:10D5C0000E945F736201C81AD90A6E8D2C0C3D1C33
:10D5D0008C8D9D8D8215930508F4EECE70E0C6010A
:10D5E0000E945F73611151CF5FCF80918701082E38
:10D5F000000C990B2A893B89280F391F30938C0125
:10D6000020938B01E80EF91EF0928E01E0928D01BD
:10D61000888D998D9093900180938F0166CF209192
:10D6200087018C8990E0820F911D27FD9A952A89A8
:10D630003B89280F391F3B8B2A8BE80EF91E888DFA
:10D64000998D9AA389A33BA128A54FEFA41AB40AE8
:10D65000DBCDC40CD51CC41AD50AB7CF9201281B48
:10D66000390BC901F8CE28A54ACE2F923F924F928E
:10D670005F926F927F928F929F92AF92BF92CF9262
:10D68000DF92EF92FF920F931F93CF93DF93CDB76B
:10D69000DEB766970FB6F894DEBF0FBECDBF8E8B98
:10D6A000B62E29013A0118012A2D8D8AACA4222315
:10D6B00009F45DC0263008F06AC0CE0101964C0125
:10D6C0008C014BA5C301B2010E94C7739D899E3294
:10D6D00071F0AE014B5E5F4FF4019F0128193909CB
:10D6E00081918E3209F455C0E417F507B1F790E245
:10D6F000A916F1F020E030E0A901C301B201B7D7CB
:10D7000087FF37C08DE28983FE0132969E012B5E32
:10D710003F4F06C08D3239F03196E217F30741F0E2
:10D7200080818032B9F7A0823196E217F307C1F702
:10D73000810120E0A4016B2D8E89BDDC66960FB6B9
:10D74000F894DEBF0FBECDBFDF91CF911F910F9137
:10D75000FF90EF90DF90CF90BF90AF909F908F9011
:10D760007F906F905F904F903F902F90089521E0B1
:10D77000A4CFF4019E012B5E3F4F04C03196E21707
:10D78000F307B1F280818032C9F7A082F7CF25E09C
:10D7900094CFF401E20FF31F8D898083A8CF2F92DD
:10D7A0003F92F101E05AFF4F808190E0AC014F5F62
:10D7B0005F4F3FE1349FF001359FF00D1124E20DE2
:10D7C000F31D2081233008F460C0233009F4B8C071
:10D7D000263009F46AC0D10112961C92243009F057
:10D7E0007AC02FE1289FF001299FF00D1124E20D4E
:10D7F000F31D2785308945895689241B350B308BCD
:10D800002787218932894789508D241B350B328B1C
:10D81000218B23893489418D528D241B350B348B08
:10D82000238B2FE1289FF001299FF00D1124E20D99
:10D83000F31D818992892785308922273C77220F21
:10D84000232F221F330BAC0144275077352F3595FA
:10D85000359535953595232B20930A0123893489F5
:10D8600022273C77232F2595259588279E7095950F
:10D870008795959587959595879595958795822B0D
:10D88000809309013F902F900895389FF001399FB0
:10D89000F00D1124E20DF31D878580930A01818923
:10D8A000809309013F902F90089521E0D1011296B5
:10D8B0002C931297389FF001399FF00D1124E20D3F
:10D8C000F31D40A151A12D913C9142175307B8F48B
:10D8D000F101128286CF389FF001399FF00D11249B
:10D8E000E20DF31DD1014D915C9120A131A12417CE
:10D8F000350708F076CF21E0D10112962C932FE165
:10D90000289FF001299FF00D1124E20DF31D47859A
:10D91000508925893689240F351F308B2787418907
:10D9200052892789308D240F351F328B218B4389F3
:10D930005489218D328D240F351F348B238B71CF69
:10D9400021E0F1012283DBCF81508E3060F590E041
:10D95000FC01EE0FFF1F8E0F9F1F880F991FFC0108
:10D96000E655FD4B6491FC01E555FD4B5491FC01DE
:10D97000E455FD4B4491FC01E355FD4B3491FC0112
:10D98000E255FD4B2491FC01E155FD4B84916093E0
:10D990006D0150936E0140936F013093700120939D
:10D9A00071018093720108952F923F924F925F927E
:10D9B0006F927F928F929F92AF92BF92CF92DF929F
:10D9C000EF92FF920F931F93CF93DF93CDB7DEB704
:10D9D000C257D1090FB6F894DEBF0FBECDBFAD96CA
:10D9E0008FAFAD97962E2A0139011801AA96CFAEB6
:10D9F000AA971A2DC657DF4F0881CA58D04021E098
:10DA0000221A310831E0E31AF1089498882309F4C6
:10DA100090C050910601AE965FAFAE97513009F4B9
:10DA200082C508F4AEC5523009F4A1C5533009F0DF
:10DA300082C5C0900401D0900501C618D708CE1841
:10DA4000DF0880E00E947739922D832D1701E92E9F
:10DA5000F82E32012601AA966FADAA97662309F423
:10DA600070C0AA969FADAA97892F90E0AC969FAF01
:10DA70008EAFAC97AC01A82DB0E0A02EB12C6D01FB
:10DA8000CA0CDB1CC6010196841795070CF407C469
:10DA900082E0800F880DAA968FAFAA97482F50E09A
:10DAA000AC965FAF4EAFAC9781E090E0FC01E41B19
:10DAB000F50BC857DF4F2881C858D040211158C0F6
:10DAC000AF961FAEAF97C757DF4F7881C958D04088
:10DAD000772309F463C0272F770F330BA217B307FF
:10DAE0000CF0C4C3C757DF4F8882C958D040882D77
:10DAF000082C000C990BE1969FAF8EAFE197882D13
:10DB0000C457DF4F3881CC58D040311154C090E019
:10DB1000C357DF4F6881CD58D040662309F45EC0FB
:10DB2000262F660F330BA216B3060CF0C9C3202FA5
:10DB300056C0AE961FAEAE97AA966FADAA9761116A
:10DB400090CFA82DB0E0A02EB12C6D01CA0CDB1C2B
:10DB5000E1E0F0E0AC961FAE1EAEAC9740E050E0C6
:10DB6000C857DF4F2881C858D040222309F4A8CFD6
:10DB7000822F220F990BA817B9070CF064C3C8575E
:10DB8000DF4F8882C858D040AF968FAEAF97C75747
:10DB9000DF4F7881C958D04071119DCFE1961FAEFB
:10DBA0001EAEE19780E0C457DF4F3881CC58D0409B
:10DBB000332309F4ACCF632F330F770B222733279E
:10DBC0002A193B09621773070CF085C3902FC357BE
:10DBD000DF4F6881CD58D0406111A2CF20E0B30162
:10DBE0006E0D7F1DA4967FAF6EAFA497B201640F38
:10DBF000751FA7967FAF6EAFA797420C531CB2015B
:10DC0000641B750BA9967FAF6EAFA997A4966EADF6
:10DC10007FADA497641B750BE3967FAF6EAFE39760
:10DC20001E861F86C857DF4F7881C858D0407DA711
:10DC3000C757DF4F3881C958D0403EA7AF965FAD78
:10DC4000AF97950F2D969FAF2D97820F2E968FAF82
:10DC50002E977A8269821B82FD83EC83AA966FAD30
:10DC6000AA976F831E8218861D86FD8EEC8E970103
:10DC7000359527953F8F2E8F18A3F901E60DF71DD7
:10DC8000FAA3E9A3AC966EAD7FADAC976A1B7B0B94
:10DC900041E050E09A01261B370B3CA32BA3AA9628
:10DCA0009FADAA9798199EA31DA21FA28CA69D01A5
:10DCB000220F331FD701A21BB30B9D01BCAFABAF2B
:10DCC000359527953EAF2DAFC957DF4F2881C758EF
:10DCD000D0402FAFE1962EAD3FADE1972E0F3F1F05
:10DCE00022963FAF2EAF22976A197B09461B570B2E
:10DCF00024965FAF4EAF2497901B26969FAF269732
:10DD000025961FAE259727961FAE2797800E2C9637
:10DD10008FAE2C97CC0CDD1CEC18FD086C96FFAE7A
:10DD2000EEAE6C97F594E7946E96FFAEEEAE6E97FE
:10DD30002E01BEE54B0E511CC557DF4F9881CB58C5
:10DD4000D040F2019083280F311D87FD3A95A196AE
:10DD50003FAF2EAFA197F2E19F9EC00111249C011D
:10DD600022503D4B190124E9A22E21E0B22EBE0122
:10DD70006F5F7F4F7B01C12CD12C812C112309F4C3
:10DD80007DC081E090E00C2C01C0880F0A94EAF776
:10DD9000882A113009F4B0C2123009F4CFC29110B0
:10DDA00016C3D501133009F4F4C3163009F4F1C3D6
:10DDB0004C9150E0CA019695982F882797958795A2
:10DDC000F701908B878711962C91119730E0C9014C
:10DDD0009695982F882797958795928B818B129689
:10DDE0008C91129790E0BC017695762F66277795F7
:10DDF0006795748B638B1396EC9113970E2F10E03D
:10DE000014966C91149770E01596AC91B0E0401B9D
:10DE1000510B5695542F442757954795F701568B2C
:10DE2000458B261B370B3695322F222737952795A2
:10DE3000308F278B8A1B9B0B9695982F8827979559
:10DE40008795928F818FF701878D853008F02AC3DF
:10DE5000238D348D2F5F3F4F85899689B90143D437
:10DE6000768B658B8789908DB9013DD4708F678BD8
:10DE7000818D928DB90137D4728F618FFFEFCF1AE8
:10DE8000DF0A2FE1E20EF11C36E0230E311C56E0D2
:10DE9000A50EB11C63E0C616D10421F0D7015F9630
:10DEA0001C916CCF8CA5882319F0B82DB8608B2EEF
:10DEB00069817A81AB01A496EEADFFADA497E61718
:10DEC000F70708F4A8C0A5968FAEA597AA96AFACA1
:10DED000AA97FE013196D4840D2D10E0C6848C2DB6
:10DEE0000C2C000C990B9801280F391F260D371D9B
:10DEF0004217530708F459C0A4962EAD3FADA4971E
:10DF0000820F931F801B910B8417950708F44DC057
:10DF10002584022C000C3308A796AEADBFADA797A1
:10DF2000A20DB31DA9968EAD9FADA997280E391EDF
:10DF3000AA2009F4A6C0478140FDDFC05581852F86
:10DF400090E0242F2270B22E1AC02381348137FD35
:10DF500007C0EA94E682F12CEE0CFF1C2E193F0953
:10DF60005F5F5583852F90E08C01000F111F200FFC
:10DF7000311F3483238337FFFAC0B110FAC0E68023
:10DF80002E2D30E089010150110980179107ECF224
:10DF9000142F11601783E51609F4AEC041FDE2C0ED
:10DFA000A21BB30B220E331EEAC011861086138605
:10DFB00012867F964E165F0611F0AB018CCF88A1BA
:10DFC000811168C0A5963FADA597313009F44EC0C8
:10DFD0008FAD882329F08AA59BA5892B09F0D4C091
:10DFE000D2018C91882339F02B968EAD9FAD2B9763
:10DFF000892B09F0EDC069817A81AB014F5F5F4FDA
:10E00000BA015A834983A4962EAD3FADA497241735
:10E01000350708F05ECFAD96FFADAD97FF2329F031
:10E02000AE968FADAE970E947739949ACE58DF4F57
:10E030000FB6F894DEBF0FBECDBFDF91CF911F9119
:10E040000F91FF90EF90DF90CF90BF90AF909F9097
:10E050008F907F906F905F904F903F902F9008959A
:10E06000A5965FADA597513009F0B2CF69817A814D
:10E070004B855C8501E09B0189859A850E94AE3BBA
:10E08000BACFA00FB11FB187A087201A310A3386FB
:10E0900022868FCFA2961FAEA297BE016F5F7F4FE1
:10E0A0001B017DDB88A18823D9F2EAA5FBA5309767
:10E0B000E9F2A5966FADA5976130C1F28FAD8111E0
:10E0C00004C08CA5882309F48BCF89859A8548A53F
:10E0D00059A58417950708F404C14B855C85E4179E
:10E0E000F50708F075CF69817A8101E09B01CF01C6
:10E0F00001960E94273B6CCF412F85810DC0148370
:10E1000003839F5F9683446047838150858342FDEC
:10E1100026C041FF2EC04781882309F470C02381A7
:10E1200034819681092F10E0000F111F020F131F79
:10E13000E82EF12CEE0CFF1C0E191F0948015FEFB1
:10E14000851A950A8E149F04D4F22E193F09348340
:10E1500023834B7F47838150858342FFDACF41FF82
:10E1600008C090E0A81BB90B280E391E08C041FF5B
:10E17000F9CF868190E0A81BB90B280E391EB18714
:10E18000A0873386228615CF81E0A2968FAFA29713
:10E19000CE0101961C0103DB2B96EEADFFAD2B9754
:10E1A000309709F48CC188A599A529964EAD5FAD2D
:10E1B00029978417950708F4CDC14AA55BA5E417F4
:10E1C000F50708F4BEC1D2018C91882309F413CF5E
:10E1D000B2E0A296BFAFA297FE0131961F01DFDA2F
:10E1E00069817A812B964EAD5FAD2B9701E09B0143
:10E1F00029968EAD9FAD29970E94AE3BFCCE542F41
:10E20000527041FDD6CEE3968EAD9FADE3978C0D57
:10E21000911DC7FC9A958617970708F0CACE4E7FC6
:10E2200042604783AC968EAD9FADAC978D19910936
:10E2300021E030E0281B390B348323838A2D8D198C
:10E24000868315827CCE222733272A1B3B0B82171D
:10E2500093070CF042C1682D6195C857DF4F688362
:10E26000C858D040AF966FAFAF972DCC882799276D
:10E270008A1B9B0B281739070CF044C1982D9195E8
:10E28000C757DF4F9883C958D040892F292F022EB6
:10E29000000C330BE1963FAF2EAFE19784CCCA015F
:10E2A000880F991F2816390608F426C1E816F906C2
:10E2B00008F432C181E090E0FC01E41BF50B50CC86
:10E2C000662777276A197B09261737070CF00EC1D6
:10E2D000202F219584CCC457DF4F9881CC58D04053
:10E2E00017CC69817A814150510901E09B010E945C
:10E2F000273BEAA5FBA5F1CE911044C0D5011196AC
:10E300008C9111972C91287F982F929596959770C4
:10E31000292B30E0F701308B27878C7190E0880F34
:10E32000991F880F991F880F991F12962C91269577
:10E3300026952695822B928B818BA0CD9110CAC0F9
:10E34000D50114968C91149713962C911397287FCE
:10E35000982F929596959770292B30E0F701308B86
:10E3600027878C7190E0880F991F880F991F880F5D
:10E37000991F15962C91269526952695822B928B82
:10E38000818B7CCDF1017297849131969491282FE5
:10E39000287F892F829586958770822B90E0D70100
:10E3A00050969C938E931F9784913196E4918C7133
:10E3B00090E0880F991F880F991F880F991FE69585
:10E3C000E695E6958E2BF701928B818B57CD133016
:10E3D00009F40DC1163009F40AC1A10142515109D5
:10E3E000FA018491F0E88F9FC0011124D701509663
:10E3F0009C938E931F97910121513109F9018491CA
:10E40000F0E88F9FC001112452969C938E935197F0
:10E41000C1014097FC016491F0E86F9FB0011124A5
:10E4200054967C936E935397D1011F97B1016E5010
:10E43000710981010D501109FA014491FD01A49166
:10E4400050E04A1B51095695542F4427579547953C
:10E45000D70156965C934E935597F9012491FB0191
:10E46000649130E0261B31093695322F22273795EB
:10E47000279558963C932E935797FC018491F80169
:10E48000049190E0801B91099695982F8827979585
:10E4900087955A969C938E935997F701878D85306F
:10E4A00008F4D6CC873008F0E9CC258D368D2F5F67
:10E4B0003F4F85899689B90116D1F701D1CC698181
:10E4C0007A814AA55BA501E09B0188A599A50E94D8
:10E4D000AE3B91CDF1013F9757CFC857DF4F388101
:10E4E000C858D040AF963FAFAF97EDCAC357DF4F84
:10E4F0002881CD58D04073CB1C01E816F90608F0EE
:10E50000D9CE0AC0C757DF4F8881C958D040E1969D
:10E510003FAF2EAFE19747CB7C0181E090E0FC015B
:10E52000E41BF50B1DCB80910001813009F48BC0F9
:10E53000630183E087CA942D852D2301692E782EEF
:10E54000FBCA69817A8101E09B01CF0101960E949B
:10E55000273B39CE69817A814150510901E09B0105
:10E560000E94273B2B96EEADFFAD2B9726CEC09099
:10E570000401D0900501C618D708CE18DF0881E045
:10E5800061CA80910001813009F467C0630182E0B3
:10E5900059CA1396EC9113970E2F10E0C801969567
:10E5A000982F882797958795F701908B87871496E2
:10E5B0006C91149770E0CB019695982F88279795CA
:10E5C0008795928B818B15968C91A82FB0E0CD0109
:10E5D0009695982F882797958795948B838BF5012F
:10E5E000408150E0218130E0828190E010CCD10167
:10E5F0001F97FD018491F0E88F9FC0011124F7015E
:10E60000908B8787B1016E507109FB018491F0E80E
:10E610008F9FC0011124F701928B818B81010D50D6
:10E620001109F8018491F0E88F9FC0011124F701CE
:10E63000948B838BA10142515109910121513109E0
:10E64000C1014097F9CEC0900401D0900501C618D1
:10E65000D708CE18DF0883E0F5C9C0900401D09038
:10E660000501C618D708CE18DF0882E0EBC903D031
:10E6700008F481E00895990F0008550FAA0BE0E80F
:10E68000FEEF16161706E807F907C0F01216130674
:10E69000E407F50798F0621B730B840B950B39F4B4
:10E6A0000A2661F0232B242B252B21F408950A261A
:10E6B00009F4A140A6958FEF811D811D0895AA1B25
:10E6C000BB1B51E107C0AA1FBB1FA617B70710F05D
:10E6D000A61BB70B881F991F5A95A9F7809590958F
:10E6E000BC01CD01089597FB072E16F4009406D0C7
:10E6F00077FD08D0E4DF07FC05D03EF490958195C6
:10E700009F4F0895709561957F4F0895A1E21A2E4D
:10E71000AA1BBB1BFD010DC0AA1FBB1FEE1FFF1FC5
:10E72000A217B307E407F50720F0A21BB30BE40B15
:10E73000F50B661F771F881F991F1A9469F760955C
:10E740007095809590959B01AC01BD01CF01089516
:10E75000A29FB001B39FC001A39F700D811D112422
:10E76000911DB29F700D811D1124911D0895F0DF40
:10E77000B7FF0895821B930B0895EADFA59F900DC4
:10E78000B49F900DA49F800D911D11240895EF92C8
:10E790000F931F93CF93DF93E80147FD02C034E04E
:10E7A00001C034E1042E000C550B57FF03C05195F6
:10E7B00041955109E32E022F242FAE0107D0CE013F
:10E7C000DF91CF911F910F91EF9008958F929F92BB
:10E7D000AF92BF92CF92DF92EF92FF920F931F936F
:10E7E000CF93DF93CDB7DEB729970FB6F894DEBF8E
:10E7F0000FBECDBF6A01122FB02E2BE3201720F0E1
:10E80000FF24F394F00E02C02CE3F22E0F2D27E02C
:10E81000AE014F5F5F4F50D1BC014981842F897099
:10E82000813031F0E1FC06C0E0FE06C090E205C098
:10E830009DE203C09BE201C090E05E2D507143FF5A
:10E840003CC0911102C083E001C084E0811718F43C
:10E85000212F281B01C020E051110BC0F601822F8F
:10E8600030E2882319F031938150FBCFC20ED11CC6
:10E8700020E0992329F0D6019C93F60131966F018F
:10E88000C6010396E2FE0AC03EE4D6013C9341E491
:10E8900011964C93119712963C9306C03EE6F601F2
:10E8A000308341E641833283FC01322F40E233233F
:10E8B00009F442C041933150FACF42FF44C0911154
:10E8C00002C083E001C084E0811718F4212F281BC7
:10E8D00001C020E051110BC0F601822F30E28823E5
:10E8E00019F031938150FBCFC20ED11C20E0992347
:10E8F00029F0D6019C93F60131966F01C60103966B
:10E90000E2FE0BC039E4D6013C933EE411963C9301
:10E91000119736E412963C9307C039E6F60130832E
:10E920003EE6318336E63283FC01322F40E2332368
:10E9300019F041933150FBCFFC01E20FF11D108221
:10E940008EEF9FEFA6C021E030E0911102C020E0E1
:10E9500030E0161617061CF4FB01319602C0E1E008
:10E96000F0E02E0F3F1FBB2021F0EB2DF0E03196A1
:10E9700002C0E0E0F0E02E0F3F1FE12FF0E02E1785
:10E980003F071CF4121B212F01C020E08E2D88713F
:10E9900059F4F601822F30E2882319F03193815027
:10E9A000FBCFC20ED11C20E0992329F0D6019C9305
:10E9B000F60131966F0151110BC0F601822F90E3E1
:10E9C000882319F091938150FBCFC20ED11C20E017
:10E9D0000F2D060F9A81342F307144FF03C09133FD
:10E9E00009F40150101624F4093018F008E001C0B1
:10E9F00001E0AB0177FF02C040E050E0FB01E41B07
:10EA0000F50BA1E0B0E0AC0FBD1FEA0FFB1F8EE2DB
:10EA1000A82E4B01801A91080B2D10E0119501953D
:10EA200011094F3FBFEF5B0721F4D601AC9211965D
:10EA30006D01641775072CF08416950614F4818116
:10EA400001C080E3415051093196D60111967D01F4
:10EA50004017510724F0D6018C936701E2CF641769
:10EA6000750739F4963320F4953319F4311101C048
:10EA700081E3F6018083F701822F90E2882319F069
:10EA800091938150FBCFF701E20FF11D108280E0DE
:10EA900090E029960FB6F894DEBF0FBECDBFDF9190
:10EAA000CF911F910F91FF90EF90DF90CF90BF908B
:10EAB000AF909F908F900895283008F027E033277B
:10EAC000DA01990F311D87FD91600096610571058E
:10EAD00039F432602E5F3D9330E32A95E1F70895D3
:10EAE0009F3F30F080387105610509F03C5F3C5F65
:10EAF0003D93913008F08068911DDF93CF931F9371
:10EB00000F93FF92EF92192F987F9695E92F969584
:10EB10009695E90FFF27EC5FFE4F99273327EE24E8
:10EB2000FF24A701E70105900894079428F4360F05
:10EB3000E71EF81E491F511D660F771F881F991F7A
:10EB40000694A1F70590079428F4E70EF81E491FD4
:10EB5000561FC11D770F881F991F661F0694A1F7C6
:10EB60000590079428F4F80E491F561FC71FD11DA2
:10EB7000880F991F661F771F0694A1F705900794C9
:10EB800020F4490F561FC71FD81F990F661F771F04
:10EB9000881F0694A9F784911095177041F0D695B7
:10EBA000C79557954795F794E7941A95C1F7EAEA00
:10EBB000F0E06894159015913591659195910590C7
:10EBC0007FE27395E118F10A430B560BC90BD0098C
:10EBD000C0F7E10CF11E431F561FC91FD01D7EF464
:10EBE000703311F48A95E6CFE894015030F0080FA5
:10EBF0000AF40027021708F4202F2395022F7A33F6
:10EC000028F079E37D932A95E9F710C07D932A9542
:10EC100089F6069497956795379517951794E11897
:10EC2000F10A430B560BC90BD00998F023957E913E
:10EC300073957A3308F070E37C932013B8F77E91D4
:10EC400070617D9330F0839571E37D9370E32A9535
:10EC5000E1F71124EF90FF900F911F91CF91DF9179
:0CEC6000992787FD90950895F894FFCF48
:00000001FF
