S01F00004B56425F4C43445F31366269745F41546D6567613132382E73726563C2
S11300000C94FD210C9407220C9407220C940722D3
S11300100C9407220C9407220C9407220C940722B8
S11300200C9407220C9407220C9407220C940722A8
S11300300C9407220C9407220C9407220C94072298
S11300400C9407220C9407220C9407220C94072288
S11300500C9407220C9407220C9407220C94072278
S11300600C9407220C9407220C9407220C94072268
S11300700C9407220C9407220C9407220C94072258
S11300800C9407220C9407220C94072205A84CCD4B
S1130090B2D44EB93836A9020C50B9918688083CBE
S11300A0A6AAAA2ABE000000803F00407A10F35A94
S11300B000A0724E18090010A5D4E80000E87648A4
S11300C0170000E40B54020000CA9A3B000000E150
S11300D0F505000080969800000040420F000000E3
S11300E0A08601000000102700000000E8030000C3
S11300F000006400000000000A000000000001008D
S1130100000000002C76D888DC674F0823DFC1DFAD
S1130110AE59E1B1B796E5E3E453C63AE6519976B0
S113012096E8E6C28426EB898C9B62ED407C6FFCEA
S1130130EFBC9C9F40F2BAA56FA5F490055A2AF72C
S11301405C936B6CF9676DC11BFCE0E40D47FEF535
S113015020E6B500D0ED902E03009435770500809D
S1130160841E080000204E0A000000C80C333333FC
S1130170330F986E12831141EF8D2114893BE6559C
S113018016CFFEE6DB18D1844B381BF77C1D901D7F
S1130190A4BBE424203284725E228100C9F124ECE1
S11301A0A1E53D272A00230030003900380037003C
S11301B036003500340033003200310041746D657F
S11301C06C2053747564696F2037004B56422D318F
S11301D0366269742D4C43440A41546D656761313C
S11301E0323800C0D3C4C8CE00C7C2D3CAC800D1F5
S11301F0D2C0D0D200C2CDC8C700D1C1D0CED100A8
S1130200CDC0C7C0C400C2C8C4C5CE00C2C2C5D018
S1130210D50020C2FBE2EEE4E8EC20E220F1F2F0AB
S1130220EEEAE520E2E5F9E5F1F2E2E5EDEDEEE5F1
S113023020F7E8F1EBEE20F120E4EEE1E0E2EBE57B
S1130240EDE8E5EC20EDF3EBE5E92E200020D1FA12
S1130250E5F8FC20E5F9B820FDF2E8F520ECFFE331
S1130260EAE8F520F4F0E0EDF6F3E7F1EAE8F5204A
S1130270E1F3EBEEEA2C20E4E020E2FBEFE5E920F9
S1130280E6E520F7E0FE2E00D2E5EAF1F220F120C7
S1130290F2E5EDFCFE00CFE5F0E5EDEEF120EFEE4A
S11302A020F1EBEEE2E0EC00C1EEF0F3E7E4EEE285
S11302B020CAEEEDF1F2E0EDF2E8ED0AF2E5EB2E04
S11302C0202B37203936352D3336332D34352D3226
S11302D03900CFF0E5E4F1F2E0E2EBFFE5F22C20A7
S11302E0E3F0E0F4E8F7E5F1EAF3FE20E1E8E1EB1E
S11302F0E8EEF2E5EAF3204B564220312E302C2072
S1130300EDE0EFE8F1E0EDEDF3FE20E8F1EAEBFEDD
S1130310F7E8F2E5EBFCEDEE20E220F6E5EBEEF794
S1130320E8F1EBE5EDEDEEE920ECE0F2E5ECE0F2EE
S1130330E8EAE520EDE020FFE7FBEAE5203C433E68
S113034020E2203C4743433E00303132330010204A
S113035020214019000000000000000000000000FF
S11303600000000000000000000000000000000089
S11303700000000000000000000000000000000079
S11303800000000000000000000000000000000069
S11303900000000000000000000000000000000059
S11303A00380038003800380038003800380038031
S11303B00380038003800380038003800000000027
S11303C0038003800380038000000000000000001D
S11303D0000000000000000000001C701C701C7075
S11303E01C701C701C700000000000000000000065
S11303F000000000000000000000000000000000F9
S113040000000000000000000000000000000000E8
S113041000000000000000000000000000000000D8
S11304201C701C701C701C701C707FFC7FFC1C708A
S11304301C701C701C701C701C707FFC7FFC1C707A
S11304401C701C701C701C70000000000000000078
S11304500000000000000000000000000000038015
S113046003801FF03FF8739C739C738073807380C8
S113047073803FF01FF8039C039C039C039C739CB4
S1130480739C3FF81FF0038003800000000000000D
S11304900000000000000000000000000000000058
S11304A01F1C3F9C3BB83BB83FF01F7000E000E0CE
S11304B001C001C003800380070007000EF80FFC91
S11304C01DDC1DDC39FC38F80000000000000000D1
S11304D00000000000000000000000000000000018
S11304E00F801FC038E038E038E038E038E039C029
S11304F01F800F001F8C39DC70F870707070707082
S1130500707070F83FDC1F8C0000000000000000D9
S1130510000000000000000000000380038003804E
S1130520038003800380000000000000000000003E
S113053000000000000000000000000000000000B7
S113054000000000000000000000000000000000A7
S1130550000000000000000000000038007000E00F
S113056000E001C001C001C0038003800380038058
S1130570038003800380038003800380038003805F
S113058001C001C001C000E000E0007000380000BC
S11305900000000000000000000038001C000E00F5
S11305A00E00070007000700038003800380038018
S11305B0038003800380038003800380038003801F
S11305C00700070007000E000E001C0038000000A2
S11305D00000000000000000000000000000000017
S11305E0000000000000000038381C700EE007C056
S11305F003807FFC7FFC038007C00EE01C7038384A
S113060000000000000000000000000000000000E6
S113061000000000000000000000000000000000D6
S113062000000000000000000380038003800380BA
S113063003807FFC7FFC03800380038003800380AE
S113064000000000000000000000000000000000A6
S11306500000000000000000000000000000000096
S11306600000000000000000000000000000000086
S11306700000000000000000000000000000000076
S1130680038003800380038007000E000000000045
S11306900000000000000000000000000000000056
S11306A00000000000000000000000000000000046
S11306B000007FFC7FFC0000000000000000000040
S11306C00000000000000000000000000000000026
S11306D00000000000000000000000000000000016
S11306E00000000000000000000000000000000006
S11306F000000000000000000000000000000000F6
S113070003800380038003800000000000000000D9
S113071000000000000000000000000E000E001C9D
S1130720001C003800380070007000E000E001C0D8
S113073001C003800380070007000E000E001C00A8
S11307401C003800380070007000E000E000000079
S11307500000000000000000000000000000000095
S11307601FF03FF8701C701C701C703C707C70FC97
S113077071DC739C771C7E1C7C1C781C701C701CA8
S1130780701C701C3FF81FF0000000000000000007
S11307900000000000000000000000000000000055
S11307A0038007800F801F801F80038003800380E5
S11307B0038003800380038003800380038003801D
S11307C0038003801FF01FF0000000000000000001
S11307D00000000000000000000000000000000015
S11307E01FF03FF8701C701C701C701C701C001CE7
S11307F00038007000E001C0038007000E001C00F8
S1130800380070007FFC7FFC000000000000000046
S113081000000000000000000000000000000000D4
S11308201FF03FF8701C701C001C001C001C0018FA
S113083007F007F00018001C001C001C001C001C22
S1130840701C701C3FF81FF0000000000000000046
S11308500000000000000000000000000000000094
S1130860001C003C007C00FC01DC039C071C0E1CEB
S11308701C1C381C701C701C701C7FFC7FFC001C32
S1130880001C001C001C001C0000000000000000F4
S11308900000000000000000000000000000000054
S11308A07FFC7FFC700070007000700070007000AE
S11308B07FF07FF8001C001C001C001C001C001CA6
S11308C0701C701C3FF81FF00000000000000000C6
S11308D00000000000000000000000000000000014
S11308E01FF83FF870007000700070007000700016
S11308F07FF07FF8701C701C701C701C701C701CC6
S1130900701C701C3FF81FF0000000000000000085
S113091000000000000000000000000000000000D3
S11309207FFC7FFC701C701C701C703800380070D9
S1130930007000E000E001C001C003800380038078
S11309400380038003800380000000000000000097
S11309500000000000000000000000000000000093
S11309601FF03FF8701C701C701C701C701C701CF5
S113097030181FF01FF03018701C701C701C701C95
S1130980701C701C3FF81FF0000000000000000005
S11309900000000000000000000000000000000053
S11309A01FF03FF8701C701C701C701C701C701CB5
S11309B0701C701C3FFC1FFC001C001C001C001C55
S11309C0001C001C3FF83FF0000000000000000085
S11309D00000000000000000000000000000000013
S11309E000000000000000000000000003800380FD
S11309F003800380000000000000000000000000ED
S1130A0003800380038003800000000000000000D6
S1130A1000000000000000000000000000000000D2
S1130A2000000000000000000000000003800380BC
S1130A3003800380000000000000000000000000AC
S1130A40038003800380038007000E000000000081
S1130A500000000000000000000000000000000092
S1130A60001C0038007000E001C0038007000E0085
S1130A701C00380038001C000E000700038001C071
S1130A8000E000700038001C0000000000000000BE
S1130A900000000000000000000000000000000052
S1130AA00000000000000000000000007FFC7FFC4C
S1130AB000000000000000007FFC7FFC000000003C
S1130AC00000000000000000000000000000000022
S1130AD00000000000000000000000000000000012
S1130AE0700038001C000E000700038001C000E005
S1130AF0007000380038007000E001C00380070077
S1130B000E001C003800700000000000000000000F
S1130B1000000000000000000000000000000000D1
S1130B201FF03FF8701C701C701C701C701C003887
S1130B30007000E001C00380038003800000000017
S1130B400380038003800380000000000000000095
S1130B500000000000000000000000000000000091
S1130B601FF03FF8701C701C701C70FC71FC739CAF
S1130B70739C739C739C739C739C739C71FC70EC4E
S1130B80700070003FFC1FFC00000000000000002B
S1130B90000000000E1C20A231150000000000001F
S1130BA00000000000000000000000000000000041
S1130BB00000000000000000000000000000000031
S1130BC00000000000000000000000000000000021
S1130BD00000060018006001800600180060018013
S1130BE0060018006001800000000060018006001B
S1130BF018000000000000000000000000000001D8
S1130C008C063018C063018C063000000000000020
S1130C1000000000000000000000000000000000D0
S1130C2000000000000000000000000000000000C0
S1130C300000000018C063018C06307FF1FFC18CF6
S1130C40063018C063018C06307FF1FFC18C06307A
S1130C5018C0630000000000000000000000000055
S1130C6000000000C003003F01FE0CCC3330CC0375
S1130C70300CC01FC03F803300CC0330CCC33307DB
S1130C80F80FC00C0030000000000000000000005D
S1130C900000000000003C31F8C66619987EC0F3DD
S1130CA00018006003000C006001800CF037E1992B
S1130CB0866631F8C3C00000000000000000000098
S1130CC0000000000000000F007E030C0C3030C058
S1130CD0E701F803C00E007C63BB9C7C60E1838663
S1130CE00E1C7C3FB87C6000000000000000000087
S1130CF00000000000600180060018006001800010
S1130D0000000000000000000000000000000000DF
S1130D1000000000000000000000000000000000CF
S1130D200000000000000C006003000C0060018063
S1130D3006001800600180060018006001800600AB
S1130D40180060018003000C00180030000000004F
S1130D5000000000000001800300060018003000BD
S1130D60C003000C003000C003000C003000C003BE
S1130D70000C003000C006001800C006000000008F
S1130D80000000000000000000000000000000005F
S1130D90000038E07700F801C07FF1FFC07003E085
S1130DA01DC0E380000000000000000000000000FF
S1130DB0000000000000000000000000000000002F
S1130DC00000C003000C003000C07FF9FFE03000D9
S1130DD0C003000C00300000000000000000000010
S1130DE000000000000000000000000000000000FF
S1130DF000000000000000000000000000000000EF
S1130E0000000000000060018006001800C0060019
S1130E1000000000000000000000000000000000CE
S1130E200000000000000000000000007FF1FFC08F
S1130E3000000000000000000000000000000000AE
S1130E40000000000000000000000000000000009E
S1130E50000000000000000000000000000000008E
S1130E60000000000000000060018006001800007F
S1130E700000000000000000000000000000000C62
S1130E800030018006003000C006001800C00300D6
S1130E9018006003000C006001800C003001800623
S1130EA0000000000000000000000000000000003E
S1130EB0001FC0FF8603180C607183C61F18EC67FF
S1130EC031B8C7C31E0C703180C603180C3FE07FD5
S1130ED0000000000000000000000000000000000E
S1130EE0000003001C00F007C003000C003000C029
S1130EF003000C003000C003000C003000C01FE0F1
S1130F007F800000000000000000000000000000DE
S1130F100000001FC0FF8603180C603180C003006E
S1130F201C00E007003801C00E007003801C007F25
S1130F30F1FFC000000000000000000000000000FD
S1130F40000000001FC0FF8603180C003000C0031F
S1130F50000C0FE03F8003000C003000C603180CA7
S1130F603FE07F00000000000000000000000000DF
S1130F700000000000003001C00F007C03B01CC062
S1130F80E3070C3831C0C603180C7FF1FFC003001F
S1130F900C003000C0000000000000000000000051
S1130FA00000000000007FF1FFC60018006001800F
S1130FB006001FF07FE000C003000C003000C603F1
S1130FC0180C3FE07F00000000000000000000005B
S1130FD0000000000000001FE0FF86001800600110
S1130FE08006001FF07FE180C603180C603180C6C4
S1130FF003180C3FE07F0000000000000000000028
S113100000000000000000007FF1FFC603180C6020
S113101030018006003000C006001800C003000C38
S1131020003000C003000C000000000000000000BD
S11310300000000000000000001FC0FF8603180C21
S1131040603180C603180C3FE0FF8603180C603142
S113105080C603180C3FE07F000000000000000081
S1131060000000000000000000001FC0FF860318FD
S11310700C603180C603180C6030FFC1FF000C0007
S11310803000C003000C3FE0FF000000000000003F
S1131090000000000000000000000000000000004C
S11310A0000000001800600180060000000000003D
S11310B0000000006001800600180000000000002D
S11310C0000000000000000000000000000000001C
S11310D0000000000018006001800600000000000D
S11310E0000000000060018006001800C006000037
S11310F000000000000000000000000000000001EB
S1131100C00E007003801C00E007003801C003809B
S113111007000E001C0038007000E001C000000051
S113112000000000000000000000000000000000BB
S113113000000000000001FFC7FF000000000000E5
S1131140001FFC7FF0000000000000000000000011
S1131150000000000000000000000000000000008B
S113116001C0038007000E001C0038007000E0017D
S1131170C00E007003801C00E007003801C00000AE
S1131180000000000000000000000000000000005B
S11311901F80FF06061818606181800C0060030040
S11311A01800600180000000006001800600180043
S11311B0000000000000000000000000000000002B
S11311C0001FC0FF8603180C603187C63F19CC6628
S11311D03198C66319CC63F187460018003FF07F4D
S11311E0C00000000000000000000000000000003B
S11311F000001FC0FF8603180C603180C603180C62
S11312006031FFC7FF180C603180C603180C6031D1
S113121080C000000000000000000000000000008A
S11312200000007FC1FF8603180C603180C6061FD2
S1131230F07FC1818603180C603180C603180C7FCF
S1131240E1FF0000000000000000000000000000BA
S1131250000000001FC0FF8603180C6031800600E8
S1131260180060018006001800600180C603180C95
S11312703FE07F00000000000000000000000000CC
S113128000000000007F01FF060E1818603180C6C0
S113129003180C603180C603180C603180C6061830
S11312A0387FC1FC000000000000000000000000C6
S11312B00000000000007FF1FFC6001800600180FC
S11312C0060018007F81FE060018006001800600F9
S11312D018007FF1FFC000000000000000000000C3
S11312E0000000000000007FF1FFC600180060014C
S11312F080060018007F81FE060018006001800649
S113130000180060018000000000000000000000E0
S113131000000000000000001FC0FF8603180C60DE
S113132031800600180063F18FC603180C60318009
S1131330C603180C3FE07F0000000000000000001E
S1131340000000000000000000603180C603180C9B
S1131350603180C603180C7FF1FFC603180C60319E
S113136080C603180C603180C0000000000000003B
S1131370000000000000000000000FC03F0030002B
S1131380C003000C003000C003000C003000C00398
S1131390000C003000C00FC03F000000000000003F
S11313A0000000000000000000000001F807E00653
S11313B00018006001800600180060018006001813
S11313C0606181860618183FC07E0000000000009E
S11313D0000000000000000000000000603181C631
S11313E00E187063819C06E01F007801E007C01BA3
S11313F08067018E061C1838607180C000000000F0
S113140000000000000000000000000000600180F7
S113141006001800600180060018006001800600C4
S11314201800600180060018007FF1FFC000000072
S1131430000000000000000000000000000040095F
S11314408067039E1E7CF9BF667998C66019806622
S11314500198066019806601980660198060000092
S11314600000000000000000000000000000006018
S11314703180C603180C7031E0C7C31B8C67318EF2
S1131480C61F183C607180C603180C603180C00010
S11314900000000000000000000000000000000048
S11314A01FC0FF8603180C603180C603180C60311E
S11314B080C603180C603180C603180C3FE07F001F
S11314C00000000000000000000000000000000018
S11314D0007FC1FF8603180C603180C603180C60BE
S11314E031FF87FC1800600180060018006001804D
S11314F000000000000000000000000000000000E8
S113150000001FC0FF8603180C603180C603180C4E
S1131510603180C603180C603180C63B187C3FE004
S11315207F8007000E0000000000000000000000A3
S11315300000007FC1FF8603180C603180C60318C9
S11315400C6031FF87FC1F006E019C063818706028
S1131550E181C00000000000000000000000000065
S1131560000000001FC0FF8603180C600180060005
S113157018003FC07F8003000C003000C603180C25
S11315803FE07F00000000000000000000000000B9
S113159000000000007FF9FFE03000C003000C00F1
S11315A03000C003000C003000C003000C00300009
S11315B0C003000C00000000000000000000000058
S11315C0000000000000603180C603180C60318008
S11315D0C603180C603180C603180C603180C60342
S11315E0180C3FE07F000000000000000000000035
S11315F000000000000000603180C603180C306059
S1131600C183060C1818C063018C06300D803600A7
S1131610D801C007001C000000000000000000000A
S11316200000000000000000601980660198066058
S1131630198066019806601980663199E66FD9F3BE
S1131640E7879C0E601900200000000000000000E5
S1131650000000000000000000603180C3060C1888
S113166018C06300D8036007001C00D8036018C0CA
S11316706303060C18603180C00000000000000005
S11316800000000000000000000060198063030CEB
S11316900C18606180CC033007801E003000C0034A
S11316A0000C003000C003000C000000000000002B
S11316B000000000000000000000007FF1FFC003F4
S11316C0000C007003801C00E007003801C00E000D
S11316D0700180060018007FF1FFC00000000000C8
S11316E00000000000000000007E01F80600180061
S11316F06001800600180060018006001800600187
S11317008006001800600180060018007E01F800C1
S1131710000000000000000000000018006000C08D
S11317200300060018003000C0018006000C0030E1
S11317300060018003000C0018006000C00300007A
S11317400000000000000000000003F00FC00300D0
S11317500C003000C003000C003000C003000C007B
S11317603000C003000C003000C003000C03F00F75
S1131770C000000000000000000000002001C00FB5
S11317808077038E1C1C0000000000000000000095
S11317900000000000000000000000000000000045
S11317A00000000000000000000000000000000035
S11317B00000000000000000000000000000000025
S11317C00000000000000000000000000000000015
S11317D0001FFC7FF0000000000000000000C003B8
S11317E08007000E00180000000000000000000048
S11317F000000000000000000000000000000000E5
S113180000000000000000000000000000000000D4
S113181000000000000000000000007F01FE000C3A
S113182000307FC3FF180C603180C603180C3FF0F2
S11318307FC0000000000000000000000000000065
S1131840000000600180060018006001FF07FE1818
S11318500C603180C603180C603180C603180C7FFD
S1131860E1FF000000000000000000000000000094
S1131870000000000000000000000000007F03FEE4
S1131880181C600180060018006001800600181C06
S11318903FE07F00000000000000000000000000A6
S11318A00000000000003000C003000C00307FC3C3
S11318B0FF180C603180C603180C603180C6031811
S11318C00C3FF07FC000000000000000000000009A
S11318D00000000000000000000000000000007F85
S11318E003FE180C603180C7FF1FFC6001800600F6
S11318F0181C3FE07F000000000000000000000012
S11319000000000000000003F01FC060018006001A
S1131910FF03FC0180060018006001800600180027
S113192060018006001800000000000000000000B4
S113193000000000000000000000000000000000A3
S1131940007FC3FF180C603180C603180C6031801F
S1131950C603180C3FF07FC003000C003000C3FE28
S11319600FF0000000000000006001800600180075
S11319706001FF07FE180C603180C603180C60314B
S113198080C603180C603180C00000000000000015
S11319900000000000000000000003000C00300004
S11319A00000003C00F000C003000C003000C00345
S11319B0000C003000C00FC03F0000000000000019
S11319C0000000000000000000000000600180062C
S11319D00000000007801E00180060018006001847
S11319E00060018006001800600180060C18306059
S11319F0C181FC03E0000000000000003000C003CF
S1131A00000C003000C1C30E0C703380DC03E00F07
S1131A10003E00DC03380C7030E0C1C00000000060
S1131A20000000000000000000000000000F003C67
S1131A30003000C003000C003000C003000C003074
S1131A4000C003000C003000C00FC03F00000000C5
S1131A500000000000000000000000000000000082
S1131A6000000000000001FF87FF18C663198C66A0
S1131A703198C663198C663198C663198C6000006E
S1131A800000000000000000000000000000000052
S1131A900000000000000001FF07FE180C60318008
S1131AA0C603180C603180C603180C603180C00076
S1131AB00000000000000000000000000000000022
S1131AC00000000000000000007F03FE180C6031DD
S1131AD080C603180C603180C603180C3FE07F00F9
S1131AE000000000000000000000000000000000F2
S1131AF000000000000000000001FF07FE180C6059
S1131B003180C603180C603180C603180C7FE1FFD6
S1131B1006001800600180060018000000000000A4
S1131B2000000000000000000000007FC3FF180C4C
S1131B30603180C603180C603180C603180C3FF076
S1131B407FC003000C003000C003000C0000000044
S1131B500000000000000000000000019FC6FF1FFD
S1131B60007801C0060018006001800600180060BB
S1131B7001800000000000000000000000000000E0
S1131B80000000000000000000000000007F03FED1
S1131B90180C60018003FC07F8003000C0031C0C23
S1131BA03FE07F0000000000000000000000000093
S1131BB00000000000060018006001800600FF031A
S1131BC0FC01800600180060018006001800600116
S1131BD08007E00F8000000000000000000000000B
S1131BE00000000000000000000000000000018070
S1131BF0C603180C603180C603180C603180C6031C
S1131C00180C3FF07FC0000000000000000000003E
S1131C1000000000000000000000000000000001BF
S1131C2080C603180C3060C18306063018C06300F8
S1131C30D8036007001C0000000000000000000042
S1131C400000000000000000000000000000000090
S1131C5001806601980660198C663198C663198CF8
S1131C60663198C63FF07F8000000000000000004D
S1131C700000000000000000000000000000000060
S1131C80000180C6031C1C38E07700F801C00F80F7
S1131C9077038E1C1C603180C0000000000000002F
S1131CA00000000000000000000000000000000030
S1131CB000000180C603180C603180C603180C6054
S1131CC03180C603180C3FF07FC003000C003000C5
S1131CD0C3FE0FF000000000000000000000000040
S1131CE000000001FFC7FF001C00E007003801C02E
S1131CF00E007003801C007FF1FFC0000000000094
S1131D000000000000000000000E007803800C00BA
S1131D103000C003000C003001801C007000600023
S1131D20C003000C003000C003000E001E00380089
S1131D3000000000000000000000600180060018A0
S1131D400060018006001800600180060018006031
S1131D500180060018006001800600180060018000
S1131D600000000000000000000003800F000E00CF
S1131D701800600180060018006000C001C0070060
S1131D803001800600180060018006003803C00E90
S1131D90000000000000000000000000000000003F
S1131DA000000000000000000000000F0C7E318CD9
S1131DB0C63F18780000000000000000000000008A
S1131DC0000000000000000000000000000000000F
S1131DD01FC0FF8603180C603180C603180C6031E5
S1131DE0FFC7FF180C603180C603180C603180C037
S1131DF000000000000000000000000000000000DF
S1131E00007FE1FF8600180060018006001FF07F5C
S1131E10E180C603180C603180C603180C7FE1FF13
S1131E2000000000000000000000000000000000AE
S1131E3000007FC1FF8603180C603180C6061FF0C6
S1131E407FC1818603180C603180C603180C7FE1C2
S1131E50FF0000000000000000000000000000007F
S1131E600000007FF1FFC600180060018006001822
S1131E700060018006001800600180060018006000
S1131E8001800000000000000000000000000000CD
S1131E900000000007F03FC1830C0C603180C603D2
S1131EA0180C603180C603180C603180C603180C0E
S1131EB0FFFBFFEC01B006C01800000000000000AA
S1131EC000000000007FF1FFC600180060018006DA
S1131ED00018007F81FE06001800600180060018CB
S1131EE0007FF1FFC00000000000000000000000BF
S1131EF000000000000063198C663198C66319CC99
S1131F00E3B707F80FC07F83B71CCE63198C663123
S1131F1098C663198C6000000000000000000000F7
S1131F20000000000000001FC0FF8603180C0030F2
S1131F3000C003000C0FE03F8003000C003000C61B
S1131F4003180C3FE07F00000000000000000000C8
S1131F500000000000000000603180C603180C601F
S1131F603181C60F187C63B19CC6E31F0C7831C065
S1131F70C603180C603180C000000000000000009F
S1131F80000018C07F00F80000603180C603180C00
S1131F90603181C60F187C63B19CC6E31F0C783195
S1131FA0C0C603180C603180C000000000000000AF
S1131FB000000000000000000000603181C60E181F
S1131FC07063819C06E01F007801E007C01B8067F6
S1131FD0018E061C1838607180C0000000000000EB
S1131FE0000000000000000000000007F03FC18373
S1131FF0060C183060C183060C183060C183060CCF
S1132000183060C183060C3831C0C00000000000E5
S1132010000000000000000000000000400980678C
S1132020039E1E7CF9BF667998C660198066019884
S1132030066019806601980660198060000000003F
S1132040000000000000000000000000006031807B
S1132050C603180C603180C603180C7FF1FFC60359
S1132060180C603180C603180C603180C000000079
S113207000000000000000000000000000001FC07D
S1132080FF8603180C603180C603180C603180C6CB
S113209003180C603180C603180C3FE07F00000079
S11320A00000000000000000000000000000007FAD
S11320B0F1FFC603180C603180C603180C60318030
S11320C0C603180C603180C603180C603180C00050
S11320D000000000000000000000000000000000FC
S11320E07FC1FF8603180C603180C603180C603171
S11320F0FF87FC1800600180060018006001800062
S113210000000000000000000000000000000000CB
S1132110001FC0FF8603180C6031800600180060A1
S1132120018006001800600180C603180C3FE07FA0
S1132130000000000000000000000000000000009B
S113214000007FF9FFE03000C003000C003000C045
S113215003000C003000C003000C003000C003007A
S11321600C0000000000000000000000000000005F
S1132170000000603180C603180C603180C603186B
S11321800C6030FFC1FF000C003000C003000C3FA6
S1132190E0FF00000000000000000000000000005C
S11321A0003000C01FE0FFC63198C663198C663149
S11321B098C663198C663198C663198C663198C6C3
S11321C03FF07F803000C0000000000000000000ED
S11321D00000000000603180C3060C1818C06300C2
S11321E0D8036007001C00D8036018C06303060C02
S11321F018603180C00000000000000000000000F2
S1132200000000000000603180C603180C603180BB
S1132210C603180C603180C603180C603180C603F5
S1132220180C3FF87FE001800600180060000000F1
S113223000000000000000603180C603180C60310B
S113224080C603180C3FF07FC003000C003000C0B0
S113225003000C003000C00000000000000000007B
S1132260000000000000000063198C663198C6630A
S1132270198C663198C663198C663198C663198CBB
S1132280663198C63FF87FE00000000000000000BF
S113229000000000000000000063198C663198C63D
S11322A063198C663198C663198C663198C66319B4
S11322B08C663198C63FFC7FF000C003000C0030F0
S11322C000000000000000000000F003C003000C48
S11322D0003000C003FE0FFC3018C063018C0630D0
S11322E018C063018C063FF0FF800000000000006E
S11322F0000000000000000000000060198066017A
S1132300980660198067F19FE660D983660D983658
S113231060D983660D98367F99FC60000000000048
S113232000000000000000000000000060018006C2
S113233000180060018007FC1FF8603180C6031894
S11323400C603180C603180C7FE1FF000000000020
S1132350000000000000000000000000001FC0FF9B
S11323608603180C003000C003000C0FF03FC003BC
S1132370000C003000C603180C3FE07F0000000092
S1132380000000000000000000000000000061E107
S11323908FC6619986661998666199867E19F86672
S11323A06199866619986661998663F18780000051
S11323B00000000000000000000000000000001FFA
S11323C0F0FFC603180C603180C603180C6030FFA0
S11323D0C1FF007C03B01CC0E3070C3831C0C0004F
S11323E000000000000000000000000000000000E9
S11323F00000000000000000007F01FE000C00301F
S11324007FC3FF180C603180C603180C3FF07FC0F7
S113241000000000000000000000000000000000B8
S1132420001FC0FF0600180060008001FC0FF86068
S11324303180C603180C603180C603180C3FE07F5E
S11324400000000000000000000000000000000088
S113245000001F00FE070C183060C18306181FF02F
S11324607FE180C603180C603180C6031C183FE06E
S11324707F000000000000000000000000000000D9
S1132480000000000000000000000000FF03FE0048
S11324900C003000C1FE0FF0600180060018003F00
S11324A0E07F800000000000000000000000000049
S11324B0000000003FC0FF8003000C00307FC3FF1A
S11324C0180C603180C603180C603180C603180CE8
S11324D03FE07F000000000000000000000000005A
S11324E000000000000000000000000000007F0366
S11324F0FE180C603180C7FF1FFC600180060018C5
S11325001C3FE07F0000000000000000000000000D
S11325100000000000000000000000000000018C2A
S1132520663198C67338EDC1FE03F01FE0EDC73382
S113253098C663198C6000000000000000000000D1
S11325400000000000000000000000000000000087
S11325507F03FE1C0C003000C0FE03F8003000C0F6
S1132560031C0C3FE07F000000000000000000009E
S11325700000000000000000000000000000000057
S11325800180C603180C603180C603180C603180CA
S1132590C603181C3FF07EC00000000000000000CD
S11325A000000000000000000000006301FC03E0E4
S11325B0000180C603180C603180C603180C60311A
S11325C080C603181C3FF07EC0000000000000001D
S11325D000000000000000000000000000000000F7
S11325E0000000C1C30E0C703380DC03E00F003E1A
S11325F000DC03380C7030E0C1C0000000000000B3
S113260000000000000000000000000000000000C6
S1132610000000001FC0FF060C183060C183060CC8
S1132620183060C183060C3831C0C00000000000BF
S11326300000000000000000000000000000000096
S113264000000000010026019C0E7879F3E6FD9954
S1132650E663198066019806601980600000000036
S11326600000000000000000000000000000000066
S113267000000000000180C603180C603180C7FF11
S11326801FFC603180C603180C603180C00000005C
S11326900000000000000000000000000000000036
S11326A0000000000000007F03FE180C603180C6AB
S11326B003180C603180C603180C3FE07F00000053
S11326C00000000000000000000000000000000006
S11326D00000000000000001FFC7FF180C603180FB
S11326E0C603180C603180C603180C603180C0002A
S11326F000000000000000000000000000000000D6
S1132700000000000000000001FF07FE180C60310B
S113271080C603180C603180C603180C7FE1FF06E5
S1132720001800600180060018000000000000008E
S1132730000000000000000000007F03FE181C6081
S11327400180060018006001800600181C3FE07F2D
S11327500000000000000000000000000000000075
S11327600000000000000000000001FFE7FF80C03F
S113277003000C003000C003000C003000C0030054
S11327800C00000000000000000000000000000039
S113279000000000000000000000000180C60318D3
S11327A00C603180C603180C603180C603180C3FDE
S11327B0F07FC003000C003000C3FE0FF0000000E7
S11327C000000000000000000000C003007F83FF41
S11327D018C663198C663198C663198C663198C61D
S11327E03FF07F803000C0000000000000000000C7
S11327F0000000000000000000000000000180C68E
S1132800031C1C38E07700F801C00F8077038E1C8E
S11328101C603180C00000000000000000000000C7
S11328200000000000000000000000000000018023
S1132830C603180C603180C603180C603180C603CF
S1132840180C3FF87FE001800600180060000000CB
S11328500000000000000000000000000000000173
S113286080C603180C603180C3FF07FC003000C031
S113287003000C003000C000000000000000000055
S11328800000000000000000000000000000000044
S1132890018C663198C663198C663198C663198CAD
S11328A0663198C63FF87FE0000000000000000099
S11328B00000000000000000000000000000000014
S11328C000018C663198C663198C663198C6631909
S11328D08C663198C63FFC7FF000C003000C0030CA
S11328E000000000000000000000000000000000E4
S11328F0000003C00F000C003000FF03FE0C0C307E
S113290030C0C3030C0C3FE0FF00000000000000D7
S113291000000000000000000000000000000000B3
S11329200000000180660198066019FC67F998367A
S113293060D983660D98367F99FC60000000000022
S11329400000000000000000000000000000000083
S11329500000000000C003000C003000FF03FE0C68
S11329600C3030C0C3030C0C3FE0FF00000000003B
S11329700000000000000000000000000000000053
S11329800000000000007F03FE1C0C003000C0FFAC
S113299003FC003000C0031C0C3FE07F000000007B
S11329A00000000000000000000000000000000023
S11329B00000000000000187863F198666199866AA
S11329C0619F867E19986661998663F1878000000D
S11329D000000000000000000000000000000000F3
S11329E000000000000000007FC3FF180C6031806D
S11329F0C6030FFC1FF00EC073038C1C30E0C00034
S1132A0000000000000000000018C063018C0000FA
S1132A107FF1FFC6001800600180060018007F8166
S1132A20FE06001800600180060018007FF1FFC058
S1132A300000000000000000000000000000000092
S1132A4000000063018C063000007F03FE180C6058
S1132A503180C7FF1FFC6001800600181C3FE07F27
S1132A600000000000000000000000000000000062
S1132A70000061E18FC63318CC63F18787001C0026
S1132A8079F1E7C6D81B6067819E063818E061813A
S1132A908600000000000000000000000C1820A2C6
S1132AA024120000000000000000000000000000EC
S1132AB00000000000000000000000000000000012
S1132AC00000000000000000000000000600600696
S1132AD0006006006006006006006000000006005A
S1132AE0600600000000000000000000001981984A
S1132AF01981980900000000000000000000000097
S1132B0000000000000000000000000000000000C1
S1132B10000000001981981981987FE19819819823
S1132B201981987FE19819819819800000000000AC
S1132B3000000000000000600601F836C666660664
S1132B40603601F806C06606666636C1F80600609F
S1132B5000000000000000000000000000038C6C76
S1132B60C6D86D83B00300600600C00DC1B61B63F8
S1132B703631C0000000000000000000000000002A
S1132B800E01B03183183181B00E01E633661C604A
S1132B90C60C61C3361E6000000000000000000087
S1132BA0000600600600600600000000000000004F
S1132BB00000000000000000000000000000000011
S1132BC0000000000000C01803003006006006008A
S1132BD0600600600600600600600600300300180E
S1132BE000C0000000000000003001800C00C0069E
S1132BF000600600600600600600600600600600D3
S1132C00C00C018030000000000000000000000043
S1132C1000000000060C3181B00E0FFE0E01B03131
S1132C20860C00000000000000000000000000000E
S1132C30000000000000000000600600600607FEBF
S1132C4006006006006000000000000000000000B4
S1132C500000000000000000000000000000000070
S1132C6000000000000000000000060060060020D4
S1132C70020040000000000000000000000000000E
S1132C8000000000000007FE00000000000000003B
S1132C900000000000000000000000000000000030
S1132CA00000000000000000000000000000000020
S1132CB000000600600600000000000000000000A4
S1132CC00000000600600C00C018018030030060A2
S1132CD00600C00C018018030030060060000000EC
S1132CE000000000000000001F830C60660660E620
S1132CF01E6366666C678670660660630C1F8000E0
S1132D000000000000000000000000000600E01EBB
S1132D1003600600600600600600600600600600AE
S1132D20603FC00000000000000000000000000040
S1132D301F830C60660660600600C0180300600C08
S1132D4001803006007FE000000000000000000069
S1132D50000000001F830C60600600600600C0F8DD
S1132D6000C00600600660630C1F800000000000C5
S1132D70000000000000000000600E01E036066064
S1132D80C61863066066066067FE006006006000A1
S1132D900000000000000000000000007FE600606A
S1132DA006006006007F800C006006006006606319
S1132DB00C1F800000000000000000000000000064
S1132DC01FC3006006006006007F860C6066066014
S1132DD0660660630C1F8000000000000000000015
S1132DE0000000007FE60660600600C00C01801849
S1132DF003003006006006006006000000000000CA
S1132E0000000000000000001F830C60660660667E
S1132E100630C1F830C60660660660630C1F800089
S1132E200000000000000000000000001F830C6090
S1132E3066066066066063061FE0060060060060C2
S1132E400C3F8000000000000000000000000000B3
S1132E500000000000000600600600000000000002
S1132E6000000600600600000000000000000000F2
S1132E7000000000000000000000060060060000E2
S1132E800000000000000600600600200200400070
S1132E90000000000000000000600C01803006000B
S1132EA0C01803001800C006003001800C00600048
S1132EB0000000000000000000000000000000000E
S1132EC000000007FE0000000000007FE00000009A
S1132ED000000000000000000000000000000000EE
S1132EE06003001800C006003001800C0180300629
S1132EF000C0180300600000000000000000000093
S1132F00000000001F830C60660660600C018030C6
S1132F1006006000000006006006000000000000DB
S1132F2000000000000000001F830C60660663E6DA
S1132F306666666666666666663A6003001FE0005B
S1132F400000000000000000000000001F830C606F
S1132F5066066066066066067FE60660660660666C
S1132F600660600000000000000000000000000097
S1132F707F860C60660660660C7F860C6066066061
S1132F80660660660C7F8000000000000000000000
S1132F90000000001F830C606606600600600600E7
S1132FA060060060060660630C1F800000000000DD
S1132FB000000000000000007F860C60660660666A
S1132FC00660660660660660660660660C7F8000C2
S1132FD00000000000000000000000007FE6006028
S1132FE006006006006007F86006006006006006E0
S1132FF0007FE0000000000000000000000000006E
S11330007FE6006006006006006007F86006006066
S113301006006006006000000000000000000000E0
S1133020000000001F830C60660660060060063E18
S113303060660660660660630C1F80000000000086
S1133040000000000000000060660660660660661E
S1133050066067FE6066066066066066066060007D
S11330600000000000000000000000001F80600657
S1133070006006006006006006006006006006004E
S1133080601F80000000000000000000000000003D
S113309003F00C00C00C00C00C00C00C00C00C609D
S11330A0C60C60C3181F00000000000000000000F0
S11330B00000000060660C6186306606C078070078
S11330C07806C066063061860C606000000000006F
S11330D000000000000000006006006006006006BA
S11330E0006006006006006006006006007FE000E5
S11330F0000000000000000000000000802C06E03A
S1133100EF1EDB6CE6C46C06C06C06C06C06C06CBB
S113311006C0600000000000000000000000000085
S11331206066066066067067866C666663661E6027
S1133130E606606606606000000000000000000013
S1133140000000001F830C60660660660660660669
S113315060660660660660630C1F80000000000065
S113316000000000000000007F860C6066066066B8
S11331700660C7F860060060060060060060000094
S11331800000000000000000000000001F830C602D
S113319066066066066066066066066066066663C6
S11331A03C1F800C006000000000000000000000D4
S11331B07F860C60660660660660C7F87806C0669F
S11331C0063061860C606000000000000000000012
S11331D0000000001F830C6066006006003001F8E8
S11331E000C00600600660630C1F80000000000041
S11331F000000000000000007FE0600600600600A0
S113320060060060060060060060060060060000BC
S1133210000000000000000000000000606606607E
S1133220660660660660660660660660660660633B
S11332300C1F8000000000000000000000000000DF
S113324060660660660630C30C30C30C1981981999
S113325080F00F0060060000000000000000000085
S113326000000000C06C06C06C06C06C06C06C0692
S1133270C46CE6DB6F1EE0EC06802000000000005A
S1133280000000000000000060660630C30C1981D5
S1133290980F00600F019819830C30C60660600017
S11332A0000000000000000000000000606606301E
S11332B0C30C1981980F00F0060060060060060038
S11332C06006000000000000000000000000000094
S11332D07FE00600600600C0180300600C01803027
S11332E006006006007FE00000000000000000000F
S11332F00007C0600600600600600600600600600B
S113330006006006006006006006006007C000005A
S11333100000000000000600600300300180180077
S1133320C00C006006003003001801800C00C006C9
S11333300060000000000000003E0060060060061F
S1133340006006006006006006006006006006007B
S1133350600600603E00000000000000000600F06F
S113336019830C60600000000000000000000000F1
S11333700000000000000000000000000000000049
S11333800000000000000000000000000000000039
S11333900000000000000000000000007FE00000CA
S11333A000000000001800C006003001800000008A
S11333B00000000000000000000000000000000009
S11333C000000000000000000000000000000000F9
S11333D000003F800C0060061FE306606606606321
S11333E0061FE000000000000000000000000000D4
S11333F06006006006007F860C60660660660660F4
S1133400660660660C7F800000000000000000007B
S1133410000000000000000000001F830C60660034
S113342060060060060060630C1F8000000000005E
S113343000000000000000000060060060061FE3BA
S1133440066066066066066066066063061FE00046
S11334500000000000000000000000000000000068
S113346000001F830C6066066067FE600600600350
S1133470061FC00000000000000000000000000063
S113348003E0600600603FC060060060060060065E
S1133490006006006006000000000000000000005C
S11334A0000000000000000000001FE30660660644
S11334B06066066066066063061FE006006006003C
S11334C0C3F80000000000006006006006007F866C
S11334D00C606606606606606606606606606000EC
S11334E0000000000000000000000000060060066C
S11334F000001E0060060060060060060060060012
S1133500601F8000000000000000000000000000B8
S113351000C00C00C00003C00C00C00C00C00C00B4
S1133520C00C00C00C00C00C30C30C1980F00000AB
S11335300000000030030030030030630C3183309E
S11335403603C036033031830C30600000000000C5
S113355000000000000000001E006006006006007D
S1133560600600600600600600600600601F8000C0
S11335700000000000000000000000000000000047
S113358000007F866C666666666666666666666664
S113359066666000000000000000000000000000FB
S11335A00000000000007F860C606606606606600E
S11335B0660660660660600000000000000000000F
S11335C0000000000000000000001F830C6066067D
S11335D060660660660660630C1F800000000000E1
S11335E000000000000000000000000000007F86D2
S11335F00C60660660660660660660660C7F860080
S113360060060060060000000000000000000000EA
S113361000001FE306606606606606606606606377
S1133620061FE006006006006006000000000000BF
S113363000000000000067E6C07807006006006034
S113364006006006006000000000000000000000AA
S1133650000000000000000000003FC606600600F5
S11336606003FC0060060066063FC0000000000026
S113367000000000000000000C00C00C00C07F80AF
S1133680C00C00C00C00C00C00C00C00C007C0007F
S11336900000000000000000000000000000000026
S11336A00000606606606606606606606606606323
S11336B0061FE00000000000000000000000000001
S11336C000000000000060660660630C30C19819B9
S11336D080F00F0060060000000000000000000001
S11336E0000000000000000000006066066066063E
S11336F06666666666666666663FC0000000000031
S113370000000000000000000000000000006066EF
S11337100630C1980F00600F019830C60660600043
S11337200000000000000000000000000000000095
S11337300000606606606606606606606606606392
S1133740061FE00600600600C3F800000000000049
S11337500000000000007FE00600C0180300600CB9
S113376001803006007FE00000000000000000003F
S11337700001C0300600600600600600600C018095
S11337800C006006006006006006003001C0000006
S113379000000000000600600600600600600600ED
S11337A060060060060060060060060060060060B7
S11337B00600000000000000003800C0060060069B
S11337C00060060060030018030060060060060045
S11337D0600600C038000000000000000000000087
S11337E00000000000000000003C666666663C00C5
S11337F000000000000000000000000000000000C5
S1133800000000001F830C606606606606606606A2
S11338107FE60660660660660660600000000000E1
S113382000000000000000007FC600600600600683
S1133830007F860C60660660660660660C7F80000A
S11338400000000000000000000000007F860C6003
S1133850660660660C7F860C6066066066066066B7
S11338600C7F800000000000000000000000000049
S11338707FE60060060060060060060060060060E7
S11338800600600600600000000000000000000068
S1133890000000000FC18C30C30C30C30C30C30CCB
S11338A030C30C30C30C30C30C7FE60660660600E0
S11338B000000000000000007FE6006006006006D3
S11338C0006007F86006006006006006007FE00004
S11338D0000000000000000000000000666666664C
S11338E0666666636C1F80F01F836C666666666638
S11338F06666600000000000000000000000000098
S11339001F830C60600600600600C0F800C006005B
S1133910600660630C1F80000000000000000000CF
S11339200000000060660660660660E61E63666668
S11339306C678670660660660660600000000000C2
S1133940000030C30C1F800060660660660660E6F7
S11339501E6366666C678670660660660660600055
S113396000000000000000000000000060660C6120
S113397086306606C07807007806C0660630618621
S11339800C60600000000000000000000000000067
S11339900FE1863063063063063063063063063019
S11339A06306306606C060000000000000000000EE
S11339B000000000802C06E0EF1EDB6CE6C46C0601
S11339C0C06C06C06C06C06C06C06000000000003D
S11339D00000000000000000606606606606606685
S11339E0066067FE606606606606606606606000E4
S11339F00000000000000000000000001F830C60B5
S1133A006606606606606606606606606606606353
S1133A100C1F8000000000000000000000000000F7
S1133A207FE6066066066066066066066066066097
S1133A30660660660660600000000000000000008A
S1133A40000000007F860C60660660660660C7F8AA
S1133A5060060060060060060060000000000000D0
S1133A6000000000000000001F830C606606600672
S1133A700060060060060060060660630C1F80009C
S1133A800000000000000000000000007FE060066D
S1133A900060060060060060060060060060060024
S1133AA060060000000000000000000000000000AC
S1133AB06066066066066066066063061FE00600D0
S1133AC0600600600C3F8000000000000000000061
S1133AD0000000601F836C666666666666666666DE
S1133AE066666666666666636C1F8060000000003A
S1133AF0000000000000000060660630C30C19815D
S1133B00980F00600F019819830C30C6066060009E
S1133B100000000000000000000000006066066075
S1133B206606606606606606606606606606606332
S1133B30061FF00300300300000000000000000036
S1133B406066066066066066063061FE0060060018
S1133B506006006006006000000000000000000035
S1133B600000000066666666666666666666666689
S1133B706666666666666663661FE00000000000AF
S1133B800000000000000000666666666666666601
S1133B90666666666666666666666663661FF003E4
S1133BA0003003000000000000000000E00E006090
S1133BB006006007F860C606606606606606606612
S1133BC00C7F8000000000000000000000000000E6
S1133BD0C06C06C06C06C06FC6C66C36C36C36C3F8
S1133BE06C36C36C66FC600000000000000000003E
S1133BF0000000006006006006006007F860C6066A
S1133C0060660660660660660C7F80000000000047
S1133C1000000000000000001F830C6060060060CC
S1133C20060060FE00600600600660630C1F8000F2
S1133C30000000000000000000000000C7CCC6CC5B
S1133C406CC6CC6CC6CC6FC6CC6CC6CC6CC6CC6C0B
S1133C50C6C7C00000000000000000000000000013
S1133C601FE3066066066066063061FE01E0360604
S1133C7060C61863066060000000000000000000D9
S1133C80000000000000000000003F800C006006FF
S1133C901FE30660660660630E1F600000000000FC
S1133CA000000000000000001FC300600600300197
S1133CB0F830C60660660660660660630C1F800006
S1133CC00000000000000000000000003F06186033
S1133CD0C60C60C6187F860C606606606606606661
S1133CE00C3F800000000000000000000000000005
S1133CF00000000000003FC0060060060063FC6096
S1133D0006006006003FC000000000000000000044
S1133D10000000003F800C0060061FE30E60660692
S1133D2060660660660660630C1F80000000000089
S1133D3000000000000000000000000000001F83DD
S1133D400C6066066067FE6006006003061FC00024
S1133D50000000000000000000000000000000005F
S1133D60000066666666636C1F80F01F836C66667F
S1133D706666600000000000000000000000000013
S1133D800000000000003FC6060060060060FC0062
S1133D9060060066063FC00000000000000000004E
S1133DA00000000000000000000060660660660677
S1133DB06066066066066063061FE000000000009F
S1133DC0000000000000000030C30C1F800060668B
S1133DD0066066066066066066066063061FE000AD
S1133DE000000000000000000000000000000000CF
S1133DF0000030630C3183303603C0360330318326
S1133E000C30600000000000000000000000000012
S1133E100000000000000FE18630630630630630C6
S1133E2063063063066060000000000000000000CC
S1133E300000000000000000000040260670E79E1D
S1133E406F666660660660660660600000000000DB
S1133E500000000000000000000000000000606698
S1133E60066066066067FE6066066066066060005F
S1133E70000000000000000000000000000000003E
S1133E8000001F830C606606606606606606606359
S1133E900C1F800000000000000000000000000073
S1133EA00000000000007FE60660660660660660AB
S1133EB06606606606606000000000000000000006
S1133EC0000000000000000000007F860C60660611
S1133ED060660660660660660C7F860060060060A9
S1133EE006000000000000000000000000001F8326
S1133EF00C60660060060060060060630C1F8000B2
S1133F0000000000000000000000000000000000AD
S1133F1000007FE0600600600600600600600600A6
S1133F206006000000000000000000000000000027
S1133F3000000000000060660660660660660660B9
S1133F4066066063061FE00600600600C3F8000012
S1133F50000000000000000600601F836C666666B7
S1133F6066666666666666636C1F806006000000AF
S1133F700000000000000000000000000000606677
S1133F800630C1980F00600F019830C606606000CB
S1133F90000000000000000000000000000000001D
S1133FA0000060660660660660660660660660631A
S1133FB0061FF003003003000000000000000000B2
S1133FC00000000000006066066066063061FE00C6
S1133FD060060060060060000000000000000000B1
S1133FE00000000000000000000066666666666669
S1133FF06666666666666663661FE000000000002B
S113400000000000000000000000000000006666E0
S1134010666666666666666666666663661FF0035F
S11340200030030000000000000000000000000059
S113403000007007003003F830C3063063063063B5
S11340400C3F8000000000000000000000000000A1
S11340500000000000006066066067C6666636639E
S113406066366366667C60000000000000000000A5
S1134070000000000000000000006006006007F07F
S113408061860C60C60C60C6187F0000000000004A
S113409000000000000000000000000000001F837A
S11340A00C6060060060FE00600660630C1F800008
S11340B000000000000000000000000000000000FC
S11340C00000C7CCC6CC6CC6CC6FC6CC6CC6CC6C5E
S11340D0C6C7C0000000000000000000000000008F
S11340E00000000000003FE6066066066063FE0311
S11340F060660C61863060000000000000001981D9
S1134100981980007FE6006006006006006007F8EA
S11341106006006006006006007FE000000000000A
S113412000000000000000001981981980001F831E
S11341300C6066066067FE6006006003061FC00030
S113414000000000000000000000000061C63663AB
S1134150663661C60070073E7BE6B06F0670670680
S1134160306300000000000000000D2630043E25EE
S1134170F807C03E03F01F81FC0FE0FF0FF87FC774
S1134180FE3FF3EF9F7DF3FF9FF8FFC7FC3FE1FF86
S11341908FFE7FF3EFDF3FF9FFC7FE1FF0FF83FCC5
S11341A00FE07F01F807C03E01F00F807C007C0720
S11341B0C03E01E00E00700307987C83C43E01E01A
S11341C01F01F00F80F807C07C03E01F00FC03E030
S11341D01F807E01F007C43E30F983EE1F787FC153
S11341E0FF0FFC3FE0DF867E13F00FC001F807C02D
S11341F03E00F003801CF067C31E08F843C01F0094
S11342007C03E00F807C01F00F807C07E03E03E03C
S11342103F01F01F00F84F86F837C3FC3FC1FE1F73
S1134220E1FE0FB0FD0FF07F87FCFFFFFFFFFF01F2
S1134230FC0FE07F83FE1FF0FFC7FE3EF9F7CF9F20
S11342407CFFE3FF1FF87FC3FE3FF3FF9FFDFBFFEF
S11342509FF8FFC7FC3FC1FE0FE07E03F01F00F88C
S113426007C03FFFFFFFFFFC3C3C3CDCDCDCFFFF06
S113427000FF5F00FFFF4F004FFF4FFF00FF4F00A5
S113428000FF4F004FFF00DF4F00DFFFFF4F000034
S11342904FFFFF00EF00DFEFFFEF0000EFFFEF0045
S11342A0FFEFCF00FFD7004FD700FFFFFFBEBEBE1A
S11342B0FFBE3CB4780000FF0000B400BEBEFF6E39
S11342C06EC8F8E8009A9A0000FFFF00A0A0FFB4AF
S11342D0FFA064A0FFFFFFD2D2D2FFBE3CD2A00059
S11342E000FF0000D200BEBEFF7878DCF5F500BE0A
S11342F0BE0000FFFF00BEBEFFB4FFBE64BEC8C860
S1134300C8808080606060404040C8C8C8686868F1
S1134310F85000B050009C00007C0000F0000090B9
S1134320000000D00000880000680000480000D0B1
S1134330000070000050FF0050A0000090000070CA
S11343400028FF002890E8C80078700080500060C2
S11343503000E8B80088580000C8D00080880060A9
S11343606800404800C8D0006870E800E8900090F9
S1134370700070500050D800D8780078FFFFFF809C
S11343808080606060404040C8C8C8686868FF00BA
S113439000A800009C00007C0000F00000900000D9
S11343A000FF0000880000680000480000D0000002
S11343B070000000FF0000B00000900000700000DA
S11343C0F8000098FFFF0078700080500060300013
S11343D0E8B80088580000FFFF008088006068008B
S11343E0404800C8D0006870FF00FF900090700043
S11343F070500050E200E278007811241FBECFEF25
S1134400D0E1DEBFCDBF0E9402370C9434760C9409
S113441000004F925F926F927F928F929F92AF9221
S1134420BF92CF92DF92EF92FF920F931F93CF939D
S1134430DF93CDB7DEB7CC5BD3400FB6F894DEBFC5
S11344400FBECDBF20E040E060E080E00E94E43E8B
S113445021E04FEF6FEF8FEF0E94E43E22E040E057
S113446060E08FEF0E94E43E23E040E06FEF80E0E5
S11344700E94E43E24E04FEF60E080E00E94E43ECE
S113448025E040E06FEF8FEF0E94E43E26E04FEF1F
S11344906FEF80E00E94E43E27E04FEF60E08FEF93
S11344A00E94E43E80E00E94193F2FEF33ED80E349
S11344B0215030408040E1F700C000008AE691E4DA
S11344C00E94EA5C84E00E94E75C81E00E945E5DF9
S11344D080E00E946A5D81E00E94615D82E00E944A
S11344E06D5D80E00E945B5D80E00E94675D1F92CD
S11344F01F9286E08F9394E0B92EBF921F921F9271
S11345008F9324E0822E35E0A32E4EE1C42E58E78B
S1134510E52EF12C00EF10E02AE030E047E750E010
S113452061E080E00E94D46CC12C60EAE62E00EACF
S113453020E04CEF6CEF80E00E94115D72E0C72E2A
S1134540E0E5EE2E00E520E540E560E580E50E942B
S1134550115DF4EBCF2ED12CACE6EA2EF12C05E95B
S113456010E021E049E453E066E080E00E945B68EB
S11345709FEF23ED30E3915020403040E1F700C03D
S113458000001F921F921F92BF921F921F921F92B0
S1134590BEE1CB2E18E7E12EF12C00EF10E02AE06B
S11345A030E047E750E06CE080E00E94D46C8CE09F
S11345B00E94A46CC12CE12C04EE24EE40E06FEFC9
S11345C08FEF0E94115D02E0C02E8CE3E82E0CE315
S11345D02CE34CE36CE38CE30E94115D94EBC92E55
S11345E0D12C2CE6E22EF12C05E910E021E049E47F
S11345F053E066E080E00E945B688FEF94E32CE078
S1134600815090402040E1F700C00000C12CE12C13
S113461000E024EE40E060E08FEF0E94115D32E0A4
S1134620C32E4CE3E42E0CE32CE34CE36CE38CE369
S11346300E94115D1F921F921F92BF921F921F92A0
S11346401F925EE1C52E68E7E62EF12C00EF10E024
S11346502AE030E047E750E069E080E00E94D46C53
S113466074EBC72ED12CECE6EE2EF12C05E910E00C
S113467021E049E453E066E080E00E945B683FEF9C
S113468082E597E0315080409040E1F700C000009F
S1134690C12CF0EAEF2E00EA20E04CEF6CEF80E052
S11346A00E94115DA2E0CA2EB0E5EB2E00E520E5E4
S11346B040E560E580E50E94115D1F921F921F9204
S11346C0BF921F921F921F921EE1C12E08E7E02E97
S11346D0F12C00EF10E02AE030E047E750E061E021
S11346E080E00E94D46C84EBC82ED12C9CE6E92E89
S11346F0F12C05E910E021E049E453E066E080E0B4
S11347000E945B6884E99BE00E94EA5C80E00E946E
S11347105B5D81E00E946D5D81E00E94675D80E0E9
S11347200E945E5DCC24C394E12C00E020E040E0D4
S113473060E080E00E94115DC12C21EEE22E01EECA
S113474020E040E066E98BEE0E94115D30EEC32E5E
S1134750DD24D3944AEAE42EF12C01E010E021E0B8
S113476042ED52E061E081E00E945B688CE99AE2EC
S11347700E94EA5C56EDC52EDD24D3946DE1E62E4D
S1134780FF24F39405E010E021E048EA52E062E0FF
S113479081E00E945B6824E535E885E491E02150DE
S11347A0304080409040D9F700C000C0000060E075
S11347B080E00E94833F2FEF35EA8EE021503040A5
S11347C08040E1F700C0000022E040E060E081E0CA
S11347D00E942A3F9FEF27E93AE39150204030405E
S11347E0E1F700C0000021E040E061E081E00E94C8
S11347F02A3F8FEF97E92AE3815090402040E1F768
S113480000C0000022E040E061E081E00E942A3F15
S11348103FEF87E99AE3315080409040E1F700C0D0
S1134820000023E040E061E081E00E942A3F2FEF96
S113483037E98AE3215030408040E1F700C00000AE
S113484021E040E067E081E00E942A3F9FEF27E9F2
S11348503AE3915020403040E1F700C0000022E0EC
S113486040E067E081E00E942A3F8FEF97E92AE366
S1134870815090402040E1F700C0000023E040E078
S113488067E081E00E942A3F3FEF87E99AE33150D5
S113489080409040E1F700C0000021E040E068E083
S11348A081E00E942A3F2FEF37E98AE3215030400C
S11348B08040E1F700C0000022E040E068E081E0D1
S11348C00E942A3F9FEF27E93AE39150204030406D
S11348D0E1F700C0000023E040E068E081E00E94CE
S11348E02A3F8FEF97E92AE3815090402040E1F777
S11348F000C0000021E040E069E081E00E942A3F1E
S11349003FEF87E99AE3315080409040E1F700C0DF
S1134910000022E040E069E081E00E942A3F2FEF9E
S113492037E98AE3215030408040E1F700C00000BD
S113493023E040E069E081E00E942A3F9FEF27E9FD
S11349403AE3915020403040E1F700C0000080E09D
S11349500E94193F04E020E331E04FEE50E06FE0A5
S113496070E08FEE90E00E94B9402FE930E04EED08
S113497051E06FE970E081E090E00E94B9400FB629
S1134980F894DEBF0FBECDBF79E0E72EF12C04E032
S113499021EA30E0A7016DE970E0C7010E94B94047
S11349A09AE0E90EF11C2FEDE21621E0F20679F708
S11349B003E1E02EF12C04E0970141EF50E0B70150
S11349C08DEE90E00E94B9403AE0E30EF11C85E3DD
S11349D0E81681E0F80679F70E94E73AB5E4CB2EB1
S11349E0B3EFDB2EBFE7EB2EBFE3FB2E1AED812ED8
S11349F018E7912E11EAA12E1CE3B12E01E010E07C
S1134A0023C0B80180E090E00E94033827ED33EA28
S1134A1040E95FE30E94CA3823EC35EF48E450E4F0
S1134A200E94CA3820E030E044E353E40E946F3728
S1134A306B017C010E942D394B015C01C701B60159
S1134A400E946C376B017C0120E030E04EEB52E4B5
S1134A50C501B4010E94CA3820E030E04FE153E4BC
S1134A600E9408370E94D73742E0C8010E94EB3AFF
S1134A7020E030E04EEB52E4C701B6010E94CA3890
S1134A8020E030E04FE153E40E9408370E94D7371A
S1134A9043E0C8010E94EB3A0F5F1F4F0E3D91E0C7
S1134AA0190709F0AECF0E94E93A2FEF37EA81E601
S1134AB0215030408040E1F700C0000080E00E94B7
S1134AC0193F04E020E331E04FEE50E06FE070E086
S1134AD08FEE90E00E94B9402FE930E04EED51E0B6
S1134AE06FE970E081E090E00E94B940A9E0EA2E0D
S1134AF0F12C04E021EA30E0A7016DE970E0C70180
S1134B000E94B9409AE0E90EF11C2FEDE21621E073
S1134B10F20679F7F3E1EF2EF12C04E0970141EF6F
S1134B2050E0B7018DEE90E00E94B9403AE0E30E08
S1134B30F11C85E3E81681E0F80679F70E94E73A6C
S1134B40AA24A394B12CEE24E394F12CEAE58E2E4E
S1134B50912C55C040E0C6010E94EB3A5601B701C2
S1134B6080E090E00E94033823E333E343E35FE310
S1134B700E94CA3823EC35EF48E450E40E94CA3856
S1134B8020E030E044E353E40E946F370E942D3963
S1134B902B013C0197013695279536952795ABE770
S1134BA0B4E10E94A87396958795B401681B790BAC
S1134BB080E090E00E940338A30192010E94CA3869
S1134BC020E030E04FE153E40E9408370E94D737D9
S1134BD02B013C0143E0C5010E94EB3AE1E0F0E027
S1134BE0EC0FFD1FE00FF11F518240829FEFE91A85
S1134BF0F90A22E0E2162CE1F20609F44BC0650141
S1134C009FEFC91AD90A2FEDC21621E0D206F1F09E
S1134C1030EEE31631E0F30690F18FEEC816D104BE
S1134C2001F18501000F111FE1E0F0E0EC0FFD1F21
S1134C30E00FF11F608171816F39710509F08ACF2E
S1134C4044E0C6010E94EB3A560189CF20EEE216F9
S1134C5021E0F206C8F000E010E0CC24C394D12C8B
S1134C60E1CFC352DE4F68817981CD5DD1400CED37
S1134C7011E044E0C6010E94EB3A560170CF850171
S1134C805601000F111F6BCFAA24A394B12C00E08E
S1134C9010E065CF0E94E93A3FEF87EA91E6315090
S1134CA080409040E1F700C000008AE691E40E9451
S1134CB0EA5C81E00E946D5D80E00E945B5D80E0C3
S1134CC00E94675D80E00E945E5DC12CEE24EA9440
S1134CD00FEF20E04FEF6FEF80E00E94115DCC24D6
S1134CE0C394E12C00E02FEF4FEF60E080E00E94DE
S1134CF0115D22E040E061E081E00E942A3FA12CA6
S1134D00EE24E3940FE010E020EE31E040E050E0C8
S1134D1060E070E081E00E94483FAA24A39420EE62
S1134D2031E041E351E060E070E081E00E94483FFF
S1134D3002E020E040E550E060EA70E080EF90E0BF
S1134D400E94DC5121E040E550E060EA70E080EF31
S1134D5090E00E94DC5122E040E550E060EA70E01F
S1134D6080EF90E00E94DC5123E040E550E060EAEF
S1134D7070E080EF90E00E94DC5106E010E020E05B
S1134D8044E650E06FE970E08FEE90E00E94454900
S1134D9021E044E650E06FE970E08FEE90E00E947D
S1134DA0454922E044E650E06FE970E08FEE90E080
S1134DB00E94454923E044E650E06FE970E08FEE3D
S1134DC090E00E944549E4E6CE2ED12CF2EBEF2E82
S1134DD0F12C0EEB10E021E049E453E062E081E0C5
S1134DE00E945B68AEE0EA2EF12CB70180E090E00F
S1134DF00E9403382DEC3CEC4CEC5FE30E94CA3873
S1134E0020E030E040E751E40E9407370E94D737A2
S1134E1005E021E331E0AB01B70180E090E00E94BE
S1134E20B94025E0E20EF11C35E3E31631E0F30668
S1134E30E1F671E3E72EFF24F394B70180E090E0FC
S1134E400E9403382DEC3CEC4CEC5FE30E94CA3822
S1134E5020E030E040E751E40E9407370E94D73752
S1134E6005E02FE030E0AB01B7018FED91E00E9447
S1134E70B94085E0E81AF1089AE0E916F104E9F688
S1134E8061E3E62EFF24F394B70180E090E00E94F2
S1134E9003382DEC3CEC4CEC5FE30E94CA389B01D8
S1134EA0AC0160E070E084EF93E40E9407370E9455
S1134EB0D73703E02FE030E0AB01B70180E090E0AA
S1134EC00E94B94025E0E21AF1083AE0E316F10441
S1134ED0D9F65EE0E52EF12CB70180E090E00E9467
S1134EE003382DEC3CEC4CEC5FE30E94CA389B0188
S1134EF0AC0160E070E08BEF93E40E9407370E94FE
S1134F00D73703E020E331E0AB01B7018FED91E047
S1134F100E94B94085E0E80EF11C95E3E91691E0A2
S1134F20F906D1F62FEF3FE483EC21503040804066
S1134F30E1F700C0000022E040E064E081E00E946C
S1134F402A3FA12CCC24C3949AE0E92E0FE010E070
S1134F5020EE31E040E050E060E070E081E00E944B
S1134F60483FAA24A39420EE31E041E351E060E0FD
S1134F7070E081E00E94483F04E020E040E550E01A
S1134F8060EA70E080EF90E00E94DC5121E040E5AF
S1134F9050E060EA70E080EF90E00E94DC5122E093
S1134FA040E550E060EA70E080EF90E00E94DC5160
S1134FB023E040E550E060EA70E080EF90E00E947A
S1134FC0DC51EE24E39405E010E020E044E650E0F8
S1134FD06FE970E08FEE90E00E94454921E044E6DD
S1134FE050E06FE970E08FEE90E00E94454922E0C6
S1134FF044E650E06FE970E08FEE90E00E9445498E
S113500023E044E650E06FE970E08FEE90E00E9408
S1135010454924E6C22ED12C32EBE32EF12C0EEBC3
S113502010E021E049E453E061E081E00E945B6824
S11350304EE0E42EF12CB70180E090E00E940338AA
S11350402DEC3CEC4CEC5FE30E94CA3820E030E0ED
S113505040E751E40E9407370E94D73705E021E377
S113506031E0AB01B70180E090E00E94B94095E0E7
S1135070E90EF11C25E3E21621E0F206E1F681E3F4
S1135080E82EFF24F394B70180E090E00E940338F7
S11350902DEC3CEC4CEC5FE30E94CA3820E030E09D
S11350A040E751E40E9407370E94D73705E02FE01C
S11350B030E0AB01B7018FED91E00E94B94035E0DB
S11350C0E31AF1088AE0E816F104E9F601E3E02EB8
S11350D0FF24F394B70180E090E00E9403382DECA4
S11350E03CEC4CEC5FE30E94CA389B01AC0160E0ED
S11350F070E084EF93E40E9407370E94D73703E0FF
S11351002FE030E0AB01B70180E090E00E94B940AD
S113511095E0E91AF1082AE0E216F104D9F61EE056
S1135120E12EF12CB70180E090E00E9403382DECD1
S11351303CEC4CEC5FE30E94CA389B01AC0160E09C
S113514070E08BEF93E40E9407370E94D73703E0A7
S113515020E331E0AB01B7018FED91E00E94B9404B
S113516035E0E30EF11C85E3E81681E0F806D1F69C
S11351709FEF2FE433EC915020403040E1F700C022
S1135180000021E041E067E081E00E942A3FE12C39
S1135190F12C05E020E431E0A70160E070E080E05C
S11351A090E00E94B9408FE0E80EF11C9FEEE916F2
S11351B091E0F90671F7B6E3EB2EFF24F39405E0D2
S11351C0970140EE51E060E070E080E090E00E94E2
S11351D0B9402AE0E21AF10836EFE3163FEFF3068E
S11351E071F7A0EEEA2EFF24F39406E020E030E00D
S11351F0A70160E471E080EE91E00E94B9408FE085
S1135200E81AF10891F706E0970140E050E060E405
S113521071E080EE91E00E94B9409AE0E90EF11C41
S11352202AE4E21621E0F20671F73FEF8BE792E9F8
S1135230315080409040E1F700C0000020E041E0A0
S113524069E081E00E942A3FF0EEEF2EFF24F39400
S113525005E020E030E0A70160E471E080EE91E039
S11352600E94B9402FE0E21AF10891F7C12CD12C29
S113527005E0960140E050E060E471E080EE91E0EA
S11352800E94B9403AE0C30ED11C8AE4C81681E0FA
S1135290D80671F706E020E431E0A70160E070E091
S11352A080E090E00E94B9409FE0E90EF11C2FEEEF
S11352B0E21621E0F20671F7E6E3EE2EFF24F39402
S11352C006E0970140EE51E060E070E080E090E09D
S11352D00E94B9403AE0E31AF10886EFE8168FEF2E
S11352E0F80671F79FEF2BE732E9915020403040E8
S11352F0E1F700C0000022E042E069E081E00E94A2
S11353002A3F05E020EA30E040E951E060EA70E03D
S113531080E590E00E94B940E12CF12C70E4672E06
S11353207724739443018E189F08570180EFA80EC9
S1135330B11C05E0940140EF50E060EA70E0C50163
S11353400E94B94080EF90E06C01CE18DF08940110
S113535040EF50E060EA70E0C6010E94B940970156
S113536040EF50E060EA70E0C5010E94B940970147
S113537040EF50E060EA70E0C6010E94B94098E056
S1135380E90EF11C20EAE216F10461F6E12CF12C9D
S113539060E4662E772473945301AE18BF08470166
S11353A030E5830E911C06E0970140E951E060E08E
S11353B070E0C4010E94B94080E991E06C01CE180C
S11353C0DF0820E431E0A601B7010E94B94095014D
S11353D040E550E060E471E0C6010E94B94020E07D
S11353E030E0A401B50180E590E00E94B94088E076
S11353F0E80EF11C98E4E91691E0F90669F62FEF3E
S11354003FE483EC215030408040E1F700C00000CD
S113541023E040E060E081E00E942A3F02E020E5D2
S113542030E048E750E068E270E084E190E00E94F8
S1135430F04996E0A92E22E0C22E35E0E32EF12CAD
S113544000E510E028E730E048E250E064EB70E06B
S113545081E00E941A4A28E730E048E250E064E51F
S113546071E080E00E941A4A22E042E350E060EFDB
S113547070E080E590E00E94B24A46E0C42E52E01B
S1135480E52E05E010E022E330E040EF50E060EF6D
S113549070E081E00E94A44B22E330E040EF50E052
S11354A060E971E080E00E94A44B9FEF27EA31E6B7
S11354B0915020403040E1F700C0000023E040E07C
S11354C060E081E00E942A3F04E110E020E530E042
S11354D048E750E068E270E084E190E00E94DA4D31
S11354E066E0862E72E0A72EE5E0CE2ED12CF4E104
S11354F0EF2EF12C00E510E028E730E048E250E020
S113550064EB70E081E00E94E64E28E730E048E278
S113551050E064E571E080E00E94E64E02E020E0A5
S11355204CE350E060EF70E080E590E00E94DC51D5
S1135530A6E0AA2EB2E0CB2EE12C05E02CE330E06D
S113554040EF50E060EF70E081E00E94E6522CE30F
S113555030E040EF50E060E971E080E00E94E65204
S11355608FEF97EA21E6815090402040E1F700C098
S1135570000023E040E060E081E00E942A3F02E076
S113558028E230E04CE350E060E570E080E590E034
S11355900E94435515E0E12EF12C08E210E02CE3C3
S11355A030E040E550E060EF70E081E00E9470562A
S11355B02CE330E040E550E060E971E080E00E94D7
S11355C070568CE1E82EF12C20E530E048E750E0FD
S11355D068EC70E084E190E00E94CC5896E0692E7B
S11355E06F9222E0822E35E0A32EB12C4CE1C42E22
S11355F0D12C58E2E52EF12C00E510E028E730E04C
S113560048EC50E064EB70E081E00E94175A6F921E
S113561028E730E048EC50E064E571E080E00E9467
S1135620175A3FEF87EA91E6315080409040E1F706
S113563000C0000080E00E94193F8EE493E00E94C5
S1135640EA5C81E00E945E5D81E00E945B5D81E036
S11356500E946D5D80E00E94675D80E00E946A5D4B
S113566081E00E94615D1F921F926F9263E0B62EEB
S1135670BF921F921F9272E0972E9F92E3E08E2EAC
S1135680F3E2CF2EA6E4EA2EF12C06E410E028E0A3
S113569030E04FE750E061E080E00E94D46C1F925C
S11356A01F926F92BF921F921F929F9228E030E048
S11356B04DEC50E061E080E00E94D46C1F921F9298
S11356C06F92BF921F921F929F9228E030E04BE1AD
S11356D051E061E080E00E94D46C88E00E94A46CF8
S11356E0B6E4CB2ED12C14E3E12EF12C0FE710E01D
S11356F021E04AEB51E066E080E00E945B680DEC3B
S113570010E021E048EB51E066E080E00E945B6835
S11357100BE111E021E046EB51E066E080E00E94FD
S11357205B681F921F926F92BF921F921F929F926B
S113573003E2C02E86E4E82EF12C06E410E026E510
S113574030E04FE750E062E080E00E94D46C1F92AA
S11357501F926F92BF921F921F929F9226E530E094
S11357604DEC50E063E080E00E94D46C0FB6F894F6
S1135770DEBF0FBECDBF1F921F926F92BF921F92CA
S11357801F929F9226E530E04BE151E064E080E017
S11357900E94D46C89E00E94A46C96E4C92ED12C9A
S11357A022E8E22EF12C0FE710E021E044EB51E077
S11357B066E080E00E945B688AE00E94A46C0DECC5
S11357C010E021E042EB51E066E080E00E945B687B
S11357D08BE00E94A46C0BE111E021E040EB51E06E
S11357E066E080E00E945B681F921F926F92BF92F6
S11357F01F921F929F9233E2C32E46E4E42EF12CB3
S113580006E410E024EA30E04FE750E065E080E091
S11358100E94D46C1F921F926F92BF921F921F928C
S11358209F9224EA30E04DEC50E066E080E00E9474
S1135830D46C1F921F926F92BF921F921F929F92DD
S113584024EA30E04BE151E067E080E00E94D46C50
S11358508CE00E94A46C56E4C52ED12C60EDE62E9B
S1135860F12C0FE710E021E04EEA51E066E080E021
S11358700E945B688DE00E94A46C0DEC10E021E0B6
S11358804CEA51E066E080E00E945B688EE00E9492
S1135890A46C0BE111E021E04AEA51E066E080E00B
S11358A00E945B681F921F926F92BF921F921F9279
S11358B09F9273E2C72EE6E4EE2EF12C06E410E08C
S11358C022EF30E04FE750E061E080E00E94D46CCA
S11358D00FB6F894DEBF0FBECDBF1F921F926F921A
S11358E0BF921F921F929F9222EF30E04DEC50E046
S11358F061E080E00E94D46C1F921F926F92BF926D
S11359001F921F929F9222EF30E04BE151E061E041
S113591080E00E94D46C88E00E94A46CF6E4CF2E50
S1135920D12CAEE1EA2EFF24F3940FE710E021E03E
S113593048EA51E066E080E00E945B680DEC10E00C
S113594021E046EA51E066E080E00E945B680BE1FA
S113595011E021E044EA51E066E080E00E945B68E7
S11359609FEF29E638E1915020403040E1F700C034
S113597000001F921F921F92BF921F921F921F92AC
S1135980B3E2CB2E16E4E12EF12C06E410E028E07D
S113599030E04FE750E068E080E00E94D46C8FEF85
S11359A095EA2EE0815090402040E1F700C00000CD
S11359B01F921F921F92BF921F921F921F9228E064
S11359C030E04FE750E069E080E00E94D46C3FEFA4
S11359D082E597E0315080409040E1F700C000003C
S11359E01F921F921F92BF921F921F921F9228E034
S11359F030E04FE750E061E080E00E94D46C2FEF8C
S1135A0039E688E1215030408040E1F700C00000D1
S1135A100FB6F894DEBF0FBECDBF1F921F921F9228
S1135A20BF921F921F921F9228E030E04DEC50E08D
S1135A3068E080E00E94D46C3FEF85EA9EE031503C
S1135A4080409040E1F700C000001F921F921F9217
S1135A50BF921F921F921F9228E030E04DEC50E05D
S1135A6069E080E00E94D46C2FEF32E587E021509A
S1135A7030408040E1F700C000001F921F921F9247
S1135A80BF921F921F921F9228E030E04DEC50E02D
S1135A9061E080E00E94D46C9FEF29E638E19150E8
S1135AA020403040E1F700C000001F921F921F9277
S1135AB0BF921F921F921F9228E030E04BE151E009
S1135AC068E080E00E94D46C8FEF95EA2EE081506C
S1135AD090402040E1F700C000001F921F921F92E7
S1135AE0BF921F921F921F9228E030E04BE151E0D9
S1135AF069E080E00E94D46C3FEF82E597E031508A
S1135B0080409040E1F700C000000FB6F894DEBF7B
S1135B100FBECDBF1F921F921F92BF921F921F9262
S1135B201F9228E030E04BE151E061E080E00E9408
S1135B30D46C3FEF89E698E1315080409040E1F722
S1135B4000C000001F921F921F92BF921F921F92CB
S1135B501F9226E530E04FE750E068E080E00E94C5
S1135B60D46C2FEF35EA8EE0215030408040E1F7CD
S1135B7000C000001F921F921F92BF921F921F929B
S1135B801F9226E530E04FE750E06BE080E00E9492
S1135B90D46C9FEF22E537E0915020403040E1F78C
S1135BA000C000001F921F921F92BF921F921F926B
S1135BB01F9226E530E04FE750E062E080E00E946B
S1135BC0D46C8FEF99E628E1815090402040E1F7B2
S1135BD000C000001F921F921F92BF921F921F923B
S1135BE01F9226E530E04DEC50E068E080E00E9432
S1135BF0D46C3FEF85EA9EE0315080409040E1F75D
S1135C0000C000000FB6F894DEBF0FBECDBF1F92D8
S1135C101F921F92BF921F921F921F9226E530E09F
S1135C204DEC50E069E080E00E94D46C3FEF82E5E7
S1135C3097E0315080409040E1F700C000001F928F
S1135C401F921F92BF921F921F921F9226E530E06F
S1135C504DEC50E063E080E00E94D46C2FEF39E615
S1135C6088E1215030408040E1F700C000001F92DD
S1135C701F921F92BF921F921F921F9226E530E03F
S1135C804BE151E068E080E00E94D46C9FEF25EA8C
S1135C903EE0915020403040E1F700C000001F92E8
S1135CA01F921F92BF921F921F921F9226E530E00F
S1135CB04BE151E069E080E00E94D46C8FEF92E503
S1135CC027E0815090402040E1F700C000001F927F
S1135CD01F921F92BF921F921F921F9226E530E0DF
S1135CE04BE151E064E080E00E94D46C3FEF83ED2F
S1135CF090E3315080409040E1F700C000000FB6BF
S1135D00F894DEBF0FBECDBF80E00E94193F1F9202
S1135D101F92BF92BF921F921F9284E0982E9F926F
S1135D2094E0A92E28E030E04FE750E061E080E005
S1135D300E94D46C1F921F92BF92BF921F921F9217
S1135D409F9228E030E04DEC50E061E080E00E945A
S1135D50D46C1F921F92BF92BF921F921F929F9268
S1135D6028E030E04BE151E061E080E00E94D46C37
S1135D7081E00E94A46C26E4C22ED12C34E3E32EED
S1135D80F12C0FE710E021E04AEB51E064E080E001
S1135D900E945B680DEC10E021E048EB51E064E008
S1135DA080E00E945B680BE111E021E046EB51E0EA
S1135DB064E080E00E945B681F921F92BF92BF92D2
S1135DC01F921F929F9243E2C42E56E4E52EF12CBB
S1135DD006E410E026E530E04FE750E062E080E0C2
S1135DE00E94D46C1F921F92BF92BF921F921F9267
S1135DF09F9226E530E04DEC50E063E080E00E94A5
S1135E00D46C0FB6F894DEBF0FBECDBF1F921F92A5
S1135E10BF92BF921F921F929F9226E530E04BE102
S1135E2051E064E080E00E94D46C82E00E94A46CA3
S1135E3066E4C62ED12C72E8E72EF12C0FE710E0B1
S1135E4021E044EB51E064E080E00E945B6883E081
S1135E500E94A46C0DEC10E021E042EB51E064E000
S1135E6080E00E945B6884E00E94A46C0BE111E076
S1135E7021E040EB51E064E080E00E945B681F9207
S1135E801F92BF92BF921F921F929F92E3E2CE2E67
S1135E90F6E4EF2EF12C06E410E024EA30E04FE7BC
S1135EA050E065E080E00E94D46C1F921F92BF9284
S1135EB0BF921F921F929F9224EA30E04DEC50E073
S1135EC066E080E00E94D46C1F921F92BF92BF9242
S1135ED01F921F929F9224EA30E04BE151E067E069
S1135EE080E00E94D46C85E00E94A46CA6E4CA2ED3
S1135EF0D12CB0EDEB2EF12C0FE710E021E04EEAAF
S1135F0051E064E080E00E945B6886E00E94A46C3B
S1135F100DEC10E021E04CEA51E064E080E00E94E6
S1135F205B6887E00E94A46C0BE111E021E04AEA7F
S1135F3051E064E080E00E945B681F921F92BF9270
S1135F40BF921F921F929F9213E2C12E06E4E02E8D
S1135F50F12C06E410E022EF30E04FE750E061E07E
S1135F6080E00E94D46C0FB6F894DEBF0FBECDBFA4
S1135F701F921F92BF92BF921F921F929F9222EF75
S1135F8030E04DEC50E061E080E00E94D46C1F9260
S1135F901F92BF92BF921F921F929F9222EF30E0F6
S1135FA04BE151E061E080E00E94D46C81E00E940A
S1135FB0A46C86E4C82ED12C9EE1E92EFF24F39430
S1135FC00FE710E021E048EA51E064E080E00E943D
S1135FD05B680DEC10E021E046EA51E064E080E00B
S1135FE00E945B680BE111E021E044EA51E064E0C7
S1135FF080E00E945B683FEF8FE493EC3150804077
S11360009040E1F700C0000080E00E94193F77242F
S113601073947F921F929F92BF921F921F929F929E
S113602023E0A22E33E2C32E46E4E42EF12C06E450
S113603010E028E030E04FE750E061E080E00E94AB
S1136040D46C7F921F929F92BF921F921F929F9235
S113605028E030E04DEC50E061E080E00E94D46C38
S11360607F921F929F92BF921F921F929F9228E04D
S113607030E04BE151E061E080E00E94D46C0FB667
S1136080F894DEBF0FBECDBF56E4C52ED12C66E317
S1136090E62EF12C0FE710E021E04AEB51E063E03B
S11360A080E00E945B680DEC10E021E048EB51E0D9
S11360B063E080E00E945B680BE111E021E046EBC5
S11360C051E063E080E00E945B687F921F929F92A0
S11360D0BF921F921F929F9273E2C72EE6E4EE2EA8
S11360E0F12C06E410E026E530E04FE750E062E0F2
S11360F080E00E94D46C7F921F929F92BF921F9265
S11361001F929F9226E530E04DEC50E063E080E082
S11361100E94D46C7F921F929F92BF921F921F92F3
S11361209F9226E530E04BE151E064E080E00E947C
S1136130D46C82E00E94A46CF6E4CF2ED12CA4E8A7
S1136140EA2EF12C0FE710E021E044EB51E063E08C
S113615080E00E945B6883E00E94A46C0DEC10E078
S113616021E042EB51E063E080E00E945B6884E060
S11361700E94A46C0BE111E021E040EB51E063E0EC
S113618080E00E945B687F921F929F92BF921F9251
S11361901F929F92B3E2CB2E16E4E12EF12C06E47B
S11361A010E024EA30E04FE750E065E080E00E9430
S11361B0D46C7F921F929F92BF921F921F929F92C4
S11361C024EA30E04DEC50E066E080E00E94D46CBC
S11361D00FB6F894DEBF0FBECDBF7F921F929F9281
S11361E0BF921F921F929F9224EA30E04BE151E04C
S11361F067E080E00E94D46C85E00E94A46C06E411
S1136200C02ED12C82EDE82EF12C0FE710E021E016
S11362104EEA51E063E080E00E945B6886E00E9401
S1136220A46C0DEC10E021E04CEA51E063E080E066
S11362300E945B6887E00E94A46C0BE111E021E0FE
S11362404AEA51E063E080E00E945B687F921F921B
S11362509F92BF921F921F929F9293E2C92E26E4AF
S1136260E22EF12C06E410E022EF30E04FE750E09C
S113627061E080E00E94D46C7F921F929F92BF9253
S11362801F921F929F9222EF30E04DEC50E061E0AC
S113629080E00E94D46C7F921F929F92BF921F92C3
S11362A01F929F9222EF30E04BE151E061E080E0E9
S11362B00E94D46C81E00E94A46C36E4C32ED12CDD
S11362C040E2E42EFF24F3940FE710E021E048EAD3
S11362D051E063E080E00E945B680DEC10E021E097
S11362E046EA51E063E080E00E945B680BE111E064
S11362F021E044EA51E063E080E00E945B689FEFA4
S113630027EA31E6915020403040E1F700C0000018
S113631080E00E94193F7F921F929F92BF921F922A
S11363201F929F9254E1C52E66E4E62EF12C06E4FA
S113633010E028E030E04FE750E061E080E00E94A8
S1136340D46C0FB6F894DEBF0FBECDBF7F921F9200
S11363509F92BF921F921F929F9228E030E04DECD3
S113636050E061E080E00E94D46C7F921F929F9283
S1136370BF921F921F929F9228E030E04BE151E0C0
S113638061E080E00E94D46C81E00E94A46C76E419
S1136390C72ED12CE6E3EE2EF12C0FE710E021E01E
S11363A04AEB51E063E080E00E945B680DEC10E092
S11363B021E048EB51E063E080E00E945B680BE180
S11363C011E021E046EB51E063E080E00E945B686D
S11363D07F921F929F92BF921F921F929F92F6E10B
S11363E0CF2EA6E4EA2EF12C06E410E026E530E0F8
S11363F04FE750E062E080E00E94D46C7F921F92ED
S11364009F92BF921F921F929F9226E530E04DEC1F
S113641050E063E080E00E94D46C7F921F929F92D0
S1136420BF921F921F929F9226E530E04BE151E00C
S113643064E080E00E94D46C0FB6F894DEBF0FBE17
S1136440CDBF82E00E94A46CB6E4CB2ED12C14E81C
S1136450E12EF12C0FE710E021E044EB51E063E082
S113646080E00E945B6883E00E94A46C0DEC10E065
S113647021E042EB51E063E080E00E945B6884E04D
S11364800E94A46C0BE111E021E040EB51E063E0D9
S113649080E00E945B687F921F929F92BF921F923E
S11364A01F929F9206E1C02E86E4E82EF12C06E4AA
S11364B010E024EA30E04FE750E065E080E00E941D
S11364C0D46C7F921F929F92BF921F921F929F92B1
S11364D024EA30E04DEC50E066E080E00E94D46CA9
S11364E07F921F929F92BF921F921F929F9224EAC3
S11364F030E04BE151E067E080E00E94D46C85E03D
S11365000E94A46C96E4C92ED12C22EDE22EF12C2B
S11365100FE710E021E04EEA51E063E080E00E94E2
S11365205B6886E00E94A46C0DEC10E021E04CEA6C
S113653051E063E080E00E945B6887E00E94A46C05
S11365400BE111E021E04AEA51E063E080E00E94BF
S11365505B687F921F929F92BF921F921F929F929D
S113656036E1C32E46E4E42EF12C06E410E022EFDB
S113657030E04FE750E061E080E00E94D46C7F920D
S11365801F929F92BF921F921F929F9222EF30E020
S11365904DEC50E061E080E00E94D46C0FB6F894BA
S11365A0DEBF0FBECDBF7F921F929F92BF921F92FC
S11365B01F929F9222EF30E04BE151E061E080E0D6
S11365C00E94D46C81E00E94A46C56E4C52ED12CA8
S11365D060E2E62EFF24F3940FE710E021E048EA9E
S11365E051E063E080E00E945B680DEC10E021E084
S11365F046EA51E063E080E00E945B680BE111E051
S113660021E044EA51E063E080E00E945B689FEF90
S113661023E234EF915020403040E1F700C0000005
S113662080E00E94193F8CE99AE20E94EA5C80E0D3
S11366300E94675D80E00E946A5D80E00E945E5D6A
S113664080E00E94615D80E00E945B5D81E00E94C9
S11366506D5DCC24C394E12C00E020E040E060E0D8
S113666080E00E94115DC12C7AEFE72E0AEF20E052
S113667040E06AEF8AEF0E94115D82E00E946D5D46
S113668081E00E94615DE6EDCE2EDD24D394F8E234
S1136690EF2EF12C05E010E021E046E952E061E044
S11366A080E00E945B6881E00E946D5D80E00E9452
S11366B0615DA0E5EA2EF12C21E04DE452E062E0B8
S11366C080E00E945B68C12CD12CE12CF12C00E00D
S11366D010E021E04DE452E061E080E00E945B685C
S11366E021E04DE452E062E080E00E945B6821E03A
S11366F042E152E061E080E00E945B68BCE8EB2E7E
S11367000FEF2CE840E06AEF8AEF0E94115D10E37E
S1136710412E4F920CE0502E5F928CE2882EC12CB9
S1136720D12CE12CF12C00E010E02AE63AEE42E113
S113673055EC62E080E00E94356B21E04DE452E0CC
S113674061E080E00E945B6821E04DE452E061E09A
S113675080E00E945B688FEF9FE423EC81509040BF
S11367602040E1F700C0000094E6E92E04E62FEF94
S113677048EC60E084E60E94003F23E040E060E0F3
S113678080E00E942A3F22E0C22EE12C00E020E0BB
S113679040E060E080E00E94115DC12C3AEFE32EFE
S11367A00AEF20E040E06AEF8AEF0E94115D81E089
S11367B00E945E5D82E00E946D5D81E00E94615DE9
S11367C046EDC42EDD24D39458E2E52EF12C05E0E9
S11367D010E021E046E952E061E080E00E945B685D
S11367E081E00E946D5D80E00E94615D60E5E62EBF
S11367F0F12C21E04DE452E062E080E00E945B680D
S1136800C12CD12CE12CF12C00E010E021E04DE46E
S113681052E061E080E00E945B6821E04DE452E0D8
S113682062E080E00E945B6821E042E152E061E0C6
S113683080E00E945B687CE8E72E0FEF2CE840E0E4
S11368406AEF8AEF0E94115D4F925F92C12CD12CA6
S1136850E12CF12C00E010E02AE63AEE42E155EC9E
S113686062E080E00E94356B21E04DE452E061E09B
S113687080E00E945B6821E04DE452E061E080E04A
S11368800E945B683FEF8FE493EC3150804090406E
S1136890E1F700C00000EAEFEE2E0AEF20E040E04E
S11368A06AEF8AEF0E94115D23E040E060E080E03F
S11368B00E942A3F82E00E946D5D81E00E94615D3A
S11368C085E00E945B5DF2E0CF2E20E040E06AEFBD
S11368D08AEF0E94115D83E00E94675DA6EDCA2ED7
S11368E0DD24D394B8E2EB2EF12C05E010E021E096
S11368F048E852E060E080E00E945B6880E00E942B
S1136900675D12E0C12EE12C00E020E040E060E091
S113691080E00E94115D81E00E946D5D80E00E9434
S1136920615D81E00E945B5D06EDC02EDD24D394A1
S113693080E5E82EF12C05E010E021E04DE452E082
S113694062E080E00E945B68C12CD12CE12CF12C28
S113695000E010E021E04DE452E061E080E00E94BC
S11369605B6821E04DE452E062E080E00E945B68F5
S113697021E042E152E061E080E00E945B689CE833
S1136980E92E0FEF2CE840E06AEF8AEF0E94115DD8
S11369904F925F92C12CD12CE12CF12C00E010E03D
S11369A02AE63AEE42E155EC62E080E00E94356B63
S11369B021E04DE452E061E080E00E945B6821E068
S11369C04DE452E061E080E00E945B682FEF3FE419
S11369D083EC215030408040E1F700C0000020E00B
S11369E040E060E080E00E94E43E80E00E94193FC5
S11369F084E99BE00E94EA5C22E0C22E20E040E0B1
S1136A0060E080E00E94115D80E00E94675D81E0AB
S1136A100E945B5D81E00E946D5D81E00E94615D8A
S1136A201F921F926F92BF921F921F9235E0532EB6
S1136A305F9243E0842E55E0A52E60E1C62E72E3FA
S1136A40E72EF12C04E610E020E030E044E150E0D1
S1136A5061E080E00E94D46C81E00E94A46CE4E6D2
S1136A60CE2ED12CF1E2EF2EF12C04E110E021E046
S1136A704CE052E066E080E00E945B681F921F9247
S1136A806F92BF921F921F925F92A0E1CA2EB2E34F
S1136A90EB2EF12C04E610E020E030E042E850E078
S1136AA061E081E00E94D46C81E00E94A46C14E651
S1136AB0C12ED12C01E2E02EF12C02E810E021E0FD
S1136AC046E052E066E081E00E945B687F921F929C
S1136AD09F92BF921F921F929F9283E0A82E90E1F3
S1136AE0C92E22E3E22EF12C04E610E020E030E08F
S1136AF040EF50E061E080E00E94D46C0FB6F8945F
S1136B00DEBF0FBECDBF81E00E94A46C34E6C32E6D
S1136B10D12C42E2E42EF12C00EF10E021E040E021
S1136B2052E063E080E00E945B687F921F929F9234
S1136B30BF921F921F929F9250E1C52E62E3E62EF0
S1136B40F12C04E610E020E030E04EE551E061E095
S1136B5081E00E94D46C81E00E94A46C74E6C72E8C
S1136B60D12CE1E2EE2EF12C0EE511E021E04AEF0A
S1136B7051E063E081E00E945B681F921F925F9284
S1136B80BF921F921F926F92F6E0AF2EA0E1CA2E21
S1136B90B2E3EB2EF12C04E610E02CE330E044E108
S1136BA050E061E080E00E94D46C81E00E94A46C1B
S1136BB083E00E945B5D14E6C12ED12C0DE5E02E2E
S1136BC0F12C04E110E021E045EF51E065E080E0C4
S1136BD00E945B681F921F925F92BF921F921F9246
S1136BE06F9280E1C82E92E3E92EF12C04E610E0C6
S1136BF02CE330E042E850E061E081E00E94D46C94
S1136C0081E00E94A46C83E00E945B5D24E6C22EB6
S1136C10D12C3DE5E32EF12C02E810E021E04FEE0B
S1136C2051E065E081E00E945B6899249A949F9208
S1136C301F92BF92BF921F921F92BF9244E0A42E54
S1136C4050E1C52E62E3E62EF12C04E610E02CE3BD
S1136C5030E040EF50E061E080E00E94D46C81E0DD
S1136C600E94A46C83E00E945B5D74E6C72ED12C65
S1136C70ECE5EE2EF12C00EF10E021E049EE51E0BE
S1136C8064E080E00E945B689F921F92BF92BF9273
S1136C901F921F92BF92F0E1CF2EA2E3EA2EF12CB5
S1136CA004E610E02CE330E04EE551E061E081E0E1
S1136CB00E94D46C0FB6F894DEBF0FBECDBF81E046
S1136CC00E94A46C82E00E945B5DB4E6CB2ED12CC2
S1136CD01DE5E12EF12C0EE511E021E043EE51E03B
S1136CE064E081E00E945B688BEF0E946A5D80E053
S1136CF00E945B5D82E00E946D5DC12CEE24EA94EB
S1136D0006E920E040E066E98FEF0E94115DCC24A3
S1136D10C39404EBE02E0EE120E040E060E08EEB53
S1136D200E94115D82E0C82E98ECE92E08EC28EC54
S1136D3048EC68EC88EC0E94115D20EEC22EDD2444
S1136D40D3943FEAE32EF12C01E010E021E04BEC78
S1136D5051E065E081E00E945B68C12CE12C00E019
S1136D602FEF4FEF64E680E00E94115D85E00E9402
S1136D705B5D81E00E94675D46EDC42EDD24D39403
S1136D8052E2E52EFF24F39405E010E021E04CEB01
S1136D9051E063E080E00E945B689FEF2FE433ECF6
S1136DA0915020403040E1F700C00000C4D38FEF81
S1136DB097EA21E6815090402040E1F700C00000AE
S1136DC0D8D33FEF89E698E1315080409040E1F715
S1136DD000C00000C454DC4F0FB6F894DEBF0FBEF1
S1136DE0CDBFDF91CF911F910F91FF90EF90DF9076
S1136DF0CF90BF90AF909F908F907F906F905F9057
S1136E004F90089582E0BCD20E940922FFCF5058CF
S1136E10BB27AA270ED073C13CD130F041D120F05A
S1136E2031F49F3F11F41EF431C10EF4E095E7FBF9
S1136E3027C1E92F86D180F3BA1762077307840745
S1136E40950718F071F49EF59EC10EF4E0950B2E93
S1136E50BA2FA02D0B01B90190010C01CA01A001A8
S1136E601124FF27591B99F0593F50F4503E68F103
S1136E701A16F040A22F232F342F4427585FF3CF44
S1136E80469537952795A795F0405395C9F77EF415
S1136E901F16BA0B620B730B840BBAF09150A1F05E
S1136EA0FF0FBB1F661F771F881FC2F70EC0BA0FE4
S1136EB0621F731F841F48F4879577956795B7956C
S1136EC0F7959E3F08F0B3CF9395880F08F0992764
S1136ED0EE0F979587950895EBD0E39521C10CD0DB
S1136EE00EC1DED040F0D5D030F021F45F3F19F070
S1136EF0C7C0511149C1CAC024D198F39923C9F319
S1136F005523B1F3951B550BBB27AA2762177307AB
S1136F10840738F09F5F5F4F220F331F441FAA1F5F
S1136F20A9F333D00E2E3AF0E0E830D0915050401F
S1136F30E695001CCAF729D0FE2F27D0660F771FCD
S1136F40881FBB1F261737074807AB07B0E809F0AF
S1136F50BB0B802DBF01FF2793585F4F2AF09E3F44
S1136F60510568F08DC010C15F3FECF3983EDCF32F
S1136F70869577956795B795F7959F5FC9F7880FBD
S1136F80911D9695879597F90895E1E0660F771F0F
S1136F90881FBB1F621773078407BA0720F0621BA0
S1136FA0730B840BBA0BEE1F88F7E0950895D1D0CC
S1136FB088F09F5790F0B92F9927B751A0F0D1F0DE
S1136FC0660F771F881F991F1AF0BA95C9F712C068
S1136FD0B13081F0D8D0B1E00895D5C0672F782FB3
S1136FE08827B85F39F0B93FCCF3869577956795D4
S1136FF0B395D9F73EF490958095709561957F4F40
S11370008F4F9F4F0895E89409C097FB3EF49095E5
S11370108095709561957F4F8F4F9F4F9923A9F06D
S1137020F92F96E9BB279395F695879577956795FC
S1137030B795F111F8CFFAF4BB0F11F460FF1BC040
S11370406F5F7F4F8F4F9F4F16C0882311F096E9D3
S113705011C0772321F09EE8872F762F05C0662381
S113706071F096E8862F70E060E02AF09A95660F3A
S1137070771F881FDAF7880F9695879597F90895F3
S113708097F99F6780E870E060E008959FEF80ECD7
S1137090089500240A94161617061806090608957A
S11370A000240A9412161306140605060895EECF5A
S11370B050D0E8F3E894E0E0BB279F57F0F02AEDC6
S11370C03FE049EC06C0EE0FBB0F661F771F881F19
S11370D028F0B23A62077307840728F0B25A620BA9
S11370E0730B840BE3959A9572F7803830F49A9574
S11370F0BB0F661F771F881FD2F79048B6C0092EB2
S11371000394000C11F4882352F0BB0F40F4BF2BFE
S113711011F460FF04C06F5F7F4F8F4F9F4F08953E
S1137120EF93E0FF06C0A2EA2AED3FE049EC5FEBF3
S113713080DEE5DF0F90039401FC9058ECE8F0E06A
S1137140A0C057FD9058440F551F59F05F3F71F090
S11371504795880F97FB991F61F09F3F79F08795BA
S11371600895121613061406551FF2CF4695F1DF43
S113717008C0161617061806991FF1CF86957105D3
S1137180610508940895E894BB2766277727CB0107
S113719097F908950BD0B3CF7CDF28F081DF18F086
S11371A0952309F06DCF72CF1124EECFCADFA0F37F
S11371B0959FD1F3950F50E0551F629FF001729F88
S11371C0BB27F00DB11D639FAA27F00DB11DAA1FA7
S11371D0649F6627B00DA11D661F829F2227B00DF4
S11371E0A11D621F739FB00DA11D621F839FA00D7F
S11371F0611D221F749F3327A00D611D231F849FCF
S1137200600D211D822F762F6A2F11249F57504025
S11372108AF0E1F088234AF0EE0FFF1FBB1F661FC0
S1137220771F881F91505040A9F79E3F510570F079
S113723027CFAACF5F3FECF3983EDCF38695779592
S11372406795B795F795E7959F5FC1F7FE2B880F74
S1137250911D9695879597F908959F9329DF0F902F
S113726007FCEE5F5DCF9F3F31F0915020F487958E
S113727077956795B795880F911D9695879597F99A
S113728008959F938F937F936F93FF93EF939B0145
S1137290AC0180DFEF91FF9105D02F913F914F9189
S11372A05F9178CFDF93CF931F930F93FF92EF9269
S11372B0DF927B018C01689405C0DA2EEF0176DF42
S11372C0FE01E894A5912591359145915591AEF330
S11372D0EF01AFDDFE019701A801DA9479F7DF90A1
S11372E0EF90FF900F911F91CF91DF9108958093BC
S11372F00601979896E395BB9698969A8130D1F1BA
S113730098F18230D9F08330B1F4979A88E285BB42
S11373109698969A809106018230C8F08FED91E09C
S113732090930301809302018FE391E09093050110
S113733080930401089582E080930601979A8BE27A
S113734085BB9698969A80910601823038F78FE330
S113735091E090930301809302018FED91E090936B
S11373600501809304010895979A8AE085BB969855
S1137370969AD0CF979A89E085BB9698969ACACF69
S11373801F93CF93DF93182FE0E0F1E01082118276
S113739086838FEF84BB8ABB85BB8BBB8E9A8C9A0A
S11373A0E4E6F0E08081816080838F9A8D9A808109
S11373B082608083959AC5E6D0E088818D7F88833A
S11373C094988881816088838FE39CE90197F1F721
S11373D000C0000088818E7F88839FEF20E782E0D1
S11373E0915020408040E1F700C000008881816016
S11373F088839FEF2BED85E0915020408040E1F79A
S113740000C0000081E1D9D09FEF2BED85E09150C1
S113741020408040E1F700C0000080EDCED087E03E
S1137420D1D082E4C6D088E1C4D081EDC6D080E05A
S1137430C9D087E0BED080E1BCD082EDBED081E06F
S1137440C1D082E0B6D080ECB8D080E1BBD08BE371
S1137450B0D080E0AED082E0ACD081E1AAD085EC9F
S1137460ACD080E0AFD088ECA8D080E0ABD082E391
S1137470A0D086E39ED086E09CD086E09AD080E0BF
S113748098D087E396D085E794D087E792D084E5B7
S113749090D08CE08ED080E08CD0812F28DF8AE3DE
S11374A08CD085E58FD089E288D09FEF2BED85E0E5
S11374B0915020408040E1F700C0000080E0B9D442
S11374C09FEF22E587E0915020408040E1F700C023
S11374D00000888182608883949ADF91CF911F9104
S11374E008959498979823E325BB9698969A979A2B
S11374F095BB9698969A85BB9698969A75BB9698DE
S1137500969A65BB9698969A55BB9698969A45BB5B
S11375109698969A949A08959498979827E325BBF9
S11375209698969A979A95BB9698969A85BB9698AC
S1137530969A949A08959498E5E6F0E080818D7F78
S1137540808388E23AD02FEF89EF90E02150804089
S11375509040E1F700C0000080E12BD02FEF8BEDCD
S113756095E0215080409040E1F700C00000949ADB
S11375700895949881E121D02FEF8BED95E021506F
S113758080409040E1F700C0000089E212D02FEF64
S113759089EF90E0215080409040E1F700C0000066
S11375A08CE207D0E5E6F0E0808182608083949AE3
S11375B0089585BB9698969A0895979885BB969852
S11375C0969A0895979A85BB9698969A0895949852
S11375D00895949A089597982AE225BB9698969AC6
S11375E0979A95BB9698969A85BB9698969A95BBCA
S11375F09698969A85BB9698969A97988BE285BBAF
S11376009698969A979A75BB9698969A65BB96980B
S1137610969A75BB9698969A65BB9698969A9798FB
S11376208CE285BB9698969A979A50E0FA01EE0FF1
S1137630FF1FE85FFE4F80818BBB440F551FFA018B
S1137640E050FF4F878185BB9698969A08950F93D3
S11376501F939798EAE2E5BB9698969A979A95BBFA
S11376609698969A85BB9698969A55BB9698969AAC
S113767045BB9698969A97989BE295BB9698969A4E
S1137680979A75BB9698969A65BB9698969A35BBC9
S11376909698969A25BB9698969A97989CE295BB4D
S11376A09698969A979A10E0F801EE0FFF1FE85FFC
S11376B0FE4F90819BBB000F111FF801E050FF4F5C
S11376C0978195BB481B2F5F3F4F261B370B429F6B
S11376D0200D11249698969A2150E1F71F910F914D
S11376E00895EF920F939798EAE2E5BB9698969ADD
S11376F0979A95BB9698969A85BB9698969A55BBF9
S11377009698969A45BB9698969A97989BE295BBBD
S11377109698969A979A75BB9698969A65BB9698FA
S1137720969A35BB9698969A25BB9698969A97986A
S11377309CE295BB9698969A979A0BBBE5BA481B20
S11377402F5F3F4F261B370B429F200D1124969825
S1137750969A2150E1F70F91EF9008950F931F939C
S1137760D90197982AE225BB9698969A979A95BB41
S11377709698969A85BB9698969A55BB9698969A9B
S113778045BB9698969A97982BE225BB9698969A1D
S1137790979A75BB9698969A65BB9698969AB5BB38
S11377A09698969AA5BB9698969A97982CE225BB9C
S11377B09698969A979A10E0F801EE0FFF1FE85FEB
S11377C0FE4F20812BBB000F111FF801E050FF4F2B
S11377D0278125BB4F5F5F4F9A01281B390B1196F8
S11377E0A61BB70B0E94A8738B019C0144E036953D
S11377F02795179507954A95D1F76F7001151105CF
S113780041F19698969A9698969A9698969A9698FA
S1137810969A9698969A9698969A9698969A9698EC
S1137820969A9698969A9698969A9698969A9698DC
S1137830969A9698969A9698969A9698969A9698CC
S1137840969A01501109E9F6662329F09698969ABA
S113785061506111FBCF1F910F910895EF920F9327
S11378601F93D90197982AE225BB9698969A979ADE
S113787095BB9698969A85BB9698969A55BB96987A
S1137880969A45BB9698969A97982BE225BB96981C
S1137890969A979A75BB9698969A65BB9698969A77
S11378A0B5BB9698969AA5BB9698969A97982CE20B
S11378B025BB9698969A979A0BBBE5BA4F5F5F4F94
S11378C09A01281B390B1196A61BB70B0E94A873AB
S11378D08B019C0184E036952795179507958A9529
S11378E0D1F76F700115110541F19698969A969803
S11378F0969A9698969A9698969A9698969A96980C
S1137900969A9698969A9698969A9698969A9698FB
S1137910969A9698969A9698969A9698969A9698EB
S1137920969A9698969A9698969A01501109E9F61D
S1137930662329F09698969A61506111FBCF1F91A6
S11379400F91EF9008952F923F924F925F926F9212
S11379507F928F929F92AF92BF92CF92DF92EF92DB
S1137960FF920F931F93CF93DF93CDB7DEB7629748
S11379700FB6F894DEBF0FBECDBF49832A83D7016B
S1137980882309F4B0C1862F90E09C01220F331F95
S1137990820F931F880F991FFC01E859FD4B6491D6
S11379A0FC01E759FD4B5491FC01E659FD4B349120
S11379B0FC01E559FD4B4491FC01E459FD4B249134
S11379C0FC01E359FD4BE491862F90E09F838E8365
S11379D0642F70E07D836C83861B970B9695982F9C
S11379E08827979587959A8B898B852F90E099871F
S11379F08887422E512C84199509AC015695542F31
S1137A004427579547955E874D87632F70E07B87A2
S1137A106A872E2E312CCB01821993099C0136954D
S1137A20322F222737952795388B2F873981332397
S1137A30F1F0409106014B83413009F48BC108F405
S1137A40A1C1423009F493C1433009F078C1E090F8
S1137A500401F090050147018A189B08EA1AFB0A01
S1137A6080E045DC56016701D801840101C01B8216
S1137A7035015FEF651A750A6A1A7B0A76016FEFA2
S1137A80E61AF60AE01AF10A97988AE285BB9698F4
S1137A90969A979A15BB9698969A05BB9698969A35
S1137AA0D5BA9698969AC5BA9698969A97988BE26C
S1137AB085BB9698969A979AB5BB9698969AA5BBC5
S1137AC09698969AB5BA9698969AA5BA9698969ACA
S1137AD097988CE285BB9698969A979A7A81723099
S1137AE008F4D3C0262D21702C87430196948794E3
S1137AF089899A89B4010E9473735B018D859E857F
S1137B00B4010E9473737E876D878F859889B40151
S1137B100E9473733A81DD24D394323009F4CEC0C9
S1137B204E815F815695542F442757954795288554
S1137B3039853695322F222737952795EA85FB8597
S1137B40F695FE2FEE27F795E79500E0D701B2955D
S1137B50A295AF70AB27BF70AB271E2D1F70CC242E
S1137B60C3945C841B01CA0188279C77880F892FE2
S1137B70881F990B7901EE2460E7F6229F2D9595D5
S1137B80959595959595892B8BBBCF0188279C77E7
S1137B90F92EF594F594C90188279E7095958795DB
S1137BA09595879595958795959587958F2985BB07
S1137BB0109719F1CD019698969A9698969A969858
S1137BC0969A9698969A9698969A9698969A969839
S1137BD0969A9698969A9698969A9698969A969829
S1137BE0969A9698969A9698969A9698969A969819
S1137BF0969A9698969A0197F1F6112329F0812F77
S1137C009698969A8150E1F771E0671A7108DD2021
S1137C1019F068147904A1F1002349F14A0D5B1DA0
S1137C208D859E85280F391FE20DF31D01E0611437
S1137C30710409F098CF7981711167C062960FB60B
S1137C40F894DEBF0FBECDBFDF91CF911F910F918E
S1137C50FF90EF90DF90CF90BF90AF909F908F9068
S1137C607F906F905F904F903F902F9008954A19A6
S1137C705B096D857E85261B370BE219F309D7CF87
S1137C800C255110C9CFD12CD2CF89899A89B3013F
S1137C900E9473735B018D859E85B3010E9473738B
S1137CA07E876D878F859889B3010E9473738A815B
S1137CB0811185C01C86D12C812C912C4C815D8135
S1137CC05695542F44275795479592013695322F50
S1137CD0222737952795F101F695FE2FEE27F79584
S1137CE0E79501E033CF862F90E0FC01EE0FFF1FF4
S1137CF0E80FF91FEE0FFF1FE050FF4F6789508D0B
S1137D00318D428D238DE48D5FCE8B8162960FB6CB
S1137D10F894DEBF0FBECDBFDF91CF911F910F91BD
S1137D20FF90EF90DF90CF90BF90AF909F908F9097
S1137D307F906F905F904F903F902F90D8CA9C2D6A
S1137D408D2D6501A92EB82E902F812F8D01A92F7D
S1137D50B82F8ECE809100018130E1F045013D01C4
S1137D6083E0C5DA56016401D801830181CEE09035
S1137D700401F090050147018A189B08EA1AFB0ADE
S1137D8081E06FCE80910001813071F045013D01A9
S1137D9082E0E7CF809004019090050134016A18D5
S1137DA07B088A1A9B0ADCCF80900401909005011D
S1137DB034016A187B088A1A9B0A82E0D2CF812C8C
S1137DC0912CD12C1C86ACCE30E0F901EE0FFF1FB4
S1137DD0E85FFE4F887F962F929596959770892B32
S1137DE08083220F331FF901E050FF4F6C71660F3F
S1137DF0660F660F469546954695642B67830895EE
S1137E00CF92DF92EF920F93D12CF601EE0FFF1F6A
S1137E10EC0DFD1DEE0FFF1FE050FF4F878B608FB1
S1137E20418F228F038FE48E0F91EF90DF90CF90DC
S1137E3008950F939498E0E0F1E024813581428124
S1137E405381082F60E070E080E090E087DC949A32
S1137E500F910895AF92BF92CF92DF92EF92FF926B
S1137E600F931F939498E0E0F1E0A480B580C28062
S1137E70D380E12CF12C00E010E065DD949A1F9191
S1137E800F91FF90EF90DF90CF90BF90AF90089547
S1137E90AF92BF92CF92DF92EF92FF920F931F9314
S1137EA09E2DAC2DBA2D2115310511F0215031092B
S1137EB00115110511F0015011096901C60ED71EF3
S1137EC0E0910201F0910301EC15FD0550F0580119
S1137ED0A40EB51EE0910401F0910501EA15FB051D
S1137EE048F41F910F91FF90EF90DF90CF90BF90D7
S1137EF0AF90089594987A018B012B2F4A2F692F04
S1137F0022DD949AEECF9F92AF92BF92CF92DF92EE
S1137F10EF92FF920F931F93CF93DF93182F962E18
S1137F20E0900201F09003018FEFE81AF80AC09084
S1137F300401D09005019FEFC91AD90A8091060166
S1137F4040E050E0823008F469C0B70180E090E07E
S1137F50C8DA80910101811151C080910601C0E00D
S1137F60D0E08230D0F1092D960141E050E060E08C
S1137F7070E0111118C0CE0101970E94F049CE01A2
S1137F80CBDA8FE99FE00197F1F700C0000021965A
S1137F90EC16FD06A8F1092D960141E050E060E0E1
S1137FA070E0112341F35701AC1ABD0AC5010E94C8
S1137FB0F049C501B1DAE5CFBE0180E090E00E944E
S1137FC0F049CE01A9DA8FE99FE00197F1F700C0EB
S1137FD000002196CC16DD0698F0092D21E030E052
S1137FE0A701112349F35601AC1ABD0AB50180E07B
S1137FF090E00E94F049C5018FDAE5CF813099F015
S113800080E090E0DF91CF911F910F91FF90EF906E
S1138010DF90CF90BF90AF909F907ECAB60180E072
S113802090E05FDA96CF80910601811127C0C0E00D
S1138030D0E013C0BE016150710980E090E00E945D
S1138040F049CE0169DA8FE99FE00197F1F700C0AA
S113805000002196CC16DD0698F2092D21E030E0CF
S1138060A701112339F35601AC1ABD0AB50180E00A
S113807090E00E94F049C5014FDAE5CF813009F460
S11380804FC0823039F1833009F0BACFC0E0D0E07C
S113809010C0CE010E94F049CE013EDA8FE99FE084
S11380A00197F1F700C000002196EC16FD0608F4D4
S11380B0A7CF092D960141E050E060E070E0112364
S11380C041F35701AC1ABD0AC5010E94F049C5012C
S11380D023DAE4CF5701C0E0D0E014C0CE01019709
S11380E00E94F049C50118DA8FE99FE00197F1F782
S11380F000C00000219691E0A91AB108EC16FD0613
S113810008F47ECF092D960141E050E060E070E074
S1138110112321F3C5010E94F049CE01FDD9E4CF1A
S11381205601C0E0D0E017C0BE016150710980E083
S113813090E00E94F049C501EFD98FE99FE00197D3
S1138140F1F700C00000219691E0A91AB108CC16FD
S1138150DD0608F455CF092D21E030E0A7011123F5
S113816019F3B50180E090E00E94F049CE01D4D922
S1138170E4CF2F923F924F925F926F927F928F92B1
S11381809F92AF92BF92CF92DF92EF92FF920F93A2
S11381901F93CF93DF9300D000D0CDB7DEB7A0916B
S11381A00201B09103014D018A179B0708F44C01A9
S11381B0BA83A9834A175B0710F45A834983E09171
S11381C00401F0910501CF016E177F0708F4CB017C
S11381D02E173F0708F4F90129803A80821493048A
S11381E008F0D2C0281839083C822B82EE24E3948C
S11381F0F12C8E179F0708F0C0C0BF01681B790BD4
S1138200CC24C394D12C10E09801220F331F285F93
S11382103E4FD901AC90000F111F00501F4FD801E1
S11382201796BC9094982B803C80232809F059C061
S113823009811A810815190528F4382D292D4801BA
S113824039832A83E817F90708F42AC197982AE2A0
S113825025BB9698969A979A95BA9698969A85BABF
S11382609698969A1A8115BB9698969A298125BB59
S11382709698969A97982BE225BB9698969A979AF1
S113828095BB9698969A85BB9698969AF5BB9698C0
S1138290969AE5BB9698969A97988CE285BB9698A1
S11382A0969A979AABBAB5BA9698969A615071090C
S11382B0D8F7949A0F900F900F900F90DF91CF9171
S11382C01F910F91FF90EF90DF90CF90BF90AF90F0
S11382D09F908F907F906F905F904F903F902F90E2
S11382E008956115710509F05AC049815A814815EC
S11382F0590528F4382D292D4A0139832A83E81792
S1138300F90708F4D3C097982AE225BB9698969A61
S1138310979A95BA9698969A85BA9698969A5A8103
S113832055BB9698969AA981A5BB9698969A9798C4
S11383302BE225BB9698969A979A95BB9698969A0F
S113834085BB9698969AF5BB9698969AE5BB9698AF
S1138350969A97988CE285BB9698969A979AABBA18
S1138360B5BA9698969A0B811C81015011091C8309
S11383700B830F3F1F4FA9F79CCFBC016E1B7F0BD4
S1138380CC24CA94DC2C3FCF940149815A81241B0C
S1138390350B3C832B83EE24EA94FE2C2ACFA401D4
S11383A09C018B819C816817790709F485C0AB8196
S11383B0BC81A617B70708F0D2C0DB01B695A79514
S11383C0B195A195B1097C2C88248A94820EC901A7
S11383D08A01912C312C0F2EFAE26F2EF02D0F2EE4
S11383E0FBE25F2EF02D0F2EFCE24F2EF02D31100C
S11383F01CC02E173F07C9F091105CCF99249394A9
S11384002E173F0709F0912C2C0D3D1D2B803C802D
S1138410A20DB31DB7FDA0C04E0D5F1DA61BB70B6B
S113842033243394870C332021F3979865BA9698B4
S1138430969A979A15BB9698969A05BB9698969A8B
S113844015BB9698969A05BB9698969A979855BA9E
S11384509698969A979A821793070CF064C095BBE6
S11384609698969A85BB9698969A89010150110917
S113847015BB9698969A85BA9698969A979845BAFF
S11384809698969A979A1901281A390AC101ABBA93
S1138490B5BA9698969A0197E1F7C9018A01ACCFCB
S11384A0382F292FCF01E32FF22FD0CE382F292FA9
S11384B0CF01E32FF22F27CF6AE29BE28CE204C0C4
S11384C04E0D5F1D2C0D3D1D979865BB9698969A91
S11384D0979A55BB9698969A45BB9698969A55BB8B
S11384E09698969A45BB9698969A979895BB96981F
S11384F0969A979A35BB9698969A25BB9698969A8B
S113850035BB9698969A25BB9698969A979885BB6C
S11385109698969A979AABBAB5BA9698969AE2179D
S1138520F30771F6C6CE89010F5F1F4F15BB9698EE
S1138530969A12E0180D15BB9698969A95BB969844
S1138540969A85BB9698969A979845BA9698969ACD
S1138550979A821B930B9BCF312C870C64CFEB81B2
S1138560FC81F695E795F195E195F1097E2C882437
S11385708A94840E2901CA01912C10E0AAE26A2E81
S1138580BBE23B2E0CE2202E11111FC009811A817F
S113859004171507D1F091108DCE99249394098175
S11385A01A814017510709F0912C4E0D5F1DE60FFB
S11385B0F71FF7FD6EC02C0D3D1DAB81BC81EA1B7E
S11385C0FB0B11E0870C112309F3979865BA969871
S11385D0969A979A8417950794F595BB9698969AC8
S11385E085BB9698969A8A010150110915BB9698F5
S11385F0969A85BA9698969A979835BA9698969A2E
S1138600979A55BA9698969A45BA9698969A55BA5C
S11386109698969A45BA9698969A979825BA96985F
S1138620969A979ADA01A81BB90BCD01ABBAB5BAE1
S11386309698969A0197E1F72901CA01ACCF8A016D
S11386400F5F1F4F15BB9698969A12E0180D15BB35
S11386509698969A95BB9698969A85BB9698969A6C
S1138660979835BA9698969A979A55BA9698969AEC
S113867045BA9698969A55BA9698969A45BA9698FF
S1138680969A979825BA9698969A979A841B950BDA
S1138690CDCF10E0870C97CF2F923F924F925F92ED
S11386A06F927F928F929F92AF92BF92CF92DF92FE
S11386B0EF92FF920F931F93CF93DF9300D000D0DC
S11386C0CDB7DEB7E0910201F0910301FA83E983AB
S11386D05F018E179F0708F45C0189819A8148170E
S11386E0590710F45A834983E0910401F09105017C
S11386F0AF016E177F0708F4AB01FC83EB832E17E1
S11387003F0710F43C832B83E981FA81AE16BF0640
S113871008F0EBC0DF01AA19BB09EE24E394F12CA5
S11387208B819C814817590708F0D6C09C01241BF3
S1138730350BCC24C394D12C10E0C801880F991FA9
S1138740885F9E4FFC018080000F111F00501F4F57
S1138750F80197809498109709F069C009811A81EB
S11387600A151B0528F49A2D8B2D580199838A83A9
S11387708B819C818417950708F446C197988AE2F7
S113878085BB9698969A979AB5BA9698969AA5BAEA
S11387909698969A89819A81019695BB9698969A0D
S11387A099819F5F95BB9698969A97988BE285BB23
S11387B09698969A979A55BB9698969A45BB96988A
S11387C0969A8B819C81019695BB9698969AEB819B
S11387D0EF5FE5BB9698969A97988CE285BB96983E
S11387E0969A979A8BBA95BA9698969A9698969AD4
S11387F09698969A9698969A21503109A8F7949A41
S11388000F900F900F900F90DF91CF911F910F91C8
S1138810FF90EF90DF90CF90BF90AF909F908F909C
S11388207F906F905F904F903F902F900895211507
S1138830310509F063C0E981FA81EA15FB0528F4E2
S11388409A2D8B2D5F0199838A830B811C810417D8
S1138850150708F4E0C097988AE285BB9698969A23
S1138860979AB5BA9698969AA5BA9698969A89813F
S11388709A81019695BB9698969A99819F5F95BB2C
S11388809698969A97988BE285BB9698969A979A1B
S113889055BB9698969A45BB9698969A8B819C81DF
S11388A0019695BB9698969AEB81EF5FE5BB9698F7
S11388B0969A97988CE285BB9698969A979A8BBAD3
S11388C095BA9698969A9698969A9698969A96980D
S11388D0969A1197B0F793CF9A01EB81FC812E1BE6
S11388E03F0BCC24CA94DC2C27CFD50129813A81B3
S11388F0A21BB30BEE24EA94FE2C12CFB5012A1767
S11389003B0709F48EC0A217B30708F0F7C0F901BA
S1138910F695E795882799278E1B9F0B9A83898361
S11389205C2C66246394640ECA01712C10E0EAE2A4
S11389304E2EFBE23F2E0CE2202E111123C0EB81C0
S1138940FC814E175F07F1F071105ACF77247394AE
S1138950EB81FC814E175F0709F0712C4C0D5D1DF6
S113896009811A810A0F1B1F1A83098317FDC3C0CB
S11389706E0D7F1D021B130B1A83098311E0650C16
S11389801123E9F2979845BA9698969A979AB5BAA8
S11389909698969AA5BA9698969A85010F5F1F4F56
S11389A015BB9698969AA394A5BA9698969A979872
S11389B035BA9698969A979A841795070CF07FC0C3
S11389C095BB9698969A85BB9698969A55BB969819
S11389D0969A45BB9698969A979825BA9698969A99
S11389E0979A8A01081B190BC8018BBA95BA9698F5
S11389F0969A9698969A9698969A9698969A019791
S1138A00B1F7CA015B01A0CF942F852F4B815C8104
S1138A109B838C83B3CE942F852FA8019B838C8357
S1138A201ACF1E2D91E09A0DEC2D81E0840FFAE20D
S1138A30BBE2ACE204C06E0D7F1D4C0D5D1D97982A
S1138A40F5BB9698969A979A75BB9698969A65BB35
S1138A509698969A9B012F5F3F4F35BB9698969AAE
S1138A6095BB9698969A9798B5BB9698969A979A26
S1138A7055BB9698969A45BB9698969A9A012F5FFD
S1138A803F4F35BB9698969A85BB9698969A979839
S1138A90A5BB9698969A979A8BBA95BA9698969AF1
S1138AA09698969A9698969A9698969A910F8E0F6B
S1138AB02B813C812417350709F0BDCFA0CE8A0154
S1138AC00F5F1F4F15BB9698969A65BA9698969A1B
S1138AD08C010F5F1F4F15BB9698969A11E0180FE3
S1138AE015BB9698969A979825BA9698969A979AB7
S1138AF0841B950B7ACF10E0650C42CFFD01F695EF
S1138B00E795F195E195F1095E2C662463946A0C6E
S1138B105A01CB01712C10E00AE2402E0BE2302EF8
S1138B200CE2202E11111DC009811A8106171707A6
S1138B30C1F0711065CE7724739409811A8160178E
S1138B40710709F0712C6E0D7F1DE20FF31FF7FD05
S1138B507CC04C0D5D1DEA1BFB0B11E0650C112361
S1138B6019F3979845BA9698969A979A86179707FD
S1138B70DCF595BB9698969A85BB9698969A75BBA4
S1138B809698969A65BB9698969A979835BA9698B9
S1138B90969A979AB5BA9698969AA5BA9698969AE6
S1138BA085010F5F1F4F15BB9698969AA394A5BA9B
S1138BB09698969A979825BA9698969A979A8B012A
S1138BC0081B190BC801870D911D8BBA95BA96988D
S1138BD0969A9698969A9698969A9698969A0197AF
S1138BE0B1F75A01CB01A5CF8B010F5F1F4F15BB06
S1138BF09698969A65BA9698969A8C010F5F1F4F2D
S1138C0015BB9698969A11E0180F15BB9698969AEC
S1138C10979835BA9698969A979AB5BA9698969AD6
S1138C20A5BA9698969A85010F5F1F4F15BB969823
S1138C30969AA394A5BA9698969A979825BA9698D0
S1138C40969A979A861B970BC0CF10E0650C87CF36
S1138C502F923F924F925F926F927F928F929F9248
S1138C60AF92BF92CF92DF92EF92FF920F931F9336
S1138C70CF93DF9300D000D000D0CDB7DEB7C09043
S1138C800201D090030146018C159D0508F44C01A6
S1138C904C155D0508F46A01E0910401F0910501A9
S1138CA0AF016E177F0708F4AB012E173F0708F4D6
S1138CB0F9018C149D0408F0F7C0960128193909AC
S1138CC03E832D8381E090E09A8389834E175F076A
S1138CD008F0E3C09F01241B350BEE24E394F12C30
S1138CE010E0C801880F991F885F9E4FDC01BC907B
S1138CF0000F111F00501F4FD8011796AC90949885
S1138D008D819E81892B09F06EC0C814D90428F482
S1138D10982D892D4601C92ED82EE417F50708F49D
S1138D2067C197988AE285BB9698969A979A95BA5E
S1138D309698969A85BA9698969AC601029695BB85
S1138D409698969AC394C394C5BA9698969A979807
S1138D508BE285BB9698969A979A55BB9698969A65
S1138D6045BB9698969ACF01029695BB9698969A8B
S1138D70EE5FE5BB9698969A97988CE285BB969899
S1138D80969A979ABBBAA5BA9698969A9698969AEE
S1138D909698969A9698969A9698969A9698969A57
S1138DA09698969A9698969A9698969A21503109FA
S1138DB058F7949A26960FB6F894DEBF0FBECDBF2F
S1138DC0DF91CF911F910F91FF90EF90DF90CF90A3
S1138DD0BF90AF909F908F907F906F905F904F90D7
S1138DE03F902F9008952115310509F067C0C814EC
S1138DF0D90428F4982D892D4601C92ED82EE417BC
S1138E00F50708F4FBC097988AE285BB9698969A72
S1138E10979A95BA9698969A85BA9698969AC6010C
S1138E20029695BB9698969AC394C394C5BA96989D
S1138E30969A97988BE285BB9698969A979A55BB83
S1138E409698969A45BB9698969ACF01029695BBAA
S1138E509698969AEE5FE5BB9698969A97988CE2C8
S1138E6085BB9698969A979ABBBAA5BAAD81BE81EE
S1138E709698969A9698969A9698969A9698969A76
S1138E809698969A9698969A9698969A9698969A66
S1138E909698969A119760F78CCF9A012E1B3F0BE8
S1138EA0EE24EA94FE2C1CCFD401AC19BD09BE8378
S1138EB0AD832FEF3FEF3A83298308CFB4018D812F
S1138EC09E812817390709F49FC08D819E818217DE
S1138ED0930708F020C1890116950795119501950E
S1138EE011092A019FEF491A590A3E2C88248394B8
S1138EF0840ECA013B01912CD12CBAE22B2E3C8367
S1138F002B83AD81BE811EC04E175F07E9F091101F
S1138F1051CF992493944E175F0709F0912C4E0D6D
S1138F205F1D0A0F1B1F17FDF4C029813A81620FD0
S1138F30731F2B813C81021B130BDD24D3944E0C35
S1138F405F1C830CDD2001F3979825BA9698969AB6
S1138F50979A75BA9698969A65BA9698969A63016E
S1138F60841795070CF0A8C022E0C20ED11CD5BA14
S1138F709698969A6394639465BA9698969A9798F5
S1138F803BE235BB9698969A979A95BB9698969A93
S1138F9085BB9698969A55BA9698969A85BA969855
S1138FA0969A97982CE225BB9698969A979A9A0146
S1138FB0281B390BC901BBBAA5BA2B813C819698F1
S1138FC0969A9698969A9698969A9698969A969825
S1138FD0969A9698969A9698969A9698969A969815
S1138FE0969A019761F73C832B83CA013B018FCF8B
S1138FF0942F852FAF01E92FF82F93CE942F852F2F
S1139000AF01E92FF82FFFCED98092E0980D0E2DF5
S113901082E0840F1AE2BBE2ACE206C029813A8105
S1139020620F731F4E0D5F1D979815BB9698969A05
S1139030979A75BB9698969A65BB9698969A9B0153
S11390402E5F3F4F35BB9698969A95BB9698969A05
S11390509798B5BB9698969A979A55BB9698969A70
S113906045BB9698969A9A012E5F3F4F35BB9698CA
S1139070969A85BB9698969A9798A5BB9698969A31
S1139080979ABBBAA5BA9698969A9698969A9698ED
S1139090969A9698969A9698969A9698969A969854
S11390A0969A9698969A9698969A9D0D800FE4179C
S11390B0F50709F0B3CF7DCE32E0C30ED11CD5BA8B
S11390C09698969A6394639465BA9698969A9798A4
S11390D02BE225BB9698969A979A55BA9698969AA3
S11390E085BA9698969A6C0132E0C30ED11CD5BA13
S11390F09698969A22E0D22ED80ED5BA9698969A39
S113910097982CE225BB9698969A979A841B950B70
S113911052CFD12C14CFED81FE81F695E795F195D0
S1139120E195F10924018FEF481A580A398001E0CA
S1139130080D3A0110E080E09AE2292E8B83AD817C
S1139140BE811DC0C616D706E9F0111133CE11E059
S11391506C157D0509F010E089819A81680F791FEB
S1139160E20FF31FF7FD8FC04E0D5F1DEA1BFB0BD3
S113917091E09B8389819A81480E591E030D9B813E
S1139180992301F3979825BA9698969A979A8616F2
S113919097060CF049C095BA9698969A85BA96980F
S11391A0969A55BA9698969A05BB9698969A9798D1
S11391B08BE285BB9698969A979A75BA9698969AE2
S11391C065BA9698969AC301029695BB9698969A14
S11391D06394639465BA9698969A97989CE295BB23
S11391E09698969A979ACB01881999094C01810E01
S11391F0911CBBBAA5BA9698969A9698969A969800
S1139200969A9698969A9698969A9698969A9698E2
S1139210969A9698969A9698969A91E0891A9108B1
S113922051F73A014B0191CF55BA9698969A05BBDE
S11392309698969AC401029695BB9698969A82E05F
S1139240880D85BB9698969A97989BE295BB9698BD
S1139250969A979A75BA9698969A65BA9698969A9F
S1139260C301029695BB9698969A6394639465BAE3
S11392709698969A97988CE285BB9698969A979A20
S1139280861A970AB6CF1B8275CF4F925F926F9260
S11392907F928F929F92AF92BF92CF92DF92EF9282
S11392A00F931F93CF93DF936C015B01E22F102F79
S11392B027E733E0DA010E94B773DC01CB012AE02F
S11392C0B595A795979587952A95D1F74A019594D1
S11392D08794E13009F466C008F458C0E230A1F183
S11392E0E33011F52601481859084501881A990AEE
S11392F03501680E791EE201C40ED51EEE2091F1EF
S113930031E0012F3E1508F05BC09401A201B501C4
S1139310C6019EDC9301AE01B401C20199DC950142
S1139320A601B301CE0194DCDF91CF911F910F917F
S1139330EF90DF90CF90BF90AF909F908F907F90F1
S11393406F905F904F90089524014C0C5D1C450173
S1139350881A990A3501680E791EE201C41AD50AE1
S1139360E110CECF012F9401A201B501C6010E94E4
S1139370B9409301AE01B401C2010E94B940950104
S1139380A601B301CE010E94B940CECF2601481AEE
S1139390590A8A0C9B1CE601C80FD91F3401A41A70
S11393A0B50AACCF2601481A590A9501281939097A
S11393B04901E601C80FD91F3901A40EB51E9ECF7D
S11393C09401A201B501C60167D99301AE01B401AC
S11393D0C20162D99501A601B301CE015DD9A4CF22
S11393E00F934115510511F04150510921153105D3
S11393F011F021503109480F591FE0910201F091F9
S11394000301E417F50760F0260F371FE09104010C
S1139410F0910501E217F30730F482E00F9108950B
S113942081E00F91089594980E94AE3B949A80E055
S11394300F9108952F923F924F925F926F927F9275
S11394408F929F92AF92BF92CF92DF92EF92FF9250
S11394500F931F93CF93DF9323303105A0F483E060
S1139460DF91CF911F910F91FF90EF90DF90CF90FC
S1139470BF90AF909F908F907F906F905F904F9030
S11394803F902F900895F701EE0FFF1FE217F307A7
S113949030F70330110510F484E0E2CFE017F10750
S11394A0D8F72B0191E0491A5108E901C40DD51DE3
S11394B020910201309103012C173D0778F04A01F5
S11394C091E0891A9108800E911E20910401309137
S11394D005012815390520F482E0C2CF81E0C0CF10
S11394E0BC2CFA011B01182F6701C40ED51E3401D0
S11394F06E187F089498823028F0823039F1949A5B
S113950080E0AECF0A2D960121503109AE01BF0192
S1139510C1010E94AE3B9401AE01B3016F5F7F4F66
S1139520C1010E94AE3BA701440D551D9301B60134
S1139530C1010E94AE3B9301AE01B601CE018E196A
S11395409F0901960E94AE3B1111D9CFAE014E196D
S11395505F090B2D9301B601C701820D931D0E9473
S1139560AE3BCDCF2F923F924F925F926F927F92FC
S11395708F929F92AF92BF92CF92DF92EF92FF921F
S11395800F931F93CF93DF93CDB7DEB72C970FB60E
S1139590F894DEBF0FBECDBF6C011B015A83498313
S11395A04230510508F440C0460151E0851A910843
S11395B049805A80480C591C809102019091030102
S11395C084159505B8F089819A81C816D90690F05A
S11395D0F1013197FE83ED83CF0149815A81840FD4
S11395E0951F40910401509105014817590708F54A
S11395F082E001C081E02C960FB6F894DEBF0FBE66
S1139600CDBFDF91CF911F910F91FF90EF90DF902D
S1139610CF90BF90AF909F908F907F906F905F900E
S11396204F903F902F90089542E050E05A83498331
S1139630BBCF89819A8128163906D0F281E090E067
S11396403C01E981FA816E1A7F0A30E0F901EE0FDC
S1139650FF1FE85FFE4FF080220F331FF901E05037
S1139660FF4F17819498B12C49815A814150510977
S11396705C834B839A8689869B2C89819A819C87FB
S11396808B8777FC12C0EB81FC81FC87EB87CF01D1
S1139690880F991F681A790A2F0149855A85440E43
S11396A0551ECF0101979C838B839394A92CB12CD5
S11396B0C501880F991F680E791E77FC22C0E12E20
S11396C00F2DB101EB85FC856E1B7F0B9B0149853A
S11396D05A854A0D5B1D5A834983C6018A199B0921
S11396E098878F830E942E3C6D817E81EB85FC855B
S11396F06E0F7F1F9B0149815A818F8198850E943B
S11397002E3CB1016A197B09E12E0F2D9B01A201A8
S1139710C601EB85FC858E1B9F0B9A8389830E946F
S11397202E3C6D817E816A0D7B1D9B01A201898186
S11397309A810E942E3C4B815C81A416B50608F4E4
S1139740A0CF949A80E057CF2F923F924F925F928E
S11397506F927F928F929F92AF92BF92CF92DF923D
S1139760EF92FF920F931F93CF93DF93CDB7DEB7A2
S11397706D970FB6F894DEBF0FBECDBF89832B0162
S11397801A012430310510F424E030E002301105D0
S113979008F440C0B9016250710960177107E8F517
S11397A0420141E0841A9108C901880D991D409134
S11397B00201509103014817590790F042165306CD
S11397C078F0C10101979E838D83820F931F40918E
S11397D00401509105014817590708F582E001C0BA
S11397E081E06D960FB6F894DEBF0FBECDBFDF915A
S11397F0CF911F910F91FF90EF90DF90CF90BF908A
S1139800AF909F908F907F906F905F904F903F901C
S11398102F90089562E070E0C3CFB801C1CF221643
S11398203306E0F241E050E0421B530B5C834B8370
S11398302A83C901861B970B9987888741E050E0EA
S1139840481B590B5B874A8778848E2D90E0FC0176
S1139850EE0FFF1FE85FFE4F50815E8B880F991F4C
S1139860FC01E050FF4F67816F8B8C2D90E0FC0171
S1139870EE0FFF1FE85FFE4F7081788F880F991FEE
S1139880FC01E050FF4F8781898F9498F22EB12C10
S1139890198A188A1F861E86612C10E01B8A1A8A70
S11398A01D8A1C8A1F82A12C20E030E04A81842F6B
S11398B090E06A857B857D8F6C8F3B8E2A8E3A2C57
S11398C0AC01415051092417350784F57F8171118A
S11398D02DC02B813C8137FD0EC03A8131503A8333
S11398E0832F90E09C01220F331F4B815C81421B2C
S11398F0530B5C834B833394232D30E0A901440F35
S1139900551F6B817C81640F751F7C836B8377FD8E
S1139910D7CFA201421B530B5D8B4C8BB401620F5A
S1139920731F7B8B6A8B7A81371620F03110B6C097
S113993051E05F83812F90E0272D30E022C0611039
S113994041C0B1103FC08C8D9D8D97FD0CC07A94A1
S1139950272D30E0C901880F991F4C8D5D8D481B60
S1139960590B5D8F4C8F1F5F812F90E0AC01440F2A
S1139970551F6C8D7D8D640F751F7D8F6C8F77FFE8
S11399807EC0A9014150510984179507C4F26110A2
S113999019C011111CC066246394CF2CD12C888566
S11399A099858C159D05D8F59981923008F4A7C046
S11399B0FA94FF2009F499C0232D30E04A81842FC2
S11399C090E07ECF112349F371E06712E6CFB11026
S11399D0E2CFAC01440F551FC401821B930B9F8738
S11399E08E87B201620F731F798B688BC901880F50
S11399F0991F2C8D3D8D820F931F841B950B9C0109
S1139A002F5F3F4F241735070CF0CDC073949D8F03
S1139A108C8F1150BB24B39466246394BECF2981E8
S1139A20223008F487C0223011F0B12CC1CFAD80B0
S1139A30BE80AC0CBD1C6A8D7B8D6C197D097D8745
S1139A406C87EF880E892C853D85888999890197D3
S1139A509B878A87AC01B901CE84DF849FEFC91A42
S1139A60D90AC6010E942E3CEF880E8995014A85C9
S1139A705B85B501C6010E942E3CB12C99CFB4017F
S1139A80681B790B7F876E87B201680F791F798B0A
S1139A90688B171530F5BB24B3947FCFA201481B04
S1139AA0590B5D8B4C8BB401680F791F7B8B6A8BD0
S1139AB0880F991F4B815C81840F951F220F331FE0
S1139AC0821B930BAC014F5F5F4F4217530784F423
S1139AD05A815F5F5A839C838B833A9471E07F83BE
S1139AE029CF112309F457CF77CF949A80E079CE08
S1139AF06B817C81621B730B7C836B83EECF6D81E6
S1139B007E816C0D7D1DE98C088D9B014A895B89E2
S1139B108C899D890E94713B6A8D7B8D6C197D09AE
S1139B20E98C088D9B014A895B898C899D890E94F7
S1139B30713B3ECF4A8D5B8D4C195D095D874C8727
S1139B40E98C088D9A014E855F85B9018C899D89C0
S1139B500E94713BE98C088D2C853D854A895B897F
S1139B60B901888999890E94713BAD80BE80AC0C93
S1139B70BD1CE98C088D95014E855F85B5018C89E6
S1139B809D890E94713BE98C088D95014A895B8906
S1139B90B501888999890E94713B5981552309F43B
S1139BA050CFB12C05CF6C8D7D8D641B750B7D8FD3
S1139BB06C8F2FCF2F923F924F925F926F927F9232
S1139BC08F929F92AF92BF92CF92DF92EF92FF92C9
S1139BD00F931F93CF93DF93CDB7DEB728970FB6BC
S1139BE0F894DEBF0FBECDBF9A838983023011057E
S1139BF008F4E0C045305105B8F141505109253011
S1139C003105B8F12150310989809A80840E951E5E
S1139C1080910201909103018815990508F4C8C048
S1139C202B01420E531E809104019091050184156D
S1139C30950510F582E028960FB6F894DEBF0FBEA6
S1139C40CDBFDF91CF911F910F91FF90EF90DF90E7
S1139C50CF90BF90AF909F908F907F906F905F90C8
S1139C604F903F902F90089544E050E02530310507
S1139C7048F624E030E0C8CF4217530708F49DC0EB
S1139C803695279558012017310708F459014A18C9
S1139C905B0881E090E06C01CA18DB081501260E10
S1139CA0371E8E2D90E0FC01EE0FFF1FE85FFE4F84
S1139CB0F080880F991FFC01E050FF4F17819498A2
S1139CC00E2D9201A401B10189819A810E94AE3BBB
S1139CD094012A193B093C832B8389819A818A0D3B
S1139CE09B1D9E838D8318861F8295012150310907
S1139CF03A832983D7FC0BC0A980BA80C501880F99
S1139D00991FC81AD90AC50101979A8389832F819B
S1139D1038852F5F3F4F38872F83C901880F991FDC
S1139D20C80ED91ED7FC1CC0E12E0F2DB1016A1933
S1139D307B099B016B807C808F819885680E791EDE
S1139D40A3018D809E80881A990AC4010E942E3C2A
S1139D50B501640D751D9B01A301C4010E942E3C35
S1139D60E12E0F2DB1012F813885621B730B9B01EE
S1139D706B807C806A0C7B1CA3018D809E808A187A
S1139D809B08C4010E942E3C6F817885640D751D6B
S1139D909B01A301C4010E942E3C8F8198852981D7
S1139DA03A818217930708F4A5CF949A80E043CFB1
S1139DB081E041CF02E010E01DCF56954795580150
S1139DC04017510708F063CF5A0161CF2F923F9299
S1139DD04F925F926F927F928F929F92AF92BF92B7
S1139DE0CF92DF92EF92FF920F931F93CF93DF9363
S1139DF0CDB7DEB7E4970FB6F894DEBF0FBECDBF84
S1139E008A831B01588B4F876A2D44E0E416F104C2
S1139E1018F4A4E0EA2EF12C52E0C516D10408F49B
S1139E2043C127303105D8F12150310907301105DC
S1139E30D8F101501109C901820D931D9E878D87A8
S1139E408091020190910301ED85FE858E179F0795
S1139E5008F428C140910401509105018F85988927
S1139E60800F911F4817590710F582E0E4960FB64A
S1139E70F894DEBF0FBECDBFDF91CF911F910F913C
S1139E80FF90EF90DF90CF90BF90AF909F908F9016
S1139E907F906F905F904F903F902F90089526E0B1
S1139EA030E00730110528F606E010E0C4CF201793
S1139EB0310708F4FDC0C80196958795FA86E986AE
S1139EC08E159F0510F49A87898789859A8502974C
S1139ED0D8A2CF8E8C159D0510F498A38F8FA9015D
S1139EE089859A85481B590B5EA34DA3F801E81B8D
S1139EF0F90BFCABEBAB81E090E02C0129853A85B2
S1139F00421A530AC9844F8D58A1241B350B388734
S1139F102F835C01A21AB30ADF80862F90E0FC0134
S1139F20EE0FFF1FE85FFE4F50815B8F880F991F74
S1139F30FC01E050FF4F67816C8F912CF401EE0F10
S1139F40FF1FE85FFE4F70817D8FC401880F991F4A
S1139F50FC01E050FF4F87818E8F9498CC2009F448
S1139F6096C089841E8A1D8A1C8A1B8A912CF12C16
S1139F701A8E198E188E1F8A612C10E0F101319708
S1139F80FAA3E9A391012F5F3F4F3CA32BA34DA15B
S1139F905EA14150510958A74FA369857A856F5F27
S1139FA07F4F7AA769A789859A85EF85F8898E0FEF
S1139FB09F1F98AB8FA72BA93CA9E20FF31FFAAB05
S1139FC0E9AB782C892CC9823C862B86362C6D2CE7
S1139FD0812F90E0272D30E016C031101AC057FCB5
S1139FE008C07A94272D30E0C901880F991F481AB8
S1139FF0590A1F5F812F90E0AC01440F551F440E96
S113A000551E57FE9EC0A90141505109841795075A
S113A01024F31111A8C0332433948F2D90E0262DFE
S113A02030E018C0811084C0911082C0B7FC08C011
S113A0306A94262D30E0C901880F991FA81AB90A1D
S113A040F3948F2D90E0AC01440F551FA40EB51E60
S113A050B7FEA8C0A901415051098417950714F30C
S113A060F110D6C0882483949981C92ED12CEF8114
S113A070F885EC15FD0530F5FA81F23008F4D4C00A
S113A080F981F150F983F111A3CF2B843C849A8197
S113A090923008F465C12A81223009F445C1949AAA
S113A0A080E0E4CE81E0E2CEF2E0CF2ED12CB9CE36
S113A0B0C90196958795FA86E9868E159F0508F05D
S113A0C004CF01CF9A81923008F4D6C0923011F0B7
S113A0D0912CD6CF4FA558A94C195D095A8B498BA1
S113A0E069A97AA9C60ED71EEC8C0B8D29893A89E9
S113A0F08FA198A5ED89FE898E0F9F1F9C838B836A
S113A100AC01B90189A59AA5EB89FC898E0F9F1F23
S113A1109E838D830E942E3CEC8C0B8D96014B818B
S113A1205C81B6018D819E810E942E3C912CA8CF2A
S113A130FF2009F499CFF1E08F1609F469C0812C4E
S113A14093CF4B855C85481B590B588F4F8B6B8580
S113A1507C85680F791F7A8F698F171508F45DCF96
S113A160112309F458CFEB85FC85E21BF30BF88F20
S113A170EF8B4B855C85420F531F5A8F498F220FFB
S113A180331F240D351D880F991F281B390BA90176
S113A1904F5F5F4F481759070CF042C07394290171
S113A1A0115039CF69A17AA1681B790B7C8B6B8B19
S113A1B0EBA1FCA1E80FF91FFE8BED8BF61418F44C
S113A1C09924939451CFFF2009F44CCF69A17AA12B
S113A1D0621B730B7C8B6B8B8BA19CA1820F931FD7
S113A1E09E8B8D8BC901880F991F8A0D9B1D841B23
S113A1F0950B9C012F5F3F4F241735070CF091C03E
S113A20063945C01FA9499249394882483942CCFC6
S113A210992009F482C0992493948824839424CFA8
S113A220481A590A1150F7CE6FA578A96C197D09FF
S113A230EE8C0D8D9B014DA15EA1898D9A8D480FE9
S113A240591F5C834B83E985FA858F89988DE80FC4
S113A250F91FFE83ED83CF010E942E3C69A97AA9E0
S113A2606C0D7D1DEE8C0D8D9B014B815C818D8170
S113A2709E810E942E3C04CFEFA5F8A9EC19FD099C
S113A280FA8BE98BEE8C0D8D9F0149855A856B897C
S113A2907C89460F571F5C834B83BF0189859A8550
S113A2A0EF89F88D8E0F9F1F9E838D830E94713BD3
S113A2B0EE8C0D8D29893A894DA15EA1698D7A8D27
S113A2C0460F571F5CA74BA7B9018D899E89EDA145
S113A2D0FEA18E0F9F1F9EA78DA70E94713B29A9E7
S113A2E03AA9C20ED31EEE8C0D8D96014B815C8172
S113A2F0B6018D819E810E94713BEE8C0D8D96017D
S113A3004BA55CA5B6018DA59EA50E94713B3A8123
S113A310332309F4E9CE912CB3CEAC01440F551F7D
S113A32055CFA41AB50A6ECFA984BA842F8538896B
S113A330A20EB31E69014BA95CA9C40ED51E4D859E
S113A3405E856F8D78A1461B570BEC8C0B8D9601A7
S113A350B5018F8D98A1820D931D0E942E3C9FCE36
S113A360CF84D8884BA95CA9C40ED51EA984BA840D
S113A3706F857889A60EB71EA101415051098F8DB2
S113A38098A1480F591FEE8C0D8D9601B501C1019E
S113A3900E942E3CEE8C0D8D96014D855E85B50197
S113A3A0CA010196EF8DF8A18E1B9F0B0E942E3CD3
S113A3B0FA81FF2321F273CE4F925F926F927F92C4
S113A3C08F929F92AF92BF92CF92DF92EF92FF92C1
S113A3D00F931F93CF93DF93EC015B017A01122F4C
S113A3E0433051051CF423E0E22EF12C6701CC0E1E
S113A3F0DD1EC60101972091020130910301281747
S113A400390788F0CE15DF0574F047018A0C9B1CD0
S113A410C4010197209104013091050128173907DF
S113A420A0F482E001C081E0DF91CF911F910F91F0
S113A430FF90EF90DF90CF90BF90AF909F908F9060
S113A4407F906F905F904F900895AE14BF044CF3CB
S113A4509701220F331F2E0D3F1DA90155954795D6
S113A4604115510511F483E0DFCF27E733E0D7012D
S113A4700E94B773DC01CB016AE0B595A795979567
S113A48087956A95D1F7092E000CAA0BBB0B66279A
S113A490782F892F9A2F9A01550F440B550B0E9440
S113A4A086733901802F90E0FC01EE0FFF1FE85FF7
S113A4B0FE4F4080880F991FFC01E050FF4F5780EA
S113A4C094981230D8F1123009F473C0F594E794DB
S113A4D0CE19DF094601C814D9042CF594012C19AE
S113A4E03D09269DC001279D900D369D900D112498
S113A4F081589F4F892F99279501280F391FB5013E
S113A500681B790BE52C042DA401C4010E942E3C88
S113A5108C169D0681F0123051F0F1E08F1A9108EB
S113A520C814D904DCF2960128193909DACFEFEFFF
S113A5308E1A9E0AD0CF949A80E076CF111141C032
S113A54045018E189F08F594E794AE0CBF1C640176
S113A5508C149D0434F5960128193909269DC001EF
S113A560279D900D369D900D112480589F4F892F63
S113A5709927AE01480F591FE52C042D9601B60109
S113A580FE01E81BF90BCF010E942E3CCA14DB0428
S113A59091F211110AC0FFEFCF1ADF0A8C149D0447
S113A5A0D4F294012C193D09D9CF81E0C81AD108FD
S113A5B0CFCF6E01CE18DF08F594E794CE0DDF1DE2
S113A5C089CFF594E794AE18BF08C1CF2F923F927C
S113A5D04F925F926F927F928F929F92AF92BF92AF
S113A5E0CF92DF92EF92FF920F931F93CF93DF935B
S113A5F0CDB7DEB760970FB6F894DEBF0FBECDBF00
S113A600F82E4B013A013E832D831E2D2330310554
S113A61024F423E030E03E832D834D805E80480C9B
S113A620591CC2010197209102013091030128179E
S113A630390798F04D815E818416950674F01A01ED
S113A640260C371CC10101972091040130910501AA
S113A65028173907E0F482E001C081E060960FB664
S113A660F894DEBF0FBECDBFDF91CF911F910F9144
S113A670FF90EF90DF90CF90BF90AF909F908F901E
S113A6807F906F905F904F903F902F900895641645
S113A69075060CF39A01220F331F240F351FA901ED
S113A6A0559547954115510511F483E0D7CF27E718
S113A6B033E0AD81BE810E94B773DC01CB01EAE0D7
S113A6C0B595A79597958795EA95D1F7092E000C2E
S113A6D0AA0BBB0B6627782F892F9A2F9A01550F47
S113A6E0440B550B0E9486733B832A83D12CF601BD
S113A6F0EE0FFF1FE85FFE4F50815D87C601880F94
S113A700991FFC01E050FF4F87818E87B12CF50122
S113A710EE0FFF1FE85FFE4FE080C501880F991F11
S113A720FC01E050FF4F97819C839498123008F409
S113A730AAC0123009F43FC12D813E813595279579
S113A7406401C21AD30A802E912C1201A12CB12CBF
S113A750A601480D591D5E834D83C60188199909C8
S113A76098878F83F982FE2C38C0C101841995091A
S113A7704A815B81849F9001859F300D949F300DA9
S113A780112421583F4F232F3327B301621B730B2E
S113A790C301820F931F988B8F87A814B9044CF1BF
S113A7A0123011F14D815E812416350614F1898130
S113A7B0882391F19981913009F408C129812230CB
S113A7C009F450C02C143D0421F11230F1F041E0A1
S113A7D0241A31085FEFA51AB50A421453042CF267
S113A7E0C20182199309C4CF2F81388522153305FC
S113A7F0F4F65981523031F3EC800F2D2F853889CE
S113A800A101C1010E942E3CDDCF3FEF231A330A80
S113A810E1CF949A80E022CF9B01280D391D3A871D
S113A820298721503109EC800F2DA101C1010E941B
S113A830713B4F855889481959095C874B8789852D
S113A8409A85481759070CF0DAC06B857C856F5FD1
S113A8507F4FEC800F2D2F853889A101C1010E9403
S113A860713BB0CF680D791D2F85388928193909B6
S113A870261737070CF4A6CFEE840D85A101C1017C
S113A8800E942E3C9FCF1111C3C013012D813E8124
S113A890221A330A359527956901C60CD71C602EF8
S113A8A0712C5101412C512CA601460D571D5E837C
S113A8B04D83C6018619970998878F83F982FE2CE8
S113A8C039C0C501821993094A815B81849F900133
S113A8D0859F300D949F300D112420583F4F232F16
S113A8E03327C401821B930BA401420F531F588BBF
S113A8F04F874614570454F1111123C02F81388512
S113A9002A153B051CF12981222381F1398131303B
S113A91009F497C04981423009F482C0AC14BD04E3
S113A92009F477CF11111EC05FEFA51AB50A9FEF86
S113A930491A590A2A143B0424F2C1018A199B09B1
S113A940C3CF4D815E81A416B506ECF65981523011
S113A95029F3EC800F2D95014F855889B5010E948C
S113A9602E3CDCCF81E0A81AB108E1CFAC01460D42
S113A970571D5A87498741505109EC800F2D950185
S113A980B5010E94713B8F859889861997099C8728
S113A9908B8729853A85821793070CF06AC0EC806F
S113A9A00F2D95014F855889B5018B859C8501969E
S113A9B00E94713BB3CF24012D813E81421A530A78
S113A9C0359527956901C80CD91CBDCE9B01280D6E
S113A9D0391D21503109EC800F2DA101C1010E94C4
S113A9E0713B6F857889681979096F5F7F4FEC80B7
S113A9F02F853889A101C1010E94713BE3CEEE8409
S113AA000D859A01A101BC01C1010E942E3C1DCFFC
S113AA108D819E81959587956301C81AD90A3FCF88
S113AA20860D971D4F8558894619570948175907A8
S113AA300CF474CFEE840D859501B5010E942E3C73
S113AA406DCFAC01460D571D41505109EC800F2DBF
S113AA509501B5010E94713B8F85988986199709E4
S113AA60EC8095014F855889B50101960E94713B90
S113AA7055CFEE840D859501AC01B50189859A8584
S113AA800E942E3C8CCF2F923F924F925F926F92F6
S113AA907F928F929F92AF92BF92CF92DF92EF926A
S113AAA0FF920F931F93CF93DF93CDB7DEB76697D3
S113AAB00FB6F894DEBF0FBECDBF6C017A836983F5
S113AAC03C872B874230510508F448C02B853C85D0
S113AAD022303105F0F1160191E0291A3108CA013A
S113AAE0820D931D2091020130910301281739072B
S113AAF0B0F0C416D50698F0E981FA813197F88749
S113AB00EF83CF012B853C85820F931F2091040195
S113AB10309105012817390720F582E001C081E052
S113AB2066960FB6F894DEBF0FBECDBFDF91CF910E
S113AB301F910F91FF90EF90DF90CF90BF90AF9057
S113AB409F908F907F906F905F904F903F902F9049
S113AB50089582E090E09C878B87BDCF42E050E06F
S113AB60B5CF8B859C85E981FA81E817F907A8F2AE
S113AB70449F9001459F300D300D11243C8B2B8B4D
S113AB80889FA001899F500D500D11245A87498731
S113AB90880F991F9E838D83DC0111974A01A12C94
S113ABA0B12C0E94A873861A970AA80AB90A802FA2
S113ABB090E0FC01EE0FFF1FE85FFE4F1081880F4D
S113ABC0991FFC01E050FF4FF7809498EB89FC89B2
S113ABD0CF01A0E0B0E022273327A901281B390BBD
S113ABE04A0B5B0B2F87388B498B5A8B1C821B8239
S113ABF04B855C855E8B4D8B24C04B815C81440FFF
S113AC00551FDA01119629853A850E94A8734616C4
S113AC1057066806790664F48B819C8101969C83AF
S113AC208B8312960E94A873860E971EA81EB91EC7
S113AC30ED89FE89309709F450C0EE0FFF1FFE83A3
S113AC40ED8324013501440C551C661C771CAD8131
S113AC50BE8111972F85388949895A890E94BD730D
S113AC60641575058605970544F669817A818D8991
S113AC709E89681B790BEF2C012F9B01EB81FC81D2
S113AC80E20DF31DFC87EB87AF01C601EB81FC816C
S113AC908E1B9F0B9E878D870E942E3C6F8178852B
S113ACA02D893E89620F731F9B014B855C858D85C1
S113ACB09E850E942E3C4D895E89415051095E8BD0
S113ACC04D8BAD81BE8113972B893C890E94A8735B
S113ACD0861A970AA80AB90A90CF949A80E020CFDE
S113ACE02F923F924F925F926F927F928F929F9298
S113ACF0AF92BF92CF92DF92EF92FF920F931F9386
S113AD00CF93DF93CDB7DEB7AE970FB6F894DEBF1F
S113AD100FBECDBF89834B015C874B87A901C88EC9
S113AD20AF8A2330310510F443E050E003301105BD
S113AD3010F403E010E09401215031093A87298787
S113AD40240F351F6091020170910301621773078C
S113AD50A0F08416950688F08B859C8501979C8FBE
S113AD608B8F9C01200F311F6091040170910501AC
S113AD7062177307E0F482E001C081E0AE960FB67B
S113AD80F894DEBF0FBECDBFDF91CF911F910F911D
S113AD90FF90EF90DF90CF90BF90AF909F908F90F7
S113ADA07F906F905F904F903F902F900895AB8568
S113ADB0BC85A017B107F8F20417150708F04BC1BA
S113ADC0F80132979701EF2811F421E030E02E17B3
S113ADD03F0708F4F9011C830B83449F6001459FDE
S113ADE0D00CD00C1124DE8ECD8E009F6001019F0B
S113ADF0D00CD00C1124D8A2CF8ED801AA0FBB1F1F
S113AE001197E12CF12C2D8D3E8D0E94A873970192
S113AE108601061B170B280B390B0D871E872F87FE
S113AE20388BAB80BC801FEFA11AB10AAE1ABF0ADF
S113AE304F5F5F4F4E1B5F0B449F6001459FD00CDB
S113AE40D00C1124DE82CD82AA9C6001AB9CD00C74
S113AE50D00C1124D886CF82D501AA0FBB1F11971D
S113AE60E12CF12C2D813E810E94A873260137012B
S113AE70461A570A680A790ADF888D2D90E0FC018A
S113AE80EE0FFF1FE85FFE4FF080F9A6880F991FB1
S113AE90FC01E050FF4F17811AA794981A8E198E5F
S113AEA022242394312C9401225031093EA32DA352
S113AEB0A4014F5F5F4F58A74FA3C12CD12CDEA62E
S113AEC0CDA619814BC0123008F4C8C0AB81BC8137
S113AED01197BC83AB83AD89BE8913972D8D3E8DAD
S113AEE00E94B773CD84DE84EF84F888C61AD70A2B
S113AEF0E80AF90ACD86DE86EF86F88A498D5A8DEE
S113AF00440F551FDA0111962F8D38A10E94B77393
S113AF10C988DA88EB88FC88C616D706E806F906DD
S113AF20BCF4298D3A8D2F5F3F4F3A8F298F1296AB
S113AF302F8D38A10E94B773CD84DE84EF84F88806
S113AF40C60ED71EE81EF91ECD86DE86EF86F88A69
S113AF50CB80DC801C141D040CF07AC0CD84DE840C
S113AF60EF84F888CC0CDD1CEE1CFF1CC98ADA8A3D
S113AF70EB8AFC8ACB80DC80CC0CDD1CDE8ACD8A9B
S113AF80D101AC19BD092D8D3E8D0E94B773C988BE
S113AF90DA88EB88FC886C157D058E059F050CF01E
S113AFA0ADCFCB80DC80CA14DB040CF08CCF1A1438
S113AFB01B040CF08BCFF501EE0FFF1F7301620130
S113AFC0CC0CDD1CEE1CFF1C4DA55EA5440F551FCB
S113AFD0DA0111962F8138850E94B773C616D706F9
S113AFE0E806F9067CF42DA53EA52F5F3F4F3EA74A
S113AFF02DA712962F8138850E94B773460E571ECF
S113B000681E791E2D813E81D101AE1BBF0B0E94AB
S113B010B7736C157D058E059F0584F631E0A31A80
S113B020B108DF0113972D813E810E94B773461A40
S113B030570A680A790ACB80DC80CA14DB0409F059
S113B040B6CF123008F458C0123061F156013ECF29
S113B050949A80E093CEFA013297B4CE0F896B852F
S113B0607C85CB80DC806C197D099B01E984FA84A2
S113B070C98CDA8CEC0CFD1CA7016401898D9A8DB6
S113B080C81AD90AC6010E94273B0F896B8D7C8D93
S113B090AB81BC816A0F7B1F9B01A701C6010E9483
S113B0A0273B14CFAB84BC84CB80DC80AC18BD08B8
S113B0B0EB8CFC8CEC0CFD1CFA82E982088D95016A
S113B0C0CDA0DEA04DA55EA5C40ED51EA601B5017A
S113B0D0EFA0F8A48DA59EA5E81AF90AC7010E945D
S113B0E0AE3B088D29813A81A601B901C7010E94AE
S113B0F0AE3BAB80BC80EACEAB84BC84CB80DC802E
S113B100AC18BD08EAA409A5950164014DA55EA586
S113B110C41AD50AA601B501C401A98DBA8D8A1B2A
S113B1209B0B9AA389A30E94713BEAA409A59501EC
S113B130E985FA85498D5A8DE40FF51FFCA3EBA32D
S113B140AF01B50189859A85ADA5BEA58A0F9B1F60
S113B1509CA78BA70E94713BEB8DFC8DEB80FC8040
S113B160EE0DFF1DFA83E983EAA409A59F01A60158
S113B170BF0189A19AA10E94713BEAA409A5298172
S113B1803A814BA15CA1B9018BA59CA50E94713B9E
S113B190112309F493CFADCF2F923F924F925F9238
S113B1A06F927F928F929F92AF92BF92CF92DF92D3
S113B1B0EF92FF920F931F93CF93DF93CDB7DEB738
S113B1C064970FB6F894DEBF0FBECDBFFC0102300A
S113B1D0110508F41CC182E0E816F10408F413C157
S113B1E044305105B0F1DA01119724303105B0F142
S113B1F021503109AF014A0F5B1F809102019091E8
S113B20003018417950708F4FCC0CB01820F931F38
S113B210A0900401B0900501A816B90610F582E0CB
S113B22064960FB6F894DEBF0FBECDBFDF91CF9109
S113B2301F910F91FF90EF90DF90CF90BF90AF9050
S113B2409F908F907F906F905F904F903F902F9042
S113B2500895A3E0B0E02430310550F623E030E057
S113B260C9CFB695A795A017B10708F4D8C03695ED
S113B27027952E153F0508F4D0C05F01A00EB11E1E
S113B280B88AAF865A01A01AB10ABA8AA98A5B01A0
S113B290AE0CBF1CBC86AB865C01AE18BF08BE8674
S113B2A0AD86FA82E982009F5001019FB00CB00C78
S113B2B01124BE82AD82EE9C5001EF9CB00CB00C08
S113B2C01124BC82AB82D701AA0FBB1F1197450181
S113B2D0A12CB12C2D813E810E94A873140125015B
S113B2E0261A370A480A590A8C2D90E0DC01AA0F65
S113B2F0BB1FA85FBE4FFC90880F991FDC01A050B4
S113B300BF4F17961C9194980C2D2D853E856B8507
S113B3107C85CF010E94AE3B612C712CCC24C3945C
S113B320D12CA980BA80BC8AAB8A1DC0A301440F6A
S113B330551FDA0111962B813C810E94B773861642
S113B3409706A806B90654F49FEF691A790A12966B
S113B3500E94B773260E371E481E591EAB88BC8840
S113B360AB2809F457C052014101880C991CAA1C4E
S113B370BB1C2B893C89220F331F3A832983D601B6
S113B380A21BB30B2D813E810E94B773681579050A
S113B3908A059B055CF66B857C858B899C89681B7B
S113B3A0790BE12E0F2D9B0189899A89860D971DB2
S113B3B098878F83AC018F859889861997099A8716
S113B3C089870E942E3C6D857E852B893C89620F7E
S113B3D0731F9B014F81588589859A850E942E3C55
S113B3E08B899C8901979C8B8B8BA981BA8113973C
S113B3F02D813E810E94B773261A370A480A590ADA
S113B40095CF81E00DCF82E0E82EF12CE9CE02E069
S113B41010E0E1CE949A80E003CF79012ECF8D0124
S113B420369527952E153F0508F027CFF6CF2F9296
S113B4303F924F925F926F927F928F929F92AF92C0
S113B440BF92CF92DF92EF92FF920F931F93CF930D
S113B450DF93CDB7DEB7AF970FB6F894DEBF0FBE5C
S113B460CDBF8F8B7A8369838F8284E0E816F104E1
S113B47018F4F4E0EF2EF12C94E0C916D10418F47A
S113B480E4E0CE2ED12CA2E0AA16B10408F4BBC18C
S113B49028303105B8F12150310908301105B8F1CF
S113B4A00150110989809A80820E931E80910201B5
S113B4B0909103018815990508F4A3C1CA01800F6E
S113B4C0911F60910401709105016817790710F5C7
S113B4D082E0AF960FB6F894DEBF0FBECDBFDF910A
S113B4E0CF911F910F91FF90EF90DF90CF90BF907D
S113B4F0AF909F908F907F906F905F904F903F9010
S113B5002F90089527E030E00830110548F607E051
S113B51010E0C8CF369527952E153F0508F481C154
S113B520169507950C151D0508F475C1CE14DF0496
S113B53008F46DC19701225031092A153B0508F41E
S113B5405901E981FA81EE0DFF1DFD8FEC8F840115
S113B5500E191F091F8F0E8F9A012C0D3D1D39A343
S113B56028A3AC014C195D095BA34AA3D88ACF86F2
S113B570EE9CC001EF9C900D900D11249C8B8B8B45
S113B580CC9CD001CD9CB00DB00D1124BE8BAD8BE5
S113B590D601AA0FBB1F1197ED89FE892F01612CDB
S113B5A0712C9C010E94A87393018201061B170B46
S113B5B0280B390B0B871C872D873E8736011FEF1D
S113B5C0611A710A6A187B082FEFE21AF20AEA1864
S113B5D0FB08EE9CA001EF9C500D500D11245C83E0
S113B5E04B83669CC001679C900D900D11249E8333
S113B5F08D83D301AA0FBB1F11976C01E12CF12C91
S113B6009A010E94A87316012701261A370A480ACC
S113B610590A1F81812F90E0FC01EE0FFF1FE85FA4
S113B620FE4F10811EA3880F991FFC01E050FF4FAD
S113B63017811FA325968FAD259790E0FC01EE0F8F
S113B640FF1FE85FFE4FF080880F991FFC01E05058
S113B650FF4F178194982F89223008F4EDC02230CF
S113B66009F408C1A12CB12C1A8A198ACC24C394D8
S113B670D12C4E8D5F8D4150510959A748A78C8D0F
S113B6809D8D01969BA78AA78F849888FCA21DA3F1
S113B69048C01F89123008F4FCC091E0891A91084F
S113B6A0AF85B88913972B893C890E94B7730B85A2
S113B6B01C852D853E85061B170B280B390B0B8724
S113B6C01C872D873E8749895A89440F551FDA0103
S113B6D011962D893E890E94B7730F81188529859B
S113B6E03A850617170728073907BCF429893A89C8
S113B6F02F5F3F4F3A8B298B12962D893E890E94EA
S113B700B7730B851C852D853E85060F171F281FD3
S113B710391F0B871C872D873E87181419040CF0DA
S113B72088C00B851C852D853E85000F111F221FA7
S113B730331F0F83188729873A879401220F331FF9
S113B740388B2F87D601A21BB30B2B893C890E940F
S113B750B7730F81188529853A85601771078207A9
S113B76093070CF0B0CF861497040CF092CF161404
S113B77017040CF092CFF301EE0FFF1F8201710149
S113B780EE0CFF1C001F111FA501440F551FDA0109
S113B79011962D813E810E94B773E616F7060807BD
S113B7A019075CF4BFEFAB1ABB0ADA0113960E94C7
S113B7B0B773260E371E481E591E2B813C81D601B5
S113B7C0AE1BBF0B0E94B7736E157F0580079107F0
S113B7D0ACF601E0601A7108DF0113970E94B77399
S113B7E0261A370A480A590A8614970409F0BFCF63
S113B7F01F89123008F49DC0123009F470C034015E
S113B8004CCF81E066CE72E0A72EB12C41CE9601DA
S113B8102250310992CE6801CE14DF0408F08ACE9A
S113B820F6CF7901169507950C151D0508F07ECE07
S113B830F2CF949A80E04DCE49815A81415051090A
S113B8404A0D5B1DE12E0F2D2AA13BA168A179A110
S113B85089819A810E942E3C2AA13BA1A40168A15E
S113B86079A1C40101968A199B090E942E3C3F8943
S113B8703111F8CEA4014A195B090F812AA13BA119
S113B88068A179A189819A818A0D9B1D0E94AE3B92
S113B890E9CEEDA00CA168A179A1681979099B01F1
S113B8A04E8D5F8D89899A89480F591F5A83498320
S113B8B0AC8DBD8DA81BB90BB98FA88FCD010E948B
S113B8C0713BEDA00CA16AA17BA1680D791D9B01C0
S113B8D049815A81888D998D0E94713BDECEE8A101
S113B8E0F9A1E819F909F98FE88F0AA11BA1080D3C
S113B8F0191D1B8F0A8FEFA00EA1288D398D68A406
S113B90079A46A0C7B1CA301B9018AA59BA58A1999
S113B9109B099A8389830E942E3CEFA00EA12A8D55
S113B9203B8DA301B90189819A810E942E3C340187
S113B930B4CE28A139A128193909398F288FEDA04F
S113B9400CA16C8C7D8C6A187B08A301B9018C8DC9
S113B9509D8DA989BA898A1B9B0B9A8389830E942E
S113B960713BEDA00CA1288D398DEE8DFF8D498999
S113B9705A89E40FF51FFDA7ECA7AF01B9018E8D1D
S113B9809F8D8A0D9B1D9FA78EA70E94713BAAA124
S113B990BBA1A80DB91DBB8FAA8FEDA00CA19D0161
S113B9A0A301BD0189819A810E94713BEDA00CA184
S113B9B02A8D3B8D4CA55DA5B9018EA59FA50E943E
S113B9C0713BBF89BB2309F496CF340166CE8093C3
S113B9D093010895A9E5B1E011969C938E93FC011F
S113B9E0249112962C9312973196E4911396EC932A
S113B9F01397FC013296E4911496EC931497FC018E
S113BA003396E4911596EC931597FC013496E491E2
S113BA101696EC931697FC013596849117968C93A1
S113BA200895CF92EF920F93EC2DF0E0DF01AA0F6F
S113BA30BB1FAA0FBB1FAF59BE4F382F387F962F9D
S113BA40929596959770932B9C93EE0FFF1FEE0F94
S113BA50FF1FE75AFE4F962F9C71990F990F990F6C
S113BA60342F369536953695932B9187322F387F20
S113BA70902F929596959770932B9287902F9C7107
S113BA80990F990F990F3E2D369536953695932B30
S113BA909387C1100CC080936D0160936E01409335
S113BAA06F012093700100937101E09272010F9174
S113BAB0EF90CF900895809384010895809383013B
S113BAC00895833008F080E0809385010895809381
S113BAD086010895809387010895811101C081E052
S113BAE08093880108950F931F93CF93DF93FB01F5
S113BAF08A01E90140915B0120915C0170915F0131
S113BB00823009F46FC060916101A09162013091AB
S113BB1065015091660197988AE285BB9698969A3A
S113BB20979A15BB9698969A05BB9698969A842FE1
S113BB3090E00197800F911F95BB9698969A41507B
S113BB40040F05BB9698969A97988BE285BB9698B6
S113BB50969A979AD5BB9698969AC5BB9698969AB4
S113BB60CE01820F911D95BB9698969AC20FC5BBC4
S113BB709698969A97988CE285BB9698969A979AF7
S113BB80849131968823C9F098E007C03BBB55BB2C
S113BB909698969A880F915049F087FFF7CF6BBB20
S113BBA0A5BB9698969A880F9150B9F7715041F7B2
S113BBB0DF91CF911F910F9108953BBB55BB969890
S113BBC0969A9698969A9698969A9698969A9698F9
S113BBD0969A9698969A9698969A9698969A715056
S113BBE079F6E6CF60916301A09164013091670119
S113BBF05091680190CF2F923F924F925F926F9233
S113BC007F928F929F92AF92BF92CF92DF92EF92E8
S113BC10FF920F931F93CF93DF93CDB7DEB72F9788
S113BC200FB6F894DEBF0FBECDBF682EDA010DB794
S113BC301EB71F870E8780905B0140905C017724BC
S113BC407394740C109184011B8350918801859E18
S113BC50402D112488E0881508F4FFC2E8E0FE2E88
S113BC60872D90E0FC01EE0FFF1F0DB71EB70E1BD2
S113BC701F0B0FB6F8941EBF0FBE0DBF0F5F1F4FF3
S113BC801A870987EDB7FEB712821182FC0131973A
S113BC90EE0FFF1FE00FF11F11821082882D90E03C
S113BCA09F838E8380E190E0EE81FF818E1B9F0B4A
S113BCB0EFEFFFEF1F0102C0220C331C8A95E2F75D
S113BCC0F2E06F1609F4CEC25090610190906201C7
S113BCD0809169018D8790916A019887E7E0E81562
S113BCE008F462C280E0A12CB12C91E0FF2DF81978
S113BCF0F983EF2DF0E0FD83EC83C52ED42EFB01F8
S113BD00549144276F5F7F4FE92FF0E0EE0FFF1F40
S113BD10E00FF11F7A01082E02C0F694E7940A940A
S113BD20E2F7AE0CBF1CA220B320B182A082FF2494
S113BD30F394F90EF71420F5E9818E0FEC81FD815F
S113BD40E81BF1095A0102C0AA0CBB1CEA95E2F7F0
S113BD508816A0F4EF2DF0E0EE0FFF1FE00FF11FA7
S113BD60A1014A215B21518340839E5F88190E8083
S113BD7002C0AA0CBB1C0A94E2F7C1CF9F2DBFCF0F
S113BD805C2D4D2D8B818111A9C07801F2E0EF0E5D
S113BD90F11C252E312CDD24DA94D50ED20E81012E
S113BDA0015011091A830983FAE28F2E1BE2A12E96
S113BDB00CE2B02EF701619171917F01611571055B
S113BDC009F45DC089819A81820F931F692E90E0E6
S113BDD0FB01EE27F0780D2D732EEF2B09F475C0BF
S113BDE080E0660F771F850FFB01EE27F078309710
S113BDF0C1F7979885BA9698969A979A6D01C90E45
S113BE00D11CD5BA9698969A192F1A0F1B8315BB75
S113BE109698969A11E0C11AD108C80ED11CD5BAC9
S113BE209698969A1B811150180F15BB9698969A5E
S113BE309798A5BA9698969A979A75BA9698969A54
S113BE4025BB9698969A65BA9698969A05BB969845
S113BE50969A9798B5BA9698969A979A5BBA95BA1D
S113BE60980F589F802D11249698969A8150E1F747
S113BE70941720F46115710509F0AFCFD02E4A94C0
S113BE80220D331DD50E411095CF8E859F850FB69B
S113BE90F8949EBF0FBE8DBF2F960FB6F894DEBFE9
S113BEA00FBECDBFDF91CF911F910F91FF90EF9007
S113BEB0DF90CF90BF90AF909F908F907F906F90C6
S113BEC05F904F903F902F900895660F771F950FC6
S113BED09417A0F6FB01EE27F0787FCF43944394A8
S113BEE04982E52FEE0FE40F852F90E09D838C832C
S113BEF0A81BB90B7901E81AF90A89010150110943
S113BF00580188248A94850E8E0C1C861B8620E09A
S113BF1030E060E070E0FAE24F2E1BE2312E0CE2DA
S113BF20202EC52C592C9E2E19811230F0F0098533
S113BF301A85F801619171918F0176956795E9856C
S113BF40FA8582819381969587954B81443009F4D3
S113BF50E6C04B81433009F4F2C04B81453009F40B
S113BF60F5C07C876B871A870987CB01880F991FD7
S113BF708B010095109520233123DF2CFB2D40E00D
S113BF807D84E92DBF82AE8277FF50C0B12C02C000
S113BF90880F991FBC01220F331FB50E97FDF8CFF0
S113BFA0662009F467C0979845BA9698969A979A26
S113BFB08D01040F111D15BB9698969A942E9A0E16
S113BFC095BA9698969A015011090B0D111D15BB3F
S113BFD09698969A1FEF190D1B0D15BB9698969A75
S113BFE0979835BA9698969A979AD5BA9698969AB3
S113BFF0E5BA9698969AF5BB9698969A85BA9698C5
S113C000969A979825BA9698969A979ACBBA55BACB
S113C0104B0D5B9D102D11249698969A1150E1F7C3
S113C0204E1760F4880F991F77FDB0CF37FD24C0F9
S113C030BC01220F331F450F4E17A0F39E2EAE8076
S113C040BF801B81113009F460C04B81423009F478
S113C05061C08B81853009F498C0F981F150F9836E
S113C0600C811D81E00EF11EA00EB11E850EF11192
S113C0705BCF0BCF4B0DD4CFB12C02C0880F991FCF
S113C080BC01220F331FB50E37FDF8CF979845BA80
S113C0909698969A979A8D01040F111D15BB969840
S113C0A0969A942E9A0E95BA9698969A01501109DA
S113C0B00B0D111D15BB9698969A1FEF190D1B0DAC
S113C0C015BB9698969A979835BA9698969A979A91
S113C0D0D5BA9698969AE5BA9698969AF5BB969894
S113C0E0969A85BA9698969A979825BA9698969A13
S113C0F0979A7BBA088505BB4B0D5B9D102D1124C7
S113C1009698969A1150E1F78BCF2B853C853695FE
S113C1102795A3CF2B853C85220F331F9ECFE98122
S113C120E23009F41ECF880F991F282B392B7C8706
S113C1306B871A870987CB01880F991F19CFE9816B
S113C140E23009F40ECF96958795EFCFE981E2307E
S113C15009F407CFFC01EE0FFF1F282B392BE22B2C
S113C160F32B9C01369527952E2B3F2BCB019695CF
S113C1708795282B392BCB01880F991F282B392B16
S113C1807C876B871A870987F3CE2B853C85220F22
S113C190331F8B859C8596958795282B392BEB85AA
S113C1A0FC852E2B3F2B59CFF8E08F1609F481C064
S113C1B0FFE0F81508F469C0E12CC12CD12CBB2494
S113C1C0B394AF2CA8188F2D90E09A838983F42E12
S113C1D03D832C83342D452C592C952EFB019591B0
S113C1E084916E5F7F4F009759F0AC010E2C02C012
S113C1F0569547950A94E2F742215321C40ED51E61
S113C200EB2DF0E0EE0FFF1FE00FF11FD182C08293
S113C210E1E0EB0DE71588F5EA0C49815A814E19E6
S113C22051096C0102C0CC0CDD1C4A95E2F78E1456
S113C230B8F4F0E0EE0FFF1FE00FF11FC1018C21F5
S113C2409D2191838083B394B394E8180E8002C037
S113C250CC0CDD1C0A94E2F7C1CF90E1F92E00CD9D
S113C260BE2EBCCF509063019090640180916B010D
S113C2708D8790916C01988731CD592D952C542C34
S113C280432E4F2D2C813D817DCD90E189127ACDB5
S113C290C8010296DD24D394FB01F590E490FC01DF
S113C2A0E192F192CF016E5F7F4FD394D714A0F344
S113C2B069CDC8010296FF24F394FB01D490CC24E9
S113C2C0FC01C192D192CF016F5F7F4FF394F714B9
S113C2D0A0F358CD2F923F924F925F926F927F922C
S113C2E08F929F92AF92BF92CF92DF92EF92FF9282
S113C2F00F931F93CF93DF93CDB7DEB7AE970FB6EF
S113C300F894DEBF0FBECDBF8A876AA35A016901C4
S113C3101E830D838DB69EB69DA28CA2F0905B0108
S113C32090905C019E86292D2F5F2E8B3091840185
S113C3303D8720918801F29EE02C112448E04F159E
S113C34008F4ACC458E05D8F7E89872F90E0AC017F
S113C350440F551FADB7BEB7A41BB50B0FB6F89469
S113C360BEBF0FBEADBF0DB71EB70F5F1F4F188FF7
S113C3700F8B12961C921E921197FC013197EE0FAF
S113C380FF1FE00FF11F118210828F2C912C9F8EC2
S113C3908E8E80E190E0881999094FEF5FEFBA0122
S113C3A002C0660F771F8A95E2F77A8F698F8091B2
S113C3B07F01909180019D8B8C8BA0918101B09124
S113C3C08201BC8FAB8FE0917901F0917A01F9A3DE
S113C3D0E8A380907B0190907C0198868F824091A5
S113C3E07D0150917E015C874B87229F502D112443
S113C3F059877A85772309F44FC481E08F0DA82FDC
S113C400B0E0BA83A983CD01880F991FEDB7FEB7B9
S113C410E81BF90B0FB6F894FEBF0FBEEDBF4DB786
S113C4205EB74F5F5F4F3A016DB77EB7681B790BFC
S113C4300FB6F8947EBF0FBE6DBFADB7BEB71196F1
S113C4402D01EDB7FEB7E81BF90B0FB6F894FEBF4C
S113C4500FBEEDBF4DB75EB74F5F5F4F1A015091EE
S113C4606901598B60916A016A8B40917301509103
S113C4707401D3014D935C93809075019090760183
S113C480F201918280826091770170917801ADB759
S113C490BEB712967C936E931197E981FA81329715
S113C4A008F47DC0F3013296D20112968DB79EB77F
S113C4B00396988B8F8781E090E0FEA2FEA7EDA7FC
S113C4C0B8A6AFA2ECA6EF84F888DAA6C9A62BA773
S113C4D028A139A119A308A31AA17BA26AA27A846C
S113C4E037C0153078F0FC01772021F0EB8DFC8DFE
S113C4F0E80FF91FAC88BD88EA15FB050CF0A3C052
S113C500163041F1421B530BEDA5FEA55183408328
S113C510AF80B8848A189B0811969C928E92CB8423
S113C520DC846C197D09F701718360830196C980ED
S113C530DA80C816D90641F1EDA5FEA541915191C5
S113C540FEA7EDA78D909D90F701619171917F01F8
S113C550143039F6420F531FEDA5FEA551834083D5
S113C560AF80B8848A0C9B1C11969C928E92CB84CB
S113C570DC846C0D7D1DF701718360830196C98095
S113C580DA80C816D906C1F6FEA02BA5ECA4AFA08C
S113C590B8A4C9A4DAA408A119A16AA07BA097E051
S113C5A09F1508F422C330E0A0E0B0E061E08D8C78
S113C5B08F1889824D8D842E912C732F898D9A8D9D
S113C5C0D886CF82DE2CE22EF50154914427FFEF6A
S113C5D0AF1ABF0AE62FF0E0EE0FFF1FE00FF11FC6
S113C5E09A01072E02C0369527950A94E2F7A20F06
S113C5F0B31FA823B923B183A08331E0360FCE88BB
S113C6003C1538F5A9817A0FF401E71BF109DA0129
S113C61002C0AA0FBB1FEA95E2F7F716C0F4E32F96
S113C620F0E0EE0FFF1FE00FF11FAC014A235B2384
S113C630518340836E5F7F190E8C02C0AA0FBB1F0B
S113C6400A94E2F7C1CF153009F05CCF83CF632F92
S113C650BBCF2E2DED2CCF80D8843D85311132C136
S113C660B8016E5F7F4F788B6F87822F90E09B8B32
S113C6708A8B8FEF820F0D81080F9E859D87198A03
S113C680AA89BB891197B887AF838C0DF82EEF85E3
S113C690F88941915191F88BEF874115510509F4BF
S113C6A0B4C0BE818D819E816F817885860F971F6E
S113C6B0192FA0E030E09989892F90E09C878B871F
S113C6C057FF99C09798EAE2E5BB9698969A979A8D
S113C6D0C601830F911D95BB9698969A632F6C0D96
S113C6E065BB9698969A8F809884880D991D95BB02
S113C6F09698969A8F2D830F85BB9698969A9798BD
S113C700FBE29F2E95BA9698969A979AB5BB9698FF
S113C710969AAD80A5BA9698969A15BB9698969ACD
S113C72005BB9698969A97988CE2B82EB5BA9698C7
S113C730969A979A7A857111C2C06B857C85660F2B
S113C740771FC201860F971F9D8B8C8BC301860FA9
S113C750971FFC018081918188279C774C01990F58
S113C760AA08BB08F7E0B594A79497948794FA9520
S113C770D1F789829A82AB82BC82EC89FD8980815F
S113C7809181882790774C01990FAA08BB088CE007
S113C790B594A794979487948A95D1F7F9818F2AB1
S113C7A08BBA620D731DFB018081918188279C7770
S113C7B04C01990FAA08BB089AE0B594A7949794E2
S113C7C087949A95D1F7EC89FD89608171816627F8
S113C7D07E70072E000C880B990BE4E095958795E5
S113C7E077956795EA95D1F7682965BB8985969809
S113C7F0969A8150E1F7440F551F320FAF5F3E15F3
S113C80020F44115510509F05BCF8D809E80AA88E4
S113C810BB888A0C9B1C9E828D82BD843E85B31688
S113C82030F4FD85F23018F039893F5F398B4D853E
S113C83041504D87020F41112ACF7A857723F9F0B1
S113C8408E8D9F8D880F991FF301E80FF91F2081AA
S113C85031813093740120937301F201E80FF91FC1
S113C860208131813093760120937501F101E80F25
S113C870F91F8081918190937801809377018CA036
S113C8809DA00FB6F8949EBE0FBE8DBEAE960FB699
S113C890F894DEBF0FBECDBFDF91CF911F910F91F2
S113C8A0FF90EF90DF90CF90BF90AF909F908F90CC
S113C8B07F906F905F904F903F902F9008956A2FD4
S113C8C070E03DCF8E858E5F8E87A22EAA0CAE0CB3
S113C8D0A22FB0E0BD8BAC8B7601EA1AFB0A8D80E7
S113C8E09E808A1A9B0A9E828D823FEF320FB82C5B
S113C8F0B30E1197B887AF838A0E9B1E988A8F86D2
S113C900198E1C8E1B8E812C912C80E090E03E0DA4
S113C9103D8FCB2C3E853230F0F0EF89F88D81913C
S113C920919196958795AF89B88D12964D915C91AA
S113C930139756954795BD85B43009F411C16D859B
S113C940633009F41DC1AD85A53009F42FC19C8F56
S113C9508B8FF88FEF8BBC01660F771FAC0140956E
S113C960509584229522EE81E983B8880E2D1D8D81
S113C970D12C30E0598D452F50E05C874B8797FFD1
S113C9807BC097988AE285BB9698969A979AC70136
S113C990830F911D95BB9698969A05BB9698969A87
S113C9A0AF81B8858A0F9B1F95BB9698969A15BB45
S113C9B09698969A9798BBE2B5BB9698969A979A4A
S113C9C0E981E5BB9698969AFD81F5BB9698969A6F
S113C9D0B5BA9698969AC5BA9698969A97984CE24C
S113C9E045BB9698969A979A8A85811184C08B85BF
S113C9F09C85880F991FF201E80FF91FD301A80F36
S113CA00B91F4D915C9144275C77440F452F441F17
S113CA10550B5195A081B181AA27B0775B2F529510
S113CA205F70452B4BBBD101A80FB91F8D919C9111
S113CA3088279C77492F4695469580819181882740
S113CA409E70929582958F7089279F708927842B79
S113CA5085BB89859698969A8150E1F7CB01880C1D
S113CA60991C320FD394020F120F3A1508F046C0E6
S113CA70660F771F97FD85CF97FEF0CF97989AE2C0
S113CA8095BB9698969A979AC701830F911D95BB6B
S113CA909698969A05BB9698969AAF81B8858A0F10
S113CAA09B1F95BB9698969A15BB9698969A9798BD
S113CAB0BBE2B5BB9698969A979AE981E5BB96989E
S113CAC0969AFD81F5BB9698969AB5BA9698969AD9
S113CAD0C5BA9698969A97984CE245BB9698969ABA
S113CAE0979A59895BBB8A8985BB89859698969A5A
S113CAF08150E1F7B3CF8D2D90E07BCFAD85A13090
S113CB0029F1BD85B23039F13D85353009F43FC096
S113CB105E856E89561728F4533018F0798D7F5F3F
S113CB20798FAE85A150AE87ED81FE814C895D89F8
S113CB30E40FF51FFE83ED83C20E6F857889640FC1
S113CB40751F788B6F87A111E5CE77CE8B8C9C8C6B
S113CB5096948794DDCF8B8C9C8C880C991CD8CFB1
S113CB603E85323009F4F3CE440F551F842A952AAA
S113CB709C8F8B8FF88FEF8BBC01660F771FEECEE7
S113CB807E85723009F4E3CE56954795EFCF8B8CB2
S113CB909C8C880C991C4B8D5C8D56954795842AEA
S113CBA0952A4B8D5C8D842A952AB2CFBE85B230EE
S113CBB009F4CDCEBA01660F771F842A952A682915
S113CBC079294A0196948794862A972AAC01569526
S113CBD04795842A952ABC01660F771F862A972ACF
S113CBE09C8F8B8FF88FEF8BB9CEB8E0FB1609F4CE
S113CBF06FC04FE0842E8F1408F455C060E040E00D
S113CC0050E071E09D8C9F183D8DA32FB0E0822EE3
S113CC10F50195918491E2E0AE0EB11C009769F0A4
S113CC20FC01062E02C0F695E7950A94E2F7298DD9
S113CC303A8DE223F3234E0F5F1FE72FF0E0EE0F50
S113CC40FF1FE00FF11F51834083E1E0E70F3E89AE
S113CC50E31708F03BC0690DAD01461B51099C0167
S113CC6002C0220F331F4A95E2F7A901F616C8F451
S113CC70F0E0EE0FFF1FE00FF11F898D9A8D8423E2
S113CC809523918380837E5F6F190E8C02C0440FBD
S113CC90551F0A94E2F7BCCF8E85B1CB60E16D8F4E
S113CCA053CB7E2FB5CF30E1F312D7CCD8011296F7
S113CCB031E0F501959184918D939D9342E0A40E0A
S113CCC0B11C3F5F5E893517A0F3C7CC282DC5CCB6
S113CCD0D801129681E09E89F501549144274D9321
S113CCE05D93FFEFAF1ABF0A8F5F8917A8F3B5CC26
S113CCF02F923F92AF92BF92CF92DF92EF92FF9228
S113CD000F931F93CF93DF93E1018FA1882389F1C0
S113CD10282F30E04DA15EA1FA01E20FF31F3197F5
S113CD2090819032B1F56CA109C0282F30E0FA014E
S113CD30E20FF31F31979081903259F5611115C0BC
S113CD409BA1911112C09AA191110FC09D8DE8A1D0
S113CD50F9A12E8D3F8D2E0F3F1F290F311DEB8D15
S113CD60FC8DE217F30708F095C181508FA3811160
S113CD70DCCF1FA21F8E1E8EDF91CF911F910F91CA
S113CD80FF90EF90DF90CF90BF90AF903F902F90A7
S113CD9008958BA19D8D929FA001939F500D112406
S113CDA05F8F4E8F813009F45FC1823009F442C134
S113CDB080918601882309F4A2C08E8981119FC0C5
S113CDC08C89823009F45DC18091650180930A01E8
S113CDD08091660180930901949869897A8988A170
S113CDE099A19B01215031094B89240F311D4E8D8E
S113CDF05F8D480F591F4150510901E00E94AE3B1D
S113CE00949A9C89973008F0B7CF933008F09AC071
S113CE10109282011092810194981B82AFA1AA23DF
S113CE2009F48BC048A159A180E091ECD92E20ECE3
S113CE30E22E3FEBF32E47C081548A8390915D012B
S113CE40891B8A8390915E01891708F054C090E091
S113CE502091590130915A0139832883B0915F019F
S113CE60B89FB001B99F700D11246A5F7F4F620FA4
S113CE70731F798368838E89882309F444C0908161
S113CE80903259F0883008F047C029893A898C8952
S113CE900E94FB5D48A159A1AFA18D8D480F511D82
S113CEA059A348A320915B01809181019091820153
S113CEB0820F911D90938201809381018B818F5FFA
S113CEC08B838A17D0F5EDA1FEA1E80FF11D8081B7
S113CED0803C08F0B1CF883A51F1883B59F1893B45
S113CEE071F18A8390915D01891B8A8390915E011F
S113CEF0891708F4ACCF1A8280E090E0A9CF8D891D
S113CF0081117FCF5DCF29893A898C890E94735D15
S113CF1048A159A1AFA1C1CF09891A899A01AB01CE
S113CF206C898C81D7D948A159A1AFA1B6CFFA8217
S113CF308FEB84CFEA8280EC81CF949A1ACFDA8285
S113CF4081EC7CCF20916D012E7F60E8269F9001BB
S113CF501124388B2F87E0916E01EE7F80E8E89FE3
S113CF60F0011124FE87ED8700916F010E7F60E8C8
S113CF70069F800111241C870B87409170014E7F0E
S113CF8080E8489FA00111245A8749878091710144
S113CF908E7F60E8869F50011124B886AF8280910D
S113CFA072018E7F60E8869F60011124DE82CD824B
S113CFB08C81811175C0E0905C01F12CF0928001AC
S113CFC0E0927F011B82943009F43FC040F0F59455
S113CFD0E794F0928001E0927F019630B1F13093B2
S113CFE0740120937301F0937601E093750110931B
S113CFF0780100937701C901841B950BB7010E9446
S113D000737370937A0160937901CF018A199B0934
S113D010B7010E94737370937C0160937B01C80114
S113D0208C199D09B7010E94737370937E016093FC
S113D0307D01EECE298D3A8D8F89988D820F931FB5
S113D040841B950B99A388A3B3CE81E08B83509363
S113D050740140937301B0927601A0927501D0924D
S113D0607801C0927701C7CF898D9A8D841B950B67
S113D070969587952F89388D820F931F99A388A33E
S113D08097CE8091670180930A0180916801809313
S113D0900901A2CE899FC00111249F8F8E8F88CE53
S113D0A0E0905B018FA1E89E70011124F092800151
S113D0B0E0927F0187CF2F923F924F925F926F92BF
S113D0C07F928F929F92AF92BF92CF92DF92EF9214
S113D0D0FF920F931F93CF93DF93CDB7DEB7AA9739
S113D0E00FB6F894DEBF0FBECDBF362F5A01922E75
S113D0F04DB75EB75AA749A78D836D8B198F088FDB
S113D100DB8ECA8EE0918301EE8B40918801E1149D
S113D110F10421F4E0908D01F0908E018091600182
S113D12090E00196489FB001499F700D1124C701FA
S113D130861B970B01969B8B8A8B0115110509F4AD
S113D1401AC21AA309A3C114D10409F40DC2D092BE
S113D1509201C0929101C6011A82198250915B0119
S113D16020918601459F200D11242E8F50915C0142
S113D170549F502D11245C8B080F191F1D8F0C8F89
S113D180622F70E00E945F73762E77278DB79EB76B
S113D190861B970B0FB6F8949EBF0FBE8DBF0196EA
S113D1A09FA38EA318A68DB79EB7861B970B0FB6A9
S113D1B0F8949EBF0FBE8DBF0DB71EB70F5F1F4FF4
S113D1C01BA240909301249D402C11248091850141
S113D1D08CA3E111C6C11F8A80918401882319F0B0
S113D1E08F8982608F8B423018F08F8984608F8B97
S113D1F0333018F08F8988608F8B30E028A580E267
S113D200882E512C9AE0692EF5019110CDC08081B1
S113D2108DA3813248F0371508F0DAC0F801E30F26
S113D220F11D80833F5F3BA397EF980F923018F076
S113D2308F7D09F0C2C0A22F222309F4B8C08E8DBD
S113D240829FC001112498A38F8F332309F444C013
S113D2501C828E8D839FC001112449A15AA1EF8D98
S113D260F8A14E0F5F1F480F591F6C8D7D8D6417F9
S113D2707507B0F421111DC1409187012C8930E05C
S113D280240F311D47FD3A954A895B89420F531F8C
S113D2905B8B4A8BE20EF31E288D398D3AA329A3AA
S113D2A01C8230E0EEA1FFA1EA0FF11DD801A30F0B
S113D2B0B11D2C91208328A52F5FA22F28A73C8184
S113D2C03F5F3C834BA1341768F31BA2EF8DF8A199
S113D2D08E0F9F1F98A38F8F4DA1403209F4C1C0B8
S113D2E030E080E090E0493009F4A4C0332309F42D
S113D2F074C0D12CEF8DF8A1EF2B09F078C03C89D4
S113D30080918701082E000C990B830F911D4A8987
S113D3105B89480F591F5B8B4A8BE80EF91E888D79
S113D320998D9AA389A31C82922F80E0EEA1FFA17C
S113D330E90FF11DD801A80FB11D8C91808328A598
S113D3402F5F922F28A78C818F5F8C833BA183173B
S113D35068F31BA2DD2071F0822FEEA1FFA1E80F7C
S113D360F11D808228A581E0820F282F88A7DA94F6
S113D370D110F3CF8DA181111DC0222309F4A0C0C7
S113D380FE0131961F01B4DC8DA18A3009F447C136
S113D390FFEFAF1ABF0A882309F492C03BA128A566
S113D3A0F501992009F433CF84918DA332CF18A2CB
S113D3B01F8E4BCF8A3029F03BA14FEFA41AB40A39
S113D3C023CF2111DDCF3FEFA31AB30A3BA11CCF1A
S113D3D0F1E0AF1AB1086DA22ECF4DA1442311F094
S113D3E04A3051F7D12C8F8D98A1892B21F0CE0191
S113D3F001961C017DDC8BA1811135C1D11004C0C3
S113D4008DA18A3009F0C4CF209187018C8990E0E6
S113D410820F911D27FD9A952A893B89280F391F70
S113D4203B8B2A8BE80EF91E888D998D9AA389A3CC
S113D43028A590CF332309F47CC03CA13111A8C0A6
S113D4408415950508F40AC1B2010E945F73A20114
S113D450481B590BCA016E8D70E00E945F73D62E73
S113D460C2CFCE8CD12C6F8D78A189A19AA1860FC1
S113D470971F8C0D9D1D6C8D7D8D6817790708F4A1
S113D4809BCF8CA1811168C061E0822FEEA1FFA126
S113D490E80FF11D808228A52F5F822F28A76150F5
S113D4A0A9F73BA1EF8DF8A1EC0DFD1DF8A3EF8FBB
S113D4B01DCF4DA1403209F016CFDD24D3941CCFEB
S113D4C08CA1811192C08A899B8990938C0180934D
S113D4D08B01F0928E01E0928D0189A19AA1909323
S113D4E0900180938F01888D998D90938A01809308
S113D4F0890189A59AA50FB6F8949EBF0FBE8DBF6A
S113D500AA960FB6F894DEBF0FBECDBFDF91CF91C0
S113D5101F910F91FF90EF90DF90CF90BF90AF904D
S113D5209F908F907F906F905F904F903F902F903F
S113D53008953CA1332389F1CE8CD12C6F8D78A131
S113D54089A19AA1860F971F8C0D9D1D6C8D7D8DD1
S113D5506817790708F430CF222309F43FCF61E03C
S113D56094CF81E08F8B38CE80919101909192017C
S113D5709B8F8A8FF1CD80918F01909190019AA316
S113D58089A30091890110918A01198F088FDBCD3D
S113D590DD24D394EF8DF8A1AFCE29A03AA0EF8D6E
S113D5A0F8A12E0E3F1EAC01420D531DC88CD98C20
S113D5B0CA018C199D098415950508F44AC0B20165
S113D5C00E945F736201C81AD90A6E8D2C0C3D1C2F
S113D5D08C8D9D8D8215930508F4EECE70E0C60106
S113D5E00E945F73611151CF5FCF80918701082E34
S113D5F0000C990B2A893B89280F391F30938C0121
S113D60020938B01E80EF91EF0928E01E0928D01B9
S113D610888D998D9093900180938F0166CF20918E
S113D62087018C8990E0820F911D27FD9A952A89A4
S113D6303B89280F391F3B8B2A8BE80EF91E888DF6
S113D640998D9AA389A33BA128A54FEFA41AB40AE4
S113D650DBCDC40CD51CC41AD50AB7CF9201281B44
S113D660390BC901F8CE28A54ACE2F923F924F928A
S113D6705F926F927F928F929F92AF92BF92CF925E
S113D680DF92EF92FF920F931F93CF93DF93CDB767
S113D690DEB766970FB6F894DEBF0FBECDBF8E8B94
S113D6A0B62E29013A0118012A2D8D8AACA4222311
S113D6B009F45DC0263008F06AC0CE0101964C0121
S113D6C08C014BA5C301B2010E94C7739D899E3290
S113D6D071F0AE014B5E5F4FF4019F0128193909C7
S113D6E081918E3209F455C0E417F507B1F790E241
S113D6F0A916F1F020E030E0A901C301B201B7D7C7
S113D70087FF37C08DE28983FE0132969E012B5E2E
S113D7103F4F06C08D3239F03196E217F30741F0DE
S113D72080818032B9F7A0823196E217F307C1F7FE
S113D730810120E0A4016B2D8E89BDDC66960FB6B5
S113D740F894DEBF0FBECDBFDF91CF911F910F9133
S113D750FF90EF90DF90CF90BF90AF909F908F900D
S113D7607F906F905F904F903F902F90089521E0AD
S113D770A4CFF4019E012B5E3F4F04C03196E21703
S113D780F307B1F280818032C9F7A082F7CF25E098
S113D79094CFF401E20FF31F8D898083A8CF2F92D9
S113D7A03F92F101E05AFF4F808190E0AC014F5F5E
S113D7B05F4F3FE1349FF001359FF00D1124E20DDE
S113D7C0F31D2081233008F460C0233009F4B8C06D
S113D7D0263009F46AC0D10112961C92243009F053
S113D7E07AC02FE1289FF001299FF00D1124E20D4A
S113D7F0F31D2785308945895689241B350B308BC9
S113D8002787218932894789508D241B350B328B18
S113D810218B23893489418D528D241B350B348B04
S113D820238B2FE1289FF001299FF00D1124E20D95
S113D830F31D818992892785308922273C77220F1D
S113D840232F221F330BAC0144275077352F3595F6
S113D850359535953595232B20930A0123893489F1
S113D86022273C77232F2595259588279E7095950B
S113D8708795959587959595879595958795822B09
S113D880809309013F902F900895389FF001399FAC
S113D890F00D1124E20DF31D878580930A0181891F
S113D8A0809309013F902F90089521E0D1011296B1
S113D8B02C931297389FF001399FF00D1124E20D3B
S113D8C0F31D40A151A12D913C9142175307B8F487
S113D8D0F101128286CF389FF001399FF00D112497
S113D8E0E20DF31DD1014D915C9120A131A12417CA
S113D8F0350708F076CF21E0D10112962C932FE161
S113D900289FF001299FF00D1124E20DF31D478596
S113D910508925893689240F351F308B2787418903
S113D92052892789308D240F351F328B218B4389EF
S113D9305489218D328D240F351F348B238B71CF65
S113D94021E0F1012283DBCF81508E3060F590E03D
S113D950FC01EE0FFF1F8E0F9F1F880F991FFC0104
S113D960E655FD4B6491FC01E555FD4B5491FC01DA
S113D970E455FD4B4491FC01E355FD4B3491FC010E
S113D980E255FD4B2491FC01E155FD4B84916093DC
S113D9906D0150936E0140936F0130937001209399
S113D9A071018093720108952F923F924F925F927A
S113D9B06F927F928F929F92AF92BF92CF92DF929B
S113D9C0EF92FF920F931F93CF93DF93CDB7DEB700
S113D9D0C257D1090FB6F894DEBF0FBECDBFAD96C6
S113D9E08FAFAD97962E2A0139011801AA96CFAEB2
S113D9F0AA971A2DC657DF4F0881CA58D04021E094
S113DA00221A310831E0E31AF1089498882309F4C2
S113DA1090C050910601AE965FAFAE97513009F4B5
S113DA2082C508F4AEC5523009F4A1C5533009F0DB
S113DA3082C5C0900401D0900501C618D708CE183D
S113DA40DF0880E00E947739922D832D1701E92E9B
S113DA50F82E32012601AA966FADAA97662309F41F
S113DA6070C0AA969FADAA97892F90E0AC969FAFFD
S113DA708EAFAC97AC01A82DB0E0A02EB12C6D01F7
S113DA80CA0CDB1CC6010196841795070CF407C465
S113DA9082E0800F880DAA968FAFAA97482F50E096
S113DAA0AC965FAF4EAFAC9781E090E0FC01E41B15
S113DAB0F50BC857DF4F2881C858D040211158C0F2
S113DAC0AF961FAEAF97C757DF4F7881C958D04084
S113DAD0772309F463C0272F770F330BA217B307FB
S113DAE00CF0C4C3C757DF4F8882C958D040882D73
S113DAF0082C000C990BE1969FAF8EAFE197882D0F
S113DB00C457DF4F3881CC58D040311154C090E015
S113DB10C357DF4F6881CD58D040662309F45EC0F7
S113DB20262F660F330BA216B3060CF0C9C3202FA1
S113DB3056C0AE961FAEAE97AA966FADAA97611166
S113DB4090CFA82DB0E0A02EB12C6D01CA0CDB1C27
S113DB50E1E0F0E0AC961FAE1EAEAC9740E050E0C2
S113DB60C857DF4F2881C858D040222309F4A8CFD2
S113DB70822F220F990BA817B9070CF064C3C8575A
S113DB80DF4F8882C858D040AF968FAEAF97C75743
S113DB90DF4F7881C958D04071119DCFE1961FAEF7
S113DBA01EAEE19780E0C457DF4F3881CC58D04097
S113DBB0332309F4ACCF632F330F770B222733279A
S113DBC02A193B09621773070CF085C3902FC357BA
S113DBD0DF4F6881CD58D0406111A2CF20E0B3015E
S113DBE06E0D7F1DA4967FAF6EAFA497B201640F34
S113DBF0751FA7967FAF6EAFA797420C531CB20157
S113DC00641B750BA9967FAF6EAFA997A4966EADF2
S113DC107FADA497641B750BE3967FAF6EAFE3975C
S113DC201E861F86C857DF4F7881C858D0407DA70D
S113DC30C757DF4F3881C958D0403EA7AF965FAD74
S113DC40AF97950F2D969FAF2D97820F2E968FAF7E
S113DC502E977A8269821B82FD83EC83AA966FAD2C
S113DC60AA976F831E8218861D86FD8EEC8E9701FF
S113DC70359527953F8F2E8F18A3F901E60DF71DD3
S113DC80FAA3E9A3AC966EAD7FADAC976A1B7B0B90
S113DC9041E050E09A01261B370B3CA32BA3AA9624
S113DCA09FADAA9798199EA31DA21FA28CA69D01A1
S113DCB0220F331FD701A21BB30B9D01BCAFABAF27
S113DCC0359527953EAF2DAFC957DF4F2881C758EB
S113DCD0D0402FAFE1962EAD3FADE1972E0F3F1F01
S113DCE022963FAF2EAF22976A197B09461B570B2A
S113DCF024965FAF4EAF2497901B26969FAF26972E
S113DD0025961FAE259727961FAE2797800E2C9633
S113DD108FAE2C97CC0CDD1CEC18FD086C96FFAE76
S113DD20EEAE6C97F594E7946E96FFAEEEAE6E97FA
S113DD302E01BEE54B0E511CC557DF4F9881CB58C1
S113DD40D040F2019083280F311D87FD3A95A196AA
S113DD503FAF2EAFA197F2E19F9EC00111249C0119
S113DD6022503D4B190124E9A22E21E0B22EBE011E
S113DD706F5F7F4F7B01C12CD12C812C112309F4BF
S113DD807DC081E090E00C2C01C0880F0A94EAF772
S113DD90882A113009F4B0C2123009F4CFC29110AC
S113DDA016C3D501133009F4F4C3163009F4F1C3D2
S113DDB04C9150E0CA019695982F8827979587959E
S113DDC0F701908B878711962C91119730E0C90148
S113DDD09695982F882797958795928B818B129685
S113DDE08C91129790E0BC017695762F66277795F3
S113DDF06795748B638B1396EC9113970E2F10E039
S113DE0014966C91149770E01596AC91B0E0401B99
S113DE10510B5695542F442757954795F701568B28
S113DE20458B261B370B3695322F2227379527959E
S113DE30308F278B8A1B9B0B9695982F8827979555
S113DE408795928F818FF701878D853008F02AC3DB
S113DE50238D348D2F5F3F4F85899689B90143D433
S113DE60768B658B8789908DB9013DD4708F678BD4
S113DE70818D928DB90137D4728F618FFFEFCF1AE4
S113DE80DF0A2FE1E20EF11C36E0230E311C56E0CE
S113DE90A50EB11C63E0C616D10421F0D7015F962C
S113DEA01C916CCF8CA5882319F0B82DB8608B2EEB
S113DEB069817A81AB01A496EEADFFADA497E61714
S113DEC0F70708F4A8C0A5968FAEA597AA96AFAC9D
S113DED0AA97FE013196D4840D2D10E0C6848C2DB2
S113DEE00C2C000C990B9801280F391F260D371D97
S113DEF04217530708F459C0A4962EAD3FADA4971A
S113DF00820F931F801B910B8417950708F44DC053
S113DF102584022C000C3308A796AEADBFADA7979D
S113DF20A20DB31DA9968EAD9FADA997280E391EDB
S113DF30AA2009F4A6C0478140FDDFC05581852F82
S113DF4090E0242F2270B22E1AC02381348137FD31
S113DF5007C0EA94E682F12CEE0CFF1C2E193F094F
S113DF605F5F5583852F90E08C01000F111F200FF8
S113DF70311F3483238337FFFAC0B110FAC0E6801F
S113DF802E2D30E089010150110980179107ECF220
S113DF90142F11601783E51609F4AEC041FDE2C0E9
S113DFA0A21BB30B220E331EEAC011861086138601
S113DFB012867F964E165F0611F0AB018CCF88A1B6
S113DFC0811168C0A5963FADA597313009F44EC0C4
S113DFD08FAD882329F08AA59BA5892B09F0D4C08D
S113DFE0D2018C91882339F02B968EAD9FAD2B975F
S113DFF0892B09F0EDC069817A81AB014F5F5F4FD6
S113E000BA015A834983A4962EAD3FADA497241731
S113E010350708F05ECFAD96FFADAD97FF2329F02D
S113E020AE968FADAE970E947739949ACE58DF4F53
S113E0300FB6F894DEBF0FBECDBFDF91CF911F9115
S113E0400F91FF90EF90DF90CF90BF90AF909F9093
S113E0508F907F906F905F904F903F902F90089596
S113E060A5965FADA597513009F0B2CF69817A8149
S113E0704B855C8501E09B0189859A850E94AE3BB6
S113E080BACFA00FB11FB187A087201A310A3386F7
S113E09022868FCFA2961FAEA297BE016F5F7F4FDD
S113E0A01B017DDB88A18823D9F2EAA5FBA5309763
S113E0B0E9F2A5966FADA5976130C1F28FAD8111DC
S113E0C004C08CA5882309F48BCF89859A8548A53B
S113E0D059A58417950708F404C14B855C85E4179A
S113E0E0F50708F075CF69817A8101E09B01CF01C2
S113E0F001960E94273B6CCF412F85810DC014836C
S113E10003839F5F9683446047838150858342FDE8
S113E11026C041FF2EC04781882309F470C02381A3
S113E12034819681092F10E0000F111F020F131F75
S113E130E82EF12CEE0CFF1C0E191F0948015FEFAD
S113E140851A950A8E149F04D4F22E193F0934833C
S113E15023834B7F47838150858342FFDACF41FF7E
S113E16008C090E0A81BB90B280E391E08C041FF57
S113E170F9CF868190E0A81BB90B280E391EB18710
S113E180A0873386228615CF81E0A2968FAFA2970F
S113E190CE0101961C0103DB2B96EEADFFAD2B9750
S113E1A0309709F48CC188A599A529964EAD5FAD29
S113E1B029978417950708F4CDC14AA55BA5E417F0
S113E1C0F50708F4BEC1D2018C91882309F413CF5A
S113E1D0B2E0A296BFAFA297FE0131961F01DFDA2B
S113E1E069817A812B964EAD5FAD2B9701E09B013F
S113E1F029968EAD9FAD29970E94AE3BFCCE542F3D
S113E200527041FDD6CEE3968EAD9FADE3978C0D53
S113E210911DC7FC9A958617970708F0CACE4E7FC2
S113E22042604783AC968EAD9FADAC978D19910932
S113E23021E030E0281B390B348323838A2D8D1988
S113E240868315827CCE222733272A1B3B0B821719
S113E25093070CF042C1682D6195C857DF4F68835E
S113E260C858D040AF966FAFAF972DCC8827992769
S113E2708A1B9B0B281739070CF044C1982D9195E4
S113E280C757DF4F9883C958D040892F292F022EB2
S113E290000C330BE1963FAF2EAFE19784CCCA015B
S113E2A0880F991F2816390608F426C1E816F906BE
S113E2B008F432C181E090E0FC01E41BF50B50CC82
S113E2C0662777276A197B09261737070CF00EC1D2
S113E2D0202F219584CCC457DF4F9881CC58D0404F
S113E2E017CC69817A814150510901E09B010E9458
S113E2F0273BEAA5FBA5F1CE911044C0D5011196A8
S113E3008C9111972C91287F982F929596959770C0
S113E310292B30E0F701308B27878C7190E0880F30
S113E320991F880F991F880F991F12962C91269573
S113E33026952695822B928B818BA0CD9110CAC0F5
S113E340D50114968C91149713962C911397287FCA
S113E350982F929596959770292B30E0F701308B82
S113E36027878C7190E0880F991F880F991F880F59
S113E370991F15962C91269526952695822B928B7E
S113E380818B7CCDF1017297849131969491282FE1
S113E390287F892F829586958770822B90E0D701FC
S113E3A050969C938E931F9784913196E4918C712F
S113E3B090E0880F991F880F991F880F991FE69581
S113E3C0E695E6958E2BF701928B818B57CD133012
S113E3D009F40DC1163009F40AC1A10142515109D1
S113E3E0FA018491F0E88F9FC0011124D70150965F
S113E3F09C938E931F97910121513109F9018491C6
S113E400F0E88F9FC001112452969C938E935197EC
S113E410C1014097FC016491F0E86F9FB0011124A1
S113E42054967C936E935397D1011F97B1016E500C
S113E430710981010D501109FA014491FD01A49162
S113E44050E04A1B51095695542F44275795479538
S113E450D70156965C934E935597F9012491FB018D
S113E460649130E0261B31093695322F22273795E7
S113E470279558963C932E935797FC018491F80165
S113E480049190E0801B91099695982F8827979581
S113E49087955A969C938E935997F701878D85306B
S113E4A008F4D6CC873008F0E9CC258D368D2F5F63
S113E4B03F4F85899689B90116D1F701D1CC69817D
S113E4C07A814AA55BA501E09B0188A599A50E94D4
S113E4D0AE3B91CDF1013F9757CFC857DF4F3881FD
S113E4E0C858D040AF963FAFAF97EDCAC357DF4F80
S113E4F02881CD58D04073CB1C01E816F90608F0EA
S113E500D9CE0AC0C757DF4F8881C958D040E19699
S113E5103FAF2EAFE19747CB7C0181E090E0FC0157
S113E520E41BF50B1DCB80910001813009F48BC0F5
S113E530630183E087CA942D852D2301692E782EEB
S113E540FBCA69817A8101E09B01CF0101960E9497
S113E550273B39CE69817A814150510901E09B0101
S113E5600E94273B2B96EEADFFAD2B9726CEC09095
S113E5700401D0900501C618D708CE18DF0881E041
S113E58061CA80910001813009F467C0630182E0AF
S113E59059CA1396EC9113970E2F10E0C801969563
S113E5A0982F882797958795F701908B87871496DE
S113E5B06C91149770E0CB019695982F88279795C6
S113E5C08795928B818B15968C91A82FB0E0CD0105
S113E5D09695982F882797958795948B838BF5012B
S113E5E0408150E0218130E0828190E010CCD10163
S113E5F01F97FD018491F0E88F9FC0011124F7015A
S113E600908B8787B1016E507109FB018491F0E80A
S113E6108F9FC0011124F701928B818B81010D50D2
S113E6201109F8018491F0E88F9FC0011124F701CA
S113E630948B838BA10142515109910121513109DC
S113E640C1014097F9CEC0900401D0900501C618CD
S113E650D708CE18DF0883E0F5C9C0900401D09034
S113E6600501C618D708CE18DF0882E0EBC903D02D
S113E67008F481E00895990F0008550FAA0BE0E80B
S113E680FEEF16161706E807F907C0F01216130670
S113E690E407F50798F0621B730B840B950B39F4B0
S113E6A00A2661F0232B242B252B21F408950A2616
S113E6B009F4A140A6958FEF811D811D0895AA1B21
S113E6C0BB1B51E107C0AA1FBB1FA617B70710F059
S113E6D0A61BB70B881F991F5A95A9F7809590958B
S113E6E0BC01CD01089597FB072E16F4009406D0C3
S113E6F077FD08D0E4DF07FC05D03EF490958195C2
S113E7009F4F0895709561957F4F0895A1E21A2E49
S113E710AA1BBB1BFD010DC0AA1FBB1FEE1FFF1FC1
S113E720A217B307E407F50720F0A21BB30BE40B11
S113E730F50B661F771F881F991F1A9469F7609558
S113E7407095809590959B01AC01BD01CF01089512
S113E750A29FB001B39FC001A39F700D811D11241E
S113E760911DB29F700D811D1124911D0895F0DF3C
S113E770B7FF0895821B930B0895EADFA59F900DC0
S113E780B49F900DA49F800D911D11240895EF92C4
S113E7900F931F93CF93DF93E80147FD02C034E04A
S113E7A001C034E1042E000C550B57FF03C05195F2
S113E7B041955109E32E022F242FAE0107D0CE013B
S113E7C0DF91CF911F910F91EF9008958F929F92B7
S113E7D0AF92BF92CF92DF92EF92FF920F931F936B
S113E7E0CF93DF93CDB7DEB729970FB6F894DEBF8A
S113E7F00FBECDBF6A01122FB02E2BE3201720F0DD
S113E800FF24F394F00E02C02CE3F22E0F2D27E028
S113E810AE014F5F5F4F50D1BC014981842F897095
S113E820813031F0E1FC06C0E0FE06C090E205C094
S113E8309DE203C09BE201C090E05E2D507143FF56
S113E8403CC0911102C083E001C084E0811718F438
S113E850212F281B01C020E051110BC0F601822F8B
S113E86030E2882319F031938150FBCFC20ED11CC2
S113E87020E0992329F0D6019C93F60131966F018B
S113E880C6010396E2FE0AC03EE4D6013C9341E48D
S113E89011964C93119712963C9306C03EE6F601EE
S113E8A0308341E641833283FC01322F40E233233B
S113E8B009F442C041933150FACF42FF44C0911150
S113E8C002C083E001C084E0811718F4212F281BC3
S113E8D001C020E051110BC0F601822F30E28823E1
S113E8E019F031938150FBCFC20ED11C20E0992343
S113E8F029F0D6019C93F60131966F01C601039667
S113E900E2FE0BC039E4D6013C933EE411963C93FD
S113E910119736E412963C9307C039E6F60130832A
S113E9203EE6318336E63283FC01322F40E2332364
S113E93019F041933150FBCFFC01E20FF11D10821D
S113E9408EEF9FEFA6C021E030E0911102C020E0DD
S113E95030E0161617061CF4FB01319602C0E1E004
S113E960F0E02E0F3F1FBB2021F0EB2DF0E031969D
S113E97002C0E0E0F0E02E0F3F1FE12FF0E02E1781
S113E9803F071CF4121B212F01C020E08E2D88713B
S113E99059F4F601822F30E2882319F03193815023
S113E9A0FBCFC20ED11C20E0992329F0D6019C9301
S113E9B0F60131966F0151110BC0F601822F90E3DD
S113E9C0882319F091938150FBCFC20ED11C20E013
S113E9D00F2D060F9A81342F307144FF03C09133F9
S113E9E009F40150101624F4093018F008E001C0AD
S113E9F001E0AB0177FF02C040E050E0FB01E41B03
S113EA00F50BA1E0B0E0AC0FBD1FEA0FFB1F8EE2D7
S113EA10A82E4B01801A91080B2D10E01195019539
S113EA2011094F3FBFEF5B0721F4D601AC92119659
S113EA306D01641775072CF08416950614F4818112
S113EA4001C080E3415051093196D60111967D01F0
S113EA504017510724F0D6018C936701E2CF641765
S113EA60750739F4963320F4953319F4311101C044
S113EA7081E3F6018083F701822F90E2882319F065
S113EA8091938150FBCFF701E20FF11D108280E0DA
S113EA9090E029960FB6F894DEBF0FBECDBFDF918C
S113EAA0CF911F910F91FF90EF90DF90CF90BF9087
S113EAB0AF909F908F900895283008F027E0332777
S113EAC0DA01990F311D87FD91600096610571058A
S113EAD039F432602E5F3D9330E32A95E1F70895CF
S113EAE09F3F30F080387105610509F03C5F3C5F61
S113EAF03D93913008F08068911DDF93CF931F936D
S113EB000F93FF92EF92192F987F9695E92F969580
S113EB109695E90FFF27EC5FFE4F99273327EE24E4
S113EB20FF24A701E70105900894079428F4360F01
S113EB30E71EF81E491F511D660F771F881F991F76
S113EB400694A1F70590079428F4E70EF81E491FD0
S113EB50561FC11D770F881F991F661F0694A1F7C2
S113EB600590079428F4F80E491F561FC71FD11D9E
S113EB70880F991F661F771F0694A1F705900794C5
S113EB8020F4490F561FC71FD81F990F661F771F00
S113EB90881F0694A9F784911095177041F0D695B3
S113EBA0C79557954795F794E7941A95C1F7EAEAFC
S113EBB0F0E06894159015913591659195910590C3
S113EBC07FE27395E118F10A430B560BC90BD00988
S113EBD0C0F7E10CF11E431F561FC91FD01D7EF460
S113EBE0703311F48A95E6CFE894015030F0080FA1
S113EBF00AF40027021708F4202F2395022F7A33F2
S113EC0028F079E37D932A95E9F710C07D932A953E
S113EC1089F6069497956795379517951794E11893
S113EC20F10A430B560BC90BD00998F023957E913A
S113EC3073957A3308F070E37C932013B8F77E91D0
S113EC4070617D9330F0839571E37D9370E32A9531
S113EC50E1F71124EF90FF900F911F91CF91DF9175
S10FEC60992787FD90950895F894FFCF44
S9030000FC
