
KVB_LCD_16bit_ATmega128.elf:     file format elf32-avr

Sections:
Idx Name          Size      VMA       LMA       File off  Algn
  0 .data         00000004  00800100  0000ed00  0000ed94  2**0
                  CONTENTS, ALLOC, LOAD, DATA
  1 .text         0000ed00  00000000  00000000  00000094  2**1
                  CONTENTS, ALLOC, LOAD, READONLY, CODE
  2 .bss          00000091  00800104  00800104  0000ed98  2**0
                  ALLOC
  3 .comment      00000030  00000000  00000000  0000ed98  2**0
                  CONTENTS, READONLY
  4 .note.gnu.avr.deviceinfo 0000003c  00000000  00000000  0000edc8  2**2
                  CONTENTS, READONLY
  5 .debug_info   00000780  00000000  00000000  0000ee04  2**0
                  CONTENTS, READONLY, DEBUGGING
  6 .debug_abbrev 00000718  00000000  00000000  0000f584  2**0
                  CONTENTS, READONLY, DEBUGGING
  7 .debug_line   00000169  00000000  00000000  0000fc9c  2**0
                  CONTENTS, READONLY, DEBUGGING
  8 .debug_str    0000027d  00000000  00000000  0000fe05  2**0
                  CONTENTS, READONLY, DEBUGGING

Disassembly of section .text:

00000000 <__vectors>:
       0:	0c 94 fe 21 	jmp	0x43fc	; 0x43fc <__ctors_end>
       4:	0c 94 1d 22 	jmp	0x443a	; 0x443a <__bad_interrupt>
       8:	0c 94 1d 22 	jmp	0x443a	; 0x443a <__bad_interrupt>
       c:	0c 94 1d 22 	jmp	0x443a	; 0x443a <__bad_interrupt>
      10:	0c 94 1d 22 	jmp	0x443a	; 0x443a <__bad_interrupt>
      14:	0c 94 1d 22 	jmp	0x443a	; 0x443a <__bad_interrupt>
      18:	0c 94 1d 22 	jmp	0x443a	; 0x443a <__bad_interrupt>
      1c:	0c 94 1d 22 	jmp	0x443a	; 0x443a <__bad_interrupt>
      20:	0c 94 1d 22 	jmp	0x443a	; 0x443a <__bad_interrupt>
      24:	0c 94 1d 22 	jmp	0x443a	; 0x443a <__bad_interrupt>
      28:	0c 94 1d 22 	jmp	0x443a	; 0x443a <__bad_interrupt>
      2c:	0c 94 1d 22 	jmp	0x443a	; 0x443a <__bad_interrupt>
      30:	0c 94 1d 22 	jmp	0x443a	; 0x443a <__bad_interrupt>
      34:	0c 94 1d 22 	jmp	0x443a	; 0x443a <__bad_interrupt>
      38:	0c 94 1d 22 	jmp	0x443a	; 0x443a <__bad_interrupt>
      3c:	0c 94 1d 22 	jmp	0x443a	; 0x443a <__bad_interrupt>
      40:	0c 94 1d 22 	jmp	0x443a	; 0x443a <__bad_interrupt>
      44:	0c 94 1d 22 	jmp	0x443a	; 0x443a <__bad_interrupt>
      48:	0c 94 1d 22 	jmp	0x443a	; 0x443a <__bad_interrupt>
      4c:	0c 94 1d 22 	jmp	0x443a	; 0x443a <__bad_interrupt>
      50:	0c 94 1d 22 	jmp	0x443a	; 0x443a <__bad_interrupt>
      54:	0c 94 1d 22 	jmp	0x443a	; 0x443a <__bad_interrupt>
      58:	0c 94 1d 22 	jmp	0x443a	; 0x443a <__bad_interrupt>
      5c:	0c 94 1d 22 	jmp	0x443a	; 0x443a <__bad_interrupt>
      60:	0c 94 1d 22 	jmp	0x443a	; 0x443a <__bad_interrupt>
      64:	0c 94 1d 22 	jmp	0x443a	; 0x443a <__bad_interrupt>
      68:	0c 94 1d 22 	jmp	0x443a	; 0x443a <__bad_interrupt>
      6c:	0c 94 1d 22 	jmp	0x443a	; 0x443a <__bad_interrupt>
      70:	0c 94 1d 22 	jmp	0x443a	; 0x443a <__bad_interrupt>
      74:	0c 94 1d 22 	jmp	0x443a	; 0x443a <__bad_interrupt>
      78:	0c 94 1d 22 	jmp	0x443a	; 0x443a <__bad_interrupt>
      7c:	0c 94 1d 22 	jmp	0x443a	; 0x443a <__bad_interrupt>
      80:	0c 94 1d 22 	jmp	0x443a	; 0x443a <__bad_interrupt>
      84:	0c 94 1d 22 	jmp	0x443a	; 0x443a <__bad_interrupt>
      88:	0c 94 1d 22 	jmp	0x443a	; 0x443a <__bad_interrupt>
      8c:	05 a8       	ldd	r0, Z+53	; 0x35
      8e:	4c cd       	rjmp	.-1384   	; 0xfffffb28 <__eeprom_end+0xff7efb28>
      90:	b2 d4       	rcall	.+2404   	; 0x9f6 <KVB_14x28_ER_ter_bold+0xc>
      92:	4e b9       	out	0x0e, r20	; 14
      94:	38 36       	cpi	r19, 0x68	; 104
      96:	a9 02       	muls	r26, r25
      98:	0c 50       	subi	r16, 0x0C	; 12
      9a:	b9 91       	ld	r27, Y+
      9c:	86 88       	ldd	r8, Z+22	; 0x16
      9e:	08 3c       	cpi	r16, 0xC8	; 200
      a0:	a6 aa       	std	Z+54, r10	; 0x36
      a2:	aa 2a       	or	r10, r26
      a4:	be 00       	.word	0x00be	; ????
      a6:	00 00       	nop
      a8:	80 3f       	cpi	r24, 0xF0	; 240

000000aa <__trampolines_end>:
      aa:	00 40       	sbci	r16, 0x00	; 0
      ac:	7a 10       	cpse	r7, r10
      ae:	f3 5a       	subi	r31, 0xA3	; 163
      b0:	00 a0       	ldd	r0, Z+32	; 0x20
      b2:	72 4e       	sbci	r23, 0xE2	; 226
      b4:	18 09       	sbc	r17, r8
      b6:	00 10       	cpse	r0, r0
      b8:	a5 d4       	rcall	.+2378   	; 0xa04 <KVB_14x28_ER_ter_bold+0x1a>
      ba:	e8 00       	.word	0x00e8	; ????
      bc:	00 e8       	ldi	r16, 0x80	; 128
      be:	76 48       	sbci	r23, 0x86	; 134
      c0:	17 00       	.word	0x0017	; ????
      c2:	00 e4       	ldi	r16, 0x40	; 64
      c4:	0b 54       	subi	r16, 0x4B	; 75
      c6:	02 00       	.word	0x0002	; ????
      c8:	00 ca       	rjmp	.-3072   	; 0xfffff4ca <__eeprom_end+0xff7ef4ca>
      ca:	9a 3b       	cpi	r25, 0xBA	; 186
      cc:	00 00       	nop
      ce:	00 e1       	ldi	r16, 0x10	; 16
      d0:	f5 05       	cpc	r31, r5
      d2:	00 00       	nop
      d4:	80 96       	adiw	r24, 0x20	; 32
      d6:	98 00       	.word	0x0098	; ????
      d8:	00 00       	nop
      da:	40 42       	sbci	r20, 0x20	; 32
      dc:	0f 00       	.word	0x000f	; ????
      de:	00 00       	nop
      e0:	a0 86       	std	Z+8, r10	; 0x08
      e2:	01 00       	.word	0x0001	; ????
      e4:	00 00       	nop
      e6:	10 27       	eor	r17, r16
      e8:	00 00       	nop
      ea:	00 00       	nop
      ec:	e8 03       	fmulsu	r22, r16
      ee:	00 00       	nop
      f0:	00 00       	nop
      f2:	64 00       	.word	0x0064	; ????
      f4:	00 00       	nop
      f6:	00 00       	nop
      f8:	0a 00       	.word	0x000a	; ????
      fa:	00 00       	nop
      fc:	00 00       	nop
      fe:	01 00       	.word	0x0001	; ????
     100:	00 00       	nop
     102:	00 00       	nop
     104:	2c 76       	andi	r18, 0x6C	; 108
     106:	d8 88       	ldd	r13, Y+16	; 0x10
     108:	dc 67       	ori	r29, 0x7C	; 124
     10a:	4f 08       	sbc	r4, r15
     10c:	23 df       	rcall	.-442    	; 0xffffff54 <__eeprom_end+0xff7eff54>
     10e:	c1 df       	rcall	.-126    	; 0x92 <__SREG__+0x53>
     110:	ae 59       	subi	r26, 0x9E	; 158
     112:	e1 b1       	in	r30, 0x01	; 1
     114:	b7 96       	adiw	r30, 0x27	; 39
     116:	e5 e3       	ldi	r30, 0x35	; 53
     118:	e4 53       	subi	r30, 0x34	; 52
     11a:	c6 3a       	cpi	r28, 0xA6	; 166
     11c:	e6 51       	subi	r30, 0x16	; 22
     11e:	99 76       	andi	r25, 0x69	; 105
     120:	96 e8       	ldi	r25, 0x86	; 134
     122:	e6 c2       	rjmp	.+1484   	; 0x6f0 <__LOCK_REGION_LENGTH__+0x2f0>
     124:	84 26       	eor	r8, r20
     126:	eb 89       	ldd	r30, Y+19	; 0x13
     128:	8c 9b       	sbis	0x11, 4	; 17
     12a:	62 ed       	ldi	r22, 0xD2	; 210
     12c:	40 7c       	andi	r20, 0xC0	; 192
     12e:	6f fc       	.word	0xfc6f	; ????
     130:	ef bc       	out	0x2f, r14	; 47
     132:	9c 9f       	mul	r25, r28
     134:	40 f2       	brcs	.-112    	; 0xc6 <__trampolines_end+0x1c>
     136:	ba a5       	ldd	r27, Y+42	; 0x2a
     138:	6f a5       	ldd	r22, Y+47	; 0x2f
     13a:	f4 90       	lpm	r15, Z
     13c:	05 5a       	subi	r16, 0xA5	; 165
     13e:	2a f7       	brpl	.-54     	; 0x10a <__trampolines_end+0x60>
     140:	5c 93       	st	X, r21
     142:	6b 6c       	ori	r22, 0xCB	; 203
     144:	f9 67       	ori	r31, 0x79	; 121
     146:	6d c1       	rjmp	.+730    	; 0x422 <__LOCK_REGION_LENGTH__+0x22>
     148:	1b fc       	.word	0xfc1b	; ????
     14a:	e0 e4       	ldi	r30, 0x40	; 64
     14c:	0d 47       	sbci	r16, 0x7D	; 125
     14e:	fe f5       	brtc	.+126    	; 0x1ce <KVB_16x32_Nu_ter_bold+0x2a>
     150:	20 e6       	ldi	r18, 0x60	; 96
     152:	b5 00       	.word	0x00b5	; ????
     154:	d0 ed       	ldi	r29, 0xD0	; 208
     156:	90 2e       	mov	r9, r16
     158:	03 00       	.word	0x0003	; ????
     15a:	94 35       	cpi	r25, 0x54	; 84
     15c:	77 05       	cpc	r23, r7
     15e:	00 80       	ld	r0, Z
     160:	84 1e       	adc	r8, r20
     162:	08 00       	.word	0x0008	; ????
     164:	00 20       	and	r0, r0
     166:	4e 0a       	sbc	r4, r30
     168:	00 00       	nop
     16a:	00 c8       	rjmp	.-4096   	; 0xfffff16c <__eeprom_end+0xff7ef16c>
     16c:	0c 33       	cpi	r16, 0x3C	; 60
     16e:	33 33       	cpi	r19, 0x33	; 51
     170:	33 0f       	add	r19, r19
     172:	98 6e       	ori	r25, 0xE8	; 232
     174:	12 83       	std	Z+2, r17	; 0x02
     176:	11 41       	sbci	r17, 0x11	; 17
     178:	ef 8d       	ldd	r30, Y+31	; 0x1f
     17a:	21 14       	cp	r2, r1
     17c:	89 3b       	cpi	r24, 0xB9	; 185
     17e:	e6 55       	subi	r30, 0x56	; 86
     180:	16 cf       	rjmp	.-468    	; 0xffffffae <__eeprom_end+0xff7effae>
     182:	fe e6       	ldi	r31, 0x6E	; 110
     184:	db 18       	sub	r13, r11
     186:	d1 84       	ldd	r13, Z+9	; 0x09
     188:	4b 38       	cpi	r20, 0x8B	; 139
     18a:	1b f7       	brvc	.-58     	; 0x152 <__trampolines_end+0xa8>
     18c:	7c 1d       	adc	r23, r12
     18e:	90 1d       	adc	r25, r0
     190:	a4 bb       	out	0x14, r26	; 20
     192:	e4 24       	eor	r14, r4
     194:	20 32       	cpi	r18, 0x20	; 32
     196:	84 72       	andi	r24, 0x24	; 36
     198:	5e 22       	and	r5, r30
     19a:	81 00       	.word	0x0081	; ????
     19c:	c9 f1       	breq	.+114    	; 0x210 <KVB_16x32_Nu_ter_bold+0x6c>
     19e:	24 ec       	ldi	r18, 0xC4	; 196
     1a0:	a1 e5       	ldi	r26, 0x51	; 81
     1a2:	3d 27       	eor	r19, r29

000001a4 <KVB_16x32_Nu_ter_bold>:
     1a4:	10 20 20 21 40 19 00 00 00 00 00 00 00 00 00 00     .  !@...........
	...
     1f4:	00 00 03 80 03 80 03 80 03 80 03 80 03 80 03 80     ................
     204:	03 80 03 80 03 80 03 80 03 80 03 80 03 80 00 00     ................
     214:	00 00 03 80 03 80 03 80 03 80 00 00 00 00 00 00     ................
	...
     230:	1c 70 1c 70 1c 70 1c 70 1c 70 1c 70 00 00 00 00     .p.p.p.p.p.p....
	...
     274:	00 00 1c 70 1c 70 1c 70 1c 70 1c 70 7f fc 7f fc     ...p.p.p.p.p....
     284:	1c 70 1c 70 1c 70 1c 70 1c 70 1c 70 7f fc 7f fc     .p.p.p.p.p.p....
     294:	1c 70 1c 70 1c 70 1c 70 1c 70 00 00 00 00 00 00     .p.p.p.p.p......
	...
     2b4:	03 80 03 80 1f f0 3f f8 73 9c 73 9c 73 80 73 80     ......?.s.s.s.s.
     2c4:	73 80 73 80 3f f0 1f f8 03 9c 03 9c 03 9c 03 9c     s.s.?...........
     2d4:	73 9c 73 9c 3f f8 1f f0 03 80 03 80 00 00 00 00     s.s.?...........
	...
     2f4:	00 00 1f 1c 3f 9c 3b b8 3b b8 3f f0 1f 70 00 e0     ....?.;.;.?..p..
     304:	00 e0 01 c0 01 c0 03 80 03 80 07 00 07 00 0e f8     ................
     314:	0f fc 1d dc 1d dc 39 fc 38 f8 00 00 00 00 00 00     ......9.8.......
	...
     334:	00 00 0f 80 1f c0 38 e0 38 e0 38 e0 38 e0 38 e0     ......8.8.8.8.8.
     344:	39 c0 1f 80 0f 00 1f 8c 39 dc 70 f8 70 70 70 70     9.......9.p.pppp
     354:	70 70 70 70 70 f8 3f dc 1f 8c 00 00 00 00 00 00     ppppp.?.........
	...
     370:	03 80 03 80 03 80 03 80 03 80 03 80 00 00 00 00     ................
	...
     3b0:	00 38 00 70 00 e0 00 e0 01 c0 01 c0 01 c0 03 80     .8.p............
     3c0:	03 80 03 80 03 80 03 80 03 80 03 80 03 80 03 80     ................
     3d0:	03 80 03 80 03 80 01 c0 01 c0 01 c0 00 e0 00 e0     ................
     3e0:	00 70 00 38 00 00 00 00 00 00 00 00 00 00 00 00     .p.8............
     3f0:	38 00 1c 00 0e 00 0e 00 07 00 07 00 07 00 03 80     8...............
     400:	03 80 03 80 03 80 03 80 03 80 03 80 03 80 03 80     ................
     410:	03 80 03 80 03 80 07 00 07 00 07 00 0e 00 0e 00     ................
     420:	1c 00 38 00 00 00 00 00 00 00 00 00 00 00 00 00     ..8.............
	...
     43c:	00 00 38 38 1c 70 0e e0 07 c0 03 80 7f fc 7f fc     ..88.p..........
     44c:	03 80 07 c0 0e e0 1c 70 38 38 00 00 00 00 00 00     .......p88......
	...
     47c:	00 00 03 80 03 80 03 80 03 80 03 80 7f fc 7f fc     ................
     48c:	03 80 03 80 03 80 03 80 03 80 00 00 00 00 00 00     ................
	...
     4d4:	00 00 03 80 03 80 03 80 03 80 07 00 0e 00 00 00     ................
	...
     508:	7f fc 7f fc 00 00 00 00 00 00 00 00 00 00 00 00     ................
	...
     554:	00 00 03 80 03 80 03 80 03 80 00 00 00 00 00 00     ................
	...
     570:	00 0e 00 0e 00 1c 00 1c 00 38 00 38 00 70 00 70     .........8.8.p.p
     580:	00 e0 00 e0 01 c0 01 c0 03 80 03 80 07 00 07 00     ................
     590:	0e 00 0e 00 1c 00 1c 00 38 00 38 00 70 00 70 00     ........8.8.p.p.
     5a0:	e0 00 e0 00 00 00 00 00 00 00 00 00 00 00 00 00     ................
     5b0:	00 00 00 00 00 00 1f f0 3f f8 70 1c 70 1c 70 1c     ........?.p.p.p.
     5c0:	70 3c 70 7c 70 fc 71 dc 73 9c 77 1c 7e 1c 7c 1c     p<p|p.q.s.w.~.|.
     5d0:	78 1c 70 1c 70 1c 70 1c 70 1c 3f f8 1f f0 00 00     x.p.p.p.p.?.....
	...
     5f4:	00 00 03 80 07 80 0f 80 1f 80 1f 80 03 80 03 80     ................
     604:	03 80 03 80 03 80 03 80 03 80 03 80 03 80 03 80     ................
     614:	03 80 03 80 03 80 1f f0 1f f0 00 00 00 00 00 00     ................
	...
     634:	00 00 1f f0 3f f8 70 1c 70 1c 70 1c 70 1c 70 1c     ....?.p.p.p.p.p.
     644:	00 1c 00 38 00 70 00 e0 01 c0 03 80 07 00 0e 00     ...8.p..........
     654:	1c 00 38 00 70 00 7f fc 7f fc 00 00 00 00 00 00     ..8.p...........
	...
     674:	00 00 1f f0 3f f8 70 1c 70 1c 00 1c 00 1c 00 1c     ....?.p.p.......
     684:	00 18 07 f0 07 f0 00 18 00 1c 00 1c 00 1c 00 1c     ................
     694:	00 1c 70 1c 70 1c 3f f8 1f f0 00 00 00 00 00 00     ..p.p.?.........
	...
     6b4:	00 00 00 1c 00 3c 00 7c 00 fc 01 dc 03 9c 07 1c     .....<.|........
     6c4:	0e 1c 1c 1c 38 1c 70 1c 70 1c 70 1c 7f fc 7f fc     ....8.p.p.p.....
     6d4:	00 1c 00 1c 00 1c 00 1c 00 1c 00 00 00 00 00 00     ................
	...
     6f4:	00 00 7f fc 7f fc 70 00 70 00 70 00 70 00 70 00     ......p.p.p.p.p.
     704:	70 00 7f f0 7f f8 00 1c 00 1c 00 1c 00 1c 00 1c     p...............
     714:	00 1c 70 1c 70 1c 3f f8 1f f0 00 00 00 00 00 00     ..p.p.?.........
	...
     734:	00 00 1f f8 3f f8 70 00 70 00 70 00 70 00 70 00     ....?.p.p.p.p.p.
     744:	70 00 7f f0 7f f8 70 1c 70 1c 70 1c 70 1c 70 1c     p.....p.p.p.p.p.
     754:	70 1c 70 1c 70 1c 3f f8 1f f0 00 00 00 00 00 00     p.p.p.?.........
	...
     774:	00 00 7f fc 7f fc 70 1c 70 1c 70 1c 70 38 00 38     ......p.p.p.p8.8
     784:	00 70 00 70 00 e0 00 e0 01 c0 01 c0 03 80 03 80     .p.p............
     794:	03 80 03 80 03 80 03 80 03 80 00 00 00 00 00 00     ................
	...
     7b4:	00 00 1f f0 3f f8 70 1c 70 1c 70 1c 70 1c 70 1c     ....?.p.p.p.p.p.
     7c4:	70 1c 30 18 1f f0 1f f0 30 18 70 1c 70 1c 70 1c     p.0.....0.p.p.p.
     7d4:	70 1c 70 1c 70 1c 3f f8 1f f0 00 00 00 00 00 00     p.p.p.?.........
	...
     7f4:	00 00 1f f0 3f f8 70 1c 70 1c 70 1c 70 1c 70 1c     ....?.p.p.p.p.p.
     804:	70 1c 70 1c 70 1c 3f fc 1f fc 00 1c 00 1c 00 1c     p.p.p.?.........
     814:	00 1c 00 1c 00 1c 3f f8 3f f0 00 00 00 00 00 00     ......?.?.......
	...
     840:	00 00 03 80 03 80 03 80 03 80 00 00 00 00 00 00     ................
     850:	00 00 00 00 00 00 03 80 03 80 03 80 03 80 00 00     ................
	...
     880:	00 00 03 80 03 80 03 80 03 80 00 00 00 00 00 00     ................
     890:	00 00 00 00 00 00 03 80 03 80 03 80 03 80 07 00     ................
     8a0:	0e 00 00 00 00 00 00 00 00 00 00 00 00 00 00 00     ................
     8b0:	00 00 00 00 00 00 00 1c 00 38 00 70 00 e0 01 c0     .........8.p....
     8c0:	03 80 07 00 0e 00 1c 00 38 00 38 00 1c 00 0e 00     ........8.8.....
     8d0:	07 00 03 80 01 c0 00 e0 00 70 00 38 00 1c 00 00     .........p.8....
	...
     900:	00 00 7f fc 7f fc 00 00 00 00 00 00 00 00 7f fc     ................
     910:	7f fc 00 00 00 00 00 00 00 00 00 00 00 00 00 00     ................
	...
     934:	00 00 70 00 38 00 1c 00 0e 00 07 00 03 80 01 c0     ..p.8...........
     944:	00 e0 00 70 00 38 00 38 00 70 00 e0 01 c0 03 80     ...p.8.8.p......
     954:	07 00 0e 00 1c 00 38 00 70 00 00 00 00 00 00 00     ......8.p.......
	...
     974:	00 00 1f f0 3f f8 70 1c 70 1c 70 1c 70 1c 70 1c     ....?.p.p.p.p.p.
     984:	00 38 00 70 00 e0 01 c0 03 80 03 80 03 80 00 00     .8.p............
     994:	00 00 03 80 03 80 03 80 03 80 00 00 00 00 00 00     ................
	...
     9b4:	00 00 1f f0 3f f8 70 1c 70 1c 70 1c 70 fc 71 fc     ....?.p.p.p.p.q.
     9c4:	73 9c 73 9c 73 9c 73 9c 73 9c 73 9c 73 9c 71 fc     s.s.s.s.s.s.s.q.
     9d4:	70 ec 70 00 70 00 3f fc 1f fc 00 00 00 00 00 00     p.p.p.?.........
     9e4:	00 00 00 00 00 00                                   ......

000009ea <KVB_14x28_ER_ter_bold>:
     9ea:	0e 1c 20 a2 31 15 00 00 00 00 00 00 00 00 00 00     .. .1...........
	...
     a26:	00 00 06 00 18 00 60 01 80 06 00 18 00 60 01 80     ......`......`..
     a36:	06 00 18 00 60 01 80 00 00 00 00 60 01 80 06 00     ....`......`....
     a46:	18 00 00 00 00 00 00 00 00 00 00 00 00 00 00 01     ................
     a56:	8c 06 30 18 c0 63 01 8c 06 30 00 00 00 00 00 00     ..0..c...0......
	...
     a8a:	18 c0 63 01 8c 06 30 7f f1 ff c1 8c 06 30 18 c0     ..c...0......0..
     a9a:	63 01 8c 06 30 7f f1 ff c1 8c 06 30 18 c0 63 00     c...0......0..c.
	...
     aba:	c0 03 00 3f 01 fe 0c cc 33 30 cc 03 30 0c c0 1f     ...?....30..0...
     aca:	c0 3f 80 33 00 cc 03 30 cc c3 33 07 f8 0f c0 0c     .?.3...0..3.....
     ada:	00 30 00 00 00 00 00 00 00 00 00 00 00 00 00 00     .0..............
     aea:	00 00 3c 31 f8 c6 66 19 98 7e c0 f3 00 18 00 60     ..<1..f..~.....`
     afa:	03 00 0c 00 60 01 80 0c f0 37 e1 99 86 66 31 f8     ....`....7...f1.
     b0a:	c3 c0 00 00 00 00 00 00 00 00 00 00 00 00 00 00     ................
     b1a:	00 00 00 0f 00 7e 03 0c 0c 30 30 c0 e7 01 f8 03     .....~...00.....
     b2a:	c0 0e 00 7c 63 bb 9c 7c 60 e1 83 86 0e 1c 7c 3f     ...|c..|`.....|?
     b3a:	b8 7c 60 00 00 00 00 00 00 00 00 00 00 00 00 00     .|`.............
     b4a:	00 60 01 80 06 00 18 00 60 01 80 00 00 00 00 00     .`......`.......
	...
     b7a:	00 00 0c 00 60 03 00 0c 00 60 01 80 06 00 18 00     ....`....`......
     b8a:	60 01 80 06 00 18 00 60 01 80 06 00 18 00 60 01     `......`......`.
     b9a:	80 03 00 0c 00 18 00 30 00 00 00 00 00 00 00 00     .......0........
     baa:	00 00 01 80 03 00 06 00 18 00 30 00 c0 03 00 0c     ..........0.....
     bba:	00 30 00 c0 03 00 0c 00 30 00 c0 03 00 0c 00 30     .0......0......0
     bca:	00 c0 06 00 18 00 c0 06 00 00 00 00 00 00 00 00     ................
	...
     be6:	00 00 38 e0 77 00 f8 01 c0 7f f1 ff c0 70 03 e0     ..8.w........p..
     bf6:	1d c0 e3 80 00 00 00 00 00 00 00 00 00 00 00 00     ................
	...
     c16:	00 00 c0 03 00 0c 00 30 00 c0 7f f9 ff e0 30 00     .......0......0.
     c26:	c0 03 00 0c 00 30 00 00 00 00 00 00 00 00 00 00     .....0..........
	...
     c5a:	00 00 60 01 80 06 00 18 00 c0 06 00 00 00 00 00     ..`.............
	...
     c82:	7f f1 ff c0 00 00 00 00 00 00 00 00 00 00 00 00     ................
	...
     cbe:	60 01 80 06 00 18 00 00 00 00 00 00 00 00 00 00     `...............
     cce:	00 00 00 00 00 00 00 0c 00 30 01 80 06 00 30 00     .........0....0.
     cde:	c0 06 00 18 00 c0 03 00 18 00 60 03 00 0c 00 60     ..........`....`
     cee:	01 80 0c 00 30 01 80 06 00 00 00 00 00 00 00 00     ....0...........
	...
     d06:	00 1f c0 ff 86 03 18 0c 60 71 83 c6 1f 18 ec 67     ........`q.....g
     d16:	31 b8 c7 c3 1e 0c 70 31 80 c6 03 18 0c 3f e0 7f     1.....p1.....?..
	...
     d36:	00 00 03 00 1c 00 f0 07 c0 03 00 0c 00 30 00 c0     .............0..
     d46:	03 00 0c 00 30 00 c0 03 00 0c 00 30 00 c0 1f e0     ....0......0....
     d56:	7f 80 00 00 00 00 00 00 00 00 00 00 00 00 00 00     ................
     d66:	00 00 00 1f c0 ff 86 03 18 0c 60 31 80 c0 03 00     ..........`1....
     d76:	1c 00 e0 07 00 38 01 c0 0e 00 70 03 80 1c 00 7f     .....8....p.....
     d86:	f1 ff c0 00 00 00 00 00 00 00 00 00 00 00 00 00     ................
     d96:	00 00 00 00 1f c0 ff 86 03 18 0c 00 30 00 c0 03     ............0...
     da6:	00 0c 0f e0 3f 80 03 00 0c 00 30 00 c6 03 18 0c     ....?.....0.....
     db6:	3f e0 7f 00 00 00 00 00 00 00 00 00 00 00 00 00     ?...............
     dc6:	00 00 00 00 00 00 30 01 c0 0f 00 7c 03 b0 1c c0     ......0....|....
     dd6:	e3 07 0c 38 31 c0 c6 03 18 0c 7f f1 ff c0 03 00     ...81...........
     de6:	0c 00 30 00 c0 00 00 00 00 00 00 00 00 00 00 00     ..0.............
     df6:	00 00 00 00 00 00 7f f1 ff c6 00 18 00 60 01 80     .............`..
     e06:	06 00 1f f0 7f e0 00 c0 03 00 0c 00 30 00 c6 03     ............0...
     e16:	18 0c 3f e0 7f 00 00 00 00 00 00 00 00 00 00 00     ..?.............
     e26:	00 00 00 00 00 00 00 1f e0 ff 86 00 18 00 60 01     ..............`.
     e36:	80 06 00 1f f0 7f e1 80 c6 03 18 0c 60 31 80 c6     ............`1..
     e46:	03 18 0c 3f e0 7f 00 00 00 00 00 00 00 00 00 00     ...?............
	...
     e5e:	7f f1 ff c6 03 18 0c 60 30 01 80 06 00 30 00 c0     .......`0....0..
     e6e:	06 00 18 00 c0 03 00 0c 00 30 00 c0 03 00 0c 00     .........0......
	...
     e8e:	00 1f c0 ff 86 03 18 0c 60 31 80 c6 03 18 0c 3f     ........`1.....?
     e9e:	e0 ff 86 03 18 0c 60 31 80 c6 03 18 0c 3f e0 7f     ......`1.....?..
	...
     ebe:	00 00 1f c0 ff 86 03 18 0c 60 31 80 c6 03 18 0c     .........`1.....
     ece:	60 30 ff c1 ff 00 0c 00 30 00 c0 03 00 0c 3f e0     `0......0.....?.
     ede:	ff 00 00 00 00 00 00 00 00 00 00 00 00 00 00 00     ................
	...
     efa:	18 00 60 01 80 06 00 00 00 00 00 00 00 00 00 00     ..`.............
     f0a:	60 01 80 06 00 18 00 00 00 00 00 00 00 00 00 00     `...............
	...
     f2a:	00 18 00 60 01 80 06 00 00 00 00 00 00 00 00 00     ...`............
     f3a:	00 60 01 80 06 00 18 00 c0 06 00 00 00 00 00 00     .`..............
	...
     f52:	00 00 00 01 c0 0e 00 70 03 80 1c 00 e0 07 00 38     .......p.......8
     f62:	01 c0 03 80 07 00 0e 00 1c 00 38 00 70 00 e0 01     ..........8.p...
     f72:	c0 00 00 00 00 00 00 00 00 00 00 00 00 00 00 00     ................
	...
     f8a:	00 00 01 ff c7 ff 00 00 00 00 00 00 00 1f fc 7f     ................
     f9a:	f0 00 00 00 00 00 00 00 00 00 00 00 00 00 00 00     ................
	...
     fb6:	01 c0 03 80 07 00 0e 00 1c 00 38 00 70 00 e0 01     ..........8.p...
     fc6:	c0 0e 00 70 03 80 1c 00 e0 07 00 38 01 c0 00 00     ...p.......8....
	...
     fe6:	1f 80 ff 06 06 18 18 60 61 81 80 0c 00 60 03 00     .......`a....`..
     ff6:	18 00 60 01 80 00 00 00 00 60 01 80 06 00 18 00     ..`......`......
	...
    1016:	00 1f c0 ff 86 03 18 0c 60 31 87 c6 3f 19 cc 66     ........`1..?..f
    1026:	31 98 c6 63 19 cc 63 f1 87 46 00 18 00 3f f0 7f     1..c..c..F...?..
    1036:	c0 00 00 00 00 00 00 00 00 00 00 00 00 00 00 00     ................
    1046:	00 00 1f c0 ff 86 03 18 0c 60 31 80 c6 03 18 0c     .........`1.....
    1056:	60 31 ff c7 ff 18 0c 60 31 80 c6 03 18 0c 60 31     `1.....`1.....`1
    1066:	80 c0 00 00 00 00 00 00 00 00 00 00 00 00 00 00     ................
    1076:	00 00 00 7f c1 ff 86 03 18 0c 60 31 80 c6 06 1f     ..........`1....
    1086:	f0 7f c1 81 86 03 18 0c 60 31 80 c6 03 18 0c 7f     ........`1......
    1096:	e1 ff 00 00 00 00 00 00 00 00 00 00 00 00 00 00     ................
    10a6:	00 00 00 00 1f c0 ff 86 03 18 0c 60 31 80 06 00     ...........`1...
    10b6:	18 00 60 01 80 06 00 18 00 60 01 80 c6 03 18 0c     ..`......`......
    10c6:	3f e0 7f 00 00 00 00 00 00 00 00 00 00 00 00 00     ?...............
    10d6:	00 00 00 00 00 7f 01 ff 06 0e 18 18 60 31 80 c6     ............`1..
    10e6:	03 18 0c 60 31 80 c6 03 18 0c 60 31 80 c6 06 18     ...`1.....`1....
    10f6:	38 7f c1 fc 00 00 00 00 00 00 00 00 00 00 00 00     8...............
    1106:	00 00 00 00 00 00 7f f1 ff c6 00 18 00 60 01 80     .............`..
    1116:	06 00 18 00 7f 81 fe 06 00 18 00 60 01 80 06 00     ...........`....
    1126:	18 00 7f f1 ff c0 00 00 00 00 00 00 00 00 00 00     ................
    1136:	00 00 00 00 00 00 00 7f f1 ff c6 00 18 00 60 01     ..............`.
    1146:	80 06 00 18 00 7f 81 fe 06 00 18 00 60 01 80 06     ............`...
    1156:	00 18 00 60 01 80 00 00 00 00 00 00 00 00 00 00     ...`............
	...
    116e:	1f c0 ff 86 03 18 0c 60 31 80 06 00 18 00 63 f1     .......`1.....c.
    117e:	8f c6 03 18 0c 60 31 80 c6 03 18 0c 3f e0 7f 00     .....`1.....?...
	...
    119e:	00 60 31 80 c6 03 18 0c 60 31 80 c6 03 18 0c 7f     .`1.....`1......
    11ae:	f1 ff c6 03 18 0c 60 31 80 c6 03 18 0c 60 31 80     ......`1.....`1.
    11be:	c0 00 00 00 00 00 00 00 00 00 00 00 00 00 00 00     ................
    11ce:	00 00 0f c0 3f 00 30 00 c0 03 00 0c 00 30 00 c0     ....?.0......0..
    11de:	03 00 0c 00 30 00 c0 03 00 0c 00 30 00 c0 0f c0     ....0......0....
    11ee:	3f 00 00 00 00 00 00 00 00 00 00 00 00 00 00 00     ?...............
    11fe:	00 00 00 01 f8 07 e0 06 00 18 00 60 01 80 06 00     ...........`....
    120e:	18 00 60 01 80 06 00 18 60 61 81 86 06 18 18 3f     ..`.....`a.....?
    121e:	c0 7e 00 00 00 00 00 00 00 00 00 00 00 00 00 00     .~..............
    122e:	00 00 00 00 60 31 81 c6 0e 18 70 63 81 9c 06 e0     ....`1....pc....
    123e:	1f 00 78 01 e0 07 c0 1b 80 67 01 8e 06 1c 18 38     ..x......g.....8
    124e:	60 71 80 c0 00 00 00 00 00 00 00 00 00 00 00 00     `q..............
    125e:	00 00 00 00 00 60 01 80 06 00 18 00 60 01 80 06     .....`......`...
    126e:	00 18 00 60 01 80 06 00 18 00 60 01 80 06 00 18     ...`......`.....
    127e:	00 7f f1 ff c0 00 00 00 00 00 00 00 00 00 00 00     ................
    128e:	00 00 00 00 00 00 40 09 80 67 03 9e 1e 7c f9 bf     ......@..g...|..
    129e:	66 79 98 c6 60 19 80 66 01 98 06 60 19 80 66 01     fy..`..f...`..f.
    12ae:	98 06 60 19 80 60 00 00 00 00 00 00 00 00 00 00     ..`..`..........
    12be:	00 00 00 00 00 00 00 60 31 80 c6 03 18 0c 70 31     .......`1.....p1
    12ce:	e0 c7 c3 1b 8c 67 31 8e c6 1f 18 3c 60 71 80 c6     .....g1....<`q..
    12de:	03 18 0c 60 31 80 c0 00 00 00 00 00 00 00 00 00     ...`1...........
	...
    12f6:	1f c0 ff 86 03 18 0c 60 31 80 c6 03 18 0c 60 31     .......`1.....`1
    1306:	80 c6 03 18 0c 60 31 80 c6 03 18 0c 3f e0 7f 00     .....`1.....?...
	...
    1326:	00 7f c1 ff 86 03 18 0c 60 31 80 c6 03 18 0c 60     ........`1.....`
    1336:	31 ff 87 fc 18 00 60 01 80 06 00 18 00 60 01 80     1.....`......`..
	...
    1356:	00 00 1f c0 ff 86 03 18 0c 60 31 80 c6 03 18 0c     .........`1.....
    1366:	60 31 80 c6 03 18 0c 60 31 80 c6 3b 18 7c 3f e0     `1.....`1..;.|?.
    1376:	7f 80 07 00 0e 00 00 00 00 00 00 00 00 00 00 00     ................
    1386:	00 00 00 7f c1 ff 86 03 18 0c 60 31 80 c6 03 18     ..........`1....
    1396:	0c 60 31 ff 87 fc 1f 00 6e 01 9c 06 38 18 70 60     .`1.....n...8.p`
    13a6:	e1 81 c0 00 00 00 00 00 00 00 00 00 00 00 00 00     ................
    13b6:	00 00 00 00 1f c0 ff 86 03 18 0c 60 01 80 06 00     ...........`....
    13c6:	18 00 3f c0 7f 80 03 00 0c 00 30 00 c6 03 18 0c     ..?.......0.....
    13d6:	3f e0 7f 00 00 00 00 00 00 00 00 00 00 00 00 00     ?...............
    13e6:	00 00 00 00 00 7f f9 ff e0 30 00 c0 03 00 0c 00     .........0......
    13f6:	30 00 c0 03 00 0c 00 30 00 c0 03 00 0c 00 30 00     0......0......0.
    1406:	c0 03 00 0c 00 00 00 00 00 00 00 00 00 00 00 00     ................
    1416:	00 00 00 00 00 00 60 31 80 c6 03 18 0c 60 31 80     ......`1.....`1.
    1426:	c6 03 18 0c 60 31 80 c6 03 18 0c 60 31 80 c6 03     ....`1.....`1...
    1436:	18 0c 3f e0 7f 00 00 00 00 00 00 00 00 00 00 00     ..?.............
    1446:	00 00 00 00 00 00 00 60 31 80 c6 03 18 0c 30 60     .......`1.....0`
    1456:	c1 83 06 0c 18 18 c0 63 01 8c 06 30 0d 80 36 00     .......c...0..6.
    1466:	d8 01 c0 07 00 1c 00 00 00 00 00 00 00 00 00 00     ................
	...
    147e:	60 19 80 66 01 98 06 60 19 80 66 01 98 06 60 19     `..f...`..f...`.
    148e:	80 66 31 99 e6 6f d9 f3 e7 87 9c 0e 60 19 00 20     .f1..o......`.. 
	...
    14ae:	00 60 31 80 c3 06 0c 18 18 c0 63 00 d8 03 60 07     .`1.......c...`.
    14be:	00 1c 00 d8 03 60 18 c0 63 03 06 0c 18 60 31 80     .....`..c....`1.
    14ce:	c0 00 00 00 00 00 00 00 00 00 00 00 00 00 00 00     ................
    14de:	00 00 60 19 80 63 03 0c 0c 18 60 61 80 cc 03 30     ..`..c....`a...0
    14ee:	07 80 1e 00 30 00 c0 03 00 0c 00 30 00 c0 03 00     ....0......0....
    14fe:	0c 00 00 00 00 00 00 00 00 00 00 00 00 00 00 00     ................
    150e:	00 00 00 7f f1 ff c0 03 00 0c 00 70 03 80 1c 00     ...........p....
    151e:	e0 07 00 38 01 c0 0e 00 70 01 80 06 00 18 00 7f     ...8....p.......
    152e:	f1 ff c0 00 00 00 00 00 00 00 00 00 00 00 00 00     ................
    153e:	00 7e 01 f8 06 00 18 00 60 01 80 06 00 18 00 60     .~......`......`
    154e:	01 80 06 00 18 00 60 01 80 06 00 18 00 60 01 80     ......`......`..
    155e:	06 00 18 00 7e 01 f8 00 00 00 00 00 00 00 00 00     ....~...........
    156e:	00 00 00 18 00 60 00 c0 03 00 06 00 18 00 30 00     .....`........0.
    157e:	c0 01 80 06 00 0c 00 30 00 60 01 80 03 00 0c 00     .......0.`......
    158e:	18 00 60 00 c0 03 00 00 00 00 00 00 00 00 00 00     ..`.............
    159e:	00 00 03 f0 0f c0 03 00 0c 00 30 00 c0 03 00 0c     ..........0.....
    15ae:	00 30 00 c0 03 00 0c 00 30 00 c0 03 00 0c 00 30     .0......0......0
    15be:	00 c0 03 00 0c 03 f0 0f c0 00 00 00 00 00 00 00     ................
    15ce:	00 00 00 00 20 01 c0 0f 80 77 03 8e 1c 1c 00 00     .... ....w......
	...
    1626:	00 1f fc 7f f0 00 00 00 00 00 00 00 00 00 c0 03     ................
    1636:	80 07 00 0e 00 18 00 00 00 00 00 00 00 00 00 00     ................
	...
    166e:	00 00 00 7f 01 fe 00 0c 00 30 7f c3 ff 18 0c 60     .........0.....`
    167e:	31 80 c6 03 18 0c 3f f0 7f c0 00 00 00 00 00 00     1.....?.........
	...
    1696:	00 00 00 60 01 80 06 00 18 00 60 01 ff 07 fe 18     ...`......`.....
    16a6:	0c 60 31 80 c6 03 18 0c 60 31 80 c6 03 18 0c 7f     .`1.....`1......
    16b6:	e1 ff 00 00 00 00 00 00 00 00 00 00 00 00 00 00     ................
	...
    16d2:	00 7f 03 fe 18 1c 60 01 80 06 00 18 00 60 01 80     ......`......`..
    16e2:	06 00 18 1c 3f e0 7f 00 00 00 00 00 00 00 00 00     ....?...........
	...
    16fa:	00 00 30 00 c0 03 00 0c 00 30 7f c3 ff 18 0c 60     ..0......0.....`
    170a:	31 80 c6 03 18 0c 60 31 80 c6 03 18 0c 3f f0 7f     1.....`1.....?..
    171a:	c0 00 00 00 00 00 00 00 00 00 00 00 00 00 00 00     ................
	...
    1732:	00 00 00 7f 03 fe 18 0c 60 31 80 c7 ff 1f fc 60     ........`1.....`
    1742:	01 80 06 00 18 1c 3f e0 7f 00 00 00 00 00 00 00     ......?.........
	...
    175a:	00 00 00 03 f0 1f c0 60 01 80 06 00 ff 03 fc 01     .......`........
    176a:	80 06 00 18 00 60 01 80 06 00 18 00 60 01 80 06     .....`......`...
    177a:	00 18 00 00 00 00 00 00 00 00 00 00 00 00 00 00     ................
	...
    1796:	00 7f c3 ff 18 0c 60 31 80 c6 03 18 0c 60 31 80     ......`1.....`1.
    17a6:	c6 03 18 0c 3f f0 7f c0 03 00 0c 00 30 00 c3 fe     ....?.......0...
    17b6:	0f f0 00 00 00 00 00 00 00 60 01 80 06 00 18 00     .........`......
    17c6:	60 01 ff 07 fe 18 0c 60 31 80 c6 03 18 0c 60 31     `......`1.....`1
    17d6:	80 c6 03 18 0c 60 31 80 c0 00 00 00 00 00 00 00     .....`1.........
	...
    17ee:	00 00 03 00 0c 00 30 00 00 00 00 3c 00 f0 00 c0     ......0....<....
    17fe:	03 00 0c 00 30 00 c0 03 00 0c 00 30 00 c0 0f c0     ....0......0....
    180e:	3f 00 00 00 00 00 00 00 00 00 00 00 00 00 00 00     ?...............
    181e:	00 00 00 00 60 01 80 06 00 00 00 00 07 80 1e 00     ....`...........
    182e:	18 00 60 01 80 06 00 18 00 60 01 80 06 00 18 00     ..`......`......
    183e:	60 01 80 06 0c 18 30 60 c1 81 fc 03 e0 00 00 00     `.....0`........
    184e:	00 00 00 00 30 00 c0 03 00 0c 00 30 00 c1 c3 0e     ....0......0....
    185e:	0c 70 33 80 dc 03 e0 0f 00 3e 00 dc 03 38 0c 70     .p3......>...8.p
    186e:	30 e0 c1 c0 00 00 00 00 00 00 00 00 00 00 00 00     0...............
    187e:	00 00 00 00 00 0f 00 3c 00 30 00 c0 03 00 0c 00     .......<.0......
    188e:	30 00 c0 03 00 0c 00 30 00 c0 03 00 0c 00 30 00     0......0......0.
    189e:	c0 0f c0 3f 00 00 00 00 00 00 00 00 00 00 00 00     ...?............
	...
    18ba:	00 00 01 ff 87 ff 18 c6 63 19 8c 66 31 98 c6 63     ........c..f1..c
    18ca:	19 8c 66 31 98 c6 63 19 8c 60 00 00 00 00 00 00     ..f1..c..`......
	...
    18ea:	00 00 00 01 ff 07 fe 18 0c 60 31 80 c6 03 18 0c     .........`1.....
    18fa:	60 31 80 c6 03 18 0c 60 31 80 c0 00 00 00 00 00     `1.....`1.......
	...
    191e:	00 7f 03 fe 18 0c 60 31 80 c6 03 18 0c 60 31 80     ......`1.....`1.
    192e:	c6 03 18 0c 3f e0 7f 00 00 00 00 00 00 00 00 00     ....?...........
	...
    194e:	00 01 ff 07 fe 18 0c 60 31 80 c6 03 18 0c 60 31     .......`1.....`1
    195e:	80 c6 03 18 0c 7f e1 ff 06 00 18 00 60 01 80 06     ............`...
    196e:	00 18 00 00 00 00 00 00 00 00 00 00 00 00 00 00     ................
    197e:	00 00 00 7f c3 ff 18 0c 60 31 80 c6 03 18 0c 60     ........`1.....`
    198e:	31 80 c6 03 18 0c 3f f0 7f c0 03 00 0c 00 30 00     1.....?.......0.
    199e:	c0 03 00 0c 00 00 00 00 00 00 00 00 00 00 00 00     ................
    19ae:	00 00 00 01 9f c6 ff 1f 00 78 01 c0 06 00 18 00     .........x......
    19be:	60 01 80 06 00 18 00 60 01 80 00 00 00 00 00 00     `......`........
	...
    19e2:	00 7f 03 fe 18 0c 60 01 80 03 fc 07 f8 00 30 00     ......`.......0.
    19f2:	c0 03 1c 0c 3f e0 7f 00 00 00 00 00 00 00 00 00     ....?...........
	...
    1a0a:	00 06 00 18 00 60 01 80 06 00 ff 03 fc 01 80 06     .....`..........
    1a1a:	00 18 00 60 01 80 06 00 18 00 60 01 80 07 e0 0f     ...`......`.....
    1a2a:	80 00 00 00 00 00 00 00 00 00 00 00 00 00 00 00     ................
	...
    1a42:	00 00 01 80 c6 03 18 0c 60 31 80 c6 03 18 0c 60     ........`1.....`
    1a52:	31 80 c6 03 18 0c 3f f0 7f c0 00 00 00 00 00 00     1.....?.........
	...
    1a72:	00 00 00 01 80 c6 03 18 0c 30 60 c1 83 06 06 30     .........0`....0
    1a82:	18 c0 63 00 d8 03 60 07 00 1c 00 00 00 00 00 00     ..c...`.........
	...
    1aa6:	01 80 66 01 98 06 60 19 8c 66 31 98 c6 63 19 8c     ..f...`..f1..c..
    1ab6:	66 31 98 c6 3f f0 7f 80 00 00 00 00 00 00 00 00     f1..?...........
	...
    1ad6:	00 01 80 c6 03 1c 1c 38 e0 77 00 f8 01 c0 0f 80     .......8.w......
    1ae6:	77 03 8e 1c 1c 60 31 80 c0 00 00 00 00 00 00 00     w....`1.........
	...
    1b06:	00 00 01 80 c6 03 18 0c 60 31 80 c6 03 18 0c 60     ........`1.....`
    1b16:	31 80 c6 03 18 0c 3f f0 7f c0 03 00 0c 00 30 00     1.....?.......0.
    1b26:	c3 fe 0f f0 00 00 00 00 00 00 00 00 00 00 00 00     ................
    1b36:	00 00 00 01 ff c7 ff 00 1c 00 e0 07 00 38 01 c0     .............8..
    1b46:	0e 00 70 03 80 1c 00 7f f1 ff c0 00 00 00 00 00     ..p.............
	...
    1b5e:	00 0e 00 78 03 80 0c 00 30 00 c0 03 00 0c 00 30     ...x....0......0
    1b6e:	01 80 1c 00 70 00 60 00 c0 03 00 0c 00 30 00 c0     ....p.`......0..
    1b7e:	03 00 0e 00 1e 00 38 00 00 00 00 00 00 00 00 00     ......8.........
    1b8e:	00 00 60 01 80 06 00 18 00 60 01 80 06 00 18 00     ..`......`......
    1b9e:	60 01 80 06 00 18 00 60 01 80 06 00 18 00 60 01     `......`......`.
    1bae:	80 06 00 18 00 60 01 80 00 00 00 00 00 00 00 00     .....`..........
    1bbe:	00 00 03 80 0f 00 0e 00 18 00 60 01 80 06 00 18     ..........`.....
    1bce:	00 60 00 c0 01 c0 07 00 30 01 80 06 00 18 00 60     .`......0......`
    1bde:	01 80 06 00 38 03 c0 0e 00 00 00 00 00 00 00 00     ....8...........
	...
    1bfe:	00 00 00 0f 0c 7e 31 8c c6 3f 18 78 00 00 00 00     .....~1..?.x....
	...
    1c26:	1f c0 ff 86 03 18 0c 60 31 80 c6 03 18 0c 60 31     .......`1.....`1
    1c36:	ff c7 ff 18 0c 60 31 80 c6 03 18 0c 60 31 80 c0     .....`1.....`1..
	...
    1c56:	00 7f e1 ff 86 00 18 00 60 01 80 06 00 1f f0 7f     ........`.......
    1c66:	e1 80 c6 03 18 0c 60 31 80 c6 03 18 0c 7f e1 ff     ......`1........
	...
    1c86:	00 00 7f c1 ff 86 03 18 0c 60 31 80 c6 06 1f f0     .........`1.....
    1c96:	7f c1 81 86 03 18 0c 60 31 80 c6 03 18 0c 7f e1     .......`1.......
    1ca6:	ff 00 00 00 00 00 00 00 00 00 00 00 00 00 00 00     ................
    1cb6:	00 00 00 7f f1 ff c6 00 18 00 60 01 80 06 00 18     ..........`.....
    1cc6:	00 60 01 80 06 00 18 00 60 01 80 06 00 18 00 60     .`......`......`
    1cd6:	01 80 00 00 00 00 00 00 00 00 00 00 00 00 00 00     ................
    1ce6:	00 00 00 00 07 f0 3f c1 83 0c 0c 60 31 80 c6 03     ......?....`1...
    1cf6:	18 0c 60 31 80 c6 03 18 0c 60 31 80 c6 03 18 0c     ..`1.....`1.....
    1d06:	ff fb ff ec 01 b0 06 c0 18 00 00 00 00 00 00 00     ................
    1d16:	00 00 00 00 00 7f f1 ff c6 00 18 00 60 01 80 06     ............`...
    1d26:	00 18 00 7f 81 fe 06 00 18 00 60 01 80 06 00 18     ..........`.....
    1d36:	00 7f f1 ff c0 00 00 00 00 00 00 00 00 00 00 00     ................
    1d46:	00 00 00 00 00 00 63 19 8c 66 31 98 c6 63 19 cc     ......c..f1..c..
    1d56:	e3 b7 07 f8 0f c0 7f 83 b7 1c ce 63 19 8c 66 31     ...........c..f1
    1d66:	98 c6 63 19 8c 60 00 00 00 00 00 00 00 00 00 00     ..c..`..........
    1d76:	00 00 00 00 00 00 00 1f c0 ff 86 03 18 0c 00 30     ...............0
    1d86:	00 c0 03 00 0c 0f e0 3f 80 03 00 0c 00 30 00 c6     .......?.....0..
    1d96:	03 18 0c 3f e0 7f 00 00 00 00 00 00 00 00 00 00     ...?............
	...
    1dae:	60 31 80 c6 03 18 0c 60 31 81 c6 0f 18 7c 63 b1     `1.....`1....|c.
    1dbe:	9c c6 e3 1f 0c 78 31 c0 c6 03 18 0c 60 31 80 c0     .....x1.....`1..
	...
    1dd6:	00 00 18 c0 7f 00 f8 00 00 60 31 80 c6 03 18 0c     .........`1.....
    1de6:	60 31 81 c6 0f 18 7c 63 b1 9c c6 e3 1f 0c 78 31     `1....|c......x1
    1df6:	c0 c6 03 18 0c 60 31 80 c0 00 00 00 00 00 00 00     .....`1.........
	...
    1e0e:	00 00 60 31 81 c6 0e 18 70 63 81 9c 06 e0 1f 00     ..`1....pc......
    1e1e:	78 01 e0 07 c0 1b 80 67 01 8e 06 1c 18 38 60 71     x......g.....8`q
    1e2e:	80 c0 00 00 00 00 00 00 00 00 00 00 00 00 00 00     ................
    1e3e:	00 00 00 07 f0 3f c1 83 06 0c 18 30 60 c1 83 06     .....?.....0`...
    1e4e:	0c 18 30 60 c1 83 06 0c 18 30 60 c1 83 06 0c 38     ..0`.....0`....8
    1e5e:	31 c0 c0 00 00 00 00 00 00 00 00 00 00 00 00 00     1...............
    1e6e:	00 00 00 00 40 09 80 67 03 9e 1e 7c f9 bf 66 79     ....@..g...|..fy
    1e7e:	98 c6 60 19 80 66 01 98 06 60 19 80 66 01 98 06     ..`..f...`..f...
    1e8e:	60 19 80 60 00 00 00 00 00 00 00 00 00 00 00 00     `..`............
    1e9e:	00 00 00 00 00 60 31 80 c6 03 18 0c 60 31 80 c6     .....`1.....`1..
    1eae:	03 18 0c 7f f1 ff c6 03 18 0c 60 31 80 c6 03 18     ..........`1....
    1ebe:	0c 60 31 80 c0 00 00 00 00 00 00 00 00 00 00 00     .`1.............
    1ece:	00 00 00 00 00 00 1f c0 ff 86 03 18 0c 60 31 80     .............`1.
    1ede:	c6 03 18 0c 60 31 80 c6 03 18 0c 60 31 80 c6 03     ....`1.....`1...
    1eee:	18 0c 3f e0 7f 00 00 00 00 00 00 00 00 00 00 00     ..?.............
    1efe:	00 00 00 00 00 00 00 7f f1 ff c6 03 18 0c 60 31     ..............`1
    1f0e:	80 c6 03 18 0c 60 31 80 c6 03 18 0c 60 31 80 c6     .....`1.....`1..
    1f1e:	03 18 0c 60 31 80 c0 00 00 00 00 00 00 00 00 00     ...`1...........
	...
    1f36:	7f c1 ff 86 03 18 0c 60 31 80 c6 03 18 0c 60 31     .......`1.....`1
    1f46:	ff 87 fc 18 00 60 01 80 06 00 18 00 60 01 80 00     .....`......`...
	...
    1f66:	00 1f c0 ff 86 03 18 0c 60 31 80 06 00 18 00 60     ........`1.....`
    1f76:	01 80 06 00 18 00 60 01 80 c6 03 18 0c 3f e0 7f     ......`......?..
	...
    1f96:	00 00 7f f9 ff e0 30 00 c0 03 00 0c 00 30 00 c0     ......0......0..
    1fa6:	03 00 0c 00 30 00 c0 03 00 0c 00 30 00 c0 03 00     ....0......0....
    1fb6:	0c 00 00 00 00 00 00 00 00 00 00 00 00 00 00 00     ................
    1fc6:	00 00 00 60 31 80 c6 03 18 0c 60 31 80 c6 03 18     ...`1.....`1....
    1fd6:	0c 60 30 ff c1 ff 00 0c 00 30 00 c0 03 00 0c 3f     .`0......0.....?
    1fe6:	e0 ff 00 00 00 00 00 00 00 00 00 00 00 00 00 00     ................
    1ff6:	00 30 00 c0 1f e0 ff c6 31 98 c6 63 19 8c 66 31     .0......1..c..f1
    2006:	98 c6 63 19 8c 66 31 98 c6 63 19 8c 66 31 98 c6     ..c..f1..c..f1..
    2016:	3f f0 7f 80 30 00 c0 00 00 00 00 00 00 00 00 00     ?...0...........
    2026:	00 00 00 00 00 60 31 80 c3 06 0c 18 18 c0 63 00     .....`1.......c.
    2036:	d8 03 60 07 00 1c 00 d8 03 60 18 c0 63 03 06 0c     ..`......`..c...
    2046:	18 60 31 80 c0 00 00 00 00 00 00 00 00 00 00 00     .`1.............
    2056:	00 00 00 00 00 00 60 31 80 c6 03 18 0c 60 31 80     ......`1.....`1.
    2066:	c6 03 18 0c 60 31 80 c6 03 18 0c 60 31 80 c6 03     ....`1.....`1...
    2076:	18 0c 3f f8 7f e0 01 80 06 00 18 00 60 00 00 00     ..?.........`...
    2086:	00 00 00 00 00 00 00 60 31 80 c6 03 18 0c 60 31     .......`1.....`1
    2096:	80 c6 03 18 0c 3f f0 7f c0 03 00 0c 00 30 00 c0     .....?.......0..
    20a6:	03 00 0c 00 30 00 c0 00 00 00 00 00 00 00 00 00     ....0...........
	...
    20be:	63 19 8c 66 31 98 c6 63 19 8c 66 31 98 c6 63 19     c..f1..c..f1..c.
    20ce:	8c 66 31 98 c6 63 19 8c 66 31 98 c6 3f f8 7f e0     .f1..c..f1..?...
	...
    20ee:	00 63 19 8c 66 31 98 c6 63 19 8c 66 31 98 c6 63     .c..f1..c..f1..c
    20fe:	19 8c 66 31 98 c6 63 19 8c 66 31 98 c6 3f fc 7f     ..f1..c..f1..?..
    210e:	f0 00 c0 03 00 0c 00 30 00 00 00 00 00 00 00 00     .......0........
    211e:	00 00 f0 03 c0 03 00 0c 00 30 00 c0 03 fe 0f fc     .........0......
    212e:	30 18 c0 63 01 8c 06 30 18 c0 63 01 8c 06 3f f0     0..c...0..c...?.
    213e:	ff 80 00 00 00 00 00 00 00 00 00 00 00 00 00 00     ................
    214e:	00 00 00 60 19 80 66 01 98 06 60 19 80 67 f1 9f     ...`..f...`..g..
    215e:	e6 60 d9 83 66 0d 98 36 60 d9 83 66 0d 98 36 7f     .`..f..6`..f..6.
    216e:	99 fc 60 00 00 00 00 00 00 00 00 00 00 00 00 00     ..`.............
    217e:	00 00 00 00 60 01 80 06 00 18 00 60 01 80 07 fc     ....`......`....
    218e:	1f f8 60 31 80 c6 03 18 0c 60 31 80 c6 03 18 0c     ..`1.....`1.....
    219e:	7f e1 ff 00 00 00 00 00 00 00 00 00 00 00 00 00     ................
    21ae:	00 00 00 00 00 1f c0 ff 86 03 18 0c 00 30 00 c0     .............0..
    21be:	03 00 0c 0f f0 3f c0 03 00 0c 00 30 00 c6 03 18     .....?.....0....
    21ce:	0c 3f e0 7f 00 00 00 00 00 00 00 00 00 00 00 00     .?..............
    21de:	00 00 00 00 00 00 61 e1 8f c6 61 99 86 66 19 98     ......a...a..f..
    21ee:	66 61 99 86 7e 19 f8 66 61 99 86 66 19 98 66 61     fa..~..fa..f..fa
    21fe:	99 86 63 f1 87 80 00 00 00 00 00 00 00 00 00 00     ..c.............
    220e:	00 00 00 00 00 00 00 1f f0 ff c6 03 18 0c 60 31     ..............`1
    221e:	80 c6 03 18 0c 60 30 ff c1 ff 00 7c 03 b0 1c c0     .....`0....|....
    222e:	e3 07 0c 38 31 c0 c0 00 00 00 00 00 00 00 00 00     ...81...........
	...
    224e:	00 7f 01 fe 00 0c 00 30 7f c3 ff 18 0c 60 31 80     .......0.....`1.
    225e:	c6 03 18 0c 3f f0 7f c0 00 00 00 00 00 00 00 00     ....?...........
	...
    2276:	00 1f c0 ff 06 00 18 00 60 00 80 01 fc 0f f8 60     ........`......`
    2286:	31 80 c6 03 18 0c 60 31 80 c6 03 18 0c 3f e0 7f     1.....`1.....?..
	...
    22a6:	00 00 1f 00 fe 07 0c 18 30 60 c1 83 06 18 1f f0     ........0`......
    22b6:	7f e1 80 c6 03 18 0c 60 31 80 c6 03 1c 18 3f e0     .......`1.....?.
    22c6:	7f 00 00 00 00 00 00 00 00 00 00 00 00 00 00 00     ................
	...
    22e2:	ff 03 fe 00 0c 00 30 00 c1 fe 0f f0 60 01 80 06     ......0.....`...
    22f2:	00 18 00 3f e0 7f 80 00 00 00 00 00 00 00 00 00     ...?............
	...
    230a:	3f c0 ff 80 03 00 0c 00 30 7f c3 ff 18 0c 60 31     ?.......0.....`1
    231a:	80 c6 03 18 0c 60 31 80 c6 03 18 0c 3f e0 7f 00     .....`1.....?...
	...
    2342:	00 00 7f 03 fe 18 0c 60 31 80 c7 ff 1f fc 60 01     .......`1.....`.
    2352:	80 06 00 18 1c 3f e0 7f 00 00 00 00 00 00 00 00     .....?..........
	...
    2372:	00 00 01 8c 66 31 98 c6 73 38 ed c1 fe 03 f0 1f     ....f1..s8......
    2382:	e0 ed c7 33 98 c6 63 19 8c 60 00 00 00 00 00 00     ...3..c..`......
	...
    23a6:	7f 03 fe 1c 0c 00 30 00 c0 fe 03 f8 00 30 00 c0     ......0......0..
    23b6:	03 1c 0c 3f e0 7f 00 00 00 00 00 00 00 00 00 00     ...?............
	...
    23d6:	01 80 c6 03 18 0c 60 31 80 c6 03 18 0c 60 31 80     ......`1.....`1.
    23e6:	c6 03 18 1c 3f f0 7e c0 00 00 00 00 00 00 00 00     ....?.~.........
	...
    23fe:	00 00 00 63 01 fc 03 e0 00 01 80 c6 03 18 0c 60     ...c...........`
    240e:	31 80 c6 03 18 0c 60 31 80 c6 03 18 1c 3f f0 7e     1.....`1.....?.~
    241e:	c0 00 00 00 00 00 00 00 00 00 00 00 00 00 00 00     ................
	...
    2436:	00 00 00 c1 c3 0e 0c 70 33 80 dc 03 e0 0f 00 3e     .......p3......>
    2446:	00 dc 03 38 0c 70 30 e0 c1 c0 00 00 00 00 00 00     ...8.p0.........
	...
    246a:	1f c0 ff 06 0c 18 30 60 c1 83 06 0c 18 30 60 c1     ......0`.....0`.
    247a:	83 06 0c 38 31 c0 c0 00 00 00 00 00 00 00 00 00     ...81...........
	...
    249a:	01 00 26 01 9c 0e 78 79 f3 e6 fd 99 e6 63 19 80     ..&...xy.....c..
    24aa:	66 01 98 06 60 19 80 60 00 00 00 00 00 00 00 00     f...`..`........
	...
    24ca:	00 01 80 c6 03 18 0c 60 31 80 c7 ff 1f fc 60 31     .......`1.....`1
    24da:	80 c6 03 18 0c 60 31 80 c0 00 00 00 00 00 00 00     .....`1.........
	...
    24fa:	00 00 00 7f 03 fe 18 0c 60 31 80 c6 03 18 0c 60     ........`1.....`
    250a:	31 80 c6 03 18 0c 3f e0 7f 00 00 00 00 00 00 00     1.....?.........
	...
    252a:	00 00 00 01 ff c7 ff 18 0c 60 31 80 c6 03 18 0c     .........`1.....
    253a:	60 31 80 c6 03 18 0c 60 31 80 c0 00 00 00 00 00     `1.....`1.......
	...
    255e:	01 ff 07 fe 18 0c 60 31 80 c6 03 18 0c 60 31 80     ......`1.....`1.
    256e:	c6 03 18 0c 7f e1 ff 06 00 18 00 60 01 80 06 00     ...........`....
    257e:	18 00 00 00 00 00 00 00 00 00 00 00 00 00 00 00     ................
    258e:	00 00 7f 03 fe 18 1c 60 01 80 06 00 18 00 60 01     .......`......`.
    259e:	80 06 00 18 1c 3f e0 7f 00 00 00 00 00 00 00 00     .....?..........
	...
    25be:	00 00 01 ff e7 ff 80 c0 03 00 0c 00 30 00 c0 03     ............0...
    25ce:	00 0c 00 30 00 c0 03 00 0c 00 00 00 00 00 00 00     ...0............
	...
    25ee:	00 00 00 01 80 c6 03 18 0c 60 31 80 c6 03 18 0c     .........`1.....
    25fe:	60 31 80 c6 03 18 0c 3f f0 7f c0 03 00 0c 00 30     `1.....?.......0
    260e:	00 c3 fe 0f f0 00 00 00 00 00 00 00 00 00 00 00     ................
    261e:	00 00 c0 03 00 7f 83 ff 18 c6 63 19 8c 66 31 98     ..........c..f1.
    262e:	c6 63 19 8c 66 31 98 c6 3f f0 7f 80 30 00 c0 00     .c..f1..?...0...
	...
    2652:	00 01 80 c6 03 1c 1c 38 e0 77 00 f8 01 c0 0f 80     .......8.w......
    2662:	77 03 8e 1c 1c 60 31 80 c0 00 00 00 00 00 00 00     w....`1.........
	...
    2682:	00 00 01 80 c6 03 18 0c 60 31 80 c6 03 18 0c 60     ........`1.....`
    2692:	31 80 c6 03 18 0c 3f f8 7f e0 01 80 06 00 18 00     1.....?.........
    26a2:	60 00 00 00 00 00 00 00 00 00 00 00 00 00 00 00     `...............
    26b2:	00 00 00 01 80 c6 03 18 0c 60 31 80 c3 ff 07 fc     .........`1.....
    26c2:	00 30 00 c0 03 00 0c 00 30 00 c0 00 00 00 00 00     .0......0.......
	...
    26e6:	01 8c 66 31 98 c6 63 19 8c 66 31 98 c6 63 19 8c     ..f1..c..f1..c..
    26f6:	66 31 98 c6 3f f8 7f e0 00 00 00 00 00 00 00 00     f1..?...........
	...
    2716:	00 01 8c 66 31 98 c6 63 19 8c 66 31 98 c6 63 19     ...f1..c..f1..c.
    2726:	8c 66 31 98 c6 3f fc 7f f0 00 c0 03 00 0c 00 30     .f1..?.........0
	...
    2746:	00 00 03 c0 0f 00 0c 00 30 00 ff 03 fe 0c 0c 30     ........0......0
    2756:	30 c0 c3 03 0c 0c 3f e0 ff 00 00 00 00 00 00 00     0.....?.........
	...
    2776:	00 00 00 01 80 66 01 98 06 60 19 fc 67 f9 98 36     .....f...`..g..6
    2786:	60 d9 83 66 0d 98 36 7f 99 fc 60 00 00 00 00 00     `..f..6...`.....
	...
    27aa:	00 c0 03 00 0c 00 30 00 ff 03 fe 0c 0c 30 30 c0     ......0......00.
    27ba:	c3 03 0c 0c 3f e0 ff 00 00 00 00 00 00 00 00 00     ....?...........
	...
    27da:	00 00 7f 03 fe 1c 0c 00 30 00 c0 ff 03 fc 00 30     ........0......0
    27ea:	00 c0 03 1c 0c 3f e0 7f 00 00 00 00 00 00 00 00     .....?..........
	...
    280a:	00 00 01 87 86 3f 19 86 66 19 98 66 61 9f 86 7e     .....?..f..fa..~
    281a:	19 98 66 61 99 86 63 f1 87 80 00 00 00 00 00 00     ..fa..c.........
	...
    283e:	7f c3 ff 18 0c 60 31 80 c6 03 0f fc 1f f0 0e c0     .....`1.........
    284e:	73 03 8c 1c 30 e0 c0 00 00 00 00 00 00 00 00 00     s...0...........
    285e:	00 18 c0 63 01 8c 00 00 7f f1 ff c6 00 18 00 60     ...c...........`
    286e:	01 80 06 00 18 00 7f 81 fe 06 00 18 00 60 01 80     .............`..
    287e:	06 00 18 00 7f f1 ff c0 00 00 00 00 00 00 00 00     ................
	...
    2896:	00 00 00 63 01 8c 06 30 00 00 7f 03 fe 18 0c 60     ...c...0.......`
    28a6:	31 80 c7 ff 1f fc 60 01 80 06 00 18 1c 3f e0 7f     1.....`......?..
	...
    28c6:	00 00 61 e1 8f c6 33 18 cc 63 f1 87 87 00 1c 00     ..a...3..c......
    28d6:	79 f1 e7 c6 d8 1b 60 67 81 9e 06 38 18 e0 61 81     y.....`g...8..a.
    28e6:	86 00 00 00 00 00 00 00 00 00 00 00                 ............

000028f2 <KVB_12x24_ER_ter_bold>:
    28f2:	0c 18 20 a2 24 12 00 00 00 00 00 00 00 00 00 00     .. .$...........
	...
    2922:	06 00 60 06 00 60 06 00 60 06 00 60 06 00 60 00     ..`..`..`..`..`.
    2932:	00 00 06 00 60 06 00 00 00 00 00 00 00 00 00 00     ....`...........
    2942:	00 19 81 98 19 81 98 09 00 00 00 00 00 00 00 00     ................
	...
    296a:	19 81 98 19 81 98 7f e1 98 19 81 98 19 81 98 7f     ................
    297a:	e1 98 19 81 98 19 80 00 00 00 00 00 00 00 00 00     ................
    298a:	00 00 00 60 06 01 f8 36 c6 66 66 06 60 36 01 f8     ...`...6.ff.`6..
    299a:	06 c0 66 06 66 66 36 c1 f8 06 00 60 00 00 00 00     ..f.ff6....`....
	...
    29b2:	00 03 8c 6c c6 d8 6d 83 b0 03 00 60 06 00 c0 0d     ...l..m....`....
    29c2:	c1 b6 1b 63 36 31 c0 00 00 00 00 00 00 00 00 00     ...c61..........
    29d2:	00 00 00 00 0e 01 b0 31 83 18 31 81 b0 0e 01 e6     .......1..1.....
    29e2:	33 66 1c 60 c6 0c 61 c3 36 1e 60 00 00 00 00 00     3f.`..a.6.`.....
    29f2:	00 00 00 00 00 06 00 60 06 00 60 06 00 00 00 00     .......`..`.....
	...
    2a1a:	00 00 c0 18 03 00 30 06 00 60 06 00 60 06 00 60     ......0..`..`..`
    2a2a:	06 00 60 06 00 60 06 00 30 03 00 18 00 c0 00 00     ..`..`..0.......
    2a3a:	00 00 00 00 00 30 01 80 0c 00 c0 06 00 60 06 00     .....0.......`..
    2a4a:	60 06 00 60 06 00 60 06 00 60 06 00 c0 0c 01 80     `..`..`..`......
    2a5a:	30 00 00 00 00 00 00 00 00 00 00 00 00 00 00 00     0...............
    2a6a:	06 0c 31 81 b0 0e 0f fe 0e 01 b0 31 86 0c 00 00     ..1........1....
	...
    2a8e:	00 60 06 00 60 06 07 fe 06 00 60 06 00 60 00 00     .`..`.....`..`..
	...
    2abe:	00 00 06 00 60 06 00 20 02 00 40 00 00 00 00 00     ....`.. ..@.....
	...
    2ada:	00 00 07 fe 00 00 00 00 00 00 00 00 00 00 00 00     ................
	...
    2b06:	00 00 06 00 60 06 00 00 00 00 00 00 00 00 00 00     ....`...........
    2b16:	00 00 00 06 00 60 0c 00 c0 18 01 80 30 03 00 60     .....`......0..`
    2b26:	06 00 c0 0c 01 80 18 03 00 30 06 00 60 00 00 00     .........0..`...
	...
    2b3e:	1f 83 0c 60 66 06 60 e6 1e 63 66 66 6c 67 86 70     ...`f.`..cfflg.p
    2b4e:	66 06 60 63 0c 1f 80 00 00 00 00 00 00 00 00 00     f.`c............
    2b5e:	00 00 00 00 06 00 e0 1e 03 60 06 00 60 06 00 60     .........`..`..`
    2b6e:	06 00 60 06 00 60 06 00 60 3f c0 00 00 00 00 00     ..`..`..`?......
	...
    2b86:	1f 83 0c 60 66 06 60 60 06 00 c0 18 03 00 60 0c     ...`f.``......`.
    2b96:	01 80 30 06 00 7f e0 00 00 00 00 00 00 00 00 00     ..0.............
    2ba6:	00 00 00 00 1f 83 0c 60 60 06 00 60 06 00 c0 f8     .......``..`....
    2bb6:	00 c0 06 00 60 06 60 63 0c 1f 80 00 00 00 00 00     ....`.`c........
	...
    2bce:	00 60 0e 01 e0 36 06 60 c6 18 63 06 60 66 06 60     .`...6.`..c.`f.`
    2bde:	67 fe 00 60 06 00 60 00 00 00 00 00 00 00 00 00     g..`..`.........
    2bee:	00 00 00 00 7f e6 00 60 06 00 60 06 00 7f 80 0c     .......`..`.....
    2bfe:	00 60 06 00 60 06 60 63 0c 1f 80 00 00 00 00 00     .`..`.`c........
	...
    2c16:	1f c3 00 60 06 00 60 06 00 7f 86 0c 60 66 06 60     ...`..`.....`f.`
    2c26:	66 06 60 63 0c 1f 80 00 00 00 00 00 00 00 00 00     f.`c............
    2c36:	00 00 00 00 7f e6 06 60 60 06 00 c0 0c 01 80 18     .......``.......
    2c46:	03 00 30 06 00 60 06 00 60 06 00 00 00 00 00 00     ..0..`..`.......
	...
    2c5e:	1f 83 0c 60 66 06 60 66 06 30 c1 f8 30 c6 06 60     ...`f.`f.0..0..`
    2c6e:	66 06 60 63 0c 1f 80 00 00 00 00 00 00 00 00 00     f.`c............
    2c7e:	00 00 00 00 1f 83 0c 60 66 06 60 66 06 60 63 06     .......`f.`f.`c.
    2c8e:	1f e0 06 00 60 06 00 60 0c 3f 80 00 00 00 00 00     ....`..`.?......
	...
    2caa:	00 00 06 00 60 06 00 00 00 00 00 00 00 00 06 00     ....`...........
    2cba:	60 06 00 00 00 00 00 00 00 00 00 00 00 00 00 00     `...............
    2cca:	00 00 00 00 00 00 06 00 60 06 00 00 00 00 00 00     ........`.......
    2cda:	00 00 06 00 60 06 00 20 02 00 40 00 00 00 00 00     ....`.. ..@.....
    2cea:	00 00 00 00 00 60 0c 01 80 30 06 00 c0 18 03 00     .....`...0......
    2cfa:	18 00 c0 06 00 30 01 80 0c 00 60 00 00 00 00 00     .....0....`.....
	...
    2d16:	00 00 00 07 fe 00 00 00 00 00 00 7f e0 00 00 00     ................
	...
    2d36:	60 03 00 18 00 c0 06 00 30 01 80 0c 01 80 30 06     `.......0.....0.
    2d46:	00 c0 18 03 00 60 00 00 00 00 00 00 00 00 00 00     .....`..........
    2d56:	00 00 00 00 1f 83 0c 60 66 06 60 60 0c 01 80 30     .......`f.``...0
    2d66:	06 00 60 00 00 00 06 00 60 06 00 00 00 00 00 00     ..`.....`.......
	...
    2d7e:	1f 83 0c 60 66 06 63 e6 66 66 66 66 66 66 66 66     ...`f.c.ffffffff
    2d8e:	66 3a 60 03 00 1f e0 00 00 00 00 00 00 00 00 00     f:`.............
    2d9e:	00 00 00 00 1f 83 0c 60 66 06 60 66 06 60 66 06     .......`f.`f.`f.
    2dae:	7f e6 06 60 66 06 60 66 06 60 60 00 00 00 00 00     ...`f.`f.``.....
	...
    2dc6:	7f 86 0c 60 66 06 60 66 0c 7f 86 0c 60 66 06 60     ...`f.`f....`f.`
    2dd6:	66 06 60 66 0c 7f 80 00 00 00 00 00 00 00 00 00     f.`f............
    2de6:	00 00 00 00 1f 83 0c 60 66 06 60 06 00 60 06 00     .......`f.`..`..
    2df6:	60 06 00 60 06 06 60 63 0c 1f 80 00 00 00 00 00     `..`..`c........
	...
    2e0e:	7f 86 0c 60 66 06 60 66 06 60 66 06 60 66 06 60     ...`f.`f.`f.`f.`
    2e1e:	66 06 60 66 0c 7f 80 00 00 00 00 00 00 00 00 00     f.`f............
    2e2e:	00 00 00 00 7f e6 00 60 06 00 60 06 00 60 07 f8     .......`..`..`..
    2e3e:	60 06 00 60 06 00 60 06 00 7f e0 00 00 00 00 00     `..`..`.........
	...
    2e56:	7f e6 00 60 06 00 60 06 00 60 07 f8 60 06 00 60     ...`..`..`..`..`
    2e66:	06 00 60 06 00 60 00 00 00 00 00 00 00 00 00 00     ..`..`..........
    2e76:	00 00 00 00 1f 83 0c 60 66 06 60 06 00 60 06 3e     .......`f.`..`.>
    2e86:	60 66 06 60 66 06 60 63 0c 1f 80 00 00 00 00 00     `f.`f.`c........
	...
    2e9e:	60 66 06 60 66 06 60 66 06 60 67 fe 60 66 06 60     `f.`f.`f.`g.`f.`
    2eae:	66 06 60 66 06 60 60 00 00 00 00 00 00 00 00 00     f.`f.``.........
    2ebe:	00 00 00 00 1f 80 60 06 00 60 06 00 60 06 00 60     ......`..`..`..`
    2ece:	06 00 60 06 00 60 06 00 60 1f 80 00 00 00 00 00     ..`..`..`.......
	...
    2ee6:	03 f0 0c 00 c0 0c 00 c0 0c 00 c0 0c 00 c0 0c 60     ...............`
    2ef6:	c6 0c 60 c3 18 1f 00 00 00 00 00 00 00 00 00 00     ..`.............
    2f06:	00 00 00 00 60 66 0c 61 86 30 66 06 c0 78 07 00     ....`f.a.0f..x..
    2f16:	78 06 c0 66 06 30 61 86 0c 60 60 00 00 00 00 00     x..f.0a..``.....
	...
    2f2e:	60 06 00 60 06 00 60 06 00 60 06 00 60 06 00 60     `..`..`..`..`..`
    2f3e:	06 00 60 06 00 7f e0 00 00 00 00 00 00 00 00 00     ..`.............
    2f4e:	00 00 00 00 80 2c 06 e0 ef 1e db 6c e6 c4 6c 06     .....,.....l..l.
    2f5e:	c0 6c 06 c0 6c 06 c0 6c 06 c0 60 00 00 00 00 00     .l..l..l..`.....
	...
    2f76:	60 66 06 60 66 06 70 67 86 6c 66 66 63 66 1e 60     `f.`f.pg.lffcf.`
    2f86:	e6 06 60 66 06 60 60 00 00 00 00 00 00 00 00 00     ..`f.``.........
    2f96:	00 00 00 00 1f 83 0c 60 66 06 60 66 06 60 66 06     .......`f.`f.`f.
    2fa6:	60 66 06 60 66 06 60 63 0c 1f 80 00 00 00 00 00     `f.`f.`c........
	...
    2fbe:	7f 86 0c 60 66 06 60 66 06 60 c7 f8 60 06 00 60     ...`f.`f.`..`..`
    2fce:	06 00 60 06 00 60 00 00 00 00 00 00 00 00 00 00     ..`..`..........
    2fde:	00 00 00 00 1f 83 0c 60 66 06 60 66 06 60 66 06     .......`f.`f.`f.
    2fee:	60 66 06 60 66 06 66 63 3c 1f 80 0c 00 60 00 00     `f.`f.fc<....`..
	...
    3006:	7f 86 0c 60 66 06 60 66 06 60 c7 f8 78 06 c0 66     ...`f.`f.`..x..f
    3016:	06 30 61 86 0c 60 60 00 00 00 00 00 00 00 00 00     .0a..``.........
    3026:	00 00 00 00 1f 83 0c 60 66 00 60 06 00 30 01 f8     .......`f.`..0..
    3036:	00 c0 06 00 60 06 60 63 0c 1f 80 00 00 00 00 00     ....`.`c........
	...
    304e:	7f e0 60 06 00 60 06 00 60 06 00 60 06 00 60 06     ..`..`..`..`..`.
    305e:	00 60 06 00 60 06 00 00 00 00 00 00 00 00 00 00     .`..`...........
    306e:	00 00 00 00 60 66 06 60 66 06 60 66 06 60 66 06     ....`f.`f.`f.`f.
    307e:	60 66 06 60 66 06 60 63 0c 1f 80 00 00 00 00 00     `f.`f.`c........
	...
    3096:	60 66 06 60 66 06 30 c3 0c 30 c3 0c 19 81 98 19     `f.`f.0..0......
    30a6:	80 f0 0f 00 60 06 00 00 00 00 00 00 00 00 00 00     ....`...........
    30b6:	00 00 00 00 c0 6c 06 c0 6c 06 c0 6c 06 c0 6c 06     .....l..l..l..l.
    30c6:	c4 6c e6 db 6f 1e e0 ec 06 80 20 00 00 00 00 00     .l..o..... .....
	...
    30de:	60 66 06 30 c3 0c 19 81 98 0f 00 60 0f 01 98 19     `f.0.......`....
    30ee:	83 0c 30 c6 06 60 60 00 00 00 00 00 00 00 00 00     ..0..``.........
    30fe:	00 00 00 00 60 66 06 30 c3 0c 19 81 98 0f 00 f0     ....`f.0........
    310e:	06 00 60 06 00 60 06 00 60 06 00 00 00 00 00 00     ..`..`..`.......
	...
    3126:	7f e0 06 00 60 06 00 c0 18 03 00 60 0c 01 80 30     ....`......`...0
    3136:	06 00 60 06 00 7f e0 00 00 00 00 00 00 00 00 00     ..`.............
    3146:	00 07 c0 60 06 00 60 06 00 60 06 00 60 06 00 60     ...`..`..`..`..`
    3156:	06 00 60 06 00 60 06 00 60 06 00 60 07 c0 00 00     ..`..`..`..`....
    3166:	00 00 00 00 00 00 06 00 60 03 00 30 01 80 18 00     ........`..0....
    3176:	c0 0c 00 60 06 00 30 03 00 18 01 80 0c 00 c0 06     ...`..0.........
    3186:	00 60 00 00 00 00 00 00 00 3e 00 60 06 00 60 06     .`.......>.`..`.
    3196:	00 60 06 00 60 06 00 60 06 00 60 06 00 60 06 00     .`..`..`..`..`..
    31a6:	60 06 00 60 3e 00 00 00 00 00 00 00 00 06 00 f0     `..`>...........
    31b6:	19 83 0c 60 60 00 00 00 00 00 00 00 00 00 00 00     ...``...........
	...
    31f2:	7f e0 00 00 00 00 00 00 00 18 00 c0 06 00 30 01     ..............0.
    3202:	80 00 00 00 00 00 00 00 00 00 00 00 00 00 00 00     ................
	...
    3226:	00 00 3f 80 0c 00 60 06 1f e3 06 60 66 06 60 63     ..?...`....`f.`c
    3236:	06 1f e0 00 00 00 00 00 00 00 00 00 00 00 00 00     ................
    3246:	60 06 00 60 06 00 7f 86 0c 60 66 06 60 66 06 60     `..`.....`f.`f.`
    3256:	66 06 60 66 0c 7f 80 00 00 00 00 00 00 00 00 00     f.`f............
	...
    326e:	00 00 1f 83 0c 60 66 00 60 06 00 60 06 00 60 63     .....`f.`..`..`c
    327e:	0c 1f 80 00 00 00 00 00 00 00 00 00 00 00 00 00     ................
    328e:	00 60 06 00 60 06 1f e3 06 60 66 06 60 66 06 60     .`..`....`f.`f.`
    329e:	66 06 60 63 06 1f e0 00 00 00 00 00 00 00 00 00     f.`c............
	...
    32b6:	00 00 1f 83 0c 60 66 06 60 67 fe 60 06 00 60 03     .....`f.`g.`..`.
    32c6:	06 1f c0 00 00 00 00 00 00 00 00 00 00 00 00 00     ................
    32d6:	03 e0 60 06 00 60 3f c0 60 06 00 60 06 00 60 06     ..`..`?.`..`..`.
    32e6:	00 60 06 00 60 06 00 00 00 00 00 00 00 00 00 00     .`..`...........
	...
    32fe:	00 00 1f e3 06 60 66 06 60 66 06 60 66 06 60 63     .....`f.`f.`f.`c
    330e:	06 1f e0 06 00 60 06 00 c3 f8 00 00 00 00 00 00     .....`..........
    331e:	60 06 00 60 06 00 7f 86 0c 60 66 06 60 66 06 60     `..`.....`f.`f.`
    332e:	66 06 60 66 06 60 60 00 00 00 00 00 00 00 00 00     f.`f.``.........
    333e:	00 00 00 00 06 00 60 06 00 00 1e 00 60 06 00 60     ......`.....`..`
    334e:	06 00 60 06 00 60 06 00 60 1f 80 00 00 00 00 00     ..`..`..`.......
	...
    3366:	00 c0 0c 00 c0 00 03 c0 0c 00 c0 0c 00 c0 0c 00     ................
    3376:	c0 0c 00 c0 0c 00 c0 0c 30 c3 0c 19 80 f0 00 00     ........0.......
    3386:	00 00 00 00 30 03 00 30 03 00 30 63 0c 31 83 30     ....0..0..0c.1.0
    3396:	36 03 c0 36 03 30 31 83 0c 30 60 00 00 00 00 00     6..6.01..0`.....
	...
    33ae:	1e 00 60 06 00 60 06 00 60 06 00 60 06 00 60 06     ..`..`..`..`..`.
    33be:	00 60 06 00 60 1f 80 00 00 00 00 00 00 00 00 00     .`..`...........
	...
    33d6:	00 00 7f 86 6c 66 66 66 66 66 66 66 66 66 66 66     ....lfffffffffff
    33e6:	66 66 60 00 00 00 00 00 00 00 00 00 00 00 00 00     ff`.............
    33f6:	00 00 00 00 00 00 7f 86 0c 60 66 06 60 66 06 60     .........`f.`f.`
    3406:	66 06 60 66 06 60 60 00 00 00 00 00 00 00 00 00     f.`f.``.........
	...
    341e:	00 00 1f 83 0c 60 66 06 60 66 06 60 66 06 60 63     .....`f.`f.`f.`c
    342e:	0c 1f 80 00 00 00 00 00 00 00 00 00 00 00 00 00     ................
    343e:	00 00 00 00 00 00 7f 86 0c 60 66 06 60 66 06 60     .........`f.`f.`
    344e:	66 06 60 66 0c 7f 86 00 60 06 00 60 06 00 00 00     f.`f....`..`....
	...
    3466:	00 00 1f e3 06 60 66 06 60 66 06 60 66 06 60 63     .....`f.`f.`f.`c
    3476:	06 1f e0 06 00 60 06 00 60 06 00 00 00 00 00 00     .....`..`.......
    3486:	00 00 00 00 00 00 67 e6 c0 78 07 00 60 06 00 60     ......g..x..`..`
    3496:	06 00 60 06 00 60 00 00 00 00 00 00 00 00 00 00     ..`..`..........
	...
    34ae:	00 00 3f c6 06 60 06 00 60 03 fc 00 60 06 00 66     ..?..`..`...`..f
    34be:	06 3f c0 00 00 00 00 00 00 00 00 00 00 00 00 00     .?..............
    34ce:	0c 00 c0 0c 00 c0 7f 80 c0 0c 00 c0 0c 00 c0 0c     ................
    34de:	00 c0 0c 00 c0 07 c0 00 00 00 00 00 00 00 00 00     ................
	...
    34f6:	00 00 60 66 06 60 66 06 60 66 06 60 66 06 60 63     ..`f.`f.`f.`f.`c
    3506:	06 1f e0 00 00 00 00 00 00 00 00 00 00 00 00 00     ................
    3516:	00 00 00 00 00 00 60 66 06 60 63 0c 30 c1 98 19     ......`f.`c.0...
    3526:	80 f0 0f 00 60 06 00 00 00 00 00 00 00 00 00 00     ....`...........
	...
    353e:	00 00 60 66 06 60 66 06 66 66 66 66 66 66 66 66     ..`f.`f.ffffffff
    354e:	66 3f c0 00 00 00 00 00 00 00 00 00 00 00 00 00     f?..............
    355e:	00 00 00 00 00 00 60 66 06 30 c1 98 0f 00 60 0f     ......`f.0....`.
    356e:	01 98 30 c6 06 60 60 00 00 00 00 00 00 00 00 00     ..0..``.........
	...
    3586:	00 00 60 66 06 60 66 06 60 66 06 60 66 06 60 63     ..`f.`f.`f.`f.`c
    3596:	06 1f e0 06 00 60 06 00 c3 f8 00 00 00 00 00 00     .....`..........
    35a6:	00 00 00 00 00 00 7f e0 06 00 c0 18 03 00 60 0c     ..............`.
    35b6:	01 80 30 06 00 7f e0 00 00 00 00 00 00 00 00 00     ..0.............
    35c6:	00 01 c0 30 06 00 60 06 00 60 06 00 60 0c 01 80     ...0..`..`..`...
    35d6:	0c 00 60 06 00 60 06 00 60 06 00 30 01 c0 00 00     ..`..`..`..0....
    35e6:	00 00 00 00 00 06 00 60 06 00 60 06 00 60 06 00     .......`..`..`..
    35f6:	60 06 00 60 06 00 60 06 00 60 06 00 60 06 00 60     `..`..`..`..`..`
    3606:	06 00 00 00 00 00 00 00 00 38 00 c0 06 00 60 06     .........8....`.
    3616:	00 60 06 00 60 03 00 18 03 00 60 06 00 60 06 00     .`..`.....`..`..
    3626:	60 06 00 c0 38 00 00 00 00 00 00 00 00 00 00 00     `...8...........
	...
    363e:	00 3c 66 66 66 66 3c 00 00 00 00 00 00 00 00 00     .<ffff<.........
	...
    365a:	1f 83 0c 60 66 06 60 66 06 60 66 06 7f e6 06 60     ...`f.`f.`f....`
    366a:	66 06 60 66 06 60 60 00 00 00 00 00 00 00 00 00     f.`f.``.........
    367a:	00 00 00 00 7f c6 00 60 06 00 60 06 00 7f 86 0c     .......`..`.....
    368a:	60 66 06 60 66 06 60 66 0c 7f 80 00 00 00 00 00     `f.`f.`f........
	...
    36a2:	7f 86 0c 60 66 06 60 66 0c 7f 86 0c 60 66 06 60     ...`f.`f....`f.`
    36b2:	66 06 60 66 0c 7f 80 00 00 00 00 00 00 00 00 00     f.`f............
    36c2:	00 00 00 00 7f e6 00 60 06 00 60 06 00 60 06 00     .......`..`..`..
    36d2:	60 06 00 60 06 00 60 06 00 60 00 00 00 00 00 00     `..`..`..`......
	...
    36ea:	0f c1 8c 30 c3 0c 30 c3 0c 30 c3 0c 30 c3 0c 30     ...0..0..0..0..0
    36fa:	c3 0c 30 c3 0c 7f e6 06 60 66 06 00 00 00 00 00     ..0.....`f......
    370a:	00 00 00 00 7f e6 00 60 06 00 60 06 00 60 07 f8     .......`..`..`..
    371a:	60 06 00 60 06 00 60 06 00 7f e0 00 00 00 00 00     `..`..`.........
	...
    3732:	66 66 66 66 66 66 66 63 6c 1f 80 f0 1f 83 6c 66     fffffffcl.....lf
    3742:	66 66 66 66 66 66 60 00 00 00 00 00 00 00 00 00     ffffff`.........
    3752:	00 00 00 00 1f 83 0c 60 60 06 00 60 06 00 c0 f8     .......``..`....
    3762:	00 c0 06 00 60 06 60 63 0c 1f 80 00 00 00 00 00     ....`.`c........
	...
    377a:	60 66 06 60 66 06 60 e6 1e 63 66 66 6c 67 86 70     `f.`f.`..cfflg.p
    378a:	66 06 60 66 06 60 60 00 00 00 00 00 00 00 30 c3     f.`f.``.......0.
    379a:	0c 1f 80 00 60 66 06 60 66 06 60 e6 1e 63 66 66     ....`f.`f.`..cff
    37aa:	6c 67 86 70 66 06 60 66 06 60 60 00 00 00 00 00     lg.pf.`f.``.....
	...
    37c2:	60 66 0c 61 86 30 66 06 c0 78 07 00 78 06 c0 66     `f.a.0f..x..x..f
    37d2:	06 30 61 86 0c 60 60 00 00 00 00 00 00 00 00 00     .0a..``.........
    37e2:	00 00 00 00 0f e1 86 30 63 06 30 63 06 30 63 06     .......0c.0c.0c.
    37f2:	30 63 06 30 63 06 30 66 06 c0 60 00 00 00 00 00     0c.0c.0f..`.....
	...
    380a:	80 2c 06 e0 ef 1e db 6c e6 c4 6c 06 c0 6c 06 c0     .,.....l..l..l..
    381a:	6c 06 c0 6c 06 c0 60 00 00 00 00 00 00 00 00 00     l..l..`.........
    382a:	00 00 00 00 60 66 06 60 66 06 60 66 06 60 67 fe     ....`f.`f.`f.`g.
    383a:	60 66 06 60 66 06 60 66 06 60 60 00 00 00 00 00     `f.`f.`f.``.....
	...
    3852:	1f 83 0c 60 66 06 60 66 06 60 66 06 60 66 06 60     ...`f.`f.`f.`f.`
    3862:	66 06 60 63 0c 1f 80 00 00 00 00 00 00 00 00 00     f.`c............
    3872:	00 00 00 00 7f e6 06 60 66 06 60 66 06 60 66 06     .......`f.`f.`f.
    3882:	60 66 06 60 66 06 60 66 06 60 60 00 00 00 00 00     `f.`f.`f.``.....
	...
    389a:	7f 86 0c 60 66 06 60 66 06 60 c7 f8 60 06 00 60     ...`f.`f.`..`..`
    38aa:	06 00 60 06 00 60 00 00 00 00 00 00 00 00 00 00     ..`..`..........
    38ba:	00 00 00 00 1f 83 0c 60 66 06 60 06 00 60 06 00     .......`f.`..`..
    38ca:	60 06 00 60 06 06 60 63 0c 1f 80 00 00 00 00 00     `..`..`c........
	...
    38e2:	7f e0 60 06 00 60 06 00 60 06 00 60 06 00 60 06     ..`..`..`..`..`.
    38f2:	00 60 06 00 60 06 00 00 00 00 00 00 00 00 00 00     .`..`...........
    3902:	00 00 00 00 60 66 06 60 66 06 60 66 06 60 63 06     ....`f.`f.`f.`c.
    3912:	1f e0 06 00 60 06 00 60 0c 3f 80 00 00 00 00 00     ....`..`.?......
    3922:	00 00 00 00 00 00 00 60 1f 83 6c 66 66 66 66 66     .......`..lfffff
    3932:	66 66 66 66 66 66 66 66 66 66 66 63 6c 1f 80 60     fffffffffffcl..`
	...
    394e:	60 66 06 30 c3 0c 19 81 98 0f 00 60 0f 01 98 19     `f.0.......`....
    395e:	83 0c 30 c6 06 60 60 00 00 00 00 00 00 00 00 00     ..0..``.........
    396e:	00 00 00 00 60 66 06 60 66 06 60 66 06 60 66 06     ....`f.`f.`f.`f.
    397e:	60 66 06 60 66 06 60 63 06 1f f0 03 00 30 03 00     `f.`f.`c.....0..
	...
    3996:	60 66 06 60 66 06 60 66 06 30 61 fe 00 60 06 00     `f.`f.`f.0a..`..
    39a6:	60 06 00 60 06 00 60 00 00 00 00 00 00 00 00 00     `..`..`.........
    39b6:	00 00 00 00 66 66 66 66 66 66 66 66 66 66 66 66     ....ffffffffffff
    39c6:	66 66 66 66 66 66 66 63 66 1f e0 00 00 00 00 00     fffffffcf.......
	...
    39de:	66 66 66 66 66 66 66 66 66 66 66 66 66 66 66 66     ffffffffffffffff
    39ee:	66 66 66 63 66 1f f0 03 00 30 03 00 00 00 00 00     fffcf....0......
    39fe:	00 00 00 00 e0 0e 00 60 06 00 60 07 f8 60 c6 06     .......`..`..`..
    3a0e:	60 66 06 60 66 06 60 66 0c 7f 80 00 00 00 00 00     `f.`f.`f........
	...
    3a26:	c0 6c 06 c0 6c 06 c0 6f c6 c6 6c 36 c3 6c 36 c3     .l..l..o..l6.l6.
    3a36:	6c 36 c3 6c 66 fc 60 00 00 00 00 00 00 00 00 00     l6.lf.`.........
    3a46:	00 00 00 00 60 06 00 60 06 00 60 07 f8 60 c6 06     ....`..`..`..`..
    3a56:	60 66 06 60 66 06 60 66 0c 7f 80 00 00 00 00 00     `f.`f.`f........
	...
    3a6e:	1f 83 0c 60 60 06 00 60 06 00 60 fe 00 60 06 00     ...``..`..`..`..
    3a7e:	60 06 60 63 0c 1f 80 00 00 00 00 00 00 00 00 00     `.`c............
    3a8e:	00 00 00 00 c7 cc c6 cc 6c c6 cc 6c c6 cc 6f c6     ........l..l..o.
    3a9e:	cc 6c c6 cc 6c c6 cc 6c c6 c7 c0 00 00 00 00 00     .l..l..l........
	...
    3ab6:	1f e3 06 60 66 06 60 66 06 30 61 fe 01 e0 36 06     ...`f.`f.0a...6.
    3ac6:	60 c6 18 63 06 60 60 00 00 00 00 00 00 00 00 00     `..c.``.........
	...
    3ade:	00 00 3f 80 0c 00 60 06 1f e3 06 60 66 06 60 63     ..?...`....`f.`c
    3aee:	0e 1f 60 00 00 00 00 00 00 00 00 00 00 00 00 00     ..`.............
    3afe:	1f c3 00 60 06 00 30 01 f8 30 c6 06 60 66 06 60     ...`..0..0..`f.`
    3b0e:	66 06 60 63 0c 1f 80 00 00 00 00 00 00 00 00 00     f.`c............
    3b1e:	00 00 00 00 3f 06 18 60 c6 0c 60 c6 18 7f 86 0c     ....?..`..`.....
    3b2e:	60 66 06 60 66 06 60 66 0c 3f 80 00 00 00 00 00     `f.`f.`f.?......
	...
    3b4a:	00 00 3f c0 06 00 60 06 00 63 fc 60 06 00 60 06     ..?...`..c.`..`.
    3b5a:	00 3f c0 00 00 00 00 00 00 00 00 00 00 00 00 00     .?..............
    3b6a:	3f 80 0c 00 60 06 1f e3 0e 60 66 06 60 66 06 60     ?...`....`f.`f.`
    3b7a:	66 06 60 63 0c 1f 80 00 00 00 00 00 00 00 00 00     f.`c............
	...
    3b92:	00 00 1f 83 0c 60 66 06 60 67 fe 60 06 00 60 03     .....`f.`g.`..`.
    3ba2:	06 1f c0 00 00 00 00 00 00 00 00 00 00 00 00 00     ................
    3bb2:	00 00 00 00 00 00 66 66 66 66 63 6c 1f 80 f0 1f     ......ffffcl....
    3bc2:	83 6c 66 66 66 66 60 00 00 00 00 00 00 00 00 00     .lffff`.........
	...
    3bda:	00 00 3f c6 06 00 60 06 00 60 fc 00 60 06 00 66     ..?...`..`..`..f
    3bea:	06 3f c0 00 00 00 00 00 00 00 00 00 00 00 00 00     .?..............
    3bfa:	00 00 00 00 00 00 60 66 06 60 66 06 60 66 06 60     ......`f.`f.`f.`
    3c0a:	66 06 60 63 06 1f e0 00 00 00 00 00 00 00 00 00     f.`c............
    3c1a:	00 00 00 00 30 c3 0c 1f 80 00 60 66 06 60 66 06     ....0.....`f.`f.
    3c2a:	60 66 06 60 66 06 60 63 06 1f e0 00 00 00 00 00     `f.`f.`c........
	...
    3c46:	00 00 30 63 0c 31 83 30 36 03 c0 36 03 30 31 83     ..0c.1.06..6.01.
    3c56:	0c 30 60 00 00 00 00 00 00 00 00 00 00 00 00 00     .0`.............
    3c66:	00 00 00 00 00 00 0f e1 86 30 63 06 30 63 06 30     .........0c.0c.0
    3c76:	63 06 30 63 06 60 60 00 00 00 00 00 00 00 00 00     c.0c.``.........
	...
    3c8e:	00 00 40 26 06 70 e7 9e 6f 66 66 60 66 06 60 66     ..@&.p..off`f.`f
    3c9e:	06 60 60 00 00 00 00 00 00 00 00 00 00 00 00 00     .``.............
    3cae:	00 00 00 00 00 00 60 66 06 60 66 06 60 67 fe 60     ......`f.`f.`g.`
    3cbe:	66 06 60 66 06 60 60 00 00 00 00 00 00 00 00 00     f.`f.``.........
	...
    3cd6:	00 00 1f 83 0c 60 66 06 60 66 06 60 66 06 60 63     .....`f.`f.`f.`c
    3ce6:	0c 1f 80 00 00 00 00 00 00 00 00 00 00 00 00 00     ................
    3cf6:	00 00 00 00 00 00 7f e6 06 60 66 06 60 66 06 60     .........`f.`f.`
    3d06:	66 06 60 66 06 60 60 00 00 00 00 00 00 00 00 00     f.`f.``.........
	...
    3d1e:	00 00 7f 86 0c 60 66 06 60 66 06 60 66 06 60 66     .....`f.`f.`f.`f
    3d2e:	0c 7f 86 00 60 06 00 60 06 00 00 00 00 00 00 00     ....`..`........
    3d3e:	00 00 00 00 00 00 1f 83 0c 60 66 00 60 06 00 60     .........`f.`..`
    3d4e:	06 00 60 63 0c 1f 80 00 00 00 00 00 00 00 00 00     ..`c............
	...
    3d66:	00 00 7f e0 60 06 00 60 06 00 60 06 00 60 06 00     ....`..`..`..`..
    3d76:	60 06 00 00 00 00 00 00 00 00 00 00 00 00 00 00     `...............
    3d86:	00 00 00 00 00 00 60 66 06 60 66 06 60 66 06 60     ......`f.`f.`f.`
    3d96:	66 06 60 63 06 1f e0 06 00 60 06 00 c3 f8 00 00     f.`c.....`......
    3da6:	00 00 00 00 00 00 00 06 00 60 1f 83 6c 66 66 66     .........`..lfff
    3db6:	66 66 66 66 66 66 66 63 6c 1f 80 60 06 00 00 00     fffffffcl..`....
	...
    3dd2:	00 00 60 66 06 30 c1 98 0f 00 60 0f 01 98 30 c6     ..`f.0....`...0.
    3de2:	06 60 60 00 00 00 00 00 00 00 00 00 00 00 00 00     .``.............
    3df2:	00 00 00 00 00 00 60 66 06 60 66 06 60 66 06 60     ......`f.`f.`f.`
    3e02:	66 06 60 63 06 1f f0 03 00 30 03 00 00 00 00 00     f.`c.....0......
	...
    3e1a:	00 00 60 66 06 60 66 06 30 61 fe 00 60 06 00 60     ..`f.`f.0a..`..`
    3e2a:	06 00 60 00 00 00 00 00 00 00 00 00 00 00 00 00     ..`.............
    3e3a:	00 00 00 00 00 00 66 66 66 66 66 66 66 66 66 66     ......ffffffffff
    3e4a:	66 66 66 63 66 1f e0 00 00 00 00 00 00 00 00 00     fffcf...........
	...
    3e62:	00 00 66 66 66 66 66 66 66 66 66 66 66 66 66 63     ..fffffffffffffc
    3e72:	66 1f f0 03 00 30 03 00 00 00 00 00 00 00 00 00     f....0..........
    3e82:	00 00 00 00 00 00 70 07 00 30 03 f8 30 c3 06 30     ......p..0..0..0
    3e92:	63 06 30 63 0c 3f 80 00 00 00 00 00 00 00 00 00     c.0c.?..........
	...
    3eaa:	00 00 60 66 06 60 67 c6 66 66 36 63 66 36 63 66     ..`f.`g.ff6cf6cf
    3eba:	66 7c 60 00 00 00 00 00 00 00 00 00 00 00 00 00     f|`.............
    3eca:	00 00 00 00 00 00 60 06 00 60 07 f0 61 86 0c 60     ......`..`..a..`
    3eda:	c6 0c 60 c6 18 7f 00 00 00 00 00 00 00 00 00 00     ..`.............
	...
    3ef2:	00 00 1f 83 0c 60 60 06 00 60 fe 00 60 06 60 63     .....``..`..`.`c
    3f02:	0c 1f 80 00 00 00 00 00 00 00 00 00 00 00 00 00     ................
    3f12:	00 00 00 00 00 00 c7 cc c6 cc 6c c6 cc 6f c6 cc     ..........l..o..
    3f22:	6c c6 cc 6c c6 c7 c0 00 00 00 00 00 00 00 00 00     l..l............
	...
    3f3a:	00 00 3f e6 06 60 66 06 60 63 fe 03 60 66 0c 61     ..?..`f.`c..`f.a
    3f4a:	86 30 60 00 00 00 00 00 00 00 19 81 98 19 80 00     .0`.............
    3f5a:	7f e6 00 60 06 00 60 06 00 60 07 f8 60 06 00 60     ...`..`..`..`..`
    3f6a:	06 00 60 06 00 7f e0 00 00 00 00 00 00 00 00 00     ..`.............
    3f7a:	00 00 00 00 19 81 98 19 80 00 1f 83 0c 60 66 06     .............`f.
    3f8a:	60 67 fe 60 06 00 60 03 06 1f c0 00 00 00 00 00     `g.`..`.........
	...
    3fa2:	61 c6 36 63 66 36 61 c6 00 70 07 3e 7b e6 b0 6f     a.6cf6a..p.>{..o
    3fb2:	06 70 67 06 30 63 00 00 00 00 00 00 00 00           .pg.0c........

00003fc0 <KVB_13x38x4>:
    3fc0:	0d 26 30 04 3e 25 f8 07 c0 3e 03 f0 1f 81 fc 0f     .&0.>%...>......
    3fd0:	e0 ff 0f f8 7f c7 fe 3f f3 ef 9f 7d f3 ff 9f f8     .......?...}....
    3fe0:	ff c7 fc 3f e1 ff 8f fe 7f f3 ef df 3f f9 ff c7     ...?........?...
    3ff0:	fe 1f f0 ff 83 fc 0f e0 7f 01 f8 07 c0 3e 01 f0     .............>..
    4000:	0f 80 7c 00 7c 07 c0 3e 01 e0 0e 00 70 03 07 98     ..|.|..>....p...
    4010:	7c 83 c4 3e 01 e0 1f 01 f0 0f 80 f8 07 c0 7c 03     |..>..........|.
    4020:	e0 1f 00 fc 03 e0 1f 80 7e 01 f0 07 c4 3e 30 f9     ........~....>0.
    4030:	83 ee 1f 78 7f c1 ff 0f fc 3f e0 df 86 7e 13 f0     ...x.....?...~..
    4040:	0f c0 01 f8 07 c0 3e 00 f0 03 80 1c f0 67 c3 1e     ......>......g..
    4050:	08 f8 43 c0 1f 00 7c 03 e0 0f 80 7c 01 f0 0f 80     ..C...|....|....
    4060:	7c 07 e0 3e 03 e0 3f 01 f0 1f 00 f8 4f 86 f8 37     |..>..?.....O..7
    4070:	c3 fc 3f c1 fe 1f e1 fe 0f b0 fd 0f f0 7f 87 fc     ..?.............
    4080:	ff ff ff ff ff 01 fc 0f e0 7f 83 fe 1f f0 ff c7     ................
    4090:	fe 3e f9 f7 cf 9f 7c ff e3 ff 1f f8 7f c3 fe 3f     .>....|........?
    40a0:	f3 ff 9f fd fb ff 9f f8 ff c7 fc 3f c1 fe 0f e0     ...........?....
    40b0:	7e 03 f0 1f 00 f8 07 c0 3f ff ff ff ff fc           ~.......?.....

000040be <TGradColorFlash>:
    40be:	3c 3c 3c dc dc dc ff ff 00 ff 5f 00 ff ff 4f 00     <<<......._...O.
    40ce:	4f ff 4f ff 00 ff 4f 00 00 ff 4f 00 4f ff 00 df     O.O...O...O.O...
    40de:	4f 00 df ff ff 4f 00 00 4f ff ff 00 ef 00 df ef     O....O..O.......
    40ee:	ff ef 00 00 ef ff ef 00 ff ef cf 00 ff d7 00 4f     ...............O
    40fe:	d7 00                                               ..

00004100 <ColorMultiRoundPrintFlash>:
    4100:	ff ff ff be be be ff be 3c b4 78 00 00 ff 00 00     ........<.x.....
    4110:	b4 00 be be ff 6e 6e c8 f8 e8 00 9a 9a 00 00 ff     .....nn.........
    4120:	ff 00 a0 a0 ff b4 ff a0 64 a0 ff ff ff d2 d2 d2     ........d.......
    4130:	ff be 3c d2 a0 00 00 ff 00 00 d2 00 be be ff 78     ..<............x
    4140:	78 dc f5 f5 00 be be 00 00 ff ff 00 be be ff b4     x...............
    4150:	ff be 64 be                                         ..d.

00004154 <aColorMultiRoundFlash>:
    4154:	c8 c8 c8 80 80 80 60 60 60 40 40 40 c8 c8 c8 68     ......```@@@...h
    4164:	68 68 f8 50 00 b0 50 00 9c 00 00 7c 00 00 f0 00     hh.P..P....|....
    4174:	00 90 00 00 00 d0 00 00 88 00 00 68 00 00 48 00     ...........h..H.
    4184:	00 d0 00 00 70 00 00 50 ff 00 50 a0 00 00 90 00     ....p..P..P.....
    4194:	00 70 00 28 ff 00 28 90 e8 c8 00 78 70 00 80 50     .p.(..(....xp..P
    41a4:	00 60 30 00 e8 b8 00 88 58 00 00 c8 d0 00 80 88     .`0.....X.......
    41b4:	00 60 68 00 40 48 00 c8 d0 00 68 70 e8 00 e8 90     .`h.@H....hp....
    41c4:	00 90 70 00 70 50 00 50 d8 00 d8 78 00 78 ff ff     ..p.pP.P...x.x..
    41d4:	ff 80 80 80 60 60 60 40 40 40 c8 c8 c8 68 68 68     ....```@@@...hhh
    41e4:	ff 00 00 a8 00 00 9c 00 00 7c 00 00 f0 00 00 90     .........|......
    41f4:	00 00 00 ff 00 00 88 00 00 68 00 00 48 00 00 d0     .........h..H...
    4204:	00 00 70 00 00 00 ff 00 00 b0 00 00 90 00 00 70     ..p............p
    4214:	00 00 f8 00 00 98 ff ff 00 78 70 00 80 50 00 60     .........xp..P.`
    4224:	30 00 e8 b8 00 88 58 00 00 ff ff 00 80 88 00 60     0.....X........`
    4234:	68 00 40 48 00 c8 d0 00 68 70 ff 00 ff 90 00 90     h.@H....hp......
    4244:	70 00 70 50 00 50 e2 00 e2 78 00 78                 p.pP.P...x.x

00004250 <str_nu11>:
    4250:	2a 00                                               *.

00004252 <str_nu10>:
    4252:	23 00                                               #.

00004254 <str_nu0>:
    4254:	30 00                                               0.

00004256 <str_nu9>:
    4256:	39 00                                               9.

00004258 <str_nu8>:
    4258:	38 00                                               8.

0000425a <str_nu7>:
    425a:	37 00                                               7.

0000425c <str_nu6>:
    425c:	36 00                                               6.

0000425e <str_nu5>:
    425e:	35 00                                               5.

00004260 <str_nu4>:
    4260:	34 00                                               4.

00004262 <str_nu3>:
    4262:	33 00                                               3.

00004264 <str_nu2>:
    4264:	32 00                                               2.

00004266 <str_nu1>:
    4266:	31 00                                               1.

00004268 <str_as7_en>:
    4268:	41 74 6d 65 6c 20 53 74 75 64 69 6f 20 37 2e 30     Atmel Studio 7.0
	...

00004279 <str_ili9481_en>:
    4279:	4b 56 42 2d 31 36 62 69 74 2d 4c 43 44 0a 41 54     KVB-16bit-LCD.AT
    4289:	6d 65 67 61 31 32 38 00                             mega128.

00004291 <str_button8_ru>:
    4291:	c0 d3 c4 c8 ce 00                                   ......

00004297 <str_button7_ru>:
    4297:	c7 c2 d3 ca c8 00                                   ......

0000429d <str_button6_ru>:
    429d:	d1 d2 c0 d0 d2 00                                   ......

000042a3 <str_button5_ru>:
    42a3:	c2 cd c8 c7 00                                      .....

000042a8 <str_button4_ru>:
    42a8:	d1 c1 d0 ce d1 00                                   ......

000042ae <str_button3_ru>:
    42ae:	cd c0 c7 c0 c4 00                                   ......

000042b4 <str_button2_ru>:
    42b4:	c2 c8 c4 c5 ce 00                                   ......

000042ba <str_button1_ru>:
    42ba:	c2 c2 c5 d0 d5 00                                   ......

000042c0 <str_test2_ru>:
    42c0:	20 c2 fb e2 ee e4 e8 ec 20 e2 20 f1 f2 f0 ee ea      ....... . .....
    42d0:	e5 20 e2 e5 f9 e5 f1 f2 e2 e5 ed ed ee e5 20 f7     . ............ .
    42e0:	e8 f1 eb ee 20 f1 20 e4 ee e1 e0 e2 eb e5 ed e8     .... . .........
    42f0:	e5 ec 20 ed f3 eb e5 e9 2e 20 00                    .. ...... .

000042fb <str_test1_ru>:
    42fb:	20 d1 fa e5 f8 fc 20 e5 f9 b8 20 fd f2 e8 f5 20      ..... ... .... 
    430b:	ec ff e3 ea e8 f5 20 f4 f0 e0 ed f6 f3 e7 f1 ea     ...... .........
    431b:	e8 f5 20 e1 f3 eb ee ea 2c 20 e4 e0 20 e2 fb ef     .. ....., .. ...
    432b:	e5 e9 20 e6 e5 20 f7 e0 fe 2e 00                    .. .. .....

00004336 <str_test1b_ru>:
    4336:	d2 e5 ea f1 f2 20 f1 20 f2 e5 ed fc fe 00           ..... . ......

00004344 <str_test1a_ru>:
    4344:	cf e5 f0 e5 ed ee f1 20 ef ee 20 f1 eb ee e2 e0     ....... .. .....
    4354:	ec 00                                               ..

00004356 <str_tel_ru>:
    4356:	c1 ee f0 f3 e7 e4 ee e2 20 ca ee ed f1 f2 e0 ed     ........ .......
    4366:	f2 e8 ed 0a f2 e5 eb 2e 20 2b 37 20 39 36 35 2d     ........ +7 965-
    4376:	33 36 33 2d 34 35 2d 32 39 00                       363-45-29.

00004380 <str_prezent_ru>:
    4380:	cf f0 e5 e4 f1 f2 e0 e2 eb ff e5 f2 2c 20 e3 f0     ............, ..
    4390:	e0 f4 e8 f7 e5 f1 ea f3 fe 20 e1 e8 e1 eb e8 ee     ......... ......
    43a0:	f2 e5 ea f3 20 4b 56 42 20 31 2e 30 2c 20 ed e0     .... KVB 1.0, ..
    43b0:	ef e8 f1 e0 ed ed f3 fe 20 e8 f1 ea eb fe f7 e8     ........ .......
    43c0:	f2 e5 eb fc ed ee 20 e2 20 f6 e5 eb ee f7 e8 f1     ...... . .......
    43d0:	eb e5 ed ed ee e9 20 ec e0 f2 e5 ec e0 f2 e8 ea     ...... .........
    43e0:	e5 20 ed e0 20 ff e7 fb ea e5 20 3c 43 3e 20 e2     . .. ..... <C> .
    43f0:	20 3c 47 43 43 3e 00                                 <GCC>.

000043f7 <str_KVB_en>:
    43f7:	30 31 32 33 00                                      0123.

000043fc <__ctors_end>:
    43fc:	11 24       	eor	r1, r1
    43fe:	1f be       	out	0x3f, r1	; 63
    4400:	cf ef       	ldi	r28, 0xFF	; 255
    4402:	d0 e1       	ldi	r29, 0x10	; 16
    4404:	de bf       	out	0x3e, r29	; 62
    4406:	cd bf       	out	0x3d, r28	; 61

00004408 <__do_copy_data>:
    4408:	11 e0       	ldi	r17, 0x01	; 1
    440a:	a0 e0       	ldi	r26, 0x00	; 0
    440c:	b1 e0       	ldi	r27, 0x01	; 1
    440e:	e0 e0       	ldi	r30, 0x00	; 0
    4410:	fd ee       	ldi	r31, 0xED	; 237
    4412:	00 e0       	ldi	r16, 0x00	; 0
    4414:	0b bf       	out	0x3b, r16	; 59
    4416:	02 c0       	rjmp	.+4      	; 0x441c <__do_copy_data+0x14>
    4418:	07 90       	elpm	r0, Z+
    441a:	0d 92       	st	X+, r0
    441c:	a4 30       	cpi	r26, 0x04	; 4
    441e:	b1 07       	cpc	r27, r17
    4420:	d9 f7       	brne	.-10     	; 0x4418 <__do_copy_data+0x10>

00004422 <__do_clear_bss>:
    4422:	21 e0       	ldi	r18, 0x01	; 1
    4424:	a4 e0       	ldi	r26, 0x04	; 4
    4426:	b1 e0       	ldi	r27, 0x01	; 1
    4428:	01 c0       	rjmp	.+2      	; 0x442c <.do_clear_bss_start>

0000442a <.do_clear_bss_loop>:
    442a:	1d 92       	st	X+, r1

0000442c <.do_clear_bss_start>:
    442c:	a5 39       	cpi	r26, 0x95	; 149
    442e:	b2 07       	cpc	r27, r18
    4430:	e1 f7       	brne	.-8      	; 0x442a <.do_clear_bss_loop>
    4432:	0e 94 0b 71 	call	0xe216	; 0xe216 <main>
    4436:	0c 94 7e 76 	jmp	0xecfc	; 0xecfc <_exit>

0000443a <__bad_interrupt>:
    443a:	0c 94 00 00 	jmp	0	; 0x0 <__vectors>

0000443e <LCD_SET_ORIENTATION>:
    443e:	80 93 0d 01 	sts	0x010D, r24	; 0x80010d <KVB+0x6>
    4442:	97 98       	cbi	0x12, 7	; 18
    4444:	96 e3       	ldi	r25, 0x36	; 54
    4446:	95 bb       	out	0x15, r25	; 21
    4448:	96 98       	cbi	0x12, 6	; 18
    444a:	96 9a       	sbi	0x12, 6	; 18
    444c:	81 30       	cpi	r24, 0x01	; 1
    444e:	d1 f1       	breq	.+116    	; 0x44c4 <LCD_SET_ORIENTATION+0x86>
    4450:	98 f1       	brcs	.+102    	; 0x44b8 <LCD_SET_ORIENTATION+0x7a>
    4452:	82 30       	cpi	r24, 0x02	; 2
    4454:	d9 f0       	breq	.+54     	; 0x448c <LCD_SET_ORIENTATION+0x4e>
    4456:	83 30       	cpi	r24, 0x03	; 3
    4458:	b1 f4       	brne	.+44     	; 0x4486 <LCD_SET_ORIENTATION+0x48>
    445a:	97 9a       	sbi	0x12, 7	; 18
    445c:	88 e2       	ldi	r24, 0x28	; 40
    445e:	85 bb       	out	0x15, r24	; 21
    4460:	96 98       	cbi	0x12, 6	; 18
    4462:	96 9a       	sbi	0x12, 6	; 18
    4464:	80 91 0d 01 	lds	r24, 0x010D	; 0x80010d <KVB+0x6>
    4468:	82 30       	cpi	r24, 0x02	; 2
    446a:	c8 f0       	brcs	.+50     	; 0x449e <LCD_SET_ORIENTATION+0x60>
    446c:	8f ed       	ldi	r24, 0xDF	; 223
    446e:	91 e0       	ldi	r25, 0x01	; 1
    4470:	90 93 0a 01 	sts	0x010A, r25	; 0x80010a <KVB+0x3>
    4474:	80 93 09 01 	sts	0x0109, r24	; 0x800109 <KVB+0x2>
    4478:	8f e3       	ldi	r24, 0x3F	; 63
    447a:	91 e0       	ldi	r25, 0x01	; 1
    447c:	90 93 0c 01 	sts	0x010C, r25	; 0x80010c <KVB+0x5>
    4480:	80 93 0b 01 	sts	0x010B, r24	; 0x80010b <KVB+0x4>
    4484:	08 95       	ret
    4486:	82 e0       	ldi	r24, 0x02	; 2
    4488:	80 93 0d 01 	sts	0x010D, r24	; 0x80010d <KVB+0x6>
    448c:	97 9a       	sbi	0x12, 7	; 18
    448e:	8b e2       	ldi	r24, 0x2B	; 43
    4490:	85 bb       	out	0x15, r24	; 21
    4492:	96 98       	cbi	0x12, 6	; 18
    4494:	96 9a       	sbi	0x12, 6	; 18
    4496:	80 91 0d 01 	lds	r24, 0x010D	; 0x80010d <KVB+0x6>
    449a:	82 30       	cpi	r24, 0x02	; 2
    449c:	38 f7       	brcc	.-50     	; 0x446c <LCD_SET_ORIENTATION+0x2e>
    449e:	8f e3       	ldi	r24, 0x3F	; 63
    44a0:	91 e0       	ldi	r25, 0x01	; 1
    44a2:	90 93 0a 01 	sts	0x010A, r25	; 0x80010a <KVB+0x3>
    44a6:	80 93 09 01 	sts	0x0109, r24	; 0x800109 <KVB+0x2>
    44aa:	8f ed       	ldi	r24, 0xDF	; 223
    44ac:	91 e0       	ldi	r25, 0x01	; 1
    44ae:	90 93 0c 01 	sts	0x010C, r25	; 0x80010c <KVB+0x5>
    44b2:	80 93 0b 01 	sts	0x010B, r24	; 0x80010b <KVB+0x4>
    44b6:	08 95       	ret
    44b8:	97 9a       	sbi	0x12, 7	; 18
    44ba:	8a e0       	ldi	r24, 0x0A	; 10
    44bc:	85 bb       	out	0x15, r24	; 21
    44be:	96 98       	cbi	0x12, 6	; 18
    44c0:	96 9a       	sbi	0x12, 6	; 18
    44c2:	d0 cf       	rjmp	.-96     	; 0x4464 <LCD_SET_ORIENTATION+0x26>
    44c4:	97 9a       	sbi	0x12, 7	; 18
    44c6:	89 e0       	ldi	r24, 0x09	; 9
    44c8:	85 bb       	out	0x15, r24	; 21
    44ca:	96 98       	cbi	0x12, 6	; 18
    44cc:	96 9a       	sbi	0x12, 6	; 18
    44ce:	ca cf       	rjmp	.-108    	; 0x4464 <LCD_SET_ORIENTATION+0x26>

000044d0 <KVB_LCD_INIT>:
    44d0:	1f 93       	push	r17
    44d2:	cf 93       	push	r28
    44d4:	df 93       	push	r29
    44d6:	18 2f       	mov	r17, r24
    44d8:	e7 e0       	ldi	r30, 0x07	; 7
    44da:	f1 e0       	ldi	r31, 0x01	; 1
    44dc:	10 82       	st	Z, r1
    44de:	11 82       	std	Z+1, r1	; 0x01
    44e0:	86 83       	std	Z+6, r24	; 0x06
    44e2:	8f ef       	ldi	r24, 0xFF	; 255
    44e4:	84 bb       	out	0x14, r24	; 20
    44e6:	8a bb       	out	0x1a, r24	; 26
    44e8:	85 bb       	out	0x15, r24	; 21
    44ea:	8b bb       	out	0x1b, r24	; 27
    44ec:	8e 9a       	sbi	0x11, 6	; 17
    44ee:	8c 9a       	sbi	0x11, 4	; 17
    44f0:	e4 e6       	ldi	r30, 0x64	; 100
    44f2:	f0 e0       	ldi	r31, 0x00	; 0
    44f4:	80 81       	ld	r24, Z
    44f6:	81 60       	ori	r24, 0x01	; 1
    44f8:	80 83       	st	Z, r24
    44fa:	8f 9a       	sbi	0x11, 7	; 17
    44fc:	8d 9a       	sbi	0x11, 5	; 17
    44fe:	80 81       	ld	r24, Z
    4500:	82 60       	ori	r24, 0x02	; 2
    4502:	80 83       	st	Z, r24
    4504:	95 9a       	sbi	0x12, 5	; 18
    4506:	c5 e6       	ldi	r28, 0x65	; 101
    4508:	d0 e0       	ldi	r29, 0x00	; 0
    450a:	88 81       	ld	r24, Y
    450c:	8d 7f       	andi	r24, 0xFD	; 253
    450e:	88 83       	st	Y, r24
    4510:	94 98       	cbi	0x12, 4	; 18
    4512:	88 81       	ld	r24, Y
    4514:	81 60       	ori	r24, 0x01	; 1
    4516:	88 83       	st	Y, r24
    4518:	8f e3       	ldi	r24, 0x3F	; 63
    451a:	9c e9       	ldi	r25, 0x9C	; 156
    451c:	01 97       	sbiw	r24, 0x01	; 1
    451e:	f1 f7       	brne	.-4      	; 0x451c <KVB_LCD_INIT+0x4c>
    4520:	00 c0       	rjmp	.+0      	; 0x4522 <KVB_LCD_INIT+0x52>
    4522:	00 00       	nop
    4524:	88 81       	ld	r24, Y
    4526:	8e 7f       	andi	r24, 0xFE	; 254
    4528:	88 83       	st	Y, r24
    452a:	9f ef       	ldi	r25, 0xFF	; 255
    452c:	20 e7       	ldi	r18, 0x70	; 112
    452e:	82 e0       	ldi	r24, 0x02	; 2
    4530:	91 50       	subi	r25, 0x01	; 1
    4532:	20 40       	sbci	r18, 0x00	; 0
    4534:	80 40       	sbci	r24, 0x00	; 0
    4536:	e1 f7       	brne	.-8      	; 0x4530 <KVB_LCD_INIT+0x60>
    4538:	00 c0       	rjmp	.+0      	; 0x453a <KVB_LCD_INIT+0x6a>
    453a:	00 00       	nop
    453c:	88 81       	ld	r24, Y
    453e:	81 60       	ori	r24, 0x01	; 1
    4540:	88 83       	st	Y, r24
    4542:	9f ef       	ldi	r25, 0xFF	; 255
    4544:	2b ed       	ldi	r18, 0xDB	; 219
    4546:	85 e0       	ldi	r24, 0x05	; 5
    4548:	91 50       	subi	r25, 0x01	; 1
    454a:	20 40       	sbci	r18, 0x00	; 0
    454c:	80 40       	sbci	r24, 0x00	; 0
    454e:	e1 f7       	brne	.-8      	; 0x4548 <KVB_LCD_INIT+0x78>
    4550:	00 c0       	rjmp	.+0      	; 0x4552 <KVB_LCD_INIT+0x82>
    4552:	00 00       	nop
    4554:	81 e1       	ldi	r24, 0x11	; 17
    4556:	d9 d0       	rcall	.+434    	; 0x470a <LCD_Write_Cmd_8>
    4558:	9f ef       	ldi	r25, 0xFF	; 255
    455a:	2b ed       	ldi	r18, 0xDB	; 219
    455c:	85 e0       	ldi	r24, 0x05	; 5
    455e:	91 50       	subi	r25, 0x01	; 1
    4560:	20 40       	sbci	r18, 0x00	; 0
    4562:	80 40       	sbci	r24, 0x00	; 0
    4564:	e1 f7       	brne	.-8      	; 0x455e <KVB_LCD_INIT+0x8e>
    4566:	00 c0       	rjmp	.+0      	; 0x4568 <KVB_LCD_INIT+0x98>
    4568:	00 00       	nop
    456a:	80 ed       	ldi	r24, 0xD0	; 208
    456c:	ce d0       	rcall	.+412    	; 0x470a <LCD_Write_Cmd_8>
    456e:	87 e0       	ldi	r24, 0x07	; 7
    4570:	d1 d0       	rcall	.+418    	; 0x4714 <LCD_Write_Data_8>
    4572:	82 e4       	ldi	r24, 0x42	; 66
    4574:	c6 d0       	rcall	.+396    	; 0x4702 <LCD_Write_8>
    4576:	88 e1       	ldi	r24, 0x18	; 24
    4578:	c4 d0       	rcall	.+392    	; 0x4702 <LCD_Write_8>
    457a:	81 ed       	ldi	r24, 0xD1	; 209
    457c:	c6 d0       	rcall	.+396    	; 0x470a <LCD_Write_Cmd_8>
    457e:	80 e0       	ldi	r24, 0x00	; 0
    4580:	c9 d0       	rcall	.+402    	; 0x4714 <LCD_Write_Data_8>
    4582:	87 e0       	ldi	r24, 0x07	; 7
    4584:	be d0       	rcall	.+380    	; 0x4702 <LCD_Write_8>
    4586:	80 e1       	ldi	r24, 0x10	; 16
    4588:	bc d0       	rcall	.+376    	; 0x4702 <LCD_Write_8>
    458a:	82 ed       	ldi	r24, 0xD2	; 210
    458c:	be d0       	rcall	.+380    	; 0x470a <LCD_Write_Cmd_8>
    458e:	81 e0       	ldi	r24, 0x01	; 1
    4590:	c1 d0       	rcall	.+386    	; 0x4714 <LCD_Write_Data_8>
    4592:	82 e0       	ldi	r24, 0x02	; 2
    4594:	b6 d0       	rcall	.+364    	; 0x4702 <LCD_Write_8>
    4596:	80 ec       	ldi	r24, 0xC0	; 192
    4598:	b8 d0       	rcall	.+368    	; 0x470a <LCD_Write_Cmd_8>
    459a:	80 e1       	ldi	r24, 0x10	; 16
    459c:	bb d0       	rcall	.+374    	; 0x4714 <LCD_Write_Data_8>
    459e:	8b e3       	ldi	r24, 0x3B	; 59
    45a0:	b0 d0       	rcall	.+352    	; 0x4702 <LCD_Write_8>
    45a2:	80 e0       	ldi	r24, 0x00	; 0
    45a4:	ae d0       	rcall	.+348    	; 0x4702 <LCD_Write_8>
    45a6:	82 e0       	ldi	r24, 0x02	; 2
    45a8:	ac d0       	rcall	.+344    	; 0x4702 <LCD_Write_8>
    45aa:	81 e1       	ldi	r24, 0x11	; 17
    45ac:	aa d0       	rcall	.+340    	; 0x4702 <LCD_Write_8>
    45ae:	85 ec       	ldi	r24, 0xC5	; 197
    45b0:	ac d0       	rcall	.+344    	; 0x470a <LCD_Write_Cmd_8>
    45b2:	80 e0       	ldi	r24, 0x00	; 0
    45b4:	af d0       	rcall	.+350    	; 0x4714 <LCD_Write_Data_8>
    45b6:	88 ec       	ldi	r24, 0xC8	; 200
    45b8:	a8 d0       	rcall	.+336    	; 0x470a <LCD_Write_Cmd_8>
    45ba:	80 e0       	ldi	r24, 0x00	; 0
    45bc:	ab d0       	rcall	.+342    	; 0x4714 <LCD_Write_Data_8>
    45be:	82 e3       	ldi	r24, 0x32	; 50
    45c0:	a0 d0       	rcall	.+320    	; 0x4702 <LCD_Write_8>
    45c2:	86 e3       	ldi	r24, 0x36	; 54
    45c4:	9e d0       	rcall	.+316    	; 0x4702 <LCD_Write_8>
    45c6:	86 e0       	ldi	r24, 0x06	; 6
    45c8:	9c d0       	rcall	.+312    	; 0x4702 <LCD_Write_8>
    45ca:	86 e0       	ldi	r24, 0x06	; 6
    45cc:	9a d0       	rcall	.+308    	; 0x4702 <LCD_Write_8>
    45ce:	80 e0       	ldi	r24, 0x00	; 0
    45d0:	98 d0       	rcall	.+304    	; 0x4702 <LCD_Write_8>
    45d2:	87 e3       	ldi	r24, 0x37	; 55
    45d4:	96 d0       	rcall	.+300    	; 0x4702 <LCD_Write_8>
    45d6:	85 e7       	ldi	r24, 0x75	; 117
    45d8:	94 d0       	rcall	.+296    	; 0x4702 <LCD_Write_8>
    45da:	87 e7       	ldi	r24, 0x77	; 119
    45dc:	92 d0       	rcall	.+292    	; 0x4702 <LCD_Write_8>
    45de:	84 e5       	ldi	r24, 0x54	; 84
    45e0:	90 d0       	rcall	.+288    	; 0x4702 <LCD_Write_8>
    45e2:	8c e0       	ldi	r24, 0x0C	; 12
    45e4:	8e d0       	rcall	.+284    	; 0x4702 <LCD_Write_8>
    45e6:	80 e0       	ldi	r24, 0x00	; 0
    45e8:	8c d0       	rcall	.+280    	; 0x4702 <LCD_Write_8>
    45ea:	81 2f       	mov	r24, r17
    45ec:	28 df       	rcall	.-432    	; 0x443e <LCD_SET_ORIENTATION>
    45ee:	8a e3       	ldi	r24, 0x3A	; 58
    45f0:	8c d0       	rcall	.+280    	; 0x470a <LCD_Write_Cmd_8>
    45f2:	85 e5       	ldi	r24, 0x55	; 85
    45f4:	8f d0       	rcall	.+286    	; 0x4714 <LCD_Write_Data_8>
    45f6:	89 e2       	ldi	r24, 0x29	; 41
    45f8:	88 d0       	rcall	.+272    	; 0x470a <LCD_Write_Cmd_8>
    45fa:	9f ef       	ldi	r25, 0xFF	; 255
    45fc:	2b ed       	ldi	r18, 0xDB	; 219
    45fe:	85 e0       	ldi	r24, 0x05	; 5
    4600:	91 50       	subi	r25, 0x01	; 1
    4602:	20 40       	sbci	r18, 0x00	; 0
    4604:	80 40       	sbci	r24, 0x00	; 0
    4606:	e1 f7       	brne	.-8      	; 0x4600 <KVB_LCD_INIT+0x130>
    4608:	00 c0       	rjmp	.+0      	; 0x460a <KVB_LCD_INIT+0x13a>
    460a:	00 00       	nop
    460c:	80 e0       	ldi	r24, 0x00	; 0
    460e:	c2 d4       	rcall	.+2436   	; 0x4f94 <Lcd_Fill_Screen>
    4610:	9f ef       	ldi	r25, 0xFF	; 255
    4612:	22 e5       	ldi	r18, 0x52	; 82
    4614:	87 e0       	ldi	r24, 0x07	; 7
    4616:	91 50       	subi	r25, 0x01	; 1
    4618:	20 40       	sbci	r18, 0x00	; 0
    461a:	80 40       	sbci	r24, 0x00	; 0
    461c:	e1 f7       	brne	.-8      	; 0x4616 <KVB_LCD_INIT+0x146>
    461e:	00 c0       	rjmp	.+0      	; 0x4620 <KVB_LCD_INIT+0x150>
    4620:	00 00       	nop
    4622:	88 81       	ld	r24, Y
    4624:	82 60       	ori	r24, 0x02	; 2
    4626:	88 83       	st	Y, r24
    4628:	94 9a       	sbi	0x12, 4	; 18
    462a:	df 91       	pop	r29
    462c:	cf 91       	pop	r28
    462e:	1f 91       	pop	r17
    4630:	08 95       	ret

00004632 <LCD_INIT_VER_SCROLL>:
    4632:	94 98       	cbi	0x12, 4	; 18
    4634:	97 98       	cbi	0x12, 7	; 18
    4636:	23 e3       	ldi	r18, 0x33	; 51
    4638:	25 bb       	out	0x15, r18	; 21
    463a:	96 98       	cbi	0x12, 6	; 18
    463c:	96 9a       	sbi	0x12, 6	; 18
    463e:	97 9a       	sbi	0x12, 7	; 18
    4640:	95 bb       	out	0x15, r25	; 21
    4642:	96 98       	cbi	0x12, 6	; 18
    4644:	96 9a       	sbi	0x12, 6	; 18
    4646:	85 bb       	out	0x15, r24	; 21
    4648:	96 98       	cbi	0x12, 6	; 18
    464a:	96 9a       	sbi	0x12, 6	; 18
    464c:	75 bb       	out	0x15, r23	; 21
    464e:	96 98       	cbi	0x12, 6	; 18
    4650:	96 9a       	sbi	0x12, 6	; 18
    4652:	65 bb       	out	0x15, r22	; 21
    4654:	96 98       	cbi	0x12, 6	; 18
    4656:	96 9a       	sbi	0x12, 6	; 18
    4658:	55 bb       	out	0x15, r21	; 21
    465a:	96 98       	cbi	0x12, 6	; 18
    465c:	96 9a       	sbi	0x12, 6	; 18
    465e:	45 bb       	out	0x15, r20	; 21
    4660:	96 98       	cbi	0x12, 6	; 18
    4662:	96 9a       	sbi	0x12, 6	; 18
    4664:	94 9a       	sbi	0x12, 4	; 18
    4666:	08 95       	ret

00004668 <LCD_MOVE_VER_OFFSET>:
    4668:	94 98       	cbi	0x12, 4	; 18
    466a:	97 98       	cbi	0x12, 7	; 18
    466c:	27 e3       	ldi	r18, 0x37	; 55
    466e:	25 bb       	out	0x15, r18	; 21
    4670:	96 98       	cbi	0x12, 6	; 18
    4672:	96 9a       	sbi	0x12, 6	; 18
    4674:	97 9a       	sbi	0x12, 7	; 18
    4676:	95 bb       	out	0x15, r25	; 21
    4678:	96 98       	cbi	0x12, 6	; 18
    467a:	96 9a       	sbi	0x12, 6	; 18
    467c:	85 bb       	out	0x15, r24	; 21
    467e:	96 98       	cbi	0x12, 6	; 18
    4680:	96 9a       	sbi	0x12, 6	; 18
    4682:	94 9a       	sbi	0x12, 4	; 18
    4684:	08 95       	ret

00004686 <KVB_LCD_DISPLAY_OFF>:
    4686:	94 98       	cbi	0x12, 4	; 18
    4688:	e5 e6       	ldi	r30, 0x65	; 101
    468a:	f0 e0       	ldi	r31, 0x00	; 0
    468c:	80 81       	ld	r24, Z
    468e:	8d 7f       	andi	r24, 0xFD	; 253
    4690:	80 83       	st	Z, r24
    4692:	88 e2       	ldi	r24, 0x28	; 40
    4694:	3a d0       	rcall	.+116    	; 0x470a <LCD_Write_Cmd_8>
    4696:	2f ef       	ldi	r18, 0xFF	; 255
    4698:	89 ef       	ldi	r24, 0xF9	; 249
    469a:	90 e0       	ldi	r25, 0x00	; 0
    469c:	21 50       	subi	r18, 0x01	; 1
    469e:	80 40       	sbci	r24, 0x00	; 0
    46a0:	90 40       	sbci	r25, 0x00	; 0
    46a2:	e1 f7       	brne	.-8      	; 0x469c <KVB_LCD_DISPLAY_OFF+0x16>
    46a4:	00 c0       	rjmp	.+0      	; 0x46a6 <KVB_LCD_DISPLAY_OFF+0x20>
    46a6:	00 00       	nop
    46a8:	80 e1       	ldi	r24, 0x10	; 16
    46aa:	2b d0       	rcall	.+86     	; 0x4702 <LCD_Write_8>
    46ac:	2f ef       	ldi	r18, 0xFF	; 255
    46ae:	8b ed       	ldi	r24, 0xDB	; 219
    46b0:	95 e0       	ldi	r25, 0x05	; 5
    46b2:	21 50       	subi	r18, 0x01	; 1
    46b4:	80 40       	sbci	r24, 0x00	; 0
    46b6:	90 40       	sbci	r25, 0x00	; 0
    46b8:	e1 f7       	brne	.-8      	; 0x46b2 <KVB_LCD_DISPLAY_OFF+0x2c>
    46ba:	00 c0       	rjmp	.+0      	; 0x46bc <KVB_LCD_DISPLAY_OFF+0x36>
    46bc:	00 00       	nop
    46be:	94 9a       	sbi	0x12, 4	; 18
    46c0:	08 95       	ret

000046c2 <KVB_LCD_DISPLAY_ON>:
    46c2:	94 98       	cbi	0x12, 4	; 18
    46c4:	81 e1       	ldi	r24, 0x11	; 17
    46c6:	21 d0       	rcall	.+66     	; 0x470a <LCD_Write_Cmd_8>
    46c8:	2f ef       	ldi	r18, 0xFF	; 255
    46ca:	8b ed       	ldi	r24, 0xDB	; 219
    46cc:	95 e0       	ldi	r25, 0x05	; 5
    46ce:	21 50       	subi	r18, 0x01	; 1
    46d0:	80 40       	sbci	r24, 0x00	; 0
    46d2:	90 40       	sbci	r25, 0x00	; 0
    46d4:	e1 f7       	brne	.-8      	; 0x46ce <KVB_LCD_DISPLAY_ON+0xc>
    46d6:	00 c0       	rjmp	.+0      	; 0x46d8 <KVB_LCD_DISPLAY_ON+0x16>
    46d8:	00 00       	nop
    46da:	89 e2       	ldi	r24, 0x29	; 41
    46dc:	12 d0       	rcall	.+36     	; 0x4702 <LCD_Write_8>
    46de:	2f ef       	ldi	r18, 0xFF	; 255
    46e0:	89 ef       	ldi	r24, 0xF9	; 249
    46e2:	90 e0       	ldi	r25, 0x00	; 0
    46e4:	21 50       	subi	r18, 0x01	; 1
    46e6:	80 40       	sbci	r24, 0x00	; 0
    46e8:	90 40       	sbci	r25, 0x00	; 0
    46ea:	e1 f7       	brne	.-8      	; 0x46e4 <KVB_LCD_DISPLAY_ON+0x22>
    46ec:	00 c0       	rjmp	.+0      	; 0x46ee <KVB_LCD_DISPLAY_ON+0x2c>
    46ee:	00 00       	nop
    46f0:	8c e2       	ldi	r24, 0x2C	; 44
    46f2:	07 d0       	rcall	.+14     	; 0x4702 <LCD_Write_8>
    46f4:	e5 e6       	ldi	r30, 0x65	; 101
    46f6:	f0 e0       	ldi	r31, 0x00	; 0
    46f8:	80 81       	ld	r24, Z
    46fa:	82 60       	ori	r24, 0x02	; 2
    46fc:	80 83       	st	Z, r24
    46fe:	94 9a       	sbi	0x12, 4	; 18
    4700:	08 95       	ret

00004702 <LCD_Write_8>:
    4702:	85 bb       	out	0x15, r24	; 21
    4704:	96 98       	cbi	0x12, 6	; 18
    4706:	96 9a       	sbi	0x12, 6	; 18
    4708:	08 95       	ret

0000470a <LCD_Write_Cmd_8>:
    470a:	97 98       	cbi	0x12, 7	; 18
    470c:	85 bb       	out	0x15, r24	; 21
    470e:	96 98       	cbi	0x12, 6	; 18
    4710:	96 9a       	sbi	0x12, 6	; 18
    4712:	08 95       	ret

00004714 <LCD_Write_Data_8>:
    4714:	97 9a       	sbi	0x12, 7	; 18
    4716:	85 bb       	out	0x15, r24	; 21
    4718:	96 98       	cbi	0x12, 6	; 18
    471a:	96 9a       	sbi	0x12, 6	; 18
    471c:	08 95       	ret

0000471e <LCD_Fast_Point>:
    471e:	97 98       	cbi	0x12, 7	; 18
    4720:	2a e2       	ldi	r18, 0x2A	; 42
    4722:	25 bb       	out	0x15, r18	; 21
    4724:	96 98       	cbi	0x12, 6	; 18
    4726:	96 9a       	sbi	0x12, 6	; 18
    4728:	97 9a       	sbi	0x12, 7	; 18
    472a:	95 bb       	out	0x15, r25	; 21
    472c:	96 98       	cbi	0x12, 6	; 18
    472e:	96 9a       	sbi	0x12, 6	; 18
    4730:	85 bb       	out	0x15, r24	; 21
    4732:	96 98       	cbi	0x12, 6	; 18
    4734:	96 9a       	sbi	0x12, 6	; 18
    4736:	95 bb       	out	0x15, r25	; 21
    4738:	96 98       	cbi	0x12, 6	; 18
    473a:	96 9a       	sbi	0x12, 6	; 18
    473c:	85 bb       	out	0x15, r24	; 21
    473e:	96 98       	cbi	0x12, 6	; 18
    4740:	96 9a       	sbi	0x12, 6	; 18
    4742:	97 98       	cbi	0x12, 7	; 18
    4744:	8b e2       	ldi	r24, 0x2B	; 43
    4746:	85 bb       	out	0x15, r24	; 21
    4748:	96 98       	cbi	0x12, 6	; 18
    474a:	96 9a       	sbi	0x12, 6	; 18
    474c:	97 9a       	sbi	0x12, 7	; 18
    474e:	75 bb       	out	0x15, r23	; 21
    4750:	96 98       	cbi	0x12, 6	; 18
    4752:	96 9a       	sbi	0x12, 6	; 18
    4754:	65 bb       	out	0x15, r22	; 21
    4756:	96 98       	cbi	0x12, 6	; 18
    4758:	96 9a       	sbi	0x12, 6	; 18
    475a:	75 bb       	out	0x15, r23	; 21
    475c:	96 98       	cbi	0x12, 6	; 18
    475e:	96 9a       	sbi	0x12, 6	; 18
    4760:	65 bb       	out	0x15, r22	; 21
    4762:	96 98       	cbi	0x12, 6	; 18
    4764:	96 9a       	sbi	0x12, 6	; 18
    4766:	97 98       	cbi	0x12, 7	; 18
    4768:	8c e2       	ldi	r24, 0x2C	; 44
    476a:	85 bb       	out	0x15, r24	; 21
    476c:	96 98       	cbi	0x12, 6	; 18
    476e:	96 9a       	sbi	0x12, 6	; 18
    4770:	97 9a       	sbi	0x12, 7	; 18
    4772:	50 e0       	ldi	r21, 0x00	; 0
    4774:	fa 01       	movw	r30, r20
    4776:	ee 0f       	add	r30, r30
    4778:	ff 1f       	adc	r31, r31
    477a:	e1 5f       	subi	r30, 0xF1	; 241
    477c:	fe 4f       	sbci	r31, 0xFE	; 254
    477e:	80 81       	ld	r24, Z
    4780:	8b bb       	out	0x1b, r24	; 27
    4782:	44 0f       	add	r20, r20
    4784:	55 1f       	adc	r21, r21
    4786:	fa 01       	movw	r30, r20
    4788:	e9 5f       	subi	r30, 0xF9	; 249
    478a:	fe 4f       	sbci	r31, 0xFE	; 254
    478c:	87 81       	ldd	r24, Z+7	; 0x07
    478e:	85 bb       	out	0x15, r24	; 21
    4790:	96 98       	cbi	0x12, 6	; 18
    4792:	96 9a       	sbi	0x12, 6	; 18
    4794:	08 95       	ret

00004796 <LCD_Fast_Short_Fill_Rect>:
    4796:	0f 93       	push	r16
    4798:	1f 93       	push	r17
    479a:	97 98       	cbi	0x12, 7	; 18
    479c:	ea e2       	ldi	r30, 0x2A	; 42
    479e:	e5 bb       	out	0x15, r30	; 21
    47a0:	96 98       	cbi	0x12, 6	; 18
    47a2:	96 9a       	sbi	0x12, 6	; 18
    47a4:	97 9a       	sbi	0x12, 7	; 18
    47a6:	95 bb       	out	0x15, r25	; 21
    47a8:	96 98       	cbi	0x12, 6	; 18
    47aa:	96 9a       	sbi	0x12, 6	; 18
    47ac:	85 bb       	out	0x15, r24	; 21
    47ae:	96 98       	cbi	0x12, 6	; 18
    47b0:	96 9a       	sbi	0x12, 6	; 18
    47b2:	55 bb       	out	0x15, r21	; 21
    47b4:	96 98       	cbi	0x12, 6	; 18
    47b6:	96 9a       	sbi	0x12, 6	; 18
    47b8:	45 bb       	out	0x15, r20	; 21
    47ba:	96 98       	cbi	0x12, 6	; 18
    47bc:	96 9a       	sbi	0x12, 6	; 18
    47be:	97 98       	cbi	0x12, 7	; 18
    47c0:	9b e2       	ldi	r25, 0x2B	; 43
    47c2:	95 bb       	out	0x15, r25	; 21
    47c4:	96 98       	cbi	0x12, 6	; 18
    47c6:	96 9a       	sbi	0x12, 6	; 18
    47c8:	97 9a       	sbi	0x12, 7	; 18
    47ca:	75 bb       	out	0x15, r23	; 21
    47cc:	96 98       	cbi	0x12, 6	; 18
    47ce:	96 9a       	sbi	0x12, 6	; 18
    47d0:	65 bb       	out	0x15, r22	; 21
    47d2:	96 98       	cbi	0x12, 6	; 18
    47d4:	96 9a       	sbi	0x12, 6	; 18
    47d6:	35 bb       	out	0x15, r19	; 21
    47d8:	96 98       	cbi	0x12, 6	; 18
    47da:	96 9a       	sbi	0x12, 6	; 18
    47dc:	25 bb       	out	0x15, r18	; 21
    47de:	96 98       	cbi	0x12, 6	; 18
    47e0:	96 9a       	sbi	0x12, 6	; 18
    47e2:	97 98       	cbi	0x12, 7	; 18
    47e4:	9c e2       	ldi	r25, 0x2C	; 44
    47e6:	95 bb       	out	0x15, r25	; 21
    47e8:	96 98       	cbi	0x12, 6	; 18
    47ea:	96 9a       	sbi	0x12, 6	; 18
    47ec:	97 9a       	sbi	0x12, 7	; 18
    47ee:	10 e0       	ldi	r17, 0x00	; 0
    47f0:	f8 01       	movw	r30, r16
    47f2:	ee 0f       	add	r30, r30
    47f4:	ff 1f       	adc	r31, r31
    47f6:	e1 5f       	subi	r30, 0xF1	; 241
    47f8:	fe 4f       	sbci	r31, 0xFE	; 254
    47fa:	90 81       	ld	r25, Z
    47fc:	9b bb       	out	0x1b, r25	; 27
    47fe:	00 0f       	add	r16, r16
    4800:	11 1f       	adc	r17, r17
    4802:	f8 01       	movw	r30, r16
    4804:	e9 5f       	subi	r30, 0xF9	; 249
    4806:	fe 4f       	sbci	r31, 0xFE	; 254
    4808:	97 81       	ldd	r25, Z+7	; 0x07
    480a:	95 bb       	out	0x15, r25	; 21
    480c:	48 1b       	sub	r20, r24
    480e:	2f 5f       	subi	r18, 0xFF	; 255
    4810:	3f 4f       	sbci	r19, 0xFF	; 255
    4812:	26 1b       	sub	r18, r22
    4814:	37 0b       	sbc	r19, r23
    4816:	42 9f       	mul	r20, r18
    4818:	20 0d       	add	r18, r0
    481a:	11 24       	eor	r1, r1
    481c:	96 98       	cbi	0x12, 6	; 18
    481e:	96 9a       	sbi	0x12, 6	; 18
    4820:	21 50       	subi	r18, 0x01	; 1
    4822:	e1 f7       	brne	.-8      	; 0x481c <LCD_Fast_Short_Fill_Rect+0x86>
    4824:	1f 91       	pop	r17
    4826:	0f 91       	pop	r16
    4828:	08 95       	ret

0000482a <LCD_Fast_Short_Fill_Rect_Color>:
    482a:	ef 92       	push	r14
    482c:	0f 93       	push	r16
    482e:	97 98       	cbi	0x12, 7	; 18
    4830:	ea e2       	ldi	r30, 0x2A	; 42
    4832:	e5 bb       	out	0x15, r30	; 21
    4834:	96 98       	cbi	0x12, 6	; 18
    4836:	96 9a       	sbi	0x12, 6	; 18
    4838:	97 9a       	sbi	0x12, 7	; 18
    483a:	95 bb       	out	0x15, r25	; 21
    483c:	96 98       	cbi	0x12, 6	; 18
    483e:	96 9a       	sbi	0x12, 6	; 18
    4840:	85 bb       	out	0x15, r24	; 21
    4842:	96 98       	cbi	0x12, 6	; 18
    4844:	96 9a       	sbi	0x12, 6	; 18
    4846:	55 bb       	out	0x15, r21	; 21
    4848:	96 98       	cbi	0x12, 6	; 18
    484a:	96 9a       	sbi	0x12, 6	; 18
    484c:	45 bb       	out	0x15, r20	; 21
    484e:	96 98       	cbi	0x12, 6	; 18
    4850:	96 9a       	sbi	0x12, 6	; 18
    4852:	97 98       	cbi	0x12, 7	; 18
    4854:	9b e2       	ldi	r25, 0x2B	; 43
    4856:	95 bb       	out	0x15, r25	; 21
    4858:	96 98       	cbi	0x12, 6	; 18
    485a:	96 9a       	sbi	0x12, 6	; 18
    485c:	97 9a       	sbi	0x12, 7	; 18
    485e:	75 bb       	out	0x15, r23	; 21
    4860:	96 98       	cbi	0x12, 6	; 18
    4862:	96 9a       	sbi	0x12, 6	; 18
    4864:	65 bb       	out	0x15, r22	; 21
    4866:	96 98       	cbi	0x12, 6	; 18
    4868:	96 9a       	sbi	0x12, 6	; 18
    486a:	35 bb       	out	0x15, r19	; 21
    486c:	96 98       	cbi	0x12, 6	; 18
    486e:	96 9a       	sbi	0x12, 6	; 18
    4870:	25 bb       	out	0x15, r18	; 21
    4872:	96 98       	cbi	0x12, 6	; 18
    4874:	96 9a       	sbi	0x12, 6	; 18
    4876:	97 98       	cbi	0x12, 7	; 18
    4878:	9c e2       	ldi	r25, 0x2C	; 44
    487a:	95 bb       	out	0x15, r25	; 21
    487c:	96 98       	cbi	0x12, 6	; 18
    487e:	96 9a       	sbi	0x12, 6	; 18
    4880:	97 9a       	sbi	0x12, 7	; 18
    4882:	0b bb       	out	0x1b, r16	; 27
    4884:	e5 ba       	out	0x15, r14	; 21
    4886:	48 1b       	sub	r20, r24
    4888:	2f 5f       	subi	r18, 0xFF	; 255
    488a:	3f 4f       	sbci	r19, 0xFF	; 255
    488c:	26 1b       	sub	r18, r22
    488e:	37 0b       	sbc	r19, r23
    4890:	42 9f       	mul	r20, r18
    4892:	20 0d       	add	r18, r0
    4894:	11 24       	eor	r1, r1
    4896:	96 98       	cbi	0x12, 6	; 18
    4898:	96 9a       	sbi	0x12, 6	; 18
    489a:	21 50       	subi	r18, 0x01	; 1
    489c:	e1 f7       	brne	.-8      	; 0x4896 <LCD_Fast_Short_Fill_Rect_Color+0x6c>
    489e:	0f 91       	pop	r16
    48a0:	ef 90       	pop	r14
    48a2:	08 95       	ret

000048a4 <LCD_Fast_Fill_Rect>:
    48a4:	0f 93       	push	r16
    48a6:	1f 93       	push	r17
    48a8:	d9 01       	movw	r26, r18
    48aa:	97 98       	cbi	0x12, 7	; 18
    48ac:	2a e2       	ldi	r18, 0x2A	; 42
    48ae:	25 bb       	out	0x15, r18	; 21
    48b0:	96 98       	cbi	0x12, 6	; 18
    48b2:	96 9a       	sbi	0x12, 6	; 18
    48b4:	97 9a       	sbi	0x12, 7	; 18
    48b6:	95 bb       	out	0x15, r25	; 21
    48b8:	96 98       	cbi	0x12, 6	; 18
    48ba:	96 9a       	sbi	0x12, 6	; 18
    48bc:	85 bb       	out	0x15, r24	; 21
    48be:	96 98       	cbi	0x12, 6	; 18
    48c0:	96 9a       	sbi	0x12, 6	; 18
    48c2:	55 bb       	out	0x15, r21	; 21
    48c4:	96 98       	cbi	0x12, 6	; 18
    48c6:	96 9a       	sbi	0x12, 6	; 18
    48c8:	45 bb       	out	0x15, r20	; 21
    48ca:	96 98       	cbi	0x12, 6	; 18
    48cc:	96 9a       	sbi	0x12, 6	; 18
    48ce:	97 98       	cbi	0x12, 7	; 18
    48d0:	2b e2       	ldi	r18, 0x2B	; 43
    48d2:	25 bb       	out	0x15, r18	; 21
    48d4:	96 98       	cbi	0x12, 6	; 18
    48d6:	96 9a       	sbi	0x12, 6	; 18
    48d8:	97 9a       	sbi	0x12, 7	; 18
    48da:	75 bb       	out	0x15, r23	; 21
    48dc:	96 98       	cbi	0x12, 6	; 18
    48de:	96 9a       	sbi	0x12, 6	; 18
    48e0:	65 bb       	out	0x15, r22	; 21
    48e2:	96 98       	cbi	0x12, 6	; 18
    48e4:	96 9a       	sbi	0x12, 6	; 18
    48e6:	b5 bb       	out	0x15, r27	; 21
    48e8:	96 98       	cbi	0x12, 6	; 18
    48ea:	96 9a       	sbi	0x12, 6	; 18
    48ec:	a5 bb       	out	0x15, r26	; 21
    48ee:	96 98       	cbi	0x12, 6	; 18
    48f0:	96 9a       	sbi	0x12, 6	; 18
    48f2:	97 98       	cbi	0x12, 7	; 18
    48f4:	2c e2       	ldi	r18, 0x2C	; 44
    48f6:	25 bb       	out	0x15, r18	; 21
    48f8:	96 98       	cbi	0x12, 6	; 18
    48fa:	96 9a       	sbi	0x12, 6	; 18
    48fc:	97 9a       	sbi	0x12, 7	; 18
    48fe:	10 e0       	ldi	r17, 0x00	; 0
    4900:	f8 01       	movw	r30, r16
    4902:	ee 0f       	add	r30, r30
    4904:	ff 1f       	adc	r31, r31
    4906:	e1 5f       	subi	r30, 0xF1	; 241
    4908:	fe 4f       	sbci	r31, 0xFE	; 254
    490a:	20 81       	ld	r18, Z
    490c:	2b bb       	out	0x1b, r18	; 27
    490e:	00 0f       	add	r16, r16
    4910:	11 1f       	adc	r17, r17
    4912:	f8 01       	movw	r30, r16
    4914:	e9 5f       	subi	r30, 0xF9	; 249
    4916:	fe 4f       	sbci	r31, 0xFE	; 254
    4918:	27 81       	ldd	r18, Z+7	; 0x07
    491a:	25 bb       	out	0x15, r18	; 21
    491c:	4f 5f       	subi	r20, 0xFF	; 255
    491e:	5f 4f       	sbci	r21, 0xFF	; 255
    4920:	9a 01       	movw	r18, r20
    4922:	28 1b       	sub	r18, r24
    4924:	39 0b       	sbc	r19, r25
    4926:	11 96       	adiw	r26, 0x01	; 1
    4928:	a6 1b       	sub	r26, r22
    492a:	b7 0b       	sbc	r27, r23
    492c:	0e 94 f2 73 	call	0xe7e4	; 0xe7e4 <__umulhisi3>
    4930:	8b 01       	movw	r16, r22
    4932:	9c 01       	movw	r18, r24
    4934:	44 e0       	ldi	r20, 0x04	; 4
    4936:	36 95       	lsr	r19
    4938:	27 95       	ror	r18
    493a:	17 95       	ror	r17
    493c:	07 95       	ror	r16
    493e:	4a 95       	dec	r20
    4940:	d1 f7       	brne	.-12     	; 0x4936 <LCD_Fast_Fill_Rect+0x92>
    4942:	6f 70       	andi	r22, 0x0F	; 15
    4944:	01 15       	cp	r16, r1
    4946:	11 05       	cpc	r17, r1
    4948:	41 f1       	breq	.+80     	; 0x499a <LCD_Fast_Fill_Rect+0xf6>
    494a:	96 98       	cbi	0x12, 6	; 18
    494c:	96 9a       	sbi	0x12, 6	; 18
    494e:	96 98       	cbi	0x12, 6	; 18
    4950:	96 9a       	sbi	0x12, 6	; 18
    4952:	96 98       	cbi	0x12, 6	; 18
    4954:	96 9a       	sbi	0x12, 6	; 18
    4956:	96 98       	cbi	0x12, 6	; 18
    4958:	96 9a       	sbi	0x12, 6	; 18
    495a:	96 98       	cbi	0x12, 6	; 18
    495c:	96 9a       	sbi	0x12, 6	; 18
    495e:	96 98       	cbi	0x12, 6	; 18
    4960:	96 9a       	sbi	0x12, 6	; 18
    4962:	96 98       	cbi	0x12, 6	; 18
    4964:	96 9a       	sbi	0x12, 6	; 18
    4966:	96 98       	cbi	0x12, 6	; 18
    4968:	96 9a       	sbi	0x12, 6	; 18
    496a:	96 98       	cbi	0x12, 6	; 18
    496c:	96 9a       	sbi	0x12, 6	; 18
    496e:	96 98       	cbi	0x12, 6	; 18
    4970:	96 9a       	sbi	0x12, 6	; 18
    4972:	96 98       	cbi	0x12, 6	; 18
    4974:	96 9a       	sbi	0x12, 6	; 18
    4976:	96 98       	cbi	0x12, 6	; 18
    4978:	96 9a       	sbi	0x12, 6	; 18
    497a:	96 98       	cbi	0x12, 6	; 18
    497c:	96 9a       	sbi	0x12, 6	; 18
    497e:	96 98       	cbi	0x12, 6	; 18
    4980:	96 9a       	sbi	0x12, 6	; 18
    4982:	96 98       	cbi	0x12, 6	; 18
    4984:	96 9a       	sbi	0x12, 6	; 18
    4986:	96 98       	cbi	0x12, 6	; 18
    4988:	96 9a       	sbi	0x12, 6	; 18
    498a:	01 50       	subi	r16, 0x01	; 1
    498c:	11 09       	sbc	r17, r1
    498e:	e9 f6       	brne	.-70     	; 0x494a <LCD_Fast_Fill_Rect+0xa6>
    4990:	66 23       	and	r22, r22
    4992:	29 f0       	breq	.+10     	; 0x499e <LCD_Fast_Fill_Rect+0xfa>
    4994:	96 98       	cbi	0x12, 6	; 18
    4996:	96 9a       	sbi	0x12, 6	; 18
    4998:	61 50       	subi	r22, 0x01	; 1
    499a:	61 11       	cpse	r22, r1
    499c:	fb cf       	rjmp	.-10     	; 0x4994 <LCD_Fast_Fill_Rect+0xf0>
    499e:	1f 91       	pop	r17
    49a0:	0f 91       	pop	r16
    49a2:	08 95       	ret

000049a4 <LCD_Fast_Fill_Rect_Color>:
    49a4:	ef 92       	push	r14
    49a6:	0f 93       	push	r16
    49a8:	1f 93       	push	r17
    49aa:	d9 01       	movw	r26, r18
    49ac:	97 98       	cbi	0x12, 7	; 18
    49ae:	2a e2       	ldi	r18, 0x2A	; 42
    49b0:	25 bb       	out	0x15, r18	; 21
    49b2:	96 98       	cbi	0x12, 6	; 18
    49b4:	96 9a       	sbi	0x12, 6	; 18
    49b6:	97 9a       	sbi	0x12, 7	; 18
    49b8:	95 bb       	out	0x15, r25	; 21
    49ba:	96 98       	cbi	0x12, 6	; 18
    49bc:	96 9a       	sbi	0x12, 6	; 18
    49be:	85 bb       	out	0x15, r24	; 21
    49c0:	96 98       	cbi	0x12, 6	; 18
    49c2:	96 9a       	sbi	0x12, 6	; 18
    49c4:	55 bb       	out	0x15, r21	; 21
    49c6:	96 98       	cbi	0x12, 6	; 18
    49c8:	96 9a       	sbi	0x12, 6	; 18
    49ca:	45 bb       	out	0x15, r20	; 21
    49cc:	96 98       	cbi	0x12, 6	; 18
    49ce:	96 9a       	sbi	0x12, 6	; 18
    49d0:	97 98       	cbi	0x12, 7	; 18
    49d2:	2b e2       	ldi	r18, 0x2B	; 43
    49d4:	25 bb       	out	0x15, r18	; 21
    49d6:	96 98       	cbi	0x12, 6	; 18
    49d8:	96 9a       	sbi	0x12, 6	; 18
    49da:	97 9a       	sbi	0x12, 7	; 18
    49dc:	75 bb       	out	0x15, r23	; 21
    49de:	96 98       	cbi	0x12, 6	; 18
    49e0:	96 9a       	sbi	0x12, 6	; 18
    49e2:	65 bb       	out	0x15, r22	; 21
    49e4:	96 98       	cbi	0x12, 6	; 18
    49e6:	96 9a       	sbi	0x12, 6	; 18
    49e8:	b5 bb       	out	0x15, r27	; 21
    49ea:	96 98       	cbi	0x12, 6	; 18
    49ec:	96 9a       	sbi	0x12, 6	; 18
    49ee:	a5 bb       	out	0x15, r26	; 21
    49f0:	96 98       	cbi	0x12, 6	; 18
    49f2:	96 9a       	sbi	0x12, 6	; 18
    49f4:	97 98       	cbi	0x12, 7	; 18
    49f6:	2c e2       	ldi	r18, 0x2C	; 44
    49f8:	25 bb       	out	0x15, r18	; 21
    49fa:	96 98       	cbi	0x12, 6	; 18
    49fc:	96 9a       	sbi	0x12, 6	; 18
    49fe:	97 9a       	sbi	0x12, 7	; 18
    4a00:	0b bb       	out	0x1b, r16	; 27
    4a02:	e5 ba       	out	0x15, r14	; 21
    4a04:	4f 5f       	subi	r20, 0xFF	; 255
    4a06:	5f 4f       	sbci	r21, 0xFF	; 255
    4a08:	9a 01       	movw	r18, r20
    4a0a:	28 1b       	sub	r18, r24
    4a0c:	39 0b       	sbc	r19, r25
    4a0e:	11 96       	adiw	r26, 0x01	; 1
    4a10:	a6 1b       	sub	r26, r22
    4a12:	b7 0b       	sbc	r27, r23
    4a14:	0e 94 f2 73 	call	0xe7e4	; 0xe7e4 <__umulhisi3>
    4a18:	8b 01       	movw	r16, r22
    4a1a:	9c 01       	movw	r18, r24
    4a1c:	84 e0       	ldi	r24, 0x04	; 4
    4a1e:	36 95       	lsr	r19
    4a20:	27 95       	ror	r18
    4a22:	17 95       	ror	r17
    4a24:	07 95       	ror	r16
    4a26:	8a 95       	dec	r24
    4a28:	d1 f7       	brne	.-12     	; 0x4a1e <LCD_Fast_Fill_Rect_Color+0x7a>
    4a2a:	6f 70       	andi	r22, 0x0F	; 15
    4a2c:	01 15       	cp	r16, r1
    4a2e:	11 05       	cpc	r17, r1
    4a30:	41 f1       	breq	.+80     	; 0x4a82 <LCD_Fast_Fill_Rect_Color+0xde>
    4a32:	96 98       	cbi	0x12, 6	; 18
    4a34:	96 9a       	sbi	0x12, 6	; 18
    4a36:	96 98       	cbi	0x12, 6	; 18
    4a38:	96 9a       	sbi	0x12, 6	; 18
    4a3a:	96 98       	cbi	0x12, 6	; 18
    4a3c:	96 9a       	sbi	0x12, 6	; 18
    4a3e:	96 98       	cbi	0x12, 6	; 18
    4a40:	96 9a       	sbi	0x12, 6	; 18
    4a42:	96 98       	cbi	0x12, 6	; 18
    4a44:	96 9a       	sbi	0x12, 6	; 18
    4a46:	96 98       	cbi	0x12, 6	; 18
    4a48:	96 9a       	sbi	0x12, 6	; 18
    4a4a:	96 98       	cbi	0x12, 6	; 18
    4a4c:	96 9a       	sbi	0x12, 6	; 18
    4a4e:	96 98       	cbi	0x12, 6	; 18
    4a50:	96 9a       	sbi	0x12, 6	; 18
    4a52:	96 98       	cbi	0x12, 6	; 18
    4a54:	96 9a       	sbi	0x12, 6	; 18
    4a56:	96 98       	cbi	0x12, 6	; 18
    4a58:	96 9a       	sbi	0x12, 6	; 18
    4a5a:	96 98       	cbi	0x12, 6	; 18
    4a5c:	96 9a       	sbi	0x12, 6	; 18
    4a5e:	96 98       	cbi	0x12, 6	; 18
    4a60:	96 9a       	sbi	0x12, 6	; 18
    4a62:	96 98       	cbi	0x12, 6	; 18
    4a64:	96 9a       	sbi	0x12, 6	; 18
    4a66:	96 98       	cbi	0x12, 6	; 18
    4a68:	96 9a       	sbi	0x12, 6	; 18
    4a6a:	96 98       	cbi	0x12, 6	; 18
    4a6c:	96 9a       	sbi	0x12, 6	; 18
    4a6e:	96 98       	cbi	0x12, 6	; 18
    4a70:	96 9a       	sbi	0x12, 6	; 18
    4a72:	01 50       	subi	r16, 0x01	; 1
    4a74:	11 09       	sbc	r17, r1
    4a76:	e9 f6       	brne	.-70     	; 0x4a32 <LCD_Fast_Fill_Rect_Color+0x8e>
    4a78:	66 23       	and	r22, r22
    4a7a:	29 f0       	breq	.+10     	; 0x4a86 <LCD_Fast_Fill_Rect_Color+0xe2>
    4a7c:	96 98       	cbi	0x12, 6	; 18
    4a7e:	96 9a       	sbi	0x12, 6	; 18
    4a80:	61 50       	subi	r22, 0x01	; 1
    4a82:	61 11       	cpse	r22, r1
    4a84:	fb cf       	rjmp	.-10     	; 0x4a7c <LCD_Fast_Fill_Rect_Color+0xd8>
    4a86:	1f 91       	pop	r17
    4a88:	0f 91       	pop	r16
    4a8a:	ef 90       	pop	r14
    4a8c:	08 95       	ret

00004a8e <LCD_Grad_Fill_Rect>:
    4a8e:	2f 92       	push	r2
    4a90:	3f 92       	push	r3
    4a92:	4f 92       	push	r4
    4a94:	5f 92       	push	r5
    4a96:	6f 92       	push	r6
    4a98:	7f 92       	push	r7
    4a9a:	8f 92       	push	r8
    4a9c:	9f 92       	push	r9
    4a9e:	af 92       	push	r10
    4aa0:	bf 92       	push	r11
    4aa2:	cf 92       	push	r12
    4aa4:	df 92       	push	r13
    4aa6:	ef 92       	push	r14
    4aa8:	ff 92       	push	r15
    4aaa:	0f 93       	push	r16
    4aac:	1f 93       	push	r17
    4aae:	cf 93       	push	r28
    4ab0:	df 93       	push	r29
    4ab2:	cd b7       	in	r28, 0x3d	; 61
    4ab4:	de b7       	in	r29, 0x3e	; 62
    4ab6:	62 97       	sbiw	r28, 0x12	; 18
    4ab8:	0f b6       	in	r0, 0x3f	; 63
    4aba:	f8 94       	cli
    4abc:	de bf       	out	0x3e, r29	; 62
    4abe:	0f be       	out	0x3f, r0	; 63
    4ac0:	cd bf       	out	0x3d, r28	; 61
    4ac2:	49 83       	std	Y+1, r20	; 0x01
    4ac4:	2a 83       	std	Y+2, r18	; 0x02
    4ac6:	d7 01       	movw	r26, r14
    4ac8:	88 23       	and	r24, r24
    4aca:	09 f4       	brne	.+2      	; 0x4ace <LCD_Grad_Fill_Rect+0x40>
    4acc:	b6 c1       	rjmp	.+876    	; 0x4e3a <LCD_Grad_Fill_Rect+0x3ac>
    4ace:	86 2f       	mov	r24, r22
    4ad0:	90 e0       	ldi	r25, 0x00	; 0
    4ad2:	9c 01       	movw	r18, r24
    4ad4:	22 0f       	add	r18, r18
    4ad6:	33 1f       	adc	r19, r19
    4ad8:	82 0f       	add	r24, r18
    4ada:	93 1f       	adc	r25, r19
    4adc:	88 0f       	add	r24, r24
    4ade:	99 1f       	adc	r25, r25
    4ae0:	fc 01       	movw	r30, r24
    4ae2:	e2 54       	subi	r30, 0x42	; 66
    4ae4:	ff 4b       	sbci	r31, 0xBF	; 191
    4ae6:	64 91       	lpm	r22, Z
    4ae8:	68 7f       	andi	r22, 0xF8	; 248
    4aea:	fc 01       	movw	r30, r24
    4aec:	e1 54       	subi	r30, 0x41	; 65
    4aee:	ff 4b       	sbci	r31, 0xBF	; 191
    4af0:	54 91       	lpm	r21, Z
    4af2:	5c 7f       	andi	r21, 0xFC	; 252
    4af4:	fc 01       	movw	r30, r24
    4af6:	e0 54       	subi	r30, 0x40	; 64
    4af8:	ff 4b       	sbci	r31, 0xBF	; 191
    4afa:	34 91       	lpm	r19, Z
    4afc:	38 7f       	andi	r19, 0xF8	; 248
    4afe:	fc 01       	movw	r30, r24
    4b00:	ef 53       	subi	r30, 0x3F	; 63
    4b02:	ff 4b       	sbci	r31, 0xBF	; 191
    4b04:	44 91       	lpm	r20, Z
    4b06:	48 7f       	andi	r20, 0xF8	; 248
    4b08:	fc 01       	movw	r30, r24
    4b0a:	ee 53       	subi	r30, 0x3E	; 62
    4b0c:	ff 4b       	sbci	r31, 0xBF	; 191
    4b0e:	24 91       	lpm	r18, Z
    4b10:	2c 7f       	andi	r18, 0xFC	; 252
    4b12:	fc 01       	movw	r30, r24
    4b14:	ed 53       	subi	r30, 0x3D	; 61
    4b16:	ff 4b       	sbci	r31, 0xBF	; 191
    4b18:	e4 91       	lpm	r30, Z
    4b1a:	e8 7f       	andi	r30, 0xF8	; 248
    4b1c:	86 2f       	mov	r24, r22
    4b1e:	90 e0       	ldi	r25, 0x00	; 0
    4b20:	9f 83       	std	Y+7, r25	; 0x07
    4b22:	8e 83       	std	Y+6, r24	; 0x06
    4b24:	64 2f       	mov	r22, r20
    4b26:	70 e0       	ldi	r23, 0x00	; 0
    4b28:	7d 83       	std	Y+5, r23	; 0x05
    4b2a:	6c 83       	std	Y+4, r22	; 0x04
    4b2c:	86 1b       	sub	r24, r22
    4b2e:	97 0b       	sbc	r25, r23
    4b30:	96 95       	lsr	r25
    4b32:	98 2f       	mov	r25, r24
    4b34:	88 27       	eor	r24, r24
    4b36:	97 95       	ror	r25
    4b38:	87 95       	ror	r24
    4b3a:	9a 8b       	std	Y+18, r25	; 0x12
    4b3c:	89 8b       	std	Y+17, r24	; 0x11
    4b3e:	85 2f       	mov	r24, r21
    4b40:	90 e0       	ldi	r25, 0x00	; 0
    4b42:	99 87       	std	Y+9, r25	; 0x09
    4b44:	88 87       	std	Y+8, r24	; 0x08
    4b46:	42 2e       	mov	r4, r18
    4b48:	51 2c       	mov	r5, r1
    4b4a:	84 19       	sub	r24, r4
    4b4c:	95 09       	sbc	r25, r5
    4b4e:	ac 01       	movw	r20, r24
    4b50:	56 95       	lsr	r21
    4b52:	54 2f       	mov	r21, r20
    4b54:	44 27       	eor	r20, r20
    4b56:	57 95       	ror	r21
    4b58:	47 95       	ror	r20
    4b5a:	5e 87       	std	Y+14, r21	; 0x0e
    4b5c:	4d 87       	std	Y+13, r20	; 0x0d
    4b5e:	63 2f       	mov	r22, r19
    4b60:	70 e0       	ldi	r23, 0x00	; 0
    4b62:	7b 87       	std	Y+11, r23	; 0x0b
    4b64:	6a 87       	std	Y+10, r22	; 0x0a
    4b66:	2e 2e       	mov	r2, r30
    4b68:	31 2c       	mov	r3, r1
    4b6a:	cb 01       	movw	r24, r22
    4b6c:	82 19       	sub	r24, r2
    4b6e:	93 09       	sbc	r25, r3
    4b70:	9c 01       	movw	r18, r24
    4b72:	36 95       	lsr	r19
    4b74:	32 2f       	mov	r19, r18
    4b76:	22 27       	eor	r18, r18
    4b78:	37 95       	ror	r19
    4b7a:	27 95       	ror	r18
    4b7c:	38 8b       	std	Y+16, r19	; 0x10
    4b7e:	2f 87       	std	Y+15, r18	; 0x0f
    4b80:	39 81       	ldd	r19, Y+1	; 0x01
    4b82:	33 23       	and	r19, r19
    4b84:	f1 f0       	breq	.+60     	; 0x4bc2 <LCD_Grad_Fill_Rect+0x134>
    4b86:	40 91 0d 01 	lds	r20, 0x010D	; 0x80010d <KVB+0x6>
    4b8a:	4b 83       	std	Y+3, r20	; 0x03
    4b8c:	41 30       	cpi	r20, 0x01	; 1
    4b8e:	09 f4       	brne	.+2      	; 0x4b92 <LCD_Grad_Fill_Rect+0x104>
    4b90:	8b c1       	rjmp	.+790    	; 0x4ea8 <LCD_Grad_Fill_Rect+0x41a>
    4b92:	08 f4       	brcc	.+2      	; 0x4b96 <LCD_Grad_Fill_Rect+0x108>
    4b94:	a1 c1       	rjmp	.+834    	; 0x4ed8 <LCD_Grad_Fill_Rect+0x44a>
    4b96:	42 30       	cpi	r20, 0x02	; 2
    4b98:	09 f4       	brne	.+2      	; 0x4b9c <LCD_Grad_Fill_Rect+0x10e>
    4b9a:	93 c1       	rjmp	.+806    	; 0x4ec2 <LCD_Grad_Fill_Rect+0x434>
    4b9c:	43 30       	cpi	r20, 0x03	; 3
    4b9e:	09 f0       	breq	.+2      	; 0x4ba2 <LCD_Grad_Fill_Rect+0x114>
    4ba0:	78 c1       	rjmp	.+752    	; 0x4e92 <LCD_Grad_Fill_Rect+0x404>
    4ba2:	e0 90 0b 01 	lds	r14, 0x010B	; 0x80010b <KVB+0x4>
    4ba6:	f0 90 0c 01 	lds	r15, 0x010C	; 0x80010c <KVB+0x5>
    4baa:	47 01       	movw	r8, r14
    4bac:	8a 18       	sub	r8, r10
    4bae:	9b 08       	sbc	r9, r11
    4bb0:	ea 1a       	sub	r14, r26
    4bb2:	fb 0a       	sbc	r15, r27
    4bb4:	80 e0       	ldi	r24, 0x00	; 0
    4bb6:	43 dc       	rcall	.-1914   	; 0x443e <LCD_SET_ORIENTATION>
    4bb8:	56 01       	movw	r10, r12
    4bba:	67 01       	movw	r12, r14
    4bbc:	d8 01       	movw	r26, r16
    4bbe:	84 01       	movw	r16, r8
    4bc0:	01 c0       	rjmp	.+2      	; 0x4bc4 <LCD_Grad_Fill_Rect+0x136>
    4bc2:	1b 82       	std	Y+3, r1	; 0x03
    4bc4:	35 01       	movw	r6, r10
    4bc6:	5f ef       	ldi	r21, 0xFF	; 255
    4bc8:	65 1a       	sub	r6, r21
    4bca:	75 0a       	sbc	r7, r21
    4bcc:	6a 1a       	sub	r6, r26
    4bce:	7b 0a       	sbc	r7, r27
    4bd0:	76 01       	movw	r14, r12
    4bd2:	6f ef       	ldi	r22, 0xFF	; 255
    4bd4:	e6 1a       	sub	r14, r22
    4bd6:	f6 0a       	sbc	r15, r22
    4bd8:	e0 1a       	sub	r14, r16
    4bda:	f1 0a       	sbc	r15, r17
    4bdc:	97 98       	cbi	0x12, 7	; 18
    4bde:	8a e2       	ldi	r24, 0x2A	; 42
    4be0:	85 bb       	out	0x15, r24	; 21
    4be2:	96 98       	cbi	0x12, 6	; 18
    4be4:	96 9a       	sbi	0x12, 6	; 18
    4be6:	97 9a       	sbi	0x12, 7	; 18
    4be8:	15 bb       	out	0x15, r17	; 21
    4bea:	96 98       	cbi	0x12, 6	; 18
    4bec:	96 9a       	sbi	0x12, 6	; 18
    4bee:	05 bb       	out	0x15, r16	; 21
    4bf0:	96 98       	cbi	0x12, 6	; 18
    4bf2:	96 9a       	sbi	0x12, 6	; 18
    4bf4:	d5 ba       	out	0x15, r13	; 21
    4bf6:	96 98       	cbi	0x12, 6	; 18
    4bf8:	96 9a       	sbi	0x12, 6	; 18
    4bfa:	c5 ba       	out	0x15, r12	; 21
    4bfc:	96 98       	cbi	0x12, 6	; 18
    4bfe:	96 9a       	sbi	0x12, 6	; 18
    4c00:	97 98       	cbi	0x12, 7	; 18
    4c02:	8b e2       	ldi	r24, 0x2B	; 43
    4c04:	85 bb       	out	0x15, r24	; 21
    4c06:	96 98       	cbi	0x12, 6	; 18
    4c08:	96 9a       	sbi	0x12, 6	; 18
    4c0a:	97 9a       	sbi	0x12, 7	; 18
    4c0c:	b5 bb       	out	0x15, r27	; 21
    4c0e:	96 98       	cbi	0x12, 6	; 18
    4c10:	96 9a       	sbi	0x12, 6	; 18
    4c12:	a5 bb       	out	0x15, r26	; 21
    4c14:	96 98       	cbi	0x12, 6	; 18
    4c16:	96 9a       	sbi	0x12, 6	; 18
    4c18:	b5 ba       	out	0x15, r11	; 21
    4c1a:	96 98       	cbi	0x12, 6	; 18
    4c1c:	96 9a       	sbi	0x12, 6	; 18
    4c1e:	a5 ba       	out	0x15, r10	; 21
    4c20:	96 98       	cbi	0x12, 6	; 18
    4c22:	96 9a       	sbi	0x12, 6	; 18
    4c24:	97 98       	cbi	0x12, 7	; 18
    4c26:	8c e2       	ldi	r24, 0x2C	; 44
    4c28:	85 bb       	out	0x15, r24	; 21
    4c2a:	96 98       	cbi	0x12, 6	; 18
    4c2c:	96 9a       	sbi	0x12, 6	; 18
    4c2e:	97 9a       	sbi	0x12, 7	; 18
    4c30:	7a 81       	ldd	r23, Y+2	; 0x02
    4c32:	72 30       	cpi	r23, 0x02	; 2
    4c34:	08 f4       	brcc	.+2      	; 0x4c38 <LCD_Grad_Fill_Rect+0x1aa>
    4c36:	d3 c0       	rjmp	.+422    	; 0x4dde <LCD_Grad_Fill_Rect+0x350>
    4c38:	26 2d       	mov	r18, r6
    4c3a:	21 70       	andi	r18, 0x01	; 1
    4c3c:	2c 87       	std	Y+12, r18	; 0x0c
    4c3e:	43 01       	movw	r8, r6
    4c40:	96 94       	lsr	r9
    4c42:	87 94       	ror	r8
    4c44:	89 89       	ldd	r24, Y+17	; 0x11
    4c46:	9a 89       	ldd	r25, Y+18	; 0x12
    4c48:	b4 01       	movw	r22, r8
    4c4a:	0e 94 bd 73 	call	0xe77a	; 0xe77a <__divmodhi4>
    4c4e:	5b 01       	movw	r10, r22
    4c50:	8d 85       	ldd	r24, Y+13	; 0x0d
    4c52:	9e 85       	ldd	r25, Y+14	; 0x0e
    4c54:	b4 01       	movw	r22, r8
    4c56:	0e 94 bd 73 	call	0xe77a	; 0xe77a <__divmodhi4>
    4c5a:	7e 87       	std	Y+14, r23	; 0x0e
    4c5c:	6d 87       	std	Y+13, r22	; 0x0d
    4c5e:	8f 85       	ldd	r24, Y+15	; 0x0f
    4c60:	98 89       	ldd	r25, Y+16	; 0x10
    4c62:	b4 01       	movw	r22, r8
    4c64:	0e 94 bd 73 	call	0xe77a	; 0xe77a <__divmodhi4>
    4c68:	3a 81       	ldd	r19, Y+2	; 0x02
    4c6a:	dd 24       	eor	r13, r13
    4c6c:	d3 94       	inc	r13
    4c6e:	32 30       	cpi	r19, 0x02	; 2
    4c70:	09 f4       	brne	.+2      	; 0x4c74 <LCD_Grad_Fill_Rect+0x1e6>
    4c72:	ce c0       	rjmp	.+412    	; 0x4e10 <LCD_Grad_Fill_Rect+0x382>
    4c74:	4e 81       	ldd	r20, Y+6	; 0x06
    4c76:	5f 81       	ldd	r21, Y+7	; 0x07
    4c78:	56 95       	lsr	r21
    4c7a:	54 2f       	mov	r21, r20
    4c7c:	44 27       	eor	r20, r20
    4c7e:	57 95       	ror	r21
    4c80:	47 95       	ror	r20
    4c82:	28 85       	ldd	r18, Y+8	; 0x08
    4c84:	39 85       	ldd	r19, Y+9	; 0x09
    4c86:	36 95       	lsr	r19
    4c88:	32 2f       	mov	r19, r18
    4c8a:	22 27       	eor	r18, r18
    4c8c:	37 95       	ror	r19
    4c8e:	27 95       	ror	r18
    4c90:	ea 85       	ldd	r30, Y+10	; 0x0a
    4c92:	fb 85       	ldd	r31, Y+11	; 0x0b
    4c94:	f6 95       	lsr	r31
    4c96:	fe 2f       	mov	r31, r30
    4c98:	ee 27       	eor	r30, r30
    4c9a:	f7 95       	ror	r31
    4c9c:	e7 95       	ror	r30
    4c9e:	00 e0       	ldi	r16, 0x00	; 0
    4ca0:	d7 01       	movw	r26, r14
    4ca2:	b2 95       	swap	r27
    4ca4:	a2 95       	swap	r26
    4ca6:	af 70       	andi	r26, 0x0F	; 15
    4ca8:	ab 27       	eor	r26, r27
    4caa:	bf 70       	andi	r27, 0x0F	; 15
    4cac:	ab 27       	eor	r26, r27
    4cae:	1e 2d       	mov	r17, r14
    4cb0:	1f 70       	andi	r17, 0x0F	; 15
    4cb2:	cc 24       	eor	r12, r12
    4cb4:	c3 94       	inc	r12
    4cb6:	5c 84       	ldd	r5, Y+12	; 0x0c
    4cb8:	1b 01       	movw	r2, r22
    4cba:	ca 01       	movw	r24, r20
    4cbc:	88 27       	eor	r24, r24
    4cbe:	9c 77       	andi	r25, 0x7C	; 124
    4cc0:	88 0f       	add	r24, r24
    4cc2:	89 2f       	mov	r24, r25
    4cc4:	88 1f       	adc	r24, r24
    4cc6:	99 0b       	sbc	r25, r25
    4cc8:	79 01       	movw	r14, r18
    4cca:	ee 24       	eor	r14, r14
    4ccc:	60 e7       	ldi	r22, 0x70	; 112
    4cce:	f6 22       	and	r15, r22
    4cd0:	9f 2d       	mov	r25, r15
    4cd2:	95 95       	asr	r25
    4cd4:	95 95       	asr	r25
    4cd6:	95 95       	asr	r25
    4cd8:	95 95       	asr	r25
    4cda:	89 2b       	or	r24, r25
    4cdc:	8b bb       	out	0x1b, r24	; 27
    4cde:	cf 01       	movw	r24, r30
    4ce0:	88 27       	eor	r24, r24
    4ce2:	9c 77       	andi	r25, 0x7C	; 124
    4ce4:	f9 2e       	mov	r15, r25
    4ce6:	f5 94       	asr	r15
    4ce8:	f5 94       	asr	r15
    4cea:	c9 01       	movw	r24, r18
    4cec:	88 27       	eor	r24, r24
    4cee:	9e 70       	andi	r25, 0x0E	; 14
    4cf0:	95 95       	asr	r25
    4cf2:	87 95       	ror	r24
    4cf4:	95 95       	asr	r25
    4cf6:	87 95       	ror	r24
    4cf8:	95 95       	asr	r25
    4cfa:	87 95       	ror	r24
    4cfc:	95 95       	asr	r25
    4cfe:	87 95       	ror	r24
    4d00:	8f 29       	or	r24, r15
    4d02:	85 bb       	out	0x15, r24	; 21
    4d04:	10 97       	sbiw	r26, 0x00	; 0
    4d06:	19 f1       	breq	.+70     	; 0x4d4e <LCD_Grad_Fill_Rect+0x2c0>
    4d08:	cd 01       	movw	r24, r26
    4d0a:	96 98       	cbi	0x12, 6	; 18
    4d0c:	96 9a       	sbi	0x12, 6	; 18
    4d0e:	96 98       	cbi	0x12, 6	; 18
    4d10:	96 9a       	sbi	0x12, 6	; 18
    4d12:	96 98       	cbi	0x12, 6	; 18
    4d14:	96 9a       	sbi	0x12, 6	; 18
    4d16:	96 98       	cbi	0x12, 6	; 18
    4d18:	96 9a       	sbi	0x12, 6	; 18
    4d1a:	96 98       	cbi	0x12, 6	; 18
    4d1c:	96 9a       	sbi	0x12, 6	; 18
    4d1e:	96 98       	cbi	0x12, 6	; 18
    4d20:	96 9a       	sbi	0x12, 6	; 18
    4d22:	96 98       	cbi	0x12, 6	; 18
    4d24:	96 9a       	sbi	0x12, 6	; 18
    4d26:	96 98       	cbi	0x12, 6	; 18
    4d28:	96 9a       	sbi	0x12, 6	; 18
    4d2a:	96 98       	cbi	0x12, 6	; 18
    4d2c:	96 9a       	sbi	0x12, 6	; 18
    4d2e:	96 98       	cbi	0x12, 6	; 18
    4d30:	96 9a       	sbi	0x12, 6	; 18
    4d32:	96 98       	cbi	0x12, 6	; 18
    4d34:	96 9a       	sbi	0x12, 6	; 18
    4d36:	96 98       	cbi	0x12, 6	; 18
    4d38:	96 9a       	sbi	0x12, 6	; 18
    4d3a:	96 98       	cbi	0x12, 6	; 18
    4d3c:	96 9a       	sbi	0x12, 6	; 18
    4d3e:	96 98       	cbi	0x12, 6	; 18
    4d40:	96 9a       	sbi	0x12, 6	; 18
    4d42:	96 98       	cbi	0x12, 6	; 18
    4d44:	96 9a       	sbi	0x12, 6	; 18
    4d46:	96 98       	cbi	0x12, 6	; 18
    4d48:	96 9a       	sbi	0x12, 6	; 18
    4d4a:	01 97       	sbiw	r24, 0x01	; 1
    4d4c:	f1 f6       	brne	.-68     	; 0x4d0a <LCD_Grad_Fill_Rect+0x27c>
    4d4e:	11 23       	and	r17, r17
    4d50:	29 f0       	breq	.+10     	; 0x4d5c <LCD_Grad_Fill_Rect+0x2ce>
    4d52:	81 2f       	mov	r24, r17
    4d54:	96 98       	cbi	0x12, 6	; 18
    4d56:	96 9a       	sbi	0x12, 6	; 18
    4d58:	81 50       	subi	r24, 0x01	; 1
    4d5a:	e1 f7       	brne	.-8      	; 0x4d54 <LCD_Grad_Fill_Rect+0x2c6>
    4d5c:	71 e0       	ldi	r23, 0x01	; 1
    4d5e:	67 1a       	sub	r6, r23
    4d60:	71 08       	sbc	r7, r1
    4d62:	dd 20       	and	r13, r13
    4d64:	19 f0       	breq	.+6      	; 0x4d6c <LCD_Grad_Fill_Rect+0x2de>
    4d66:	68 14       	cp	r6, r8
    4d68:	79 04       	cpc	r7, r9
    4d6a:	a1 f1       	breq	.+104    	; 0x4dd4 <LCD_Grad_Fill_Rect+0x346>
    4d6c:	00 23       	and	r16, r16
    4d6e:	49 f1       	breq	.+82     	; 0x4dc2 <LCD_Grad_Fill_Rect+0x334>
    4d70:	4a 0d       	add	r20, r10
    4d72:	5b 1d       	adc	r21, r11
    4d74:	8d 85       	ldd	r24, Y+13	; 0x0d
    4d76:	9e 85       	ldd	r25, Y+14	; 0x0e
    4d78:	28 0f       	add	r18, r24
    4d7a:	39 1f       	adc	r19, r25
    4d7c:	e2 0d       	add	r30, r2
    4d7e:	f3 1d       	adc	r31, r3
    4d80:	01 e0       	ldi	r16, 0x01	; 1
    4d82:	61 14       	cp	r6, r1
    4d84:	71 04       	cpc	r7, r1
    4d86:	09 f0       	breq	.+2      	; 0x4d8a <LCD_Grad_Fill_Rect+0x2fc>
    4d88:	98 cf       	rjmp	.-208    	; 0x4cba <LCD_Grad_Fill_Rect+0x22c>
    4d8a:	79 81       	ldd	r23, Y+1	; 0x01
    4d8c:	71 11       	cpse	r23, r1
    4d8e:	67 c0       	rjmp	.+206    	; 0x4e5e <LCD_Grad_Fill_Rect+0x3d0>
    4d90:	62 96       	adiw	r28, 0x12	; 18
    4d92:	0f b6       	in	r0, 0x3f	; 63
    4d94:	f8 94       	cli
    4d96:	de bf       	out	0x3e, r29	; 62
    4d98:	0f be       	out	0x3f, r0	; 63
    4d9a:	cd bf       	out	0x3d, r28	; 61
    4d9c:	df 91       	pop	r29
    4d9e:	cf 91       	pop	r28
    4da0:	1f 91       	pop	r17
    4da2:	0f 91       	pop	r16
    4da4:	ff 90       	pop	r15
    4da6:	ef 90       	pop	r14
    4da8:	df 90       	pop	r13
    4daa:	cf 90       	pop	r12
    4dac:	bf 90       	pop	r11
    4dae:	af 90       	pop	r10
    4db0:	9f 90       	pop	r9
    4db2:	8f 90       	pop	r8
    4db4:	7f 90       	pop	r7
    4db6:	6f 90       	pop	r6
    4db8:	5f 90       	pop	r5
    4dba:	4f 90       	pop	r4
    4dbc:	3f 90       	pop	r3
    4dbe:	2f 90       	pop	r2
    4dc0:	08 95       	ret
    4dc2:	4a 19       	sub	r20, r10
    4dc4:	5b 09       	sbc	r21, r11
    4dc6:	6d 85       	ldd	r22, Y+13	; 0x0d
    4dc8:	7e 85       	ldd	r23, Y+14	; 0x0e
    4dca:	26 1b       	sub	r18, r22
    4dcc:	37 0b       	sbc	r19, r23
    4dce:	e2 19       	sub	r30, r2
    4dd0:	f3 09       	sbc	r31, r3
    4dd2:	d7 cf       	rjmp	.-82     	; 0x4d82 <LCD_Grad_Fill_Rect+0x2f4>
    4dd4:	0c 25       	eor	r16, r12
    4dd6:	51 10       	cpse	r5, r1
    4dd8:	c9 cf       	rjmp	.-110    	; 0x4d6c <LCD_Grad_Fill_Rect+0x2de>
    4dda:	d1 2c       	mov	r13, r1
    4ddc:	d2 cf       	rjmp	.-92     	; 0x4d82 <LCD_Grad_Fill_Rect+0x2f4>
    4dde:	89 89       	ldd	r24, Y+17	; 0x11
    4de0:	9a 89       	ldd	r25, Y+18	; 0x12
    4de2:	b3 01       	movw	r22, r6
    4de4:	0e 94 bd 73 	call	0xe77a	; 0xe77a <__divmodhi4>
    4de8:	5b 01       	movw	r10, r22
    4dea:	8d 85       	ldd	r24, Y+13	; 0x0d
    4dec:	9e 85       	ldd	r25, Y+14	; 0x0e
    4dee:	b3 01       	movw	r22, r6
    4df0:	0e 94 bd 73 	call	0xe77a	; 0xe77a <__divmodhi4>
    4df4:	7e 87       	std	Y+14, r23	; 0x0e
    4df6:	6d 87       	std	Y+13, r22	; 0x0d
    4df8:	8f 85       	ldd	r24, Y+15	; 0x0f
    4dfa:	98 89       	ldd	r25, Y+16	; 0x10
    4dfc:	b3 01       	movw	r22, r6
    4dfe:	0e 94 bd 73 	call	0xe77a	; 0xe77a <__divmodhi4>
    4e02:	8a 81       	ldd	r24, Y+2	; 0x02
    4e04:	81 11       	cpse	r24, r1
    4e06:	85 c0       	rjmp	.+266    	; 0x4f12 <LCD_Grad_Fill_Rect+0x484>
    4e08:	1c 86       	std	Y+12, r1	; 0x0c
    4e0a:	d1 2c       	mov	r13, r1
    4e0c:	81 2c       	mov	r8, r1
    4e0e:	91 2c       	mov	r9, r1
    4e10:	4c 81       	ldd	r20, Y+4	; 0x04
    4e12:	5d 81       	ldd	r21, Y+5	; 0x05
    4e14:	56 95       	lsr	r21
    4e16:	54 2f       	mov	r21, r20
    4e18:	44 27       	eor	r20, r20
    4e1a:	57 95       	ror	r21
    4e1c:	47 95       	ror	r20
    4e1e:	92 01       	movw	r18, r4
    4e20:	36 95       	lsr	r19
    4e22:	32 2f       	mov	r19, r18
    4e24:	22 27       	eor	r18, r18
    4e26:	37 95       	ror	r19
    4e28:	27 95       	ror	r18
    4e2a:	f1 01       	movw	r30, r2
    4e2c:	f6 95       	lsr	r31
    4e2e:	fe 2f       	mov	r31, r30
    4e30:	ee 27       	eor	r30, r30
    4e32:	f7 95       	ror	r31
    4e34:	e7 95       	ror	r30
    4e36:	01 e0       	ldi	r16, 0x01	; 1
    4e38:	33 cf       	rjmp	.-410    	; 0x4ca0 <LCD_Grad_Fill_Rect+0x212>
    4e3a:	86 2f       	mov	r24, r22
    4e3c:	90 e0       	ldi	r25, 0x00	; 0
    4e3e:	fc 01       	movw	r30, r24
    4e40:	ee 0f       	add	r30, r30
    4e42:	ff 1f       	adc	r31, r31
    4e44:	e8 0f       	add	r30, r24
    4e46:	f9 1f       	adc	r31, r25
    4e48:	ee 0f       	add	r30, r30
    4e4a:	ff 1f       	adc	r31, r31
    4e4c:	e9 5f       	subi	r30, 0xF9	; 249
    4e4e:	fe 4f       	sbci	r31, 0xFE	; 254
    4e50:	67 89       	ldd	r22, Z+23	; 0x17
    4e52:	50 8d       	ldd	r21, Z+24	; 0x18
    4e54:	31 8d       	ldd	r19, Z+25	; 0x19
    4e56:	42 8d       	ldd	r20, Z+26	; 0x1a
    4e58:	23 8d       	ldd	r18, Z+27	; 0x1b
    4e5a:	e4 8d       	ldd	r30, Z+28	; 0x1c
    4e5c:	5f ce       	rjmp	.-834    	; 0x4b1c <LCD_Grad_Fill_Rect+0x8e>
    4e5e:	8b 81       	ldd	r24, Y+3	; 0x03
    4e60:	62 96       	adiw	r28, 0x12	; 18
    4e62:	0f b6       	in	r0, 0x3f	; 63
    4e64:	f8 94       	cli
    4e66:	de bf       	out	0x3e, r29	; 62
    4e68:	0f be       	out	0x3f, r0	; 63
    4e6a:	cd bf       	out	0x3d, r28	; 61
    4e6c:	df 91       	pop	r29
    4e6e:	cf 91       	pop	r28
    4e70:	1f 91       	pop	r17
    4e72:	0f 91       	pop	r16
    4e74:	ff 90       	pop	r15
    4e76:	ef 90       	pop	r14
    4e78:	df 90       	pop	r13
    4e7a:	cf 90       	pop	r12
    4e7c:	bf 90       	pop	r11
    4e7e:	af 90       	pop	r10
    4e80:	9f 90       	pop	r9
    4e82:	8f 90       	pop	r8
    4e84:	7f 90       	pop	r7
    4e86:	6f 90       	pop	r6
    4e88:	5f 90       	pop	r5
    4e8a:	4f 90       	pop	r4
    4e8c:	3f 90       	pop	r3
    4e8e:	2f 90       	pop	r2
    4e90:	d6 ca       	rjmp	.-2644   	; 0x443e <LCD_SET_ORIENTATION>
    4e92:	9c 2d       	mov	r25, r12
    4e94:	8d 2d       	mov	r24, r13
    4e96:	65 01       	movw	r12, r10
    4e98:	a9 2e       	mov	r10, r25
    4e9a:	b8 2e       	mov	r11, r24
    4e9c:	90 2f       	mov	r25, r16
    4e9e:	81 2f       	mov	r24, r17
    4ea0:	8d 01       	movw	r16, r26
    4ea2:	a9 2f       	mov	r26, r25
    4ea4:	b8 2f       	mov	r27, r24
    4ea6:	8e ce       	rjmp	.-740    	; 0x4bc4 <LCD_Grad_Fill_Rect+0x136>
    4ea8:	80 91 07 01 	lds	r24, 0x0107	; 0x800107 <KVB>
    4eac:	81 30       	cpi	r24, 0x01	; 1
    4eae:	e1 f0       	breq	.+56     	; 0x4ee8 <LCD_Grad_Fill_Rect+0x45a>
    4eb0:	45 01       	movw	r8, r10
    4eb2:	3d 01       	movw	r6, r26
    4eb4:	83 e0       	ldi	r24, 0x03	; 3
    4eb6:	c3 da       	rcall	.-2682   	; 0x443e <LCD_SET_ORIENTATION>
    4eb8:	56 01       	movw	r10, r12
    4eba:	64 01       	movw	r12, r8
    4ebc:	d8 01       	movw	r26, r16
    4ebe:	83 01       	movw	r16, r6
    4ec0:	81 ce       	rjmp	.-766    	; 0x4bc4 <LCD_Grad_Fill_Rect+0x136>
    4ec2:	e0 90 0b 01 	lds	r14, 0x010B	; 0x80010b <KVB+0x4>
    4ec6:	f0 90 0c 01 	lds	r15, 0x010C	; 0x80010c <KVB+0x5>
    4eca:	47 01       	movw	r8, r14
    4ecc:	8a 18       	sub	r8, r10
    4ece:	9b 08       	sbc	r9, r11
    4ed0:	ea 1a       	sub	r14, r26
    4ed2:	fb 0a       	sbc	r15, r27
    4ed4:	81 e0       	ldi	r24, 0x01	; 1
    4ed6:	6f ce       	rjmp	.-802    	; 0x4bb6 <LCD_Grad_Fill_Rect+0x128>
    4ed8:	80 91 07 01 	lds	r24, 0x0107	; 0x800107 <KVB>
    4edc:	81 30       	cpi	r24, 0x01	; 1
    4ede:	71 f0       	breq	.+28     	; 0x4efc <LCD_Grad_Fill_Rect+0x46e>
    4ee0:	45 01       	movw	r8, r10
    4ee2:	3d 01       	movw	r6, r26
    4ee4:	82 e0       	ldi	r24, 0x02	; 2
    4ee6:	e7 cf       	rjmp	.-50     	; 0x4eb6 <LCD_Grad_Fill_Rect+0x428>
    4ee8:	80 90 0b 01 	lds	r8, 0x010B	; 0x80010b <KVB+0x4>
    4eec:	90 90 0c 01 	lds	r9, 0x010C	; 0x80010c <KVB+0x5>
    4ef0:	34 01       	movw	r6, r8
    4ef2:	6a 18       	sub	r6, r10
    4ef4:	7b 08       	sbc	r7, r11
    4ef6:	8a 1a       	sub	r8, r26
    4ef8:	9b 0a       	sbc	r9, r27
    4efa:	dc cf       	rjmp	.-72     	; 0x4eb4 <LCD_Grad_Fill_Rect+0x426>
    4efc:	80 90 0b 01 	lds	r8, 0x010B	; 0x80010b <KVB+0x4>
    4f00:	90 90 0c 01 	lds	r9, 0x010C	; 0x80010c <KVB+0x5>
    4f04:	34 01       	movw	r6, r8
    4f06:	6a 18       	sub	r6, r10
    4f08:	7b 08       	sbc	r7, r11
    4f0a:	8a 1a       	sub	r8, r26
    4f0c:	9b 0a       	sbc	r9, r27
    4f0e:	82 e0       	ldi	r24, 0x02	; 2
    4f10:	d2 cf       	rjmp	.-92     	; 0x4eb6 <LCD_Grad_Fill_Rect+0x428>
    4f12:	81 2c       	mov	r8, r1
    4f14:	91 2c       	mov	r9, r1
    4f16:	d1 2c       	mov	r13, r1
    4f18:	1c 86       	std	Y+12, r1	; 0x0c
    4f1a:	ac ce       	rjmp	.-680    	; 0x4c74 <LCD_Grad_Fill_Rect+0x1e6>

00004f1c <lcd_Set_TColor_RGB>:
    4f1c:	30 e0       	ldi	r19, 0x00	; 0
    4f1e:	f9 01       	movw	r30, r18
    4f20:	ee 0f       	add	r30, r30
    4f22:	ff 1f       	adc	r31, r31
    4f24:	e1 5f       	subi	r30, 0xF1	; 241
    4f26:	fe 4f       	sbci	r31, 0xFE	; 254
    4f28:	88 7f       	andi	r24, 0xF8	; 248
    4f2a:	96 2f       	mov	r25, r22
    4f2c:	92 95       	swap	r25
    4f2e:	96 95       	lsr	r25
    4f30:	97 70       	andi	r25, 0x07	; 7
    4f32:	89 2b       	or	r24, r25
    4f34:	80 83       	st	Z, r24
    4f36:	22 0f       	add	r18, r18
    4f38:	33 1f       	adc	r19, r19
    4f3a:	f9 01       	movw	r30, r18
    4f3c:	e9 5f       	subi	r30, 0xF9	; 249
    4f3e:	fe 4f       	sbci	r31, 0xFE	; 254
    4f40:	6c 71       	andi	r22, 0x1C	; 28
    4f42:	66 0f       	add	r22, r22
    4f44:	66 0f       	add	r22, r22
    4f46:	66 0f       	add	r22, r22
    4f48:	46 95       	lsr	r20
    4f4a:	46 95       	lsr	r20
    4f4c:	46 95       	lsr	r20
    4f4e:	64 2b       	or	r22, r20
    4f50:	67 83       	std	Z+7, r22	; 0x07
    4f52:	08 95       	ret

00004f54 <lcd_Set_TGradColor_RGB>:
    4f54:	cf 92       	push	r12
    4f56:	df 92       	push	r13
    4f58:	ef 92       	push	r14
    4f5a:	0f 93       	push	r16
    4f5c:	d1 2c       	mov	r13, r1
    4f5e:	f6 01       	movw	r30, r12
    4f60:	ee 0f       	add	r30, r30
    4f62:	ff 1f       	adc	r31, r31
    4f64:	ec 0d       	add	r30, r12
    4f66:	fd 1d       	adc	r31, r13
    4f68:	ee 0f       	add	r30, r30
    4f6a:	ff 1f       	adc	r31, r31
    4f6c:	e9 5f       	subi	r30, 0xF9	; 249
    4f6e:	fe 4f       	sbci	r31, 0xFE	; 254
    4f70:	88 7f       	andi	r24, 0xF8	; 248
    4f72:	87 8b       	std	Z+23, r24	; 0x17
    4f74:	6c 7f       	andi	r22, 0xFC	; 252
    4f76:	60 8f       	std	Z+24, r22	; 0x18
    4f78:	48 7f       	andi	r20, 0xF8	; 248
    4f7a:	41 8f       	std	Z+25, r20	; 0x19
    4f7c:	28 7f       	andi	r18, 0xF8	; 248
    4f7e:	22 8f       	std	Z+26, r18	; 0x1a
    4f80:	0c 7f       	andi	r16, 0xFC	; 252
    4f82:	03 8f       	std	Z+27, r16	; 0x1b
    4f84:	8e 2d       	mov	r24, r14
    4f86:	88 7f       	andi	r24, 0xF8	; 248
    4f88:	84 8f       	std	Z+28, r24	; 0x1c
    4f8a:	0f 91       	pop	r16
    4f8c:	ef 90       	pop	r14
    4f8e:	df 90       	pop	r13
    4f90:	cf 90       	pop	r12
    4f92:	08 95       	ret

00004f94 <Lcd_Fill_Screen>:
    4f94:	0f 93       	push	r16
    4f96:	94 98       	cbi	0x12, 4	; 18
    4f98:	e7 e0       	ldi	r30, 0x07	; 7
    4f9a:	f1 e0       	ldi	r31, 0x01	; 1
    4f9c:	24 81       	ldd	r18, Z+4	; 0x04
    4f9e:	35 81       	ldd	r19, Z+5	; 0x05
    4fa0:	42 81       	ldd	r20, Z+2	; 0x02
    4fa2:	53 81       	ldd	r21, Z+3	; 0x03
    4fa4:	08 2f       	mov	r16, r24
    4fa6:	60 e0       	ldi	r22, 0x00	; 0
    4fa8:	70 e0       	ldi	r23, 0x00	; 0
    4faa:	80 e0       	ldi	r24, 0x00	; 0
    4fac:	90 e0       	ldi	r25, 0x00	; 0
    4fae:	7a dc       	rcall	.-1804   	; 0x48a4 <LCD_Fast_Fill_Rect>
    4fb0:	94 9a       	sbi	0x12, 4	; 18
    4fb2:	0f 91       	pop	r16
    4fb4:	08 95       	ret

00004fb6 <Lcd_Grad_Fill_Screen>:
    4fb6:	af 92       	push	r10
    4fb8:	bf 92       	push	r11
    4fba:	cf 92       	push	r12
    4fbc:	df 92       	push	r13
    4fbe:	ef 92       	push	r14
    4fc0:	ff 92       	push	r15
    4fc2:	0f 93       	push	r16
    4fc4:	1f 93       	push	r17
    4fc6:	94 98       	cbi	0x12, 4	; 18
    4fc8:	e7 e0       	ldi	r30, 0x07	; 7
    4fca:	f1 e0       	ldi	r31, 0x01	; 1
    4fcc:	a4 80       	ldd	r10, Z+4	; 0x04
    4fce:	b5 80       	ldd	r11, Z+5	; 0x05
    4fd0:	c2 80       	ldd	r12, Z+2	; 0x02
    4fd2:	d3 80       	ldd	r13, Z+3	; 0x03
    4fd4:	e1 2c       	mov	r14, r1
    4fd6:	f1 2c       	mov	r15, r1
    4fd8:	00 e0       	ldi	r16, 0x00	; 0
    4fda:	10 e0       	ldi	r17, 0x00	; 0
    4fdc:	58 dd       	rcall	.-1360   	; 0x4a8e <LCD_Grad_Fill_Rect>
    4fde:	94 9a       	sbi	0x12, 4	; 18
    4fe0:	1f 91       	pop	r17
    4fe2:	0f 91       	pop	r16
    4fe4:	ff 90       	pop	r15
    4fe6:	ef 90       	pop	r14
    4fe8:	df 90       	pop	r13
    4fea:	cf 90       	pop	r12
    4fec:	bf 90       	pop	r11
    4fee:	af 90       	pop	r10
    4ff0:	08 95       	ret

00004ff2 <Lcd_Grad_FillRect>:
    4ff2:	af 92       	push	r10
    4ff4:	bf 92       	push	r11
    4ff6:	cf 92       	push	r12
    4ff8:	df 92       	push	r13
    4ffa:	ef 92       	push	r14
    4ffc:	ff 92       	push	r15
    4ffe:	0f 93       	push	r16
    5000:	1f 93       	push	r17
    5002:	9e 2d       	mov	r25, r14
    5004:	ac 2d       	mov	r26, r12
    5006:	ba 2d       	mov	r27, r10
    5008:	21 15       	cp	r18, r1
    500a:	31 05       	cpc	r19, r1
    500c:	11 f0       	breq	.+4      	; 0x5012 <Lcd_Grad_FillRect+0x20>
    500e:	21 50       	subi	r18, 0x01	; 1
    5010:	31 09       	sbc	r19, r1
    5012:	01 15       	cp	r16, r1
    5014:	11 05       	cpc	r17, r1
    5016:	11 f0       	breq	.+4      	; 0x501c <Lcd_Grad_FillRect+0x2a>
    5018:	01 50       	subi	r16, 0x01	; 1
    501a:	11 09       	sbc	r17, r1
    501c:	69 01       	movw	r12, r18
    501e:	c6 0e       	add	r12, r22
    5020:	d7 1e       	adc	r13, r23
    5022:	e0 91 09 01 	lds	r30, 0x0109	; 0x800109 <KVB+0x2>
    5026:	f0 91 0a 01 	lds	r31, 0x010A	; 0x80010a <KVB+0x3>
    502a:	ec 15       	cp	r30, r12
    502c:	fd 05       	cpc	r31, r13
    502e:	50 f0       	brcs	.+20     	; 0x5044 <Lcd_Grad_FillRect+0x52>
    5030:	58 01       	movw	r10, r16
    5032:	a4 0e       	add	r10, r20
    5034:	b5 1e       	adc	r11, r21
    5036:	e0 91 0b 01 	lds	r30, 0x010B	; 0x80010b <KVB+0x4>
    503a:	f0 91 0c 01 	lds	r31, 0x010C	; 0x80010c <KVB+0x5>
    503e:	ea 15       	cp	r30, r10
    5040:	fb 05       	cpc	r31, r11
    5042:	48 f4       	brcc	.+18     	; 0x5056 <Lcd_Grad_FillRect+0x64>
    5044:	1f 91       	pop	r17
    5046:	0f 91       	pop	r16
    5048:	ff 90       	pop	r15
    504a:	ef 90       	pop	r14
    504c:	df 90       	pop	r13
    504e:	cf 90       	pop	r12
    5050:	bf 90       	pop	r11
    5052:	af 90       	pop	r10
    5054:	08 95       	ret
    5056:	94 98       	cbi	0x12, 4	; 18
    5058:	7a 01       	movw	r14, r20
    505a:	8b 01       	movw	r16, r22
    505c:	2b 2f       	mov	r18, r27
    505e:	4a 2f       	mov	r20, r26
    5060:	69 2f       	mov	r22, r25
    5062:	15 dd       	rcall	.-1494   	; 0x4a8e <LCD_Grad_Fill_Rect>
    5064:	94 9a       	sbi	0x12, 4	; 18
    5066:	ee cf       	rjmp	.-36     	; 0x5044 <Lcd_Grad_FillRect+0x52>

00005068 <Lcd_Fill_Screen_Ver_Scroll>:
    5068:	9f 92       	push	r9
    506a:	af 92       	push	r10
    506c:	bf 92       	push	r11
    506e:	cf 92       	push	r12
    5070:	df 92       	push	r13
    5072:	ef 92       	push	r14
    5074:	ff 92       	push	r15
    5076:	0f 93       	push	r16
    5078:	1f 93       	push	r17
    507a:	cf 93       	push	r28
    507c:	df 93       	push	r29
    507e:	18 2f       	mov	r17, r24
    5080:	96 2e       	mov	r9, r22
    5082:	e0 90 09 01 	lds	r14, 0x0109	; 0x800109 <KVB+0x2>
    5086:	f0 90 0a 01 	lds	r15, 0x010A	; 0x80010a <KVB+0x3>
    508a:	8f ef       	ldi	r24, 0xFF	; 255
    508c:	e8 1a       	sub	r14, r24
    508e:	f8 0a       	sbc	r15, r24
    5090:	c0 90 0b 01 	lds	r12, 0x010B	; 0x80010b <KVB+0x4>
    5094:	d0 90 0c 01 	lds	r13, 0x010C	; 0x80010c <KVB+0x5>
    5098:	9f ef       	ldi	r25, 0xFF	; 255
    509a:	c9 1a       	sub	r12, r25
    509c:	d9 0a       	sbc	r13, r25
    509e:	80 91 0d 01 	lds	r24, 0x010D	; 0x80010d <KVB+0x6>
    50a2:	40 e0       	ldi	r20, 0x00	; 0
    50a4:	50 e0       	ldi	r21, 0x00	; 0
    50a6:	82 30       	cpi	r24, 0x02	; 2
    50a8:	08 f4       	brcc	.+2      	; 0x50ac <Lcd_Fill_Screen_Ver_Scroll+0x44>
    50aa:	69 c0       	rjmp	.+210    	; 0x517e <Lcd_Fill_Screen_Ver_Scroll+0x116>
    50ac:	b7 01       	movw	r22, r14
    50ae:	80 e0       	ldi	r24, 0x00	; 0
    50b0:	90 e0       	ldi	r25, 0x00	; 0
    50b2:	bf da       	rcall	.-2690   	; 0x4632 <LCD_INIT_VER_SCROLL>
    50b4:	80 91 08 01 	lds	r24, 0x0108	; 0x800108 <KVB+0x1>
    50b8:	81 11       	cpse	r24, r1
    50ba:	51 c0       	rjmp	.+162    	; 0x515e <Lcd_Fill_Screen_Ver_Scroll+0xf6>
    50bc:	80 91 0d 01 	lds	r24, 0x010D	; 0x80010d <KVB+0x6>
    50c0:	c0 e0       	ldi	r28, 0x00	; 0
    50c2:	d0 e0       	ldi	r29, 0x00	; 0
    50c4:	82 30       	cpi	r24, 0x02	; 2
    50c6:	d0 f1       	brcs	.+116    	; 0x513c <Lcd_Fill_Screen_Ver_Scroll+0xd4>
    50c8:	09 2d       	mov	r16, r9
    50ca:	96 01       	movw	r18, r12
    50cc:	41 e0       	ldi	r20, 0x01	; 1
    50ce:	50 e0       	ldi	r21, 0x00	; 0
    50d0:	60 e0       	ldi	r22, 0x00	; 0
    50d2:	70 e0       	ldi	r23, 0x00	; 0
    50d4:	11 11       	cpse	r17, r1
    50d6:	18 c0       	rjmp	.+48     	; 0x5108 <Lcd_Fill_Screen_Ver_Scroll+0xa0>
    50d8:	ce 01       	movw	r24, r28
    50da:	01 97       	sbiw	r24, 0x01	; 1
    50dc:	0e 94 a1 32 	call	0x6542	; 0x6542 <Lcd_FillRect>
    50e0:	ce 01       	movw	r24, r28
    50e2:	c2 da       	rcall	.-2684   	; 0x4668 <LCD_MOVE_VER_OFFSET>
    50e4:	8f e9       	ldi	r24, 0x9F	; 159
    50e6:	9f e0       	ldi	r25, 0x0F	; 15
    50e8:	01 97       	sbiw	r24, 0x01	; 1
    50ea:	f1 f7       	brne	.-4      	; 0x50e8 <Lcd_Fill_Screen_Ver_Scroll+0x80>
    50ec:	00 c0       	rjmp	.+0      	; 0x50ee <Lcd_Fill_Screen_Ver_Scroll+0x86>
    50ee:	00 00       	nop
    50f0:	21 96       	adiw	r28, 0x01	; 1
    50f2:	ec 16       	cp	r14, r28
    50f4:	fd 06       	cpc	r15, r29
    50f6:	a8 f1       	brcs	.+106    	; 0x5162 <Lcd_Fill_Screen_Ver_Scroll+0xfa>
    50f8:	09 2d       	mov	r16, r9
    50fa:	96 01       	movw	r18, r12
    50fc:	41 e0       	ldi	r20, 0x01	; 1
    50fe:	50 e0       	ldi	r21, 0x00	; 0
    5100:	60 e0       	ldi	r22, 0x00	; 0
    5102:	70 e0       	ldi	r23, 0x00	; 0
    5104:	11 23       	and	r17, r17
    5106:	41 f3       	breq	.-48     	; 0x50d8 <Lcd_Fill_Screen_Ver_Scroll+0x70>
    5108:	57 01       	movw	r10, r14
    510a:	ac 1a       	sub	r10, r28
    510c:	bd 0a       	sbc	r11, r29
    510e:	c5 01       	movw	r24, r10
    5110:	0e 94 a1 32 	call	0x6542	; 0x6542 <Lcd_FillRect>
    5114:	c5 01       	movw	r24, r10
    5116:	a8 da       	rcall	.-2736   	; 0x4668 <LCD_MOVE_VER_OFFSET>
    5118:	e5 cf       	rjmp	.-54     	; 0x50e4 <Lcd_Fill_Screen_Ver_Scroll+0x7c>
    511a:	be 01       	movw	r22, r28
    511c:	80 e0       	ldi	r24, 0x00	; 0
    511e:	90 e0       	ldi	r25, 0x00	; 0
    5120:	0e 94 a1 32 	call	0x6542	; 0x6542 <Lcd_FillRect>
    5124:	ce 01       	movw	r24, r28
    5126:	a0 da       	rcall	.-2752   	; 0x4668 <LCD_MOVE_VER_OFFSET>
    5128:	8f e9       	ldi	r24, 0x9F	; 159
    512a:	9f e0       	ldi	r25, 0x0F	; 15
    512c:	01 97       	sbiw	r24, 0x01	; 1
    512e:	f1 f7       	brne	.-4      	; 0x512c <Lcd_Fill_Screen_Ver_Scroll+0xc4>
    5130:	00 c0       	rjmp	.+0      	; 0x5132 <Lcd_Fill_Screen_Ver_Scroll+0xca>
    5132:	00 00       	nop
    5134:	21 96       	adiw	r28, 0x01	; 1
    5136:	cc 16       	cp	r12, r28
    5138:	dd 06       	cpc	r13, r29
    513a:	98 f0       	brcs	.+38     	; 0x5162 <Lcd_Fill_Screen_Ver_Scroll+0xfa>
    513c:	09 2d       	mov	r16, r9
    513e:	21 e0       	ldi	r18, 0x01	; 1
    5140:	30 e0       	ldi	r19, 0x00	; 0
    5142:	a7 01       	movw	r20, r14
    5144:	11 23       	and	r17, r17
    5146:	49 f3       	breq	.-46     	; 0x511a <Lcd_Fill_Screen_Ver_Scroll+0xb2>
    5148:	56 01       	movw	r10, r12
    514a:	ac 1a       	sub	r10, r28
    514c:	bd 0a       	sbc	r11, r29
    514e:	b5 01       	movw	r22, r10
    5150:	80 e0       	ldi	r24, 0x00	; 0
    5152:	90 e0       	ldi	r25, 0x00	; 0
    5154:	0e 94 a1 32 	call	0x6542	; 0x6542 <Lcd_FillRect>
    5158:	c5 01       	movw	r24, r10
    515a:	86 da       	rcall	.-2804   	; 0x4668 <LCD_MOVE_VER_OFFSET>
    515c:	e5 cf       	rjmp	.-54     	; 0x5128 <Lcd_Fill_Screen_Ver_Scroll+0xc0>
    515e:	81 30       	cpi	r24, 0x01	; 1
    5160:	99 f0       	breq	.+38     	; 0x5188 <Lcd_Fill_Screen_Ver_Scroll+0x120>
    5162:	80 e0       	ldi	r24, 0x00	; 0
    5164:	90 e0       	ldi	r25, 0x00	; 0
    5166:	df 91       	pop	r29
    5168:	cf 91       	pop	r28
    516a:	1f 91       	pop	r17
    516c:	0f 91       	pop	r16
    516e:	ff 90       	pop	r15
    5170:	ef 90       	pop	r14
    5172:	df 90       	pop	r13
    5174:	cf 90       	pop	r12
    5176:	bf 90       	pop	r11
    5178:	af 90       	pop	r10
    517a:	9f 90       	pop	r9
    517c:	75 ca       	rjmp	.-2838   	; 0x4668 <LCD_MOVE_VER_OFFSET>
    517e:	b6 01       	movw	r22, r12
    5180:	80 e0       	ldi	r24, 0x00	; 0
    5182:	90 e0       	ldi	r25, 0x00	; 0
    5184:	56 da       	rcall	.-2900   	; 0x4632 <LCD_INIT_VER_SCROLL>
    5186:	96 cf       	rjmp	.-212    	; 0x50b4 <Lcd_Fill_Screen_Ver_Scroll+0x4c>
    5188:	80 91 0d 01 	lds	r24, 0x010D	; 0x80010d <KVB+0x6>
    518c:	81 11       	cpse	r24, r1
    518e:	27 c0       	rjmp	.+78     	; 0x51de <Lcd_Fill_Screen_Ver_Scroll+0x176>
    5190:	c0 e0       	ldi	r28, 0x00	; 0
    5192:	d0 e0       	ldi	r29, 0x00	; 0
    5194:	13 c0       	rjmp	.+38     	; 0x51bc <Lcd_Fill_Screen_Ver_Scroll+0x154>
    5196:	be 01       	movw	r22, r28
    5198:	61 50       	subi	r22, 0x01	; 1
    519a:	71 09       	sbc	r23, r1
    519c:	80 e0       	ldi	r24, 0x00	; 0
    519e:	90 e0       	ldi	r25, 0x00	; 0
    51a0:	0e 94 a1 32 	call	0x6542	; 0x6542 <Lcd_FillRect>
    51a4:	ce 01       	movw	r24, r28
    51a6:	60 da       	rcall	.-2880   	; 0x4668 <LCD_MOVE_VER_OFFSET>
    51a8:	8f e9       	ldi	r24, 0x9F	; 159
    51aa:	9f e0       	ldi	r25, 0x0F	; 15
    51ac:	01 97       	sbiw	r24, 0x01	; 1
    51ae:	f1 f7       	brne	.-4      	; 0x51ac <Lcd_Fill_Screen_Ver_Scroll+0x144>
    51b0:	00 c0       	rjmp	.+0      	; 0x51b2 <Lcd_Fill_Screen_Ver_Scroll+0x14a>
    51b2:	00 00       	nop
    51b4:	21 96       	adiw	r28, 0x01	; 1
    51b6:	cc 16       	cp	r12, r28
    51b8:	dd 06       	cpc	r13, r29
    51ba:	98 f2       	brcs	.-90     	; 0x5162 <Lcd_Fill_Screen_Ver_Scroll+0xfa>
    51bc:	09 2d       	mov	r16, r9
    51be:	21 e0       	ldi	r18, 0x01	; 1
    51c0:	30 e0       	ldi	r19, 0x00	; 0
    51c2:	a7 01       	movw	r20, r14
    51c4:	11 23       	and	r17, r17
    51c6:	39 f3       	breq	.-50     	; 0x5196 <Lcd_Fill_Screen_Ver_Scroll+0x12e>
    51c8:	56 01       	movw	r10, r12
    51ca:	ac 1a       	sub	r10, r28
    51cc:	bd 0a       	sbc	r11, r29
    51ce:	b5 01       	movw	r22, r10
    51d0:	80 e0       	ldi	r24, 0x00	; 0
    51d2:	90 e0       	ldi	r25, 0x00	; 0
    51d4:	0e 94 a1 32 	call	0x6542	; 0x6542 <Lcd_FillRect>
    51d8:	c5 01       	movw	r24, r10
    51da:	46 da       	rcall	.-2932   	; 0x4668 <LCD_MOVE_VER_OFFSET>
    51dc:	e5 cf       	rjmp	.-54     	; 0x51a8 <Lcd_Fill_Screen_Ver_Scroll+0x140>
    51de:	81 30       	cpi	r24, 0x01	; 1
    51e0:	09 f4       	brne	.+2      	; 0x51e4 <Lcd_Fill_Screen_Ver_Scroll+0x17c>
    51e2:	4f c0       	rjmp	.+158    	; 0x5282 <Lcd_Fill_Screen_Ver_Scroll+0x21a>
    51e4:	82 30       	cpi	r24, 0x02	; 2
    51e6:	39 f1       	breq	.+78     	; 0x5236 <Lcd_Fill_Screen_Ver_Scroll+0x1ce>
    51e8:	83 30       	cpi	r24, 0x03	; 3
    51ea:	09 f0       	breq	.+2      	; 0x51ee <Lcd_Fill_Screen_Ver_Scroll+0x186>
    51ec:	ba cf       	rjmp	.-140    	; 0x5162 <Lcd_Fill_Screen_Ver_Scroll+0xfa>
    51ee:	c0 e0       	ldi	r28, 0x00	; 0
    51f0:	d0 e0       	ldi	r29, 0x00	; 0
    51f2:	10 c0       	rjmp	.+32     	; 0x5214 <Lcd_Fill_Screen_Ver_Scroll+0x1ac>
    51f4:	ce 01       	movw	r24, r28
    51f6:	0e 94 a1 32 	call	0x6542	; 0x6542 <Lcd_FillRect>
    51fa:	ce 01       	movw	r24, r28
    51fc:	35 da       	rcall	.-2966   	; 0x4668 <LCD_MOVE_VER_OFFSET>
    51fe:	8f e9       	ldi	r24, 0x9F	; 159
    5200:	9f e0       	ldi	r25, 0x0F	; 15
    5202:	01 97       	sbiw	r24, 0x01	; 1
    5204:	f1 f7       	brne	.-4      	; 0x5202 <Lcd_Fill_Screen_Ver_Scroll+0x19a>
    5206:	00 c0       	rjmp	.+0      	; 0x5208 <Lcd_Fill_Screen_Ver_Scroll+0x1a0>
    5208:	00 00       	nop
    520a:	21 96       	adiw	r28, 0x01	; 1
    520c:	ec 16       	cp	r14, r28
    520e:	fd 06       	cpc	r15, r29
    5210:	08 f4       	brcc	.+2      	; 0x5214 <Lcd_Fill_Screen_Ver_Scroll+0x1ac>
    5212:	a7 cf       	rjmp	.-178    	; 0x5162 <Lcd_Fill_Screen_Ver_Scroll+0xfa>
    5214:	09 2d       	mov	r16, r9
    5216:	96 01       	movw	r18, r12
    5218:	41 e0       	ldi	r20, 0x01	; 1
    521a:	50 e0       	ldi	r21, 0x00	; 0
    521c:	60 e0       	ldi	r22, 0x00	; 0
    521e:	70 e0       	ldi	r23, 0x00	; 0
    5220:	11 23       	and	r17, r17
    5222:	41 f3       	breq	.-48     	; 0x51f4 <Lcd_Fill_Screen_Ver_Scroll+0x18c>
    5224:	57 01       	movw	r10, r14
    5226:	ac 1a       	sub	r10, r28
    5228:	bd 0a       	sbc	r11, r29
    522a:	c5 01       	movw	r24, r10
    522c:	0e 94 a1 32 	call	0x6542	; 0x6542 <Lcd_FillRect>
    5230:	c5 01       	movw	r24, r10
    5232:	1a da       	rcall	.-3020   	; 0x4668 <LCD_MOVE_VER_OFFSET>
    5234:	e4 cf       	rjmp	.-56     	; 0x51fe <Lcd_Fill_Screen_Ver_Scroll+0x196>
    5236:	57 01       	movw	r10, r14
    5238:	c0 e0       	ldi	r28, 0x00	; 0
    523a:	d0 e0       	ldi	r29, 0x00	; 0
    523c:	14 c0       	rjmp	.+40     	; 0x5266 <Lcd_Fill_Screen_Ver_Scroll+0x1fe>
    523e:	ce 01       	movw	r24, r28
    5240:	01 97       	sbiw	r24, 0x01	; 1
    5242:	0e 94 a1 32 	call	0x6542	; 0x6542 <Lcd_FillRect>
    5246:	c5 01       	movw	r24, r10
    5248:	0f da       	rcall	.-3042   	; 0x4668 <LCD_MOVE_VER_OFFSET>
    524a:	8f e9       	ldi	r24, 0x9F	; 159
    524c:	9f e0       	ldi	r25, 0x0F	; 15
    524e:	01 97       	sbiw	r24, 0x01	; 1
    5250:	f1 f7       	brne	.-4      	; 0x524e <Lcd_Fill_Screen_Ver_Scroll+0x1e6>
    5252:	00 c0       	rjmp	.+0      	; 0x5254 <Lcd_Fill_Screen_Ver_Scroll+0x1ec>
    5254:	00 00       	nop
    5256:	21 96       	adiw	r28, 0x01	; 1
    5258:	91 e0       	ldi	r25, 0x01	; 1
    525a:	a9 1a       	sub	r10, r25
    525c:	b1 08       	sbc	r11, r1
    525e:	ec 16       	cp	r14, r28
    5260:	fd 06       	cpc	r15, r29
    5262:	08 f4       	brcc	.+2      	; 0x5266 <Lcd_Fill_Screen_Ver_Scroll+0x1fe>
    5264:	7e cf       	rjmp	.-260    	; 0x5162 <Lcd_Fill_Screen_Ver_Scroll+0xfa>
    5266:	09 2d       	mov	r16, r9
    5268:	96 01       	movw	r18, r12
    526a:	41 e0       	ldi	r20, 0x01	; 1
    526c:	50 e0       	ldi	r21, 0x00	; 0
    526e:	60 e0       	ldi	r22, 0x00	; 0
    5270:	70 e0       	ldi	r23, 0x00	; 0
    5272:	11 23       	and	r17, r17
    5274:	21 f3       	breq	.-56     	; 0x523e <Lcd_Fill_Screen_Ver_Scroll+0x1d6>
    5276:	c5 01       	movw	r24, r10
    5278:	0e 94 a1 32 	call	0x6542	; 0x6542 <Lcd_FillRect>
    527c:	ce 01       	movw	r24, r28
    527e:	f4 d9       	rcall	.-3096   	; 0x4668 <LCD_MOVE_VER_OFFSET>
    5280:	e4 cf       	rjmp	.-56     	; 0x524a <Lcd_Fill_Screen_Ver_Scroll+0x1e2>
    5282:	56 01       	movw	r10, r12
    5284:	c0 e0       	ldi	r28, 0x00	; 0
    5286:	d0 e0       	ldi	r29, 0x00	; 0
    5288:	17 c0       	rjmp	.+46     	; 0x52b8 <Lcd_Fill_Screen_Ver_Scroll+0x250>
    528a:	be 01       	movw	r22, r28
    528c:	61 50       	subi	r22, 0x01	; 1
    528e:	71 09       	sbc	r23, r1
    5290:	80 e0       	ldi	r24, 0x00	; 0
    5292:	90 e0       	ldi	r25, 0x00	; 0
    5294:	0e 94 a1 32 	call	0x6542	; 0x6542 <Lcd_FillRect>
    5298:	c5 01       	movw	r24, r10
    529a:	e6 d9       	rcall	.-3124   	; 0x4668 <LCD_MOVE_VER_OFFSET>
    529c:	8f e9       	ldi	r24, 0x9F	; 159
    529e:	9f e0       	ldi	r25, 0x0F	; 15
    52a0:	01 97       	sbiw	r24, 0x01	; 1
    52a2:	f1 f7       	brne	.-4      	; 0x52a0 <Lcd_Fill_Screen_Ver_Scroll+0x238>
    52a4:	00 c0       	rjmp	.+0      	; 0x52a6 <Lcd_Fill_Screen_Ver_Scroll+0x23e>
    52a6:	00 00       	nop
    52a8:	21 96       	adiw	r28, 0x01	; 1
    52aa:	91 e0       	ldi	r25, 0x01	; 1
    52ac:	a9 1a       	sub	r10, r25
    52ae:	b1 08       	sbc	r11, r1
    52b0:	cc 16       	cp	r12, r28
    52b2:	dd 06       	cpc	r13, r29
    52b4:	08 f4       	brcc	.+2      	; 0x52b8 <Lcd_Fill_Screen_Ver_Scroll+0x250>
    52b6:	55 cf       	rjmp	.-342    	; 0x5162 <Lcd_Fill_Screen_Ver_Scroll+0xfa>
    52b8:	09 2d       	mov	r16, r9
    52ba:	21 e0       	ldi	r18, 0x01	; 1
    52bc:	30 e0       	ldi	r19, 0x00	; 0
    52be:	a7 01       	movw	r20, r14
    52c0:	11 23       	and	r17, r17
    52c2:	19 f3       	breq	.-58     	; 0x528a <Lcd_Fill_Screen_Ver_Scroll+0x222>
    52c4:	b5 01       	movw	r22, r10
    52c6:	80 e0       	ldi	r24, 0x00	; 0
    52c8:	90 e0       	ldi	r25, 0x00	; 0
    52ca:	0e 94 a1 32 	call	0x6542	; 0x6542 <Lcd_FillRect>
    52ce:	ce 01       	movw	r24, r28
    52d0:	cb d9       	rcall	.-3178   	; 0x4668 <LCD_MOVE_VER_OFFSET>
    52d2:	e4 cf       	rjmp	.-56     	; 0x529c <Lcd_Fill_Screen_Ver_Scroll+0x234>

000052d4 <Lcd_Line1>:
    52d4:	2f 92       	push	r2
    52d6:	3f 92       	push	r3
    52d8:	4f 92       	push	r4
    52da:	5f 92       	push	r5
    52dc:	6f 92       	push	r6
    52de:	7f 92       	push	r7
    52e0:	8f 92       	push	r8
    52e2:	9f 92       	push	r9
    52e4:	af 92       	push	r10
    52e6:	bf 92       	push	r11
    52e8:	cf 92       	push	r12
    52ea:	df 92       	push	r13
    52ec:	ef 92       	push	r14
    52ee:	ff 92       	push	r15
    52f0:	0f 93       	push	r16
    52f2:	1f 93       	push	r17
    52f4:	cf 93       	push	r28
    52f6:	df 93       	push	r29
    52f8:	00 d0       	rcall	.+0      	; 0x52fa <Lcd_Line1+0x26>
    52fa:	00 d0       	rcall	.+0      	; 0x52fc <Lcd_Line1+0x28>
    52fc:	cd b7       	in	r28, 0x3d	; 61
    52fe:	de b7       	in	r29, 0x3e	; 62
    5300:	a0 91 09 01 	lds	r26, 0x0109	; 0x800109 <KVB+0x2>
    5304:	b0 91 0a 01 	lds	r27, 0x010A	; 0x80010a <KVB+0x3>
    5308:	4d 01       	movw	r8, r26
    530a:	8a 17       	cp	r24, r26
    530c:	9b 07       	cpc	r25, r27
    530e:	08 f4       	brcc	.+2      	; 0x5312 <Lcd_Line1+0x3e>
    5310:	4c 01       	movw	r8, r24
    5312:	ba 83       	std	Y+2, r27	; 0x02
    5314:	a9 83       	std	Y+1, r26	; 0x01
    5316:	4a 17       	cp	r20, r26
    5318:	5b 07       	cpc	r21, r27
    531a:	10 f4       	brcc	.+4      	; 0x5320 <Lcd_Line1+0x4c>
    531c:	5a 83       	std	Y+2, r21	; 0x02
    531e:	49 83       	std	Y+1, r20	; 0x01
    5320:	e0 91 0b 01 	lds	r30, 0x010B	; 0x80010b <KVB+0x4>
    5324:	f0 91 0c 01 	lds	r31, 0x010C	; 0x80010c <KVB+0x5>
    5328:	cf 01       	movw	r24, r30
    532a:	6e 17       	cp	r22, r30
    532c:	7f 07       	cpc	r23, r31
    532e:	08 f4       	brcc	.+2      	; 0x5332 <Lcd_Line1+0x5e>
    5330:	cb 01       	movw	r24, r22
    5332:	2e 17       	cp	r18, r30
    5334:	3f 07       	cpc	r19, r31
    5336:	08 f4       	brcc	.+2      	; 0x533a <Lcd_Line1+0x66>
    5338:	f9 01       	movw	r30, r18
    533a:	29 80       	ldd	r2, Y+1	; 0x01
    533c:	3a 80       	ldd	r3, Y+2	; 0x02
    533e:	82 14       	cp	r8, r2
    5340:	93 04       	cpc	r9, r3
    5342:	08 f0       	brcs	.+2      	; 0x5346 <Lcd_Line1+0x72>
    5344:	d2 c0       	rjmp	.+420    	; 0x54ea <Lcd_Line1+0x216>
    5346:	28 18       	sub	r2, r8
    5348:	39 08       	sbc	r3, r9
    534a:	3c 82       	std	Y+4, r3	; 0x04
    534c:	2b 82       	std	Y+3, r2	; 0x03
    534e:	ee 24       	eor	r14, r14
    5350:	e3 94       	inc	r14
    5352:	f1 2c       	mov	r15, r1
    5354:	8e 17       	cp	r24, r30
    5356:	9f 07       	cpc	r25, r31
    5358:	08 f0       	brcs	.+2      	; 0x535c <Lcd_Line1+0x88>
    535a:	c0 c0       	rjmp	.+384    	; 0x54dc <Lcd_Line1+0x208>
    535c:	bf 01       	movw	r22, r30
    535e:	68 1b       	sub	r22, r24
    5360:	79 0b       	sbc	r23, r25
    5362:	cc 24       	eor	r12, r12
    5364:	c3 94       	inc	r12
    5366:	d1 2c       	mov	r13, r1
    5368:	10 e0       	ldi	r17, 0x00	; 0
    536a:	98 01       	movw	r18, r16
    536c:	22 0f       	add	r18, r18
    536e:	33 1f       	adc	r19, r19
    5370:	21 5f       	subi	r18, 0xF1	; 241
    5372:	3e 4f       	sbci	r19, 0xFE	; 254
    5374:	d9 01       	movw	r26, r18
    5376:	ac 90       	ld	r10, X
    5378:	00 0f       	add	r16, r16
    537a:	11 1f       	adc	r17, r17
    537c:	09 5f       	subi	r16, 0xF9	; 249
    537e:	1e 4f       	sbci	r17, 0xFE	; 254
    5380:	d8 01       	movw	r26, r16
    5382:	17 96       	adiw	r26, 0x07	; 7
    5384:	bc 90       	ld	r11, X
    5386:	94 98       	cbi	0x12, 4	; 18
    5388:	2b 80       	ldd	r2, Y+3	; 0x03
    538a:	3c 80       	ldd	r3, Y+4	; 0x04
    538c:	23 28       	or	r2, r3
    538e:	09 f0       	breq	.+2      	; 0x5392 <Lcd_Line1+0xbe>
    5390:	59 c0       	rjmp	.+178    	; 0x5444 <Lcd_Line1+0x170>
    5392:	09 81       	ldd	r16, Y+1	; 0x01
    5394:	1a 81       	ldd	r17, Y+2	; 0x02
    5396:	08 15       	cp	r16, r8
    5398:	19 05       	cpc	r17, r9
    539a:	28 f4       	brcc	.+10     	; 0x53a6 <Lcd_Line1+0xd2>
    539c:	38 2d       	mov	r19, r8
    539e:	29 2d       	mov	r18, r9
    53a0:	48 01       	movw	r8, r16
    53a2:	39 83       	std	Y+1, r19	; 0x01
    53a4:	2a 83       	std	Y+2, r18	; 0x02
    53a6:	e8 17       	cp	r30, r24
    53a8:	f9 07       	cpc	r31, r25
    53aa:	08 f4       	brcc	.+2      	; 0x53ae <Lcd_Line1+0xda>
    53ac:	2a c1       	rjmp	.+596    	; 0x5602 <Lcd_Line1+0x32e>
    53ae:	97 98       	cbi	0x12, 7	; 18
    53b0:	2a e2       	ldi	r18, 0x2A	; 42
    53b2:	25 bb       	out	0x15, r18	; 21
    53b4:	96 98       	cbi	0x12, 6	; 18
    53b6:	96 9a       	sbi	0x12, 6	; 18
    53b8:	97 9a       	sbi	0x12, 7	; 18
    53ba:	95 ba       	out	0x15, r9	; 21
    53bc:	96 98       	cbi	0x12, 6	; 18
    53be:	96 9a       	sbi	0x12, 6	; 18
    53c0:	85 ba       	out	0x15, r8	; 21
    53c2:	96 98       	cbi	0x12, 6	; 18
    53c4:	96 9a       	sbi	0x12, 6	; 18
    53c6:	1a 81       	ldd	r17, Y+2	; 0x02
    53c8:	15 bb       	out	0x15, r17	; 21
    53ca:	96 98       	cbi	0x12, 6	; 18
    53cc:	96 9a       	sbi	0x12, 6	; 18
    53ce:	29 81       	ldd	r18, Y+1	; 0x01
    53d0:	25 bb       	out	0x15, r18	; 21
    53d2:	96 98       	cbi	0x12, 6	; 18
    53d4:	96 9a       	sbi	0x12, 6	; 18
    53d6:	97 98       	cbi	0x12, 7	; 18
    53d8:	2b e2       	ldi	r18, 0x2B	; 43
    53da:	25 bb       	out	0x15, r18	; 21
    53dc:	96 98       	cbi	0x12, 6	; 18
    53de:	96 9a       	sbi	0x12, 6	; 18
    53e0:	97 9a       	sbi	0x12, 7	; 18
    53e2:	95 bb       	out	0x15, r25	; 21
    53e4:	96 98       	cbi	0x12, 6	; 18
    53e6:	96 9a       	sbi	0x12, 6	; 18
    53e8:	85 bb       	out	0x15, r24	; 21
    53ea:	96 98       	cbi	0x12, 6	; 18
    53ec:	96 9a       	sbi	0x12, 6	; 18
    53ee:	f5 bb       	out	0x15, r31	; 21
    53f0:	96 98       	cbi	0x12, 6	; 18
    53f2:	96 9a       	sbi	0x12, 6	; 18
    53f4:	e5 bb       	out	0x15, r30	; 21
    53f6:	96 98       	cbi	0x12, 6	; 18
    53f8:	96 9a       	sbi	0x12, 6	; 18
    53fa:	97 98       	cbi	0x12, 7	; 18
    53fc:	8c e2       	ldi	r24, 0x2C	; 44
    53fe:	85 bb       	out	0x15, r24	; 21
    5400:	96 98       	cbi	0x12, 6	; 18
    5402:	96 9a       	sbi	0x12, 6	; 18
    5404:	97 9a       	sbi	0x12, 7	; 18
    5406:	ab ba       	out	0x1b, r10	; 27
    5408:	b5 ba       	out	0x15, r11	; 21
    540a:	96 98       	cbi	0x12, 6	; 18
    540c:	96 9a       	sbi	0x12, 6	; 18
    540e:	61 50       	subi	r22, 0x01	; 1
    5410:	71 09       	sbc	r23, r1
    5412:	d8 f7       	brcc	.-10     	; 0x540a <Lcd_Line1+0x136>
    5414:	94 9a       	sbi	0x12, 4	; 18
    5416:	0f 90       	pop	r0
    5418:	0f 90       	pop	r0
    541a:	0f 90       	pop	r0
    541c:	0f 90       	pop	r0
    541e:	df 91       	pop	r29
    5420:	cf 91       	pop	r28
    5422:	1f 91       	pop	r17
    5424:	0f 91       	pop	r16
    5426:	ff 90       	pop	r15
    5428:	ef 90       	pop	r14
    542a:	df 90       	pop	r13
    542c:	cf 90       	pop	r12
    542e:	bf 90       	pop	r11
    5430:	af 90       	pop	r10
    5432:	9f 90       	pop	r9
    5434:	8f 90       	pop	r8
    5436:	7f 90       	pop	r7
    5438:	6f 90       	pop	r6
    543a:	5f 90       	pop	r5
    543c:	4f 90       	pop	r4
    543e:	3f 90       	pop	r3
    5440:	2f 90       	pop	r2
    5442:	08 95       	ret
    5444:	61 15       	cp	r22, r1
    5446:	71 05       	cpc	r23, r1
    5448:	09 f0       	breq	.+2      	; 0x544c <Lcd_Line1+0x178>
    544a:	5a c0       	rjmp	.+180    	; 0x5500 <Lcd_Line1+0x22c>
    544c:	49 81       	ldd	r20, Y+1	; 0x01
    544e:	5a 81       	ldd	r21, Y+2	; 0x02
    5450:	48 15       	cp	r20, r8
    5452:	59 05       	cpc	r21, r9
    5454:	28 f4       	brcc	.+10     	; 0x5460 <Lcd_Line1+0x18c>
    5456:	38 2d       	mov	r19, r8
    5458:	29 2d       	mov	r18, r9
    545a:	4a 01       	movw	r8, r20
    545c:	39 83       	std	Y+1, r19	; 0x01
    545e:	2a 83       	std	Y+2, r18	; 0x02
    5460:	e8 17       	cp	r30, r24
    5462:	f9 07       	cpc	r31, r25
    5464:	08 f4       	brcc	.+2      	; 0x5468 <Lcd_Line1+0x194>
    5466:	d3 c0       	rjmp	.+422    	; 0x560e <Lcd_Line1+0x33a>
    5468:	97 98       	cbi	0x12, 7	; 18
    546a:	2a e2       	ldi	r18, 0x2A	; 42
    546c:	25 bb       	out	0x15, r18	; 21
    546e:	96 98       	cbi	0x12, 6	; 18
    5470:	96 9a       	sbi	0x12, 6	; 18
    5472:	97 9a       	sbi	0x12, 7	; 18
    5474:	95 ba       	out	0x15, r9	; 21
    5476:	96 98       	cbi	0x12, 6	; 18
    5478:	96 9a       	sbi	0x12, 6	; 18
    547a:	85 ba       	out	0x15, r8	; 21
    547c:	96 98       	cbi	0x12, 6	; 18
    547e:	96 9a       	sbi	0x12, 6	; 18
    5480:	5a 81       	ldd	r21, Y+2	; 0x02
    5482:	55 bb       	out	0x15, r21	; 21
    5484:	96 98       	cbi	0x12, 6	; 18
    5486:	96 9a       	sbi	0x12, 6	; 18
    5488:	a9 81       	ldd	r26, Y+1	; 0x01
    548a:	a5 bb       	out	0x15, r26	; 21
    548c:	96 98       	cbi	0x12, 6	; 18
    548e:	96 9a       	sbi	0x12, 6	; 18
    5490:	97 98       	cbi	0x12, 7	; 18
    5492:	2b e2       	ldi	r18, 0x2B	; 43
    5494:	25 bb       	out	0x15, r18	; 21
    5496:	96 98       	cbi	0x12, 6	; 18
    5498:	96 9a       	sbi	0x12, 6	; 18
    549a:	97 9a       	sbi	0x12, 7	; 18
    549c:	95 bb       	out	0x15, r25	; 21
    549e:	96 98       	cbi	0x12, 6	; 18
    54a0:	96 9a       	sbi	0x12, 6	; 18
    54a2:	85 bb       	out	0x15, r24	; 21
    54a4:	96 98       	cbi	0x12, 6	; 18
    54a6:	96 9a       	sbi	0x12, 6	; 18
    54a8:	f5 bb       	out	0x15, r31	; 21
    54aa:	96 98       	cbi	0x12, 6	; 18
    54ac:	96 9a       	sbi	0x12, 6	; 18
    54ae:	e5 bb       	out	0x15, r30	; 21
    54b0:	96 98       	cbi	0x12, 6	; 18
    54b2:	96 9a       	sbi	0x12, 6	; 18
    54b4:	97 98       	cbi	0x12, 7	; 18
    54b6:	8c e2       	ldi	r24, 0x2C	; 44
    54b8:	85 bb       	out	0x15, r24	; 21
    54ba:	96 98       	cbi	0x12, 6	; 18
    54bc:	96 9a       	sbi	0x12, 6	; 18
    54be:	97 9a       	sbi	0x12, 7	; 18
    54c0:	ab ba       	out	0x1b, r10	; 27
    54c2:	b5 ba       	out	0x15, r11	; 21
    54c4:	96 98       	cbi	0x12, 6	; 18
    54c6:	96 9a       	sbi	0x12, 6	; 18
    54c8:	0b 81       	ldd	r16, Y+3	; 0x03
    54ca:	1c 81       	ldd	r17, Y+4	; 0x04
    54cc:	01 50       	subi	r16, 0x01	; 1
    54ce:	11 09       	sbc	r17, r1
    54d0:	1c 83       	std	Y+4, r17	; 0x04
    54d2:	0b 83       	std	Y+3, r16	; 0x03
    54d4:	0f 3f       	cpi	r16, 0xFF	; 255
    54d6:	1f 4f       	sbci	r17, 0xFF	; 255
    54d8:	a9 f7       	brne	.-22     	; 0x54c4 <Lcd_Line1+0x1f0>
    54da:	9c cf       	rjmp	.-200    	; 0x5414 <Lcd_Line1+0x140>
    54dc:	bc 01       	movw	r22, r24
    54de:	6e 1b       	sub	r22, r30
    54e0:	7f 0b       	sbc	r23, r31
    54e2:	cc 24       	eor	r12, r12
    54e4:	ca 94       	dec	r12
    54e6:	dc 2c       	mov	r13, r12
    54e8:	3f cf       	rjmp	.-386    	; 0x5368 <Lcd_Line1+0x94>
    54ea:	94 01       	movw	r18, r8
    54ec:	49 81       	ldd	r20, Y+1	; 0x01
    54ee:	5a 81       	ldd	r21, Y+2	; 0x02
    54f0:	24 1b       	sub	r18, r20
    54f2:	35 0b       	sbc	r19, r21
    54f4:	3c 83       	std	Y+4, r19	; 0x04
    54f6:	2b 83       	std	Y+3, r18	; 0x03
    54f8:	ee 24       	eor	r14, r14
    54fa:	ea 94       	dec	r14
    54fc:	fe 2c       	mov	r15, r14
    54fe:	2a cf       	rjmp	.-428    	; 0x5354 <Lcd_Line1+0x80>
    5500:	a4 01       	movw	r20, r8
    5502:	9c 01       	movw	r18, r24
    5504:	8b 81       	ldd	r24, Y+3	; 0x03
    5506:	9c 81       	ldd	r25, Y+4	; 0x04
    5508:	68 17       	cp	r22, r24
    550a:	79 07       	cpc	r23, r25
    550c:	09 f4       	brne	.+2      	; 0x5510 <Lcd_Line1+0x23c>
    550e:	85 c0       	rjmp	.+266    	; 0x561a <Lcd_Line1+0x346>
    5510:	ab 81       	ldd	r26, Y+3	; 0x03
    5512:	bc 81       	ldd	r27, Y+4	; 0x04
    5514:	a6 17       	cp	r26, r22
    5516:	b7 07       	cpc	r27, r23
    5518:	08 f0       	brcs	.+2      	; 0x551c <Lcd_Line1+0x248>
    551a:	d2 c0       	rjmp	.+420    	; 0x56c0 <Lcd_Line1+0x3ec>
    551c:	db 01       	movw	r26, r22
    551e:	b6 95       	lsr	r27
    5520:	a7 95       	ror	r26
    5522:	b1 95       	neg	r27
    5524:	a1 95       	neg	r26
    5526:	b1 09       	sbc	r27, r1
    5528:	7c 2c       	mov	r7, r12
    552a:	88 24       	eor	r8, r8
    552c:	8a 94       	dec	r8
    552e:	82 0e       	add	r8, r18
    5530:	c9 01       	movw	r24, r18
    5532:	8a 01       	movw	r16, r20
    5534:	91 2c       	mov	r9, r1
    5536:	31 2c       	mov	r3, r1
    5538:	0f 2e       	mov	r0, r31
    553a:	fa e2       	ldi	r31, 0x2A	; 42
    553c:	6f 2e       	mov	r6, r31
    553e:	f0 2d       	mov	r31, r0
    5540:	0f 2e       	mov	r0, r31
    5542:	fb e2       	ldi	r31, 0x2B	; 43
    5544:	5f 2e       	mov	r5, r31
    5546:	f0 2d       	mov	r31, r0
    5548:	0f 2e       	mov	r0, r31
    554a:	fc e2       	ldi	r31, 0x2C	; 44
    554c:	4f 2e       	mov	r4, r31
    554e:	f0 2d       	mov	r31, r0
    5550:	31 10       	cpse	r3, r1
    5552:	1c c0       	rjmp	.+56     	; 0x558c <Lcd_Line1+0x2b8>
    5554:	2e 17       	cp	r18, r30
    5556:	3f 07       	cpc	r19, r31
    5558:	c9 f0       	breq	.+50     	; 0x558c <Lcd_Line1+0x2b8>
    555a:	91 10       	cpse	r9, r1
    555c:	5c cf       	rjmp	.-328    	; 0x5416 <Lcd_Line1+0x142>
    555e:	99 24       	eor	r9, r9
    5560:	93 94       	inc	r9
    5562:	2e 17       	cp	r18, r30
    5564:	3f 07       	cpc	r19, r31
    5566:	09 f0       	breq	.+2      	; 0x556a <Lcd_Line1+0x296>
    5568:	91 2c       	mov	r9, r1
    556a:	2c 0d       	add	r18, r12
    556c:	3d 1d       	adc	r19, r13
    556e:	2b 80       	ldd	r2, Y+3	; 0x03
    5570:	3c 80       	ldd	r3, Y+4	; 0x04
    5572:	a2 0d       	add	r26, r2
    5574:	b3 1d       	adc	r27, r3
    5576:	b7 fd       	sbrc	r27, 7
    5578:	a0 c0       	rjmp	.+320    	; 0x56ba <Lcd_Line1+0x3e6>
    557a:	4e 0d       	add	r20, r14
    557c:	5f 1d       	adc	r21, r15
    557e:	a6 1b       	sub	r26, r22
    5580:	b7 0b       	sbc	r27, r23
    5582:	33 24       	eor	r3, r3
    5584:	33 94       	inc	r3
    5586:	87 0c       	add	r8, r7
    5588:	33 20       	and	r3, r3
    558a:	21 f3       	breq	.-56     	; 0x5554 <Lcd_Line1+0x280>
    558c:	97 98       	cbi	0x12, 7	; 18
    558e:	65 ba       	out	0x15, r6	; 21
    5590:	96 98       	cbi	0x12, 6	; 18
    5592:	96 9a       	sbi	0x12, 6	; 18
    5594:	97 9a       	sbi	0x12, 7	; 18
    5596:	15 bb       	out	0x15, r17	; 21
    5598:	96 98       	cbi	0x12, 6	; 18
    559a:	96 9a       	sbi	0x12, 6	; 18
    559c:	05 bb       	out	0x15, r16	; 21
    559e:	96 98       	cbi	0x12, 6	; 18
    55a0:	96 9a       	sbi	0x12, 6	; 18
    55a2:	15 bb       	out	0x15, r17	; 21
    55a4:	96 98       	cbi	0x12, 6	; 18
    55a6:	96 9a       	sbi	0x12, 6	; 18
    55a8:	05 bb       	out	0x15, r16	; 21
    55aa:	96 98       	cbi	0x12, 6	; 18
    55ac:	96 9a       	sbi	0x12, 6	; 18
    55ae:	97 98       	cbi	0x12, 7	; 18
    55b0:	55 ba       	out	0x15, r5	; 21
    55b2:	96 98       	cbi	0x12, 6	; 18
    55b4:	96 9a       	sbi	0x12, 6	; 18
    55b6:	97 9a       	sbi	0x12, 7	; 18
    55b8:	82 17       	cp	r24, r18
    55ba:	93 07       	cpc	r25, r19
    55bc:	0c f0       	brlt	.+2      	; 0x55c0 <Lcd_Line1+0x2ec>
    55be:	64 c0       	rjmp	.+200    	; 0x5688 <Lcd_Line1+0x3b4>
    55c0:	95 bb       	out	0x15, r25	; 21
    55c2:	96 98       	cbi	0x12, 6	; 18
    55c4:	96 9a       	sbi	0x12, 6	; 18
    55c6:	85 bb       	out	0x15, r24	; 21
    55c8:	96 98       	cbi	0x12, 6	; 18
    55ca:	96 9a       	sbi	0x12, 6	; 18
    55cc:	89 01       	movw	r16, r18
    55ce:	01 50       	subi	r16, 0x01	; 1
    55d0:	11 09       	sbc	r17, r1
    55d2:	15 bb       	out	0x15, r17	; 21
    55d4:	96 98       	cbi	0x12, 6	; 18
    55d6:	96 9a       	sbi	0x12, 6	; 18
    55d8:	85 ba       	out	0x15, r8	; 21
    55da:	96 98       	cbi	0x12, 6	; 18
    55dc:	96 9a       	sbi	0x12, 6	; 18
    55de:	97 98       	cbi	0x12, 7	; 18
    55e0:	45 ba       	out	0x15, r4	; 21
    55e2:	96 98       	cbi	0x12, 6	; 18
    55e4:	96 9a       	sbi	0x12, 6	; 18
    55e6:	97 9a       	sbi	0x12, 7	; 18
    55e8:	19 01       	movw	r2, r18
    55ea:	28 1a       	sub	r2, r24
    55ec:	39 0a       	sbc	r3, r25
    55ee:	c1 01       	movw	r24, r2
    55f0:	ab ba       	out	0x1b, r10	; 27
    55f2:	b5 ba       	out	0x15, r11	; 21
    55f4:	96 98       	cbi	0x12, 6	; 18
    55f6:	96 9a       	sbi	0x12, 6	; 18
    55f8:	01 97       	sbiw	r24, 0x01	; 1
    55fa:	e1 f7       	brne	.-8      	; 0x55f4 <Lcd_Line1+0x320>
    55fc:	c9 01       	movw	r24, r18
    55fe:	8a 01       	movw	r16, r20
    5600:	ac cf       	rjmp	.-168    	; 0x555a <Lcd_Line1+0x286>
    5602:	38 2f       	mov	r19, r24
    5604:	29 2f       	mov	r18, r25
    5606:	cf 01       	movw	r24, r30
    5608:	e3 2f       	mov	r30, r19
    560a:	f2 2f       	mov	r31, r18
    560c:	d0 ce       	rjmp	.-608    	; 0x53ae <Lcd_Line1+0xda>
    560e:	38 2f       	mov	r19, r24
    5610:	29 2f       	mov	r18, r25
    5612:	cf 01       	movw	r24, r30
    5614:	e3 2f       	mov	r30, r19
    5616:	f2 2f       	mov	r31, r18
    5618:	27 cf       	rjmp	.-434    	; 0x5468 <Lcd_Line1+0x194>
    561a:	6a e2       	ldi	r22, 0x2A	; 42
    561c:	9b e2       	ldi	r25, 0x2B	; 43
    561e:	8c e2       	ldi	r24, 0x2C	; 44
    5620:	04 c0       	rjmp	.+8      	; 0x562a <Lcd_Line1+0x356>
    5622:	4e 0d       	add	r20, r14
    5624:	5f 1d       	adc	r21, r15
    5626:	2c 0d       	add	r18, r12
    5628:	3d 1d       	adc	r19, r13
    562a:	97 98       	cbi	0x12, 7	; 18
    562c:	65 bb       	out	0x15, r22	; 21
    562e:	96 98       	cbi	0x12, 6	; 18
    5630:	96 9a       	sbi	0x12, 6	; 18
    5632:	97 9a       	sbi	0x12, 7	; 18
    5634:	55 bb       	out	0x15, r21	; 21
    5636:	96 98       	cbi	0x12, 6	; 18
    5638:	96 9a       	sbi	0x12, 6	; 18
    563a:	45 bb       	out	0x15, r20	; 21
    563c:	96 98       	cbi	0x12, 6	; 18
    563e:	96 9a       	sbi	0x12, 6	; 18
    5640:	55 bb       	out	0x15, r21	; 21
    5642:	96 98       	cbi	0x12, 6	; 18
    5644:	96 9a       	sbi	0x12, 6	; 18
    5646:	45 bb       	out	0x15, r20	; 21
    5648:	96 98       	cbi	0x12, 6	; 18
    564a:	96 9a       	sbi	0x12, 6	; 18
    564c:	97 98       	cbi	0x12, 7	; 18
    564e:	95 bb       	out	0x15, r25	; 21
    5650:	96 98       	cbi	0x12, 6	; 18
    5652:	96 9a       	sbi	0x12, 6	; 18
    5654:	97 9a       	sbi	0x12, 7	; 18
    5656:	35 bb       	out	0x15, r19	; 21
    5658:	96 98       	cbi	0x12, 6	; 18
    565a:	96 9a       	sbi	0x12, 6	; 18
    565c:	25 bb       	out	0x15, r18	; 21
    565e:	96 98       	cbi	0x12, 6	; 18
    5660:	96 9a       	sbi	0x12, 6	; 18
    5662:	35 bb       	out	0x15, r19	; 21
    5664:	96 98       	cbi	0x12, 6	; 18
    5666:	96 9a       	sbi	0x12, 6	; 18
    5668:	25 bb       	out	0x15, r18	; 21
    566a:	96 98       	cbi	0x12, 6	; 18
    566c:	96 9a       	sbi	0x12, 6	; 18
    566e:	97 98       	cbi	0x12, 7	; 18
    5670:	85 bb       	out	0x15, r24	; 21
    5672:	96 98       	cbi	0x12, 6	; 18
    5674:	96 9a       	sbi	0x12, 6	; 18
    5676:	97 9a       	sbi	0x12, 7	; 18
    5678:	ab ba       	out	0x1b, r10	; 27
    567a:	b5 ba       	out	0x15, r11	; 21
    567c:	96 98       	cbi	0x12, 6	; 18
    567e:	96 9a       	sbi	0x12, 6	; 18
    5680:	e2 17       	cp	r30, r18
    5682:	f3 07       	cpc	r31, r19
    5684:	71 f6       	brne	.-100    	; 0x5622 <Lcd_Line1+0x34e>
    5686:	c6 ce       	rjmp	.-628    	; 0x5414 <Lcd_Line1+0x140>
    5688:	89 01       	movw	r16, r18
    568a:	0f 5f       	subi	r16, 0xFF	; 255
    568c:	1f 4f       	sbci	r17, 0xFF	; 255
    568e:	15 bb       	out	0x15, r17	; 21
    5690:	96 98       	cbi	0x12, 6	; 18
    5692:	96 9a       	sbi	0x12, 6	; 18
    5694:	12 e0       	ldi	r17, 0x02	; 2
    5696:	18 0d       	add	r17, r8
    5698:	15 bb       	out	0x15, r17	; 21
    569a:	96 98       	cbi	0x12, 6	; 18
    569c:	96 9a       	sbi	0x12, 6	; 18
    569e:	95 bb       	out	0x15, r25	; 21
    56a0:	96 98       	cbi	0x12, 6	; 18
    56a2:	96 9a       	sbi	0x12, 6	; 18
    56a4:	85 bb       	out	0x15, r24	; 21
    56a6:	96 98       	cbi	0x12, 6	; 18
    56a8:	96 9a       	sbi	0x12, 6	; 18
    56aa:	97 98       	cbi	0x12, 7	; 18
    56ac:	45 ba       	out	0x15, r4	; 21
    56ae:	96 98       	cbi	0x12, 6	; 18
    56b0:	96 9a       	sbi	0x12, 6	; 18
    56b2:	97 9a       	sbi	0x12, 7	; 18
    56b4:	82 1b       	sub	r24, r18
    56b6:	93 0b       	sbc	r25, r19
    56b8:	9b cf       	rjmp	.-202    	; 0x55f0 <Lcd_Line1+0x31c>
    56ba:	31 2c       	mov	r3, r1
    56bc:	87 0c       	add	r8, r7
    56be:	64 cf       	rjmp	.-312    	; 0x5588 <Lcd_Line1+0x2b4>
    56c0:	eb 81       	ldd	r30, Y+3	; 0x03
    56c2:	fc 81       	ldd	r31, Y+4	; 0x04
    56c4:	f6 95       	lsr	r31
    56c6:	e7 95       	ror	r30
    56c8:	f1 95       	neg	r31
    56ca:	e1 95       	neg	r30
    56cc:	f1 09       	sbc	r31, r1
    56ce:	7e 2c       	mov	r7, r14
    56d0:	88 24       	eor	r8, r8
    56d2:	8a 94       	dec	r8
    56d4:	84 0e       	add	r8, r20
    56d6:	29 01       	movw	r4, r18
    56d8:	ca 01       	movw	r24, r20
    56da:	91 2c       	mov	r9, r1
    56dc:	10 e0       	ldi	r17, 0x00	; 0
    56de:	aa e2       	ldi	r26, 0x2A	; 42
    56e0:	6a 2e       	mov	r6, r26
    56e2:	bb e2       	ldi	r27, 0x2B	; 43
    56e4:	3b 2e       	mov	r3, r27
    56e6:	0c e2       	ldi	r16, 0x2C	; 44
    56e8:	20 2e       	mov	r2, r16
    56ea:	11 11       	cpse	r17, r1
    56ec:	1f c0       	rjmp	.+62     	; 0x572c <Lcd_Line1+0x458>
    56ee:	09 81       	ldd	r16, Y+1	; 0x01
    56f0:	1a 81       	ldd	r17, Y+2	; 0x02
    56f2:	04 17       	cp	r16, r20
    56f4:	15 07       	cpc	r17, r21
    56f6:	d1 f0       	breq	.+52     	; 0x572c <Lcd_Line1+0x458>
    56f8:	91 10       	cpse	r9, r1
    56fa:	8d ce       	rjmp	.-742    	; 0x5416 <Lcd_Line1+0x142>
    56fc:	99 24       	eor	r9, r9
    56fe:	93 94       	inc	r9
    5700:	09 81       	ldd	r16, Y+1	; 0x01
    5702:	1a 81       	ldd	r17, Y+2	; 0x02
    5704:	40 17       	cp	r20, r16
    5706:	51 07       	cpc	r21, r17
    5708:	09 f0       	breq	.+2      	; 0x570c <Lcd_Line1+0x438>
    570a:	91 2c       	mov	r9, r1
    570c:	4e 0d       	add	r20, r14
    570e:	5f 1d       	adc	r21, r15
    5710:	e6 0f       	add	r30, r22
    5712:	f7 1f       	adc	r31, r23
    5714:	f7 fd       	sbrc	r31, 7
    5716:	6e c0       	rjmp	.+220    	; 0x57f4 <Lcd_Line1+0x520>
    5718:	2c 0d       	add	r18, r12
    571a:	3d 1d       	adc	r19, r13
    571c:	ab 81       	ldd	r26, Y+3	; 0x03
    571e:	bc 81       	ldd	r27, Y+4	; 0x04
    5720:	ea 1b       	sub	r30, r26
    5722:	fb 0b       	sbc	r31, r27
    5724:	11 e0       	ldi	r17, 0x01	; 1
    5726:	87 0c       	add	r8, r7
    5728:	11 23       	and	r17, r17
    572a:	09 f3       	breq	.-62     	; 0x56ee <Lcd_Line1+0x41a>
    572c:	97 98       	cbi	0x12, 7	; 18
    572e:	65 ba       	out	0x15, r6	; 21
    5730:	96 98       	cbi	0x12, 6	; 18
    5732:	96 9a       	sbi	0x12, 6	; 18
    5734:	97 9a       	sbi	0x12, 7	; 18
    5736:	84 17       	cp	r24, r20
    5738:	95 07       	cpc	r25, r21
    573a:	94 f5       	brge	.+100    	; 0x57a0 <Lcd_Line1+0x4cc>
    573c:	95 bb       	out	0x15, r25	; 21
    573e:	96 98       	cbi	0x12, 6	; 18
    5740:	96 9a       	sbi	0x12, 6	; 18
    5742:	85 bb       	out	0x15, r24	; 21
    5744:	96 98       	cbi	0x12, 6	; 18
    5746:	96 9a       	sbi	0x12, 6	; 18
    5748:	8a 01       	movw	r16, r20
    574a:	01 50       	subi	r16, 0x01	; 1
    574c:	11 09       	sbc	r17, r1
    574e:	15 bb       	out	0x15, r17	; 21
    5750:	96 98       	cbi	0x12, 6	; 18
    5752:	96 9a       	sbi	0x12, 6	; 18
    5754:	85 ba       	out	0x15, r8	; 21
    5756:	96 98       	cbi	0x12, 6	; 18
    5758:	96 9a       	sbi	0x12, 6	; 18
    575a:	97 98       	cbi	0x12, 7	; 18
    575c:	35 ba       	out	0x15, r3	; 21
    575e:	96 98       	cbi	0x12, 6	; 18
    5760:	96 9a       	sbi	0x12, 6	; 18
    5762:	97 9a       	sbi	0x12, 7	; 18
    5764:	55 ba       	out	0x15, r5	; 21
    5766:	96 98       	cbi	0x12, 6	; 18
    5768:	96 9a       	sbi	0x12, 6	; 18
    576a:	45 ba       	out	0x15, r4	; 21
    576c:	96 98       	cbi	0x12, 6	; 18
    576e:	96 9a       	sbi	0x12, 6	; 18
    5770:	55 ba       	out	0x15, r5	; 21
    5772:	96 98       	cbi	0x12, 6	; 18
    5774:	96 9a       	sbi	0x12, 6	; 18
    5776:	45 ba       	out	0x15, r4	; 21
    5778:	96 98       	cbi	0x12, 6	; 18
    577a:	96 9a       	sbi	0x12, 6	; 18
    577c:	97 98       	cbi	0x12, 7	; 18
    577e:	25 ba       	out	0x15, r2	; 21
    5780:	96 98       	cbi	0x12, 6	; 18
    5782:	96 9a       	sbi	0x12, 6	; 18
    5784:	97 9a       	sbi	0x12, 7	; 18
    5786:	da 01       	movw	r26, r20
    5788:	a8 1b       	sub	r26, r24
    578a:	b9 0b       	sbc	r27, r25
    578c:	cd 01       	movw	r24, r26
    578e:	ab ba       	out	0x1b, r10	; 27
    5790:	b5 ba       	out	0x15, r11	; 21
    5792:	96 98       	cbi	0x12, 6	; 18
    5794:	96 9a       	sbi	0x12, 6	; 18
    5796:	01 97       	sbiw	r24, 0x01	; 1
    5798:	e1 f7       	brne	.-8      	; 0x5792 <Lcd_Line1+0x4be>
    579a:	29 01       	movw	r4, r18
    579c:	ca 01       	movw	r24, r20
    579e:	ac cf       	rjmp	.-168    	; 0x56f8 <Lcd_Line1+0x424>
    57a0:	8a 01       	movw	r16, r20
    57a2:	0f 5f       	subi	r16, 0xFF	; 255
    57a4:	1f 4f       	sbci	r17, 0xFF	; 255
    57a6:	15 bb       	out	0x15, r17	; 21
    57a8:	96 98       	cbi	0x12, 6	; 18
    57aa:	96 9a       	sbi	0x12, 6	; 18
    57ac:	12 e0       	ldi	r17, 0x02	; 2
    57ae:	18 0d       	add	r17, r8
    57b0:	15 bb       	out	0x15, r17	; 21
    57b2:	96 98       	cbi	0x12, 6	; 18
    57b4:	96 9a       	sbi	0x12, 6	; 18
    57b6:	95 bb       	out	0x15, r25	; 21
    57b8:	96 98       	cbi	0x12, 6	; 18
    57ba:	96 9a       	sbi	0x12, 6	; 18
    57bc:	85 bb       	out	0x15, r24	; 21
    57be:	96 98       	cbi	0x12, 6	; 18
    57c0:	96 9a       	sbi	0x12, 6	; 18
    57c2:	97 98       	cbi	0x12, 7	; 18
    57c4:	35 ba       	out	0x15, r3	; 21
    57c6:	96 98       	cbi	0x12, 6	; 18
    57c8:	96 9a       	sbi	0x12, 6	; 18
    57ca:	97 9a       	sbi	0x12, 7	; 18
    57cc:	55 ba       	out	0x15, r5	; 21
    57ce:	96 98       	cbi	0x12, 6	; 18
    57d0:	96 9a       	sbi	0x12, 6	; 18
    57d2:	45 ba       	out	0x15, r4	; 21
    57d4:	96 98       	cbi	0x12, 6	; 18
    57d6:	96 9a       	sbi	0x12, 6	; 18
    57d8:	55 ba       	out	0x15, r5	; 21
    57da:	96 98       	cbi	0x12, 6	; 18
    57dc:	96 9a       	sbi	0x12, 6	; 18
    57de:	45 ba       	out	0x15, r4	; 21
    57e0:	96 98       	cbi	0x12, 6	; 18
    57e2:	96 9a       	sbi	0x12, 6	; 18
    57e4:	97 98       	cbi	0x12, 7	; 18
    57e6:	25 ba       	out	0x15, r2	; 21
    57e8:	96 98       	cbi	0x12, 6	; 18
    57ea:	96 9a       	sbi	0x12, 6	; 18
    57ec:	97 9a       	sbi	0x12, 7	; 18
    57ee:	84 1b       	sub	r24, r20
    57f0:	95 0b       	sbc	r25, r21
    57f2:	cd cf       	rjmp	.-102    	; 0x578e <Lcd_Line1+0x4ba>
    57f4:	10 e0       	ldi	r17, 0x00	; 0
    57f6:	87 0c       	add	r8, r7
    57f8:	97 cf       	rjmp	.-210    	; 0x5728 <Lcd_Line1+0x454>

000057fa <Lcd_Line2>:
    57fa:	2f 92       	push	r2
    57fc:	3f 92       	push	r3
    57fe:	4f 92       	push	r4
    5800:	5f 92       	push	r5
    5802:	6f 92       	push	r6
    5804:	7f 92       	push	r7
    5806:	8f 92       	push	r8
    5808:	9f 92       	push	r9
    580a:	af 92       	push	r10
    580c:	bf 92       	push	r11
    580e:	cf 92       	push	r12
    5810:	df 92       	push	r13
    5812:	ef 92       	push	r14
    5814:	ff 92       	push	r15
    5816:	0f 93       	push	r16
    5818:	1f 93       	push	r17
    581a:	cf 93       	push	r28
    581c:	df 93       	push	r29
    581e:	00 d0       	rcall	.+0      	; 0x5820 <Lcd_Line2+0x26>
    5820:	00 d0       	rcall	.+0      	; 0x5822 <Lcd_Line2+0x28>
    5822:	cd b7       	in	r28, 0x3d	; 61
    5824:	de b7       	in	r29, 0x3e	; 62
    5826:	e0 91 09 01 	lds	r30, 0x0109	; 0x800109 <KVB+0x2>
    582a:	f0 91 0a 01 	lds	r31, 0x010A	; 0x80010a <KVB+0x3>
    582e:	fa 83       	std	Y+2, r31	; 0x02
    5830:	e9 83       	std	Y+1, r30	; 0x01
    5832:	5f 01       	movw	r10, r30
    5834:	8e 17       	cp	r24, r30
    5836:	9f 07       	cpc	r25, r31
    5838:	08 f4       	brcc	.+2      	; 0x583c <Lcd_Line2+0x42>
    583a:	5c 01       	movw	r10, r24
    583c:	89 81       	ldd	r24, Y+1	; 0x01
    583e:	9a 81       	ldd	r25, Y+2	; 0x02
    5840:	48 17       	cp	r20, r24
    5842:	59 07       	cpc	r21, r25
    5844:	10 f4       	brcc	.+4      	; 0x584a <Lcd_Line2+0x50>
    5846:	5a 83       	std	Y+2, r21	; 0x02
    5848:	49 83       	std	Y+1, r20	; 0x01
    584a:	e0 91 0b 01 	lds	r30, 0x010B	; 0x80010b <KVB+0x4>
    584e:	f0 91 0c 01 	lds	r31, 0x010C	; 0x80010c <KVB+0x5>
    5852:	af 01       	movw	r20, r30
    5854:	6e 17       	cp	r22, r30
    5856:	7f 07       	cpc	r23, r31
    5858:	08 f4       	brcc	.+2      	; 0x585c <Lcd_Line2+0x62>
    585a:	ab 01       	movw	r20, r22
    585c:	fc 83       	std	Y+4, r31	; 0x04
    585e:	eb 83       	std	Y+3, r30	; 0x03
    5860:	2e 17       	cp	r18, r30
    5862:	3f 07       	cpc	r19, r31
    5864:	10 f4       	brcc	.+4      	; 0x586a <Lcd_Line2+0x70>
    5866:	3c 83       	std	Y+4, r19	; 0x04
    5868:	2b 83       	std	Y+3, r18	; 0x03
    586a:	e9 81       	ldd	r30, Y+1	; 0x01
    586c:	fa 81       	ldd	r31, Y+2	; 0x02
    586e:	ae 16       	cp	r10, r30
    5870:	bf 06       	cpc	r11, r31
    5872:	08 f0       	brcs	.+2      	; 0x5876 <Lcd_Line2+0x7c>
    5874:	eb c0       	rjmp	.+470    	; 0x5a4c <Lcd_Line2+0x252>
    5876:	df 01       	movw	r26, r30
    5878:	aa 19       	sub	r26, r10
    587a:	bb 09       	sbc	r27, r11
    587c:	ee 24       	eor	r14, r14
    587e:	e3 94       	inc	r14
    5880:	f1 2c       	mov	r15, r1
    5882:	8b 81       	ldd	r24, Y+3	; 0x03
    5884:	9c 81       	ldd	r25, Y+4	; 0x04
    5886:	48 17       	cp	r20, r24
    5888:	59 07       	cpc	r21, r25
    588a:	08 f0       	brcs	.+2      	; 0x588e <Lcd_Line2+0x94>
    588c:	d6 c0       	rjmp	.+428    	; 0x5a3a <Lcd_Line2+0x240>
    588e:	9c 01       	movw	r18, r24
    5890:	24 1b       	sub	r18, r20
    5892:	35 0b       	sbc	r19, r21
    5894:	cc 24       	eor	r12, r12
    5896:	c3 94       	inc	r12
    5898:	d1 2c       	mov	r13, r1
    589a:	10 e0       	ldi	r17, 0x00	; 0
    589c:	c8 01       	movw	r24, r16
    589e:	88 0f       	add	r24, r24
    58a0:	99 1f       	adc	r25, r25
    58a2:	81 5f       	subi	r24, 0xF1	; 241
    58a4:	9e 4f       	sbci	r25, 0xFE	; 254
    58a6:	fc 01       	movw	r30, r24
    58a8:	80 80       	ld	r8, Z
    58aa:	00 0f       	add	r16, r16
    58ac:	11 1f       	adc	r17, r17
    58ae:	09 5f       	subi	r16, 0xF9	; 249
    58b0:	1e 4f       	sbci	r17, 0xFE	; 254
    58b2:	f8 01       	movw	r30, r16
    58b4:	97 80       	ldd	r9, Z+7	; 0x07
    58b6:	94 98       	cbi	0x12, 4	; 18
    58b8:	10 97       	sbiw	r26, 0x00	; 0
    58ba:	09 f0       	breq	.+2      	; 0x58be <Lcd_Line2+0xc4>
    58bc:	69 c0       	rjmp	.+210    	; 0x5990 <Lcd_Line2+0x196>
    58be:	09 81       	ldd	r16, Y+1	; 0x01
    58c0:	1a 81       	ldd	r17, Y+2	; 0x02
    58c2:	0a 15       	cp	r16, r10
    58c4:	1b 05       	cpc	r17, r11
    58c6:	28 f4       	brcc	.+10     	; 0x58d2 <Lcd_Line2+0xd8>
    58c8:	9a 2d       	mov	r25, r10
    58ca:	8b 2d       	mov	r24, r11
    58cc:	58 01       	movw	r10, r16
    58ce:	99 83       	std	Y+1, r25	; 0x01
    58d0:	8a 83       	std	Y+2, r24	; 0x02
    58d2:	8b 81       	ldd	r24, Y+3	; 0x03
    58d4:	9c 81       	ldd	r25, Y+4	; 0x04
    58d6:	84 17       	cp	r24, r20
    58d8:	95 07       	cpc	r25, r21
    58da:	08 f4       	brcc	.+2      	; 0x58de <Lcd_Line2+0xe4>
    58dc:	46 c1       	rjmp	.+652    	; 0x5b6a <Lcd_Line2+0x370>
    58de:	97 98       	cbi	0x12, 7	; 18
    58e0:	8a e2       	ldi	r24, 0x2A	; 42
    58e2:	85 bb       	out	0x15, r24	; 21
    58e4:	96 98       	cbi	0x12, 6	; 18
    58e6:	96 9a       	sbi	0x12, 6	; 18
    58e8:	97 9a       	sbi	0x12, 7	; 18
    58ea:	b5 ba       	out	0x15, r11	; 21
    58ec:	96 98       	cbi	0x12, 6	; 18
    58ee:	96 9a       	sbi	0x12, 6	; 18
    58f0:	a5 ba       	out	0x15, r10	; 21
    58f2:	96 98       	cbi	0x12, 6	; 18
    58f4:	96 9a       	sbi	0x12, 6	; 18
    58f6:	89 81       	ldd	r24, Y+1	; 0x01
    58f8:	9a 81       	ldd	r25, Y+2	; 0x02
    58fa:	01 96       	adiw	r24, 0x01	; 1
    58fc:	95 bb       	out	0x15, r25	; 21
    58fe:	96 98       	cbi	0x12, 6	; 18
    5900:	96 9a       	sbi	0x12, 6	; 18
    5902:	99 81       	ldd	r25, Y+1	; 0x01
    5904:	9f 5f       	subi	r25, 0xFF	; 255
    5906:	95 bb       	out	0x15, r25	; 21
    5908:	96 98       	cbi	0x12, 6	; 18
    590a:	96 9a       	sbi	0x12, 6	; 18
    590c:	97 98       	cbi	0x12, 7	; 18
    590e:	8b e2       	ldi	r24, 0x2B	; 43
    5910:	85 bb       	out	0x15, r24	; 21
    5912:	96 98       	cbi	0x12, 6	; 18
    5914:	96 9a       	sbi	0x12, 6	; 18
    5916:	97 9a       	sbi	0x12, 7	; 18
    5918:	55 bb       	out	0x15, r21	; 21
    591a:	96 98       	cbi	0x12, 6	; 18
    591c:	96 9a       	sbi	0x12, 6	; 18
    591e:	45 bb       	out	0x15, r20	; 21
    5920:	96 98       	cbi	0x12, 6	; 18
    5922:	96 9a       	sbi	0x12, 6	; 18
    5924:	8b 81       	ldd	r24, Y+3	; 0x03
    5926:	9c 81       	ldd	r25, Y+4	; 0x04
    5928:	01 96       	adiw	r24, 0x01	; 1
    592a:	95 bb       	out	0x15, r25	; 21
    592c:	96 98       	cbi	0x12, 6	; 18
    592e:	96 9a       	sbi	0x12, 6	; 18
    5930:	eb 81       	ldd	r30, Y+3	; 0x03
    5932:	ef 5f       	subi	r30, 0xFF	; 255
    5934:	e5 bb       	out	0x15, r30	; 21
    5936:	96 98       	cbi	0x12, 6	; 18
    5938:	96 9a       	sbi	0x12, 6	; 18
    593a:	97 98       	cbi	0x12, 7	; 18
    593c:	8c e2       	ldi	r24, 0x2C	; 44
    593e:	85 bb       	out	0x15, r24	; 21
    5940:	96 98       	cbi	0x12, 6	; 18
    5942:	96 9a       	sbi	0x12, 6	; 18
    5944:	97 9a       	sbi	0x12, 7	; 18
    5946:	8b ba       	out	0x1b, r8	; 27
    5948:	95 ba       	out	0x15, r9	; 21
    594a:	96 98       	cbi	0x12, 6	; 18
    594c:	96 9a       	sbi	0x12, 6	; 18
    594e:	96 98       	cbi	0x12, 6	; 18
    5950:	96 9a       	sbi	0x12, 6	; 18
    5952:	96 98       	cbi	0x12, 6	; 18
    5954:	96 9a       	sbi	0x12, 6	; 18
    5956:	96 98       	cbi	0x12, 6	; 18
    5958:	96 9a       	sbi	0x12, 6	; 18
    595a:	21 50       	subi	r18, 0x01	; 1
    595c:	31 09       	sbc	r19, r1
    595e:	a8 f7       	brcc	.-22     	; 0x594a <Lcd_Line2+0x150>
    5960:	94 9a       	sbi	0x12, 4	; 18
    5962:	0f 90       	pop	r0
    5964:	0f 90       	pop	r0
    5966:	0f 90       	pop	r0
    5968:	0f 90       	pop	r0
    596a:	df 91       	pop	r29
    596c:	cf 91       	pop	r28
    596e:	1f 91       	pop	r17
    5970:	0f 91       	pop	r16
    5972:	ff 90       	pop	r15
    5974:	ef 90       	pop	r14
    5976:	df 90       	pop	r13
    5978:	cf 90       	pop	r12
    597a:	bf 90       	pop	r11
    597c:	af 90       	pop	r10
    597e:	9f 90       	pop	r9
    5980:	8f 90       	pop	r8
    5982:	7f 90       	pop	r7
    5984:	6f 90       	pop	r6
    5986:	5f 90       	pop	r5
    5988:	4f 90       	pop	r4
    598a:	3f 90       	pop	r3
    598c:	2f 90       	pop	r2
    598e:	08 95       	ret
    5990:	21 15       	cp	r18, r1
    5992:	31 05       	cpc	r19, r1
    5994:	09 f0       	breq	.+2      	; 0x5998 <Lcd_Line2+0x19e>
    5996:	63 c0       	rjmp	.+198    	; 0x5a5e <Lcd_Line2+0x264>
    5998:	e9 81       	ldd	r30, Y+1	; 0x01
    599a:	fa 81       	ldd	r31, Y+2	; 0x02
    599c:	ea 15       	cp	r30, r10
    599e:	fb 05       	cpc	r31, r11
    59a0:	28 f4       	brcc	.+10     	; 0x59ac <Lcd_Line2+0x1b2>
    59a2:	9a 2d       	mov	r25, r10
    59a4:	8b 2d       	mov	r24, r11
    59a6:	5f 01       	movw	r10, r30
    59a8:	99 83       	std	Y+1, r25	; 0x01
    59aa:	8a 83       	std	Y+2, r24	; 0x02
    59ac:	0b 81       	ldd	r16, Y+3	; 0x03
    59ae:	1c 81       	ldd	r17, Y+4	; 0x04
    59b0:	04 17       	cp	r16, r20
    59b2:	15 07       	cpc	r17, r21
    59b4:	08 f4       	brcc	.+2      	; 0x59b8 <Lcd_Line2+0x1be>
    59b6:	e0 c0       	rjmp	.+448    	; 0x5b78 <Lcd_Line2+0x37e>
    59b8:	97 98       	cbi	0x12, 7	; 18
    59ba:	8a e2       	ldi	r24, 0x2A	; 42
    59bc:	85 bb       	out	0x15, r24	; 21
    59be:	96 98       	cbi	0x12, 6	; 18
    59c0:	96 9a       	sbi	0x12, 6	; 18
    59c2:	97 9a       	sbi	0x12, 7	; 18
    59c4:	b5 ba       	out	0x15, r11	; 21
    59c6:	96 98       	cbi	0x12, 6	; 18
    59c8:	96 9a       	sbi	0x12, 6	; 18
    59ca:	a5 ba       	out	0x15, r10	; 21
    59cc:	96 98       	cbi	0x12, 6	; 18
    59ce:	96 9a       	sbi	0x12, 6	; 18
    59d0:	89 81       	ldd	r24, Y+1	; 0x01
    59d2:	9a 81       	ldd	r25, Y+2	; 0x02
    59d4:	01 96       	adiw	r24, 0x01	; 1
    59d6:	95 bb       	out	0x15, r25	; 21
    59d8:	96 98       	cbi	0x12, 6	; 18
    59da:	96 9a       	sbi	0x12, 6	; 18
    59dc:	99 81       	ldd	r25, Y+1	; 0x01
    59de:	9f 5f       	subi	r25, 0xFF	; 255
    59e0:	95 bb       	out	0x15, r25	; 21
    59e2:	96 98       	cbi	0x12, 6	; 18
    59e4:	96 9a       	sbi	0x12, 6	; 18
    59e6:	97 98       	cbi	0x12, 7	; 18
    59e8:	8b e2       	ldi	r24, 0x2B	; 43
    59ea:	85 bb       	out	0x15, r24	; 21
    59ec:	96 98       	cbi	0x12, 6	; 18
    59ee:	96 9a       	sbi	0x12, 6	; 18
    59f0:	97 9a       	sbi	0x12, 7	; 18
    59f2:	55 bb       	out	0x15, r21	; 21
    59f4:	96 98       	cbi	0x12, 6	; 18
    59f6:	96 9a       	sbi	0x12, 6	; 18
    59f8:	45 bb       	out	0x15, r20	; 21
    59fa:	96 98       	cbi	0x12, 6	; 18
    59fc:	96 9a       	sbi	0x12, 6	; 18
    59fe:	8b 81       	ldd	r24, Y+3	; 0x03
    5a00:	9c 81       	ldd	r25, Y+4	; 0x04
    5a02:	01 96       	adiw	r24, 0x01	; 1
    5a04:	95 bb       	out	0x15, r25	; 21
    5a06:	96 98       	cbi	0x12, 6	; 18
    5a08:	96 9a       	sbi	0x12, 6	; 18
    5a0a:	eb 81       	ldd	r30, Y+3	; 0x03
    5a0c:	ef 5f       	subi	r30, 0xFF	; 255
    5a0e:	e5 bb       	out	0x15, r30	; 21
    5a10:	96 98       	cbi	0x12, 6	; 18
    5a12:	96 9a       	sbi	0x12, 6	; 18
    5a14:	97 98       	cbi	0x12, 7	; 18
    5a16:	8c e2       	ldi	r24, 0x2C	; 44
    5a18:	85 bb       	out	0x15, r24	; 21
    5a1a:	96 98       	cbi	0x12, 6	; 18
    5a1c:	96 9a       	sbi	0x12, 6	; 18
    5a1e:	97 9a       	sbi	0x12, 7	; 18
    5a20:	8b ba       	out	0x1b, r8	; 27
    5a22:	95 ba       	out	0x15, r9	; 21
    5a24:	96 98       	cbi	0x12, 6	; 18
    5a26:	96 9a       	sbi	0x12, 6	; 18
    5a28:	96 98       	cbi	0x12, 6	; 18
    5a2a:	96 9a       	sbi	0x12, 6	; 18
    5a2c:	96 98       	cbi	0x12, 6	; 18
    5a2e:	96 9a       	sbi	0x12, 6	; 18
    5a30:	96 98       	cbi	0x12, 6	; 18
    5a32:	96 9a       	sbi	0x12, 6	; 18
    5a34:	11 97       	sbiw	r26, 0x01	; 1
    5a36:	b0 f7       	brcc	.-20     	; 0x5a24 <Lcd_Line2+0x22a>
    5a38:	93 cf       	rjmp	.-218    	; 0x5960 <Lcd_Line2+0x166>
    5a3a:	9a 01       	movw	r18, r20
    5a3c:	eb 81       	ldd	r30, Y+3	; 0x03
    5a3e:	fc 81       	ldd	r31, Y+4	; 0x04
    5a40:	2e 1b       	sub	r18, r30
    5a42:	3f 0b       	sbc	r19, r31
    5a44:	cc 24       	eor	r12, r12
    5a46:	ca 94       	dec	r12
    5a48:	dc 2c       	mov	r13, r12
    5a4a:	27 cf       	rjmp	.-434    	; 0x589a <Lcd_Line2+0xa0>
    5a4c:	d5 01       	movw	r26, r10
    5a4e:	29 81       	ldd	r18, Y+1	; 0x01
    5a50:	3a 81       	ldd	r19, Y+2	; 0x02
    5a52:	a2 1b       	sub	r26, r18
    5a54:	b3 0b       	sbc	r27, r19
    5a56:	ee 24       	eor	r14, r14
    5a58:	ea 94       	dec	r14
    5a5a:	fe 2c       	mov	r15, r14
    5a5c:	12 cf       	rjmp	.-476    	; 0x5882 <Lcd_Line2+0x88>
    5a5e:	b5 01       	movw	r22, r10
    5a60:	2a 17       	cp	r18, r26
    5a62:	3b 07       	cpc	r19, r27
    5a64:	09 f4       	brne	.+2      	; 0x5a68 <Lcd_Line2+0x26e>
    5a66:	8e c0       	rjmp	.+284    	; 0x5b84 <Lcd_Line2+0x38a>
    5a68:	a2 17       	cp	r26, r18
    5a6a:	b3 07       	cpc	r27, r19
    5a6c:	08 f0       	brcs	.+2      	; 0x5a70 <Lcd_Line2+0x276>
    5a6e:	f7 c0       	rjmp	.+494    	; 0x5c5e <Lcd_Line2+0x464>
    5a70:	f9 01       	movw	r30, r18
    5a72:	f6 95       	lsr	r31
    5a74:	e7 95       	ror	r30
    5a76:	88 27       	eor	r24, r24
    5a78:	99 27       	eor	r25, r25
    5a7a:	8e 1b       	sub	r24, r30
    5a7c:	9f 0b       	sbc	r25, r31
    5a7e:	9a 83       	std	Y+2, r25	; 0x02
    5a80:	89 83       	std	Y+1, r24	; 0x01
    5a82:	5c 2c       	mov	r5, r12
    5a84:	66 24       	eor	r6, r6
    5a86:	63 94       	inc	r6
    5a88:	64 0e       	add	r6, r20
    5a8a:	ca 01       	movw	r24, r20
    5a8c:	71 2c       	mov	r7, r1
    5a8e:	10 e0       	ldi	r17, 0x00	; 0
    5a90:	ea e2       	ldi	r30, 0x2A	; 42
    5a92:	4e 2e       	mov	r4, r30
    5a94:	fb e2       	ldi	r31, 0x2B	; 43
    5a96:	3f 2e       	mov	r3, r31
    5a98:	0c e2       	ldi	r16, 0x2C	; 44
    5a9a:	20 2e       	mov	r2, r16
    5a9c:	11 11       	cpse	r17, r1
    5a9e:	23 c0       	rjmp	.+70     	; 0x5ae6 <Lcd_Line2+0x2ec>
    5aa0:	eb 81       	ldd	r30, Y+3	; 0x03
    5aa2:	fc 81       	ldd	r31, Y+4	; 0x04
    5aa4:	4e 17       	cp	r20, r30
    5aa6:	5f 07       	cpc	r21, r31
    5aa8:	f1 f0       	breq	.+60     	; 0x5ae6 <Lcd_Line2+0x2ec>
    5aaa:	71 10       	cpse	r7, r1
    5aac:	5a cf       	rjmp	.-332    	; 0x5962 <Lcd_Line2+0x168>
    5aae:	77 24       	eor	r7, r7
    5ab0:	73 94       	inc	r7
    5ab2:	eb 81       	ldd	r30, Y+3	; 0x03
    5ab4:	fc 81       	ldd	r31, Y+4	; 0x04
    5ab6:	4e 17       	cp	r20, r30
    5ab8:	5f 07       	cpc	r21, r31
    5aba:	09 f0       	breq	.+2      	; 0x5abe <Lcd_Line2+0x2c4>
    5abc:	71 2c       	mov	r7, r1
    5abe:	4c 0d       	add	r20, r12
    5ac0:	5d 1d       	adc	r21, r13
    5ac2:	09 81       	ldd	r16, Y+1	; 0x01
    5ac4:	1a 81       	ldd	r17, Y+2	; 0x02
    5ac6:	0a 0f       	add	r16, r26
    5ac8:	1b 1f       	adc	r17, r27
    5aca:	1a 83       	std	Y+2, r17	; 0x02
    5acc:	09 83       	std	Y+1, r16	; 0x01
    5ace:	17 fd       	sbrc	r17, 7
    5ad0:	c3 c0       	rjmp	.+390    	; 0x5c58 <Lcd_Line2+0x45e>
    5ad2:	6e 0d       	add	r22, r14
    5ad4:	7f 1d       	adc	r23, r15
    5ad6:	02 1b       	sub	r16, r18
    5ad8:	13 0b       	sbc	r17, r19
    5ada:	1a 83       	std	Y+2, r17	; 0x02
    5adc:	09 83       	std	Y+1, r16	; 0x01
    5ade:	11 e0       	ldi	r17, 0x01	; 1
    5ae0:	65 0c       	add	r6, r5
    5ae2:	11 23       	and	r17, r17
    5ae4:	e9 f2       	breq	.-70     	; 0x5aa0 <Lcd_Line2+0x2a6>
    5ae6:	97 98       	cbi	0x12, 7	; 18
    5ae8:	45 ba       	out	0x15, r4	; 21
    5aea:	96 98       	cbi	0x12, 6	; 18
    5aec:	96 9a       	sbi	0x12, 6	; 18
    5aee:	97 9a       	sbi	0x12, 7	; 18
    5af0:	b5 ba       	out	0x15, r11	; 21
    5af2:	96 98       	cbi	0x12, 6	; 18
    5af4:	96 9a       	sbi	0x12, 6	; 18
    5af6:	a5 ba       	out	0x15, r10	; 21
    5af8:	96 98       	cbi	0x12, 6	; 18
    5afa:	96 9a       	sbi	0x12, 6	; 18
    5afc:	85 01       	movw	r16, r10
    5afe:	0f 5f       	subi	r16, 0xFF	; 255
    5b00:	1f 4f       	sbci	r17, 0xFF	; 255
    5b02:	15 bb       	out	0x15, r17	; 21
    5b04:	96 98       	cbi	0x12, 6	; 18
    5b06:	96 9a       	sbi	0x12, 6	; 18
    5b08:	a3 94       	inc	r10
    5b0a:	a5 ba       	out	0x15, r10	; 21
    5b0c:	96 98       	cbi	0x12, 6	; 18
    5b0e:	96 9a       	sbi	0x12, 6	; 18
    5b10:	97 98       	cbi	0x12, 7	; 18
    5b12:	35 ba       	out	0x15, r3	; 21
    5b14:	96 98       	cbi	0x12, 6	; 18
    5b16:	96 9a       	sbi	0x12, 6	; 18
    5b18:	97 9a       	sbi	0x12, 7	; 18
    5b1a:	84 17       	cp	r24, r20
    5b1c:	95 07       	cpc	r25, r21
    5b1e:	0c f0       	brlt	.+2      	; 0x5b22 <Lcd_Line2+0x328>
    5b20:	7f c0       	rjmp	.+254    	; 0x5c20 <Lcd_Line2+0x426>
    5b22:	95 bb       	out	0x15, r25	; 21
    5b24:	96 98       	cbi	0x12, 6	; 18
    5b26:	96 9a       	sbi	0x12, 6	; 18
    5b28:	85 bb       	out	0x15, r24	; 21
    5b2a:	96 98       	cbi	0x12, 6	; 18
    5b2c:	96 9a       	sbi	0x12, 6	; 18
    5b2e:	55 bb       	out	0x15, r21	; 21
    5b30:	96 98       	cbi	0x12, 6	; 18
    5b32:	96 9a       	sbi	0x12, 6	; 18
    5b34:	45 bb       	out	0x15, r20	; 21
    5b36:	96 98       	cbi	0x12, 6	; 18
    5b38:	96 9a       	sbi	0x12, 6	; 18
    5b3a:	97 98       	cbi	0x12, 7	; 18
    5b3c:	25 ba       	out	0x15, r2	; 21
    5b3e:	96 98       	cbi	0x12, 6	; 18
    5b40:	96 9a       	sbi	0x12, 6	; 18
    5b42:	97 9a       	sbi	0x12, 7	; 18
    5b44:	8a 01       	movw	r16, r20
    5b46:	08 1b       	sub	r16, r24
    5b48:	19 0b       	sbc	r17, r25
    5b4a:	c8 01       	movw	r24, r16
    5b4c:	8b ba       	out	0x1b, r8	; 27
    5b4e:	95 ba       	out	0x15, r9	; 21
    5b50:	96 98       	cbi	0x12, 6	; 18
    5b52:	96 9a       	sbi	0x12, 6	; 18
    5b54:	96 98       	cbi	0x12, 6	; 18
    5b56:	96 9a       	sbi	0x12, 6	; 18
    5b58:	96 98       	cbi	0x12, 6	; 18
    5b5a:	96 9a       	sbi	0x12, 6	; 18
    5b5c:	96 98       	cbi	0x12, 6	; 18
    5b5e:	96 9a       	sbi	0x12, 6	; 18
    5b60:	01 97       	sbiw	r24, 0x01	; 1
    5b62:	b1 f7       	brne	.-20     	; 0x5b50 <Lcd_Line2+0x356>
    5b64:	ca 01       	movw	r24, r20
    5b66:	5b 01       	movw	r10, r22
    5b68:	a0 cf       	rjmp	.-192    	; 0x5aaa <Lcd_Line2+0x2b0>
    5b6a:	94 2f       	mov	r25, r20
    5b6c:	85 2f       	mov	r24, r21
    5b6e:	4b 81       	ldd	r20, Y+3	; 0x03
    5b70:	5c 81       	ldd	r21, Y+4	; 0x04
    5b72:	9b 83       	std	Y+3, r25	; 0x03
    5b74:	8c 83       	std	Y+4, r24	; 0x04
    5b76:	b3 ce       	rjmp	.-666    	; 0x58de <Lcd_Line2+0xe4>
    5b78:	94 2f       	mov	r25, r20
    5b7a:	85 2f       	mov	r24, r21
    5b7c:	a8 01       	movw	r20, r16
    5b7e:	9b 83       	std	Y+3, r25	; 0x03
    5b80:	8c 83       	std	Y+4, r24	; 0x04
    5b82:	1a cf       	rjmp	.-460    	; 0x59b8 <Lcd_Line2+0x1be>
    5b84:	1e 2d       	mov	r17, r14
    5b86:	91 e0       	ldi	r25, 0x01	; 1
    5b88:	9a 0d       	add	r25, r10
    5b8a:	ec 2d       	mov	r30, r12
    5b8c:	81 e0       	ldi	r24, 0x01	; 1
    5b8e:	84 0f       	add	r24, r20
    5b90:	fa e2       	ldi	r31, 0x2A	; 42
    5b92:	bb e2       	ldi	r27, 0x2B	; 43
    5b94:	ac e2       	ldi	r26, 0x2C	; 44
    5b96:	04 c0       	rjmp	.+8      	; 0x5ba0 <Lcd_Line2+0x3a6>
    5b98:	6e 0d       	add	r22, r14
    5b9a:	7f 1d       	adc	r23, r15
    5b9c:	4c 0d       	add	r20, r12
    5b9e:	5d 1d       	adc	r21, r13
    5ba0:	97 98       	cbi	0x12, 7	; 18
    5ba2:	f5 bb       	out	0x15, r31	; 21
    5ba4:	96 98       	cbi	0x12, 6	; 18
    5ba6:	96 9a       	sbi	0x12, 6	; 18
    5ba8:	97 9a       	sbi	0x12, 7	; 18
    5baa:	75 bb       	out	0x15, r23	; 21
    5bac:	96 98       	cbi	0x12, 6	; 18
    5bae:	96 9a       	sbi	0x12, 6	; 18
    5bb0:	65 bb       	out	0x15, r22	; 21
    5bb2:	96 98       	cbi	0x12, 6	; 18
    5bb4:	96 9a       	sbi	0x12, 6	; 18
    5bb6:	9b 01       	movw	r18, r22
    5bb8:	2f 5f       	subi	r18, 0xFF	; 255
    5bba:	3f 4f       	sbci	r19, 0xFF	; 255
    5bbc:	35 bb       	out	0x15, r19	; 21
    5bbe:	96 98       	cbi	0x12, 6	; 18
    5bc0:	96 9a       	sbi	0x12, 6	; 18
    5bc2:	95 bb       	out	0x15, r25	; 21
    5bc4:	96 98       	cbi	0x12, 6	; 18
    5bc6:	96 9a       	sbi	0x12, 6	; 18
    5bc8:	97 98       	cbi	0x12, 7	; 18
    5bca:	b5 bb       	out	0x15, r27	; 21
    5bcc:	96 98       	cbi	0x12, 6	; 18
    5bce:	96 9a       	sbi	0x12, 6	; 18
    5bd0:	97 9a       	sbi	0x12, 7	; 18
    5bd2:	55 bb       	out	0x15, r21	; 21
    5bd4:	96 98       	cbi	0x12, 6	; 18
    5bd6:	96 9a       	sbi	0x12, 6	; 18
    5bd8:	45 bb       	out	0x15, r20	; 21
    5bda:	96 98       	cbi	0x12, 6	; 18
    5bdc:	96 9a       	sbi	0x12, 6	; 18
    5bde:	9a 01       	movw	r18, r20
    5be0:	2f 5f       	subi	r18, 0xFF	; 255
    5be2:	3f 4f       	sbci	r19, 0xFF	; 255
    5be4:	35 bb       	out	0x15, r19	; 21
    5be6:	96 98       	cbi	0x12, 6	; 18
    5be8:	96 9a       	sbi	0x12, 6	; 18
    5bea:	85 bb       	out	0x15, r24	; 21
    5bec:	96 98       	cbi	0x12, 6	; 18
    5bee:	96 9a       	sbi	0x12, 6	; 18
    5bf0:	97 98       	cbi	0x12, 7	; 18
    5bf2:	a5 bb       	out	0x15, r26	; 21
    5bf4:	96 98       	cbi	0x12, 6	; 18
    5bf6:	96 9a       	sbi	0x12, 6	; 18
    5bf8:	97 9a       	sbi	0x12, 7	; 18
    5bfa:	8b ba       	out	0x1b, r8	; 27
    5bfc:	95 ba       	out	0x15, r9	; 21
    5bfe:	96 98       	cbi	0x12, 6	; 18
    5c00:	96 9a       	sbi	0x12, 6	; 18
    5c02:	96 98       	cbi	0x12, 6	; 18
    5c04:	96 9a       	sbi	0x12, 6	; 18
    5c06:	96 98       	cbi	0x12, 6	; 18
    5c08:	96 9a       	sbi	0x12, 6	; 18
    5c0a:	96 98       	cbi	0x12, 6	; 18
    5c0c:	96 9a       	sbi	0x12, 6	; 18
    5c0e:	91 0f       	add	r25, r17
    5c10:	8e 0f       	add	r24, r30
    5c12:	2b 81       	ldd	r18, Y+3	; 0x03
    5c14:	3c 81       	ldd	r19, Y+4	; 0x04
    5c16:	24 17       	cp	r18, r20
    5c18:	35 07       	cpc	r19, r21
    5c1a:	09 f0       	breq	.+2      	; 0x5c1e <Lcd_Line2+0x424>
    5c1c:	bd cf       	rjmp	.-134    	; 0x5b98 <Lcd_Line2+0x39e>
    5c1e:	a0 ce       	rjmp	.-704    	; 0x5960 <Lcd_Line2+0x166>
    5c20:	8a 01       	movw	r16, r20
    5c22:	0f 5f       	subi	r16, 0xFF	; 255
    5c24:	1f 4f       	sbci	r17, 0xFF	; 255
    5c26:	15 bb       	out	0x15, r17	; 21
    5c28:	96 98       	cbi	0x12, 6	; 18
    5c2a:	96 9a       	sbi	0x12, 6	; 18
    5c2c:	65 ba       	out	0x15, r6	; 21
    5c2e:	96 98       	cbi	0x12, 6	; 18
    5c30:	96 9a       	sbi	0x12, 6	; 18
    5c32:	8c 01       	movw	r16, r24
    5c34:	0f 5f       	subi	r16, 0xFF	; 255
    5c36:	1f 4f       	sbci	r17, 0xFF	; 255
    5c38:	15 bb       	out	0x15, r17	; 21
    5c3a:	96 98       	cbi	0x12, 6	; 18
    5c3c:	96 9a       	sbi	0x12, 6	; 18
    5c3e:	11 e0       	ldi	r17, 0x01	; 1
    5c40:	18 0f       	add	r17, r24
    5c42:	15 bb       	out	0x15, r17	; 21
    5c44:	96 98       	cbi	0x12, 6	; 18
    5c46:	96 9a       	sbi	0x12, 6	; 18
    5c48:	97 98       	cbi	0x12, 7	; 18
    5c4a:	25 ba       	out	0x15, r2	; 21
    5c4c:	96 98       	cbi	0x12, 6	; 18
    5c4e:	96 9a       	sbi	0x12, 6	; 18
    5c50:	97 9a       	sbi	0x12, 7	; 18
    5c52:	84 1b       	sub	r24, r20
    5c54:	95 0b       	sbc	r25, r21
    5c56:	7a cf       	rjmp	.-268    	; 0x5b4c <Lcd_Line2+0x352>
    5c58:	10 e0       	ldi	r17, 0x00	; 0
    5c5a:	65 0c       	add	r6, r5
    5c5c:	42 cf       	rjmp	.-380    	; 0x5ae2 <Lcd_Line2+0x2e8>
    5c5e:	fd 01       	movw	r30, r26
    5c60:	f6 95       	lsr	r31
    5c62:	e7 95       	ror	r30
    5c64:	f1 95       	neg	r31
    5c66:	e1 95       	neg	r30
    5c68:	f1 09       	sbc	r31, r1
    5c6a:	5e 2c       	mov	r5, r14
    5c6c:	66 24       	eor	r6, r6
    5c6e:	63 94       	inc	r6
    5c70:	6a 0c       	add	r6, r10
    5c72:	5a 01       	movw	r10, r20
    5c74:	cb 01       	movw	r24, r22
    5c76:	71 2c       	mov	r7, r1
    5c78:	10 e0       	ldi	r17, 0x00	; 0
    5c7a:	0a e2       	ldi	r16, 0x2A	; 42
    5c7c:	40 2e       	mov	r4, r16
    5c7e:	0b e2       	ldi	r16, 0x2B	; 43
    5c80:	30 2e       	mov	r3, r16
    5c82:	0c e2       	ldi	r16, 0x2C	; 44
    5c84:	20 2e       	mov	r2, r16
    5c86:	11 11       	cpse	r17, r1
    5c88:	1d c0       	rjmp	.+58     	; 0x5cc4 <Lcd_Line2+0x4ca>
    5c8a:	09 81       	ldd	r16, Y+1	; 0x01
    5c8c:	1a 81       	ldd	r17, Y+2	; 0x02
    5c8e:	06 17       	cp	r16, r22
    5c90:	17 07       	cpc	r17, r23
    5c92:	c1 f0       	breq	.+48     	; 0x5cc4 <Lcd_Line2+0x4ca>
    5c94:	71 10       	cpse	r7, r1
    5c96:	65 ce       	rjmp	.-822    	; 0x5962 <Lcd_Line2+0x168>
    5c98:	77 24       	eor	r7, r7
    5c9a:	73 94       	inc	r7
    5c9c:	09 81       	ldd	r16, Y+1	; 0x01
    5c9e:	1a 81       	ldd	r17, Y+2	; 0x02
    5ca0:	60 17       	cp	r22, r16
    5ca2:	71 07       	cpc	r23, r17
    5ca4:	09 f0       	breq	.+2      	; 0x5ca8 <Lcd_Line2+0x4ae>
    5ca6:	71 2c       	mov	r7, r1
    5ca8:	6e 0d       	add	r22, r14
    5caa:	7f 1d       	adc	r23, r15
    5cac:	e2 0f       	add	r30, r18
    5cae:	f3 1f       	adc	r31, r19
    5cb0:	f7 fd       	sbrc	r31, 7
    5cb2:	7c c0       	rjmp	.+248    	; 0x5dac <Lcd_Line2+0x5b2>
    5cb4:	4c 0d       	add	r20, r12
    5cb6:	5d 1d       	adc	r21, r13
    5cb8:	ea 1b       	sub	r30, r26
    5cba:	fb 0b       	sbc	r31, r27
    5cbc:	11 e0       	ldi	r17, 0x01	; 1
    5cbe:	65 0c       	add	r6, r5
    5cc0:	11 23       	and	r17, r17
    5cc2:	19 f3       	breq	.-58     	; 0x5c8a <Lcd_Line2+0x490>
    5cc4:	97 98       	cbi	0x12, 7	; 18
    5cc6:	45 ba       	out	0x15, r4	; 21
    5cc8:	96 98       	cbi	0x12, 6	; 18
    5cca:	96 9a       	sbi	0x12, 6	; 18
    5ccc:	97 9a       	sbi	0x12, 7	; 18
    5cce:	86 17       	cp	r24, r22
    5cd0:	97 07       	cpc	r25, r23
    5cd2:	dc f5       	brge	.+118    	; 0x5d4a <Lcd_Line2+0x550>
    5cd4:	95 bb       	out	0x15, r25	; 21
    5cd6:	96 98       	cbi	0x12, 6	; 18
    5cd8:	96 9a       	sbi	0x12, 6	; 18
    5cda:	85 bb       	out	0x15, r24	; 21
    5cdc:	96 98       	cbi	0x12, 6	; 18
    5cde:	96 9a       	sbi	0x12, 6	; 18
    5ce0:	75 bb       	out	0x15, r23	; 21
    5ce2:	96 98       	cbi	0x12, 6	; 18
    5ce4:	96 9a       	sbi	0x12, 6	; 18
    5ce6:	65 bb       	out	0x15, r22	; 21
    5ce8:	96 98       	cbi	0x12, 6	; 18
    5cea:	96 9a       	sbi	0x12, 6	; 18
    5cec:	97 98       	cbi	0x12, 7	; 18
    5cee:	35 ba       	out	0x15, r3	; 21
    5cf0:	96 98       	cbi	0x12, 6	; 18
    5cf2:	96 9a       	sbi	0x12, 6	; 18
    5cf4:	97 9a       	sbi	0x12, 7	; 18
    5cf6:	b5 ba       	out	0x15, r11	; 21
    5cf8:	96 98       	cbi	0x12, 6	; 18
    5cfa:	96 9a       	sbi	0x12, 6	; 18
    5cfc:	a5 ba       	out	0x15, r10	; 21
    5cfe:	96 98       	cbi	0x12, 6	; 18
    5d00:	96 9a       	sbi	0x12, 6	; 18
    5d02:	85 01       	movw	r16, r10
    5d04:	0f 5f       	subi	r16, 0xFF	; 255
    5d06:	1f 4f       	sbci	r17, 0xFF	; 255
    5d08:	15 bb       	out	0x15, r17	; 21
    5d0a:	96 98       	cbi	0x12, 6	; 18
    5d0c:	96 9a       	sbi	0x12, 6	; 18
    5d0e:	a3 94       	inc	r10
    5d10:	a5 ba       	out	0x15, r10	; 21
    5d12:	96 98       	cbi	0x12, 6	; 18
    5d14:	96 9a       	sbi	0x12, 6	; 18
    5d16:	97 98       	cbi	0x12, 7	; 18
    5d18:	25 ba       	out	0x15, r2	; 21
    5d1a:	96 98       	cbi	0x12, 6	; 18
    5d1c:	96 9a       	sbi	0x12, 6	; 18
    5d1e:	97 9a       	sbi	0x12, 7	; 18
    5d20:	8b 01       	movw	r16, r22
    5d22:	08 1b       	sub	r16, r24
    5d24:	19 0b       	sbc	r17, r25
    5d26:	c8 01       	movw	r24, r16
    5d28:	87 0d       	add	r24, r7
    5d2a:	91 1d       	adc	r25, r1
    5d2c:	8b ba       	out	0x1b, r8	; 27
    5d2e:	95 ba       	out	0x15, r9	; 21
    5d30:	96 98       	cbi	0x12, 6	; 18
    5d32:	96 9a       	sbi	0x12, 6	; 18
    5d34:	96 98       	cbi	0x12, 6	; 18
    5d36:	96 9a       	sbi	0x12, 6	; 18
    5d38:	96 98       	cbi	0x12, 6	; 18
    5d3a:	96 9a       	sbi	0x12, 6	; 18
    5d3c:	96 98       	cbi	0x12, 6	; 18
    5d3e:	96 9a       	sbi	0x12, 6	; 18
    5d40:	01 97       	sbiw	r24, 0x01	; 1
    5d42:	b1 f7       	brne	.-20     	; 0x5d30 <Lcd_Line2+0x536>
    5d44:	5a 01       	movw	r10, r20
    5d46:	cb 01       	movw	r24, r22
    5d48:	a5 cf       	rjmp	.-182    	; 0x5c94 <Lcd_Line2+0x49a>
    5d4a:	8b 01       	movw	r16, r22
    5d4c:	0f 5f       	subi	r16, 0xFF	; 255
    5d4e:	1f 4f       	sbci	r17, 0xFF	; 255
    5d50:	15 bb       	out	0x15, r17	; 21
    5d52:	96 98       	cbi	0x12, 6	; 18
    5d54:	96 9a       	sbi	0x12, 6	; 18
    5d56:	65 ba       	out	0x15, r6	; 21
    5d58:	96 98       	cbi	0x12, 6	; 18
    5d5a:	96 9a       	sbi	0x12, 6	; 18
    5d5c:	8c 01       	movw	r16, r24
    5d5e:	0f 5f       	subi	r16, 0xFF	; 255
    5d60:	1f 4f       	sbci	r17, 0xFF	; 255
    5d62:	15 bb       	out	0x15, r17	; 21
    5d64:	96 98       	cbi	0x12, 6	; 18
    5d66:	96 9a       	sbi	0x12, 6	; 18
    5d68:	11 e0       	ldi	r17, 0x01	; 1
    5d6a:	18 0f       	add	r17, r24
    5d6c:	15 bb       	out	0x15, r17	; 21
    5d6e:	96 98       	cbi	0x12, 6	; 18
    5d70:	96 9a       	sbi	0x12, 6	; 18
    5d72:	97 98       	cbi	0x12, 7	; 18
    5d74:	35 ba       	out	0x15, r3	; 21
    5d76:	96 98       	cbi	0x12, 6	; 18
    5d78:	96 9a       	sbi	0x12, 6	; 18
    5d7a:	97 9a       	sbi	0x12, 7	; 18
    5d7c:	b5 ba       	out	0x15, r11	; 21
    5d7e:	96 98       	cbi	0x12, 6	; 18
    5d80:	96 9a       	sbi	0x12, 6	; 18
    5d82:	a5 ba       	out	0x15, r10	; 21
    5d84:	96 98       	cbi	0x12, 6	; 18
    5d86:	96 9a       	sbi	0x12, 6	; 18
    5d88:	85 01       	movw	r16, r10
    5d8a:	0f 5f       	subi	r16, 0xFF	; 255
    5d8c:	1f 4f       	sbci	r17, 0xFF	; 255
    5d8e:	15 bb       	out	0x15, r17	; 21
    5d90:	96 98       	cbi	0x12, 6	; 18
    5d92:	96 9a       	sbi	0x12, 6	; 18
    5d94:	a3 94       	inc	r10
    5d96:	a5 ba       	out	0x15, r10	; 21
    5d98:	96 98       	cbi	0x12, 6	; 18
    5d9a:	96 9a       	sbi	0x12, 6	; 18
    5d9c:	97 98       	cbi	0x12, 7	; 18
    5d9e:	25 ba       	out	0x15, r2	; 21
    5da0:	96 98       	cbi	0x12, 6	; 18
    5da2:	96 9a       	sbi	0x12, 6	; 18
    5da4:	97 9a       	sbi	0x12, 7	; 18
    5da6:	86 1b       	sub	r24, r22
    5da8:	97 0b       	sbc	r25, r23
    5daa:	c0 cf       	rjmp	.-128    	; 0x5d2c <Lcd_Line2+0x532>
    5dac:	10 e0       	ldi	r17, 0x00	; 0
    5dae:	65 0c       	add	r6, r5
    5db0:	87 cf       	rjmp	.-242    	; 0x5cc0 <Lcd_Line2+0x4c6>

00005db2 <Lcd_Line3>:
    5db2:	2f 92       	push	r2
    5db4:	3f 92       	push	r3
    5db6:	4f 92       	push	r4
    5db8:	5f 92       	push	r5
    5dba:	6f 92       	push	r6
    5dbc:	7f 92       	push	r7
    5dbe:	8f 92       	push	r8
    5dc0:	9f 92       	push	r9
    5dc2:	af 92       	push	r10
    5dc4:	bf 92       	push	r11
    5dc6:	cf 92       	push	r12
    5dc8:	df 92       	push	r13
    5dca:	ef 92       	push	r14
    5dcc:	ff 92       	push	r15
    5dce:	0f 93       	push	r16
    5dd0:	1f 93       	push	r17
    5dd2:	cf 93       	push	r28
    5dd4:	df 93       	push	r29
    5dd6:	00 d0       	rcall	.+0      	; 0x5dd8 <Lcd_Line3+0x26>
    5dd8:	00 d0       	rcall	.+0      	; 0x5dda <Lcd_Line3+0x28>
    5dda:	00 d0       	rcall	.+0      	; 0x5ddc <Lcd_Line3+0x2a>
    5ddc:	cd b7       	in	r28, 0x3d	; 61
    5dde:	de b7       	in	r29, 0x3e	; 62
    5de0:	c0 90 09 01 	lds	r12, 0x0109	; 0x800109 <KVB+0x2>
    5de4:	d0 90 0a 01 	lds	r13, 0x010A	; 0x80010a <KVB+0x3>
    5de8:	46 01       	movw	r8, r12
    5dea:	8c 15       	cp	r24, r12
    5dec:	9d 05       	cpc	r25, r13
    5dee:	08 f4       	brcc	.+2      	; 0x5df2 <Lcd_Line3+0x40>
    5df0:	4c 01       	movw	r8, r24
    5df2:	4c 15       	cp	r20, r12
    5df4:	5d 05       	cpc	r21, r13
    5df6:	08 f4       	brcc	.+2      	; 0x5dfa <Lcd_Line3+0x48>
    5df8:	6a 01       	movw	r12, r20
    5dfa:	e0 91 0b 01 	lds	r30, 0x010B	; 0x80010b <KVB+0x4>
    5dfe:	f0 91 0c 01 	lds	r31, 0x010C	; 0x80010c <KVB+0x5>
    5e02:	af 01       	movw	r20, r30
    5e04:	6e 17       	cp	r22, r30
    5e06:	7f 07       	cpc	r23, r31
    5e08:	08 f4       	brcc	.+2      	; 0x5e0c <Lcd_Line3+0x5a>
    5e0a:	ab 01       	movw	r20, r22
    5e0c:	2e 17       	cp	r18, r30
    5e0e:	3f 07       	cpc	r19, r31
    5e10:	08 f4       	brcc	.+2      	; 0x5e14 <Lcd_Line3+0x62>
    5e12:	f9 01       	movw	r30, r18
    5e14:	8c 14       	cp	r8, r12
    5e16:	9d 04       	cpc	r9, r13
    5e18:	08 f0       	brcs	.+2      	; 0x5e1c <Lcd_Line3+0x6a>
    5e1a:	f7 c0       	rjmp	.+494    	; 0x600a <Lcd_Line3+0x258>
    5e1c:	96 01       	movw	r18, r12
    5e1e:	28 19       	sub	r18, r8
    5e20:	39 09       	sbc	r19, r9
    5e22:	3e 83       	std	Y+6, r19	; 0x06
    5e24:	2d 83       	std	Y+5, r18	; 0x05
    5e26:	81 e0       	ldi	r24, 0x01	; 1
    5e28:	90 e0       	ldi	r25, 0x00	; 0
    5e2a:	9a 83       	std	Y+2, r25	; 0x02
    5e2c:	89 83       	std	Y+1, r24	; 0x01
    5e2e:	4e 17       	cp	r20, r30
    5e30:	5f 07       	cpc	r21, r31
    5e32:	08 f0       	brcs	.+2      	; 0x5e36 <Lcd_Line3+0x84>
    5e34:	e3 c0       	rjmp	.+454    	; 0x5ffc <Lcd_Line3+0x24a>
    5e36:	9f 01       	movw	r18, r30
    5e38:	24 1b       	sub	r18, r20
    5e3a:	35 0b       	sbc	r19, r21
    5e3c:	ee 24       	eor	r14, r14
    5e3e:	e3 94       	inc	r14
    5e40:	f1 2c       	mov	r15, r1
    5e42:	10 e0       	ldi	r17, 0x00	; 0
    5e44:	c8 01       	movw	r24, r16
    5e46:	88 0f       	add	r24, r24
    5e48:	99 1f       	adc	r25, r25
    5e4a:	81 5f       	subi	r24, 0xF1	; 241
    5e4c:	9e 4f       	sbci	r25, 0xFE	; 254
    5e4e:	dc 01       	movw	r26, r24
    5e50:	bc 90       	ld	r11, X
    5e52:	00 0f       	add	r16, r16
    5e54:	11 1f       	adc	r17, r17
    5e56:	09 5f       	subi	r16, 0xF9	; 249
    5e58:	1e 4f       	sbci	r17, 0xFE	; 254
    5e5a:	d8 01       	movw	r26, r16
    5e5c:	17 96       	adiw	r26, 0x07	; 7
    5e5e:	ac 90       	ld	r10, X
    5e60:	94 98       	cbi	0x12, 4	; 18
    5e62:	8d 81       	ldd	r24, Y+5	; 0x05
    5e64:	9e 81       	ldd	r25, Y+6	; 0x06
    5e66:	89 2b       	or	r24, r25
    5e68:	09 f0       	breq	.+2      	; 0x5e6c <Lcd_Line3+0xba>
    5e6a:	6e c0       	rjmp	.+220    	; 0x5f48 <Lcd_Line3+0x196>
    5e6c:	c8 14       	cp	r12, r8
    5e6e:	d9 04       	cpc	r13, r9
    5e70:	28 f4       	brcc	.+10     	; 0x5e7c <Lcd_Line3+0xca>
    5e72:	98 2d       	mov	r25, r8
    5e74:	89 2d       	mov	r24, r9
    5e76:	46 01       	movw	r8, r12
    5e78:	c9 2e       	mov	r12, r25
    5e7a:	d8 2e       	mov	r13, r24
    5e7c:	e4 17       	cp	r30, r20
    5e7e:	f5 07       	cpc	r31, r21
    5e80:	08 f4       	brcc	.+2      	; 0x5e84 <Lcd_Line3+0xd2>
    5e82:	67 c1       	rjmp	.+718    	; 0x6152 <Lcd_Line3+0x3a0>
    5e84:	97 98       	cbi	0x12, 7	; 18
    5e86:	8a e2       	ldi	r24, 0x2A	; 42
    5e88:	85 bb       	out	0x15, r24	; 21
    5e8a:	96 98       	cbi	0x12, 6	; 18
    5e8c:	96 9a       	sbi	0x12, 6	; 18
    5e8e:	97 9a       	sbi	0x12, 7	; 18
    5e90:	95 ba       	out	0x15, r9	; 21
    5e92:	96 98       	cbi	0x12, 6	; 18
    5e94:	96 9a       	sbi	0x12, 6	; 18
    5e96:	85 ba       	out	0x15, r8	; 21
    5e98:	96 98       	cbi	0x12, 6	; 18
    5e9a:	96 9a       	sbi	0x12, 6	; 18
    5e9c:	c6 01       	movw	r24, r12
    5e9e:	02 96       	adiw	r24, 0x02	; 2
    5ea0:	95 bb       	out	0x15, r25	; 21
    5ea2:	96 98       	cbi	0x12, 6	; 18
    5ea4:	96 9a       	sbi	0x12, 6	; 18
    5ea6:	c3 94       	inc	r12
    5ea8:	c3 94       	inc	r12
    5eaa:	c5 ba       	out	0x15, r12	; 21
    5eac:	96 98       	cbi	0x12, 6	; 18
    5eae:	96 9a       	sbi	0x12, 6	; 18
    5eb0:	97 98       	cbi	0x12, 7	; 18
    5eb2:	8b e2       	ldi	r24, 0x2B	; 43
    5eb4:	85 bb       	out	0x15, r24	; 21
    5eb6:	96 98       	cbi	0x12, 6	; 18
    5eb8:	96 9a       	sbi	0x12, 6	; 18
    5eba:	97 9a       	sbi	0x12, 7	; 18
    5ebc:	55 bb       	out	0x15, r21	; 21
    5ebe:	96 98       	cbi	0x12, 6	; 18
    5ec0:	96 9a       	sbi	0x12, 6	; 18
    5ec2:	45 bb       	out	0x15, r20	; 21
    5ec4:	96 98       	cbi	0x12, 6	; 18
    5ec6:	96 9a       	sbi	0x12, 6	; 18
    5ec8:	cf 01       	movw	r24, r30
    5eca:	02 96       	adiw	r24, 0x02	; 2
    5ecc:	95 bb       	out	0x15, r25	; 21
    5ece:	96 98       	cbi	0x12, 6	; 18
    5ed0:	96 9a       	sbi	0x12, 6	; 18
    5ed2:	ee 5f       	subi	r30, 0xFE	; 254
    5ed4:	e5 bb       	out	0x15, r30	; 21
    5ed6:	96 98       	cbi	0x12, 6	; 18
    5ed8:	96 9a       	sbi	0x12, 6	; 18
    5eda:	97 98       	cbi	0x12, 7	; 18
    5edc:	8c e2       	ldi	r24, 0x2C	; 44
    5ede:	85 bb       	out	0x15, r24	; 21
    5ee0:	96 98       	cbi	0x12, 6	; 18
    5ee2:	96 9a       	sbi	0x12, 6	; 18
    5ee4:	97 9a       	sbi	0x12, 7	; 18
    5ee6:	bb ba       	out	0x1b, r11	; 27
    5ee8:	a5 ba       	out	0x15, r10	; 21
    5eea:	96 98       	cbi	0x12, 6	; 18
    5eec:	96 9a       	sbi	0x12, 6	; 18
    5eee:	96 98       	cbi	0x12, 6	; 18
    5ef0:	96 9a       	sbi	0x12, 6	; 18
    5ef2:	96 98       	cbi	0x12, 6	; 18
    5ef4:	96 9a       	sbi	0x12, 6	; 18
    5ef6:	96 98       	cbi	0x12, 6	; 18
    5ef8:	96 9a       	sbi	0x12, 6	; 18
    5efa:	96 98       	cbi	0x12, 6	; 18
    5efc:	96 9a       	sbi	0x12, 6	; 18
    5efe:	96 98       	cbi	0x12, 6	; 18
    5f00:	96 9a       	sbi	0x12, 6	; 18
    5f02:	96 98       	cbi	0x12, 6	; 18
    5f04:	96 9a       	sbi	0x12, 6	; 18
    5f06:	96 98       	cbi	0x12, 6	; 18
    5f08:	96 9a       	sbi	0x12, 6	; 18
    5f0a:	96 98       	cbi	0x12, 6	; 18
    5f0c:	96 9a       	sbi	0x12, 6	; 18
    5f0e:	21 50       	subi	r18, 0x01	; 1
    5f10:	31 09       	sbc	r19, r1
    5f12:	58 f7       	brcc	.-42     	; 0x5eea <Lcd_Line3+0x138>
    5f14:	94 9a       	sbi	0x12, 4	; 18
    5f16:	26 96       	adiw	r28, 0x06	; 6
    5f18:	0f b6       	in	r0, 0x3f	; 63
    5f1a:	f8 94       	cli
    5f1c:	de bf       	out	0x3e, r29	; 62
    5f1e:	0f be       	out	0x3f, r0	; 63
    5f20:	cd bf       	out	0x3d, r28	; 61
    5f22:	df 91       	pop	r29
    5f24:	cf 91       	pop	r28
    5f26:	1f 91       	pop	r17
    5f28:	0f 91       	pop	r16
    5f2a:	ff 90       	pop	r15
    5f2c:	ef 90       	pop	r14
    5f2e:	df 90       	pop	r13
    5f30:	cf 90       	pop	r12
    5f32:	bf 90       	pop	r11
    5f34:	af 90       	pop	r10
    5f36:	9f 90       	pop	r9
    5f38:	8f 90       	pop	r8
    5f3a:	7f 90       	pop	r7
    5f3c:	6f 90       	pop	r6
    5f3e:	5f 90       	pop	r5
    5f40:	4f 90       	pop	r4
    5f42:	3f 90       	pop	r3
    5f44:	2f 90       	pop	r2
    5f46:	08 95       	ret
    5f48:	21 15       	cp	r18, r1
    5f4a:	31 05       	cpc	r19, r1
    5f4c:	09 f0       	breq	.+2      	; 0x5f50 <Lcd_Line3+0x19e>
    5f4e:	67 c0       	rjmp	.+206    	; 0x601e <Lcd_Line3+0x26c>
    5f50:	c8 14       	cp	r12, r8
    5f52:	d9 04       	cpc	r13, r9
    5f54:	28 f4       	brcc	.+10     	; 0x5f60 <Lcd_Line3+0x1ae>
    5f56:	98 2d       	mov	r25, r8
    5f58:	89 2d       	mov	r24, r9
    5f5a:	46 01       	movw	r8, r12
    5f5c:	c9 2e       	mov	r12, r25
    5f5e:	d8 2e       	mov	r13, r24
    5f60:	e4 17       	cp	r30, r20
    5f62:	f5 07       	cpc	r31, r21
    5f64:	08 f4       	brcc	.+2      	; 0x5f68 <Lcd_Line3+0x1b6>
    5f66:	fb c0       	rjmp	.+502    	; 0x615e <Lcd_Line3+0x3ac>
    5f68:	97 98       	cbi	0x12, 7	; 18
    5f6a:	8a e2       	ldi	r24, 0x2A	; 42
    5f6c:	85 bb       	out	0x15, r24	; 21
    5f6e:	96 98       	cbi	0x12, 6	; 18
    5f70:	96 9a       	sbi	0x12, 6	; 18
    5f72:	97 9a       	sbi	0x12, 7	; 18
    5f74:	95 ba       	out	0x15, r9	; 21
    5f76:	96 98       	cbi	0x12, 6	; 18
    5f78:	96 9a       	sbi	0x12, 6	; 18
    5f7a:	85 ba       	out	0x15, r8	; 21
    5f7c:	96 98       	cbi	0x12, 6	; 18
    5f7e:	96 9a       	sbi	0x12, 6	; 18
    5f80:	c6 01       	movw	r24, r12
    5f82:	02 96       	adiw	r24, 0x02	; 2
    5f84:	95 bb       	out	0x15, r25	; 21
    5f86:	96 98       	cbi	0x12, 6	; 18
    5f88:	96 9a       	sbi	0x12, 6	; 18
    5f8a:	c3 94       	inc	r12
    5f8c:	c3 94       	inc	r12
    5f8e:	c5 ba       	out	0x15, r12	; 21
    5f90:	96 98       	cbi	0x12, 6	; 18
    5f92:	96 9a       	sbi	0x12, 6	; 18
    5f94:	97 98       	cbi	0x12, 7	; 18
    5f96:	8b e2       	ldi	r24, 0x2B	; 43
    5f98:	85 bb       	out	0x15, r24	; 21
    5f9a:	96 98       	cbi	0x12, 6	; 18
    5f9c:	96 9a       	sbi	0x12, 6	; 18
    5f9e:	97 9a       	sbi	0x12, 7	; 18
    5fa0:	55 bb       	out	0x15, r21	; 21
    5fa2:	96 98       	cbi	0x12, 6	; 18
    5fa4:	96 9a       	sbi	0x12, 6	; 18
    5fa6:	45 bb       	out	0x15, r20	; 21
    5fa8:	96 98       	cbi	0x12, 6	; 18
    5faa:	96 9a       	sbi	0x12, 6	; 18
    5fac:	cf 01       	movw	r24, r30
    5fae:	02 96       	adiw	r24, 0x02	; 2
    5fb0:	95 bb       	out	0x15, r25	; 21
    5fb2:	96 98       	cbi	0x12, 6	; 18
    5fb4:	96 9a       	sbi	0x12, 6	; 18
    5fb6:	ee 5f       	subi	r30, 0xFE	; 254
    5fb8:	e5 bb       	out	0x15, r30	; 21
    5fba:	96 98       	cbi	0x12, 6	; 18
    5fbc:	96 9a       	sbi	0x12, 6	; 18
    5fbe:	97 98       	cbi	0x12, 7	; 18
    5fc0:	8c e2       	ldi	r24, 0x2C	; 44
    5fc2:	85 bb       	out	0x15, r24	; 21
    5fc4:	96 98       	cbi	0x12, 6	; 18
    5fc6:	96 9a       	sbi	0x12, 6	; 18
    5fc8:	97 9a       	sbi	0x12, 7	; 18
    5fca:	bb ba       	out	0x1b, r11	; 27
    5fcc:	a5 ba       	out	0x15, r10	; 21
    5fce:	ad 81       	ldd	r26, Y+5	; 0x05
    5fd0:	be 81       	ldd	r27, Y+6	; 0x06
    5fd2:	96 98       	cbi	0x12, 6	; 18
    5fd4:	96 9a       	sbi	0x12, 6	; 18
    5fd6:	96 98       	cbi	0x12, 6	; 18
    5fd8:	96 9a       	sbi	0x12, 6	; 18
    5fda:	96 98       	cbi	0x12, 6	; 18
    5fdc:	96 9a       	sbi	0x12, 6	; 18
    5fde:	96 98       	cbi	0x12, 6	; 18
    5fe0:	96 9a       	sbi	0x12, 6	; 18
    5fe2:	96 98       	cbi	0x12, 6	; 18
    5fe4:	96 9a       	sbi	0x12, 6	; 18
    5fe6:	96 98       	cbi	0x12, 6	; 18
    5fe8:	96 9a       	sbi	0x12, 6	; 18
    5fea:	96 98       	cbi	0x12, 6	; 18
    5fec:	96 9a       	sbi	0x12, 6	; 18
    5fee:	96 98       	cbi	0x12, 6	; 18
    5ff0:	96 9a       	sbi	0x12, 6	; 18
    5ff2:	96 98       	cbi	0x12, 6	; 18
    5ff4:	96 9a       	sbi	0x12, 6	; 18
    5ff6:	11 97       	sbiw	r26, 0x01	; 1
    5ff8:	60 f7       	brcc	.-40     	; 0x5fd2 <Lcd_Line3+0x220>
    5ffa:	8c cf       	rjmp	.-232    	; 0x5f14 <Lcd_Line3+0x162>
    5ffc:	9a 01       	movw	r18, r20
    5ffe:	2e 1b       	sub	r18, r30
    6000:	3f 0b       	sbc	r19, r31
    6002:	ee 24       	eor	r14, r14
    6004:	ea 94       	dec	r14
    6006:	fe 2c       	mov	r15, r14
    6008:	1c cf       	rjmp	.-456    	; 0x5e42 <Lcd_Line3+0x90>
    600a:	d4 01       	movw	r26, r8
    600c:	ac 19       	sub	r26, r12
    600e:	bd 09       	sbc	r27, r13
    6010:	be 83       	std	Y+6, r27	; 0x06
    6012:	ad 83       	std	Y+5, r26	; 0x05
    6014:	2f ef       	ldi	r18, 0xFF	; 255
    6016:	3f ef       	ldi	r19, 0xFF	; 255
    6018:	3a 83       	std	Y+2, r19	; 0x02
    601a:	29 83       	std	Y+1, r18	; 0x01
    601c:	08 cf       	rjmp	.-496    	; 0x5e2e <Lcd_Line3+0x7c>
    601e:	b4 01       	movw	r22, r8
    6020:	8d 81       	ldd	r24, Y+5	; 0x05
    6022:	9e 81       	ldd	r25, Y+6	; 0x06
    6024:	28 17       	cp	r18, r24
    6026:	39 07       	cpc	r19, r25
    6028:	09 f4       	brne	.+2      	; 0x602c <Lcd_Line3+0x27a>
    602a:	9f c0       	rjmp	.+318    	; 0x616a <Lcd_Line3+0x3b8>
    602c:	8d 81       	ldd	r24, Y+5	; 0x05
    602e:	9e 81       	ldd	r25, Y+6	; 0x06
    6030:	82 17       	cp	r24, r18
    6032:	93 07       	cpc	r25, r19
    6034:	08 f0       	brcs	.+2      	; 0x6038 <Lcd_Line3+0x286>
    6036:	20 c1       	rjmp	.+576    	; 0x6278 <Lcd_Line3+0x4c6>
    6038:	89 01       	movw	r16, r18
    603a:	16 95       	lsr	r17
    603c:	07 95       	ror	r16
    603e:	11 95       	neg	r17
    6040:	01 95       	neg	r16
    6042:	11 09       	sbc	r17, r1
    6044:	2a 01       	movw	r4, r20
    6046:	9f ef       	ldi	r25, 0xFF	; 255
    6048:	49 1a       	sub	r4, r25
    604a:	59 0a       	sbc	r5, r25
    604c:	3e 2c       	mov	r3, r14
    604e:	88 24       	eor	r8, r8
    6050:	83 94       	inc	r8
    6052:	84 0e       	add	r8, r20
    6054:	ca 01       	movw	r24, r20
    6056:	3b 01       	movw	r6, r22
    6058:	91 2c       	mov	r9, r1
    605a:	d1 2c       	mov	r13, r1
    605c:	ba e2       	ldi	r27, 0x2A	; 42
    605e:	2b 2e       	mov	r2, r27
    6060:	3c 83       	std	Y+4, r19	; 0x04
    6062:	2b 83       	std	Y+3, r18	; 0x03
    6064:	ad 81       	ldd	r26, Y+5	; 0x05
    6066:	be 81       	ldd	r27, Y+6	; 0x06
    6068:	1e c0       	rjmp	.+60     	; 0x60a6 <Lcd_Line3+0x2f4>
    606a:	4e 17       	cp	r20, r30
    606c:	5f 07       	cpc	r21, r31
    606e:	e9 f0       	breq	.+58     	; 0x60aa <Lcd_Line3+0x2f8>
    6070:	91 10       	cpse	r9, r1
    6072:	51 cf       	rjmp	.-350    	; 0x5f16 <Lcd_Line3+0x164>
    6074:	99 24       	eor	r9, r9
    6076:	93 94       	inc	r9
    6078:	4e 17       	cp	r20, r30
    607a:	5f 07       	cpc	r21, r31
    607c:	09 f0       	breq	.+2      	; 0x6080 <Lcd_Line3+0x2ce>
    607e:	91 2c       	mov	r9, r1
    6080:	4e 0d       	add	r20, r14
    6082:	5f 1d       	adc	r21, r15
    6084:	0a 0f       	add	r16, r26
    6086:	1b 1f       	adc	r17, r27
    6088:	17 fd       	sbrc	r17, 7
    608a:	f4 c0       	rjmp	.+488    	; 0x6274 <Lcd_Line3+0x4c2>
    608c:	29 81       	ldd	r18, Y+1	; 0x01
    608e:	3a 81       	ldd	r19, Y+2	; 0x02
    6090:	62 0f       	add	r22, r18
    6092:	73 1f       	adc	r23, r19
    6094:	2b 81       	ldd	r18, Y+3	; 0x03
    6096:	3c 81       	ldd	r19, Y+4	; 0x04
    6098:	02 1b       	sub	r16, r18
    609a:	13 0b       	sbc	r17, r19
    609c:	dd 24       	eor	r13, r13
    609e:	d3 94       	inc	r13
    60a0:	4e 0c       	add	r4, r14
    60a2:	5f 1c       	adc	r5, r15
    60a4:	83 0c       	add	r8, r3
    60a6:	dd 20       	and	r13, r13
    60a8:	01 f3       	breq	.-64     	; 0x606a <Lcd_Line3+0x2b8>
    60aa:	97 98       	cbi	0x12, 7	; 18
    60ac:	25 ba       	out	0x15, r2	; 21
    60ae:	96 98       	cbi	0x12, 6	; 18
    60b0:	96 9a       	sbi	0x12, 6	; 18
    60b2:	97 9a       	sbi	0x12, 7	; 18
    60b4:	75 ba       	out	0x15, r7	; 21
    60b6:	96 98       	cbi	0x12, 6	; 18
    60b8:	96 9a       	sbi	0x12, 6	; 18
    60ba:	65 ba       	out	0x15, r6	; 21
    60bc:	96 98       	cbi	0x12, 6	; 18
    60be:	96 9a       	sbi	0x12, 6	; 18
    60c0:	63 01       	movw	r12, r6
    60c2:	84 17       	cp	r24, r20
    60c4:	95 07       	cpc	r25, r21
    60c6:	0c f0       	brlt	.+2      	; 0x60ca <Lcd_Line3+0x318>
    60c8:	a8 c0       	rjmp	.+336    	; 0x621a <Lcd_Line3+0x468>
    60ca:	22 e0       	ldi	r18, 0x02	; 2
    60cc:	c2 0e       	add	r12, r18
    60ce:	d1 1c       	adc	r13, r1
    60d0:	d5 ba       	out	0x15, r13	; 21
    60d2:	96 98       	cbi	0x12, 6	; 18
    60d4:	96 9a       	sbi	0x12, 6	; 18
    60d6:	63 94       	inc	r6
    60d8:	63 94       	inc	r6
    60da:	65 ba       	out	0x15, r6	; 21
    60dc:	96 98       	cbi	0x12, 6	; 18
    60de:	96 9a       	sbi	0x12, 6	; 18
    60e0:	97 98       	cbi	0x12, 7	; 18
    60e2:	3b e2       	ldi	r19, 0x2B	; 43
    60e4:	35 bb       	out	0x15, r19	; 21
    60e6:	96 98       	cbi	0x12, 6	; 18
    60e8:	96 9a       	sbi	0x12, 6	; 18
    60ea:	97 9a       	sbi	0x12, 7	; 18
    60ec:	95 bb       	out	0x15, r25	; 21
    60ee:	96 98       	cbi	0x12, 6	; 18
    60f0:	96 9a       	sbi	0x12, 6	; 18
    60f2:	85 bb       	out	0x15, r24	; 21
    60f4:	96 98       	cbi	0x12, 6	; 18
    60f6:	96 9a       	sbi	0x12, 6	; 18
    60f8:	55 ba       	out	0x15, r5	; 21
    60fa:	96 98       	cbi	0x12, 6	; 18
    60fc:	96 9a       	sbi	0x12, 6	; 18
    60fe:	85 ba       	out	0x15, r8	; 21
    6100:	96 98       	cbi	0x12, 6	; 18
    6102:	96 9a       	sbi	0x12, 6	; 18
    6104:	97 98       	cbi	0x12, 7	; 18
    6106:	2c e2       	ldi	r18, 0x2C	; 44
    6108:	25 bb       	out	0x15, r18	; 21
    610a:	96 98       	cbi	0x12, 6	; 18
    610c:	96 9a       	sbi	0x12, 6	; 18
    610e:	97 9a       	sbi	0x12, 7	; 18
    6110:	9a 01       	movw	r18, r20
    6112:	28 1b       	sub	r18, r24
    6114:	39 0b       	sbc	r19, r25
    6116:	c9 01       	movw	r24, r18
    6118:	bb ba       	out	0x1b, r11	; 27
    611a:	a5 ba       	out	0x15, r10	; 21
    611c:	2b 81       	ldd	r18, Y+3	; 0x03
    611e:	3c 81       	ldd	r19, Y+4	; 0x04
    6120:	96 98       	cbi	0x12, 6	; 18
    6122:	96 9a       	sbi	0x12, 6	; 18
    6124:	96 98       	cbi	0x12, 6	; 18
    6126:	96 9a       	sbi	0x12, 6	; 18
    6128:	96 98       	cbi	0x12, 6	; 18
    612a:	96 9a       	sbi	0x12, 6	; 18
    612c:	96 98       	cbi	0x12, 6	; 18
    612e:	96 9a       	sbi	0x12, 6	; 18
    6130:	96 98       	cbi	0x12, 6	; 18
    6132:	96 9a       	sbi	0x12, 6	; 18
    6134:	96 98       	cbi	0x12, 6	; 18
    6136:	96 9a       	sbi	0x12, 6	; 18
    6138:	96 98       	cbi	0x12, 6	; 18
    613a:	96 9a       	sbi	0x12, 6	; 18
    613c:	96 98       	cbi	0x12, 6	; 18
    613e:	96 9a       	sbi	0x12, 6	; 18
    6140:	96 98       	cbi	0x12, 6	; 18
    6142:	96 9a       	sbi	0x12, 6	; 18
    6144:	01 97       	sbiw	r24, 0x01	; 1
    6146:	61 f7       	brne	.-40     	; 0x6120 <Lcd_Line3+0x36e>
    6148:	3c 83       	std	Y+4, r19	; 0x04
    614a:	2b 83       	std	Y+3, r18	; 0x03
    614c:	ca 01       	movw	r24, r20
    614e:	3b 01       	movw	r6, r22
    6150:	8f cf       	rjmp	.-226    	; 0x6070 <Lcd_Line3+0x2be>
    6152:	94 2f       	mov	r25, r20
    6154:	85 2f       	mov	r24, r21
    6156:	af 01       	movw	r20, r30
    6158:	e9 2f       	mov	r30, r25
    615a:	f8 2f       	mov	r31, r24
    615c:	93 ce       	rjmp	.-730    	; 0x5e84 <Lcd_Line3+0xd2>
    615e:	94 2f       	mov	r25, r20
    6160:	85 2f       	mov	r24, r21
    6162:	af 01       	movw	r20, r30
    6164:	e9 2f       	mov	r30, r25
    6166:	f8 2f       	mov	r31, r24
    6168:	ff ce       	rjmp	.-514    	; 0x5f68 <Lcd_Line3+0x1b6>
    616a:	d9 80       	ldd	r13, Y+1	; 0x01
    616c:	92 e0       	ldi	r25, 0x02	; 2
    616e:	98 0d       	add	r25, r8
    6170:	0e 2d       	mov	r16, r14
    6172:	82 e0       	ldi	r24, 0x02	; 2
    6174:	84 0f       	add	r24, r20
    6176:	1a e2       	ldi	r17, 0x2A	; 42
    6178:	bb e2       	ldi	r27, 0x2B	; 43
    617a:	ac e2       	ldi	r26, 0x2C	; 44
    617c:	06 c0       	rjmp	.+12     	; 0x618a <Lcd_Line3+0x3d8>
    617e:	29 81       	ldd	r18, Y+1	; 0x01
    6180:	3a 81       	ldd	r19, Y+2	; 0x02
    6182:	62 0f       	add	r22, r18
    6184:	73 1f       	adc	r23, r19
    6186:	4e 0d       	add	r20, r14
    6188:	5f 1d       	adc	r21, r15
    618a:	97 98       	cbi	0x12, 7	; 18
    618c:	15 bb       	out	0x15, r17	; 21
    618e:	96 98       	cbi	0x12, 6	; 18
    6190:	96 9a       	sbi	0x12, 6	; 18
    6192:	97 9a       	sbi	0x12, 7	; 18
    6194:	75 bb       	out	0x15, r23	; 21
    6196:	96 98       	cbi	0x12, 6	; 18
    6198:	96 9a       	sbi	0x12, 6	; 18
    619a:	65 bb       	out	0x15, r22	; 21
    619c:	96 98       	cbi	0x12, 6	; 18
    619e:	96 9a       	sbi	0x12, 6	; 18
    61a0:	9b 01       	movw	r18, r22
    61a2:	2e 5f       	subi	r18, 0xFE	; 254
    61a4:	3f 4f       	sbci	r19, 0xFF	; 255
    61a6:	35 bb       	out	0x15, r19	; 21
    61a8:	96 98       	cbi	0x12, 6	; 18
    61aa:	96 9a       	sbi	0x12, 6	; 18
    61ac:	95 bb       	out	0x15, r25	; 21
    61ae:	96 98       	cbi	0x12, 6	; 18
    61b0:	96 9a       	sbi	0x12, 6	; 18
    61b2:	97 98       	cbi	0x12, 7	; 18
    61b4:	b5 bb       	out	0x15, r27	; 21
    61b6:	96 98       	cbi	0x12, 6	; 18
    61b8:	96 9a       	sbi	0x12, 6	; 18
    61ba:	97 9a       	sbi	0x12, 7	; 18
    61bc:	55 bb       	out	0x15, r21	; 21
    61be:	96 98       	cbi	0x12, 6	; 18
    61c0:	96 9a       	sbi	0x12, 6	; 18
    61c2:	45 bb       	out	0x15, r20	; 21
    61c4:	96 98       	cbi	0x12, 6	; 18
    61c6:	96 9a       	sbi	0x12, 6	; 18
    61c8:	9a 01       	movw	r18, r20
    61ca:	2e 5f       	subi	r18, 0xFE	; 254
    61cc:	3f 4f       	sbci	r19, 0xFF	; 255
    61ce:	35 bb       	out	0x15, r19	; 21
    61d0:	96 98       	cbi	0x12, 6	; 18
    61d2:	96 9a       	sbi	0x12, 6	; 18
    61d4:	85 bb       	out	0x15, r24	; 21
    61d6:	96 98       	cbi	0x12, 6	; 18
    61d8:	96 9a       	sbi	0x12, 6	; 18
    61da:	97 98       	cbi	0x12, 7	; 18
    61dc:	a5 bb       	out	0x15, r26	; 21
    61de:	96 98       	cbi	0x12, 6	; 18
    61e0:	96 9a       	sbi	0x12, 6	; 18
    61e2:	97 9a       	sbi	0x12, 7	; 18
    61e4:	bb ba       	out	0x1b, r11	; 27
    61e6:	a5 ba       	out	0x15, r10	; 21
    61e8:	96 98       	cbi	0x12, 6	; 18
    61ea:	96 9a       	sbi	0x12, 6	; 18
    61ec:	96 98       	cbi	0x12, 6	; 18
    61ee:	96 9a       	sbi	0x12, 6	; 18
    61f0:	96 98       	cbi	0x12, 6	; 18
    61f2:	96 9a       	sbi	0x12, 6	; 18
    61f4:	96 98       	cbi	0x12, 6	; 18
    61f6:	96 9a       	sbi	0x12, 6	; 18
    61f8:	96 98       	cbi	0x12, 6	; 18
    61fa:	96 9a       	sbi	0x12, 6	; 18
    61fc:	96 98       	cbi	0x12, 6	; 18
    61fe:	96 9a       	sbi	0x12, 6	; 18
    6200:	96 98       	cbi	0x12, 6	; 18
    6202:	96 9a       	sbi	0x12, 6	; 18
    6204:	96 98       	cbi	0x12, 6	; 18
    6206:	96 9a       	sbi	0x12, 6	; 18
    6208:	96 98       	cbi	0x12, 6	; 18
    620a:	96 9a       	sbi	0x12, 6	; 18
    620c:	9d 0d       	add	r25, r13
    620e:	80 0f       	add	r24, r16
    6210:	e4 17       	cp	r30, r20
    6212:	f5 07       	cpc	r31, r21
    6214:	09 f0       	breq	.+2      	; 0x6218 <Lcd_Line3+0x466>
    6216:	b3 cf       	rjmp	.-154    	; 0x617e <Lcd_Line3+0x3cc>
    6218:	7d ce       	rjmp	.-774    	; 0x5f14 <Lcd_Line3+0x162>
    621a:	32 e0       	ldi	r19, 0x02	; 2
    621c:	c3 0e       	add	r12, r19
    621e:	d1 1c       	adc	r13, r1
    6220:	d5 ba       	out	0x15, r13	; 21
    6222:	96 98       	cbi	0x12, 6	; 18
    6224:	96 9a       	sbi	0x12, 6	; 18
    6226:	63 94       	inc	r6
    6228:	63 94       	inc	r6
    622a:	65 ba       	out	0x15, r6	; 21
    622c:	96 98       	cbi	0x12, 6	; 18
    622e:	96 9a       	sbi	0x12, 6	; 18
    6230:	97 98       	cbi	0x12, 7	; 18
    6232:	2b e2       	ldi	r18, 0x2B	; 43
    6234:	25 bb       	out	0x15, r18	; 21
    6236:	96 98       	cbi	0x12, 6	; 18
    6238:	96 9a       	sbi	0x12, 6	; 18
    623a:	97 9a       	sbi	0x12, 7	; 18
    623c:	55 ba       	out	0x15, r5	; 21
    623e:	96 98       	cbi	0x12, 6	; 18
    6240:	96 9a       	sbi	0x12, 6	; 18
    6242:	85 ba       	out	0x15, r8	; 21
    6244:	96 98       	cbi	0x12, 6	; 18
    6246:	96 9a       	sbi	0x12, 6	; 18
    6248:	6c 01       	movw	r12, r24
    624a:	32 e0       	ldi	r19, 0x02	; 2
    624c:	c3 0e       	add	r12, r19
    624e:	d1 1c       	adc	r13, r1
    6250:	d5 ba       	out	0x15, r13	; 21
    6252:	96 98       	cbi	0x12, 6	; 18
    6254:	96 9a       	sbi	0x12, 6	; 18
    6256:	22 e0       	ldi	r18, 0x02	; 2
    6258:	d2 2e       	mov	r13, r18
    625a:	d8 0e       	add	r13, r24
    625c:	d5 ba       	out	0x15, r13	; 21
    625e:	96 98       	cbi	0x12, 6	; 18
    6260:	96 9a       	sbi	0x12, 6	; 18
    6262:	97 98       	cbi	0x12, 7	; 18
    6264:	2c e2       	ldi	r18, 0x2C	; 44
    6266:	25 bb       	out	0x15, r18	; 21
    6268:	96 98       	cbi	0x12, 6	; 18
    626a:	96 9a       	sbi	0x12, 6	; 18
    626c:	97 9a       	sbi	0x12, 7	; 18
    626e:	84 1b       	sub	r24, r20
    6270:	95 0b       	sbc	r25, r21
    6272:	52 cf       	rjmp	.-348    	; 0x6118 <Lcd_Line3+0x366>
    6274:	d1 2c       	mov	r13, r1
    6276:	14 cf       	rjmp	.-472    	; 0x60a0 <Lcd_Line3+0x2ee>
    6278:	ed 81       	ldd	r30, Y+5	; 0x05
    627a:	fe 81       	ldd	r31, Y+6	; 0x06
    627c:	f6 95       	lsr	r31
    627e:	e7 95       	ror	r30
    6280:	f1 95       	neg	r31
    6282:	e1 95       	neg	r30
    6284:	f1 09       	sbc	r31, r1
    6286:	24 01       	movw	r4, r8
    6288:	8f ef       	ldi	r24, 0xFF	; 255
    628a:	48 1a       	sub	r4, r24
    628c:	58 0a       	sbc	r5, r24
    628e:	39 80       	ldd	r3, Y+1	; 0x01
    6290:	01 e0       	ldi	r16, 0x01	; 1
    6292:	08 0d       	add	r16, r8
    6294:	3a 01       	movw	r6, r20
    6296:	10 e0       	ldi	r17, 0x00	; 0
    6298:	80 e0       	ldi	r24, 0x00	; 0
    629a:	9a e2       	ldi	r25, 0x2A	; 42
    629c:	29 2e       	mov	r2, r25
    629e:	8b 83       	std	Y+3, r24	; 0x03
    62a0:	ad 81       	ldd	r26, Y+5	; 0x05
    62a2:	be 81       	ldd	r27, Y+6	; 0x06
    62a4:	1d c0       	rjmp	.+58     	; 0x62e0 <Lcd_Line3+0x52e>
    62a6:	c6 16       	cp	r12, r22
    62a8:	d7 06       	cpc	r13, r23
    62aa:	e9 f0       	breq	.+58     	; 0x62e6 <Lcd_Line3+0x534>
    62ac:	11 11       	cpse	r17, r1
    62ae:	33 ce       	rjmp	.-922    	; 0x5f16 <Lcd_Line3+0x164>
    62b0:	11 e0       	ldi	r17, 0x01	; 1
    62b2:	6c 15       	cp	r22, r12
    62b4:	7d 05       	cpc	r23, r13
    62b6:	09 f0       	breq	.+2      	; 0x62ba <Lcd_Line3+0x508>
    62b8:	10 e0       	ldi	r17, 0x00	; 0
    62ba:	89 81       	ldd	r24, Y+1	; 0x01
    62bc:	9a 81       	ldd	r25, Y+2	; 0x02
    62be:	68 0f       	add	r22, r24
    62c0:	79 1f       	adc	r23, r25
    62c2:	e2 0f       	add	r30, r18
    62c4:	f3 1f       	adc	r31, r19
    62c6:	f7 fd       	sbrc	r31, 7
    62c8:	8f c0       	rjmp	.+286    	; 0x63e8 <Lcd_Line3+0x636>
    62ca:	4e 0d       	add	r20, r14
    62cc:	5f 1d       	adc	r21, r15
    62ce:	ea 1b       	sub	r30, r26
    62d0:	fb 0b       	sbc	r31, r27
    62d2:	91 e0       	ldi	r25, 0x01	; 1
    62d4:	9b 83       	std	Y+3, r25	; 0x03
    62d6:	89 81       	ldd	r24, Y+1	; 0x01
    62d8:	9a 81       	ldd	r25, Y+2	; 0x02
    62da:	48 0e       	add	r4, r24
    62dc:	59 1e       	adc	r5, r25
    62de:	03 0d       	add	r16, r3
    62e0:	9b 81       	ldd	r25, Y+3	; 0x03
    62e2:	99 23       	and	r25, r25
    62e4:	01 f3       	breq	.-64     	; 0x62a6 <Lcd_Line3+0x4f4>
    62e6:	97 98       	cbi	0x12, 7	; 18
    62e8:	25 ba       	out	0x15, r2	; 21
    62ea:	96 98       	cbi	0x12, 6	; 18
    62ec:	96 9a       	sbi	0x12, 6	; 18
    62ee:	97 9a       	sbi	0x12, 7	; 18
    62f0:	86 16       	cp	r8, r22
    62f2:	97 06       	cpc	r9, r23
    62f4:	0c f0       	brlt	.+2      	; 0x62f8 <Lcd_Line3+0x546>
    62f6:	49 c0       	rjmp	.+146    	; 0x638a <Lcd_Line3+0x5d8>
    62f8:	95 ba       	out	0x15, r9	; 21
    62fa:	96 98       	cbi	0x12, 6	; 18
    62fc:	96 9a       	sbi	0x12, 6	; 18
    62fe:	85 ba       	out	0x15, r8	; 21
    6300:	96 98       	cbi	0x12, 6	; 18
    6302:	96 9a       	sbi	0x12, 6	; 18
    6304:	55 ba       	out	0x15, r5	; 21
    6306:	96 98       	cbi	0x12, 6	; 18
    6308:	96 9a       	sbi	0x12, 6	; 18
    630a:	05 bb       	out	0x15, r16	; 21
    630c:	96 98       	cbi	0x12, 6	; 18
    630e:	96 9a       	sbi	0x12, 6	; 18
    6310:	97 98       	cbi	0x12, 7	; 18
    6312:	8b e2       	ldi	r24, 0x2B	; 43
    6314:	85 bb       	out	0x15, r24	; 21
    6316:	96 98       	cbi	0x12, 6	; 18
    6318:	96 9a       	sbi	0x12, 6	; 18
    631a:	97 9a       	sbi	0x12, 7	; 18
    631c:	75 ba       	out	0x15, r7	; 21
    631e:	96 98       	cbi	0x12, 6	; 18
    6320:	96 9a       	sbi	0x12, 6	; 18
    6322:	65 ba       	out	0x15, r6	; 21
    6324:	96 98       	cbi	0x12, 6	; 18
    6326:	96 9a       	sbi	0x12, 6	; 18
    6328:	c3 01       	movw	r24, r6
    632a:	02 96       	adiw	r24, 0x02	; 2
    632c:	95 bb       	out	0x15, r25	; 21
    632e:	96 98       	cbi	0x12, 6	; 18
    6330:	96 9a       	sbi	0x12, 6	; 18
    6332:	63 94       	inc	r6
    6334:	63 94       	inc	r6
    6336:	65 ba       	out	0x15, r6	; 21
    6338:	96 98       	cbi	0x12, 6	; 18
    633a:	96 9a       	sbi	0x12, 6	; 18
    633c:	97 98       	cbi	0x12, 7	; 18
    633e:	9c e2       	ldi	r25, 0x2C	; 44
    6340:	95 bb       	out	0x15, r25	; 21
    6342:	96 98       	cbi	0x12, 6	; 18
    6344:	96 9a       	sbi	0x12, 6	; 18
    6346:	97 9a       	sbi	0x12, 7	; 18
    6348:	cb 01       	movw	r24, r22
    634a:	88 19       	sub	r24, r8
    634c:	99 09       	sbc	r25, r9
    634e:	4c 01       	movw	r8, r24
    6350:	81 0e       	add	r8, r17
    6352:	91 1c       	adc	r9, r1
    6354:	bb ba       	out	0x1b, r11	; 27
    6356:	a5 ba       	out	0x15, r10	; 21
    6358:	96 98       	cbi	0x12, 6	; 18
    635a:	96 9a       	sbi	0x12, 6	; 18
    635c:	96 98       	cbi	0x12, 6	; 18
    635e:	96 9a       	sbi	0x12, 6	; 18
    6360:	96 98       	cbi	0x12, 6	; 18
    6362:	96 9a       	sbi	0x12, 6	; 18
    6364:	96 98       	cbi	0x12, 6	; 18
    6366:	96 9a       	sbi	0x12, 6	; 18
    6368:	96 98       	cbi	0x12, 6	; 18
    636a:	96 9a       	sbi	0x12, 6	; 18
    636c:	96 98       	cbi	0x12, 6	; 18
    636e:	96 9a       	sbi	0x12, 6	; 18
    6370:	96 98       	cbi	0x12, 6	; 18
    6372:	96 9a       	sbi	0x12, 6	; 18
    6374:	96 98       	cbi	0x12, 6	; 18
    6376:	96 9a       	sbi	0x12, 6	; 18
    6378:	96 98       	cbi	0x12, 6	; 18
    637a:	96 9a       	sbi	0x12, 6	; 18
    637c:	91 e0       	ldi	r25, 0x01	; 1
    637e:	89 1a       	sub	r8, r25
    6380:	91 08       	sbc	r9, r1
    6382:	51 f7       	brne	.-44     	; 0x6358 <Lcd_Line3+0x5a6>
    6384:	3a 01       	movw	r6, r20
    6386:	4b 01       	movw	r8, r22
    6388:	91 cf       	rjmp	.-222    	; 0x62ac <Lcd_Line3+0x4fa>
    638a:	55 ba       	out	0x15, r5	; 21
    638c:	96 98       	cbi	0x12, 6	; 18
    638e:	96 9a       	sbi	0x12, 6	; 18
    6390:	05 bb       	out	0x15, r16	; 21
    6392:	96 98       	cbi	0x12, 6	; 18
    6394:	96 9a       	sbi	0x12, 6	; 18
    6396:	c4 01       	movw	r24, r8
    6398:	02 96       	adiw	r24, 0x02	; 2
    639a:	95 bb       	out	0x15, r25	; 21
    639c:	96 98       	cbi	0x12, 6	; 18
    639e:	96 9a       	sbi	0x12, 6	; 18
    63a0:	82 e0       	ldi	r24, 0x02	; 2
    63a2:	88 0d       	add	r24, r8
    63a4:	85 bb       	out	0x15, r24	; 21
    63a6:	96 98       	cbi	0x12, 6	; 18
    63a8:	96 9a       	sbi	0x12, 6	; 18
    63aa:	97 98       	cbi	0x12, 7	; 18
    63ac:	9b e2       	ldi	r25, 0x2B	; 43
    63ae:	95 bb       	out	0x15, r25	; 21
    63b0:	96 98       	cbi	0x12, 6	; 18
    63b2:	96 9a       	sbi	0x12, 6	; 18
    63b4:	97 9a       	sbi	0x12, 7	; 18
    63b6:	75 ba       	out	0x15, r7	; 21
    63b8:	96 98       	cbi	0x12, 6	; 18
    63ba:	96 9a       	sbi	0x12, 6	; 18
    63bc:	65 ba       	out	0x15, r6	; 21
    63be:	96 98       	cbi	0x12, 6	; 18
    63c0:	96 9a       	sbi	0x12, 6	; 18
    63c2:	c3 01       	movw	r24, r6
    63c4:	02 96       	adiw	r24, 0x02	; 2
    63c6:	95 bb       	out	0x15, r25	; 21
    63c8:	96 98       	cbi	0x12, 6	; 18
    63ca:	96 9a       	sbi	0x12, 6	; 18
    63cc:	63 94       	inc	r6
    63ce:	63 94       	inc	r6
    63d0:	65 ba       	out	0x15, r6	; 21
    63d2:	96 98       	cbi	0x12, 6	; 18
    63d4:	96 9a       	sbi	0x12, 6	; 18
    63d6:	97 98       	cbi	0x12, 7	; 18
    63d8:	8c e2       	ldi	r24, 0x2C	; 44
    63da:	85 bb       	out	0x15, r24	; 21
    63dc:	96 98       	cbi	0x12, 6	; 18
    63de:	96 9a       	sbi	0x12, 6	; 18
    63e0:	97 9a       	sbi	0x12, 7	; 18
    63e2:	86 1a       	sub	r8, r22
    63e4:	97 0a       	sbc	r9, r23
    63e6:	b6 cf       	rjmp	.-148    	; 0x6354 <Lcd_Line3+0x5a2>
    63e8:	1b 82       	std	Y+3, r1	; 0x03
    63ea:	75 cf       	rjmp	.-278    	; 0x62d6 <Lcd_Line3+0x524>

000063ec <Lcd_LineEquilateralTriangle>:
    63ec:	4f 92       	push	r4
    63ee:	5f 92       	push	r5
    63f0:	6f 92       	push	r6
    63f2:	7f 92       	push	r7
    63f4:	8f 92       	push	r8
    63f6:	9f 92       	push	r9
    63f8:	af 92       	push	r10
    63fa:	bf 92       	push	r11
    63fc:	cf 92       	push	r12
    63fe:	df 92       	push	r13
    6400:	ef 92       	push	r14
    6402:	0f 93       	push	r16
    6404:	1f 93       	push	r17
    6406:	cf 93       	push	r28
    6408:	df 93       	push	r29
    640a:	6c 01       	movw	r12, r24
    640c:	5b 01       	movw	r10, r22
    640e:	e2 2f       	mov	r30, r18
    6410:	10 2f       	mov	r17, r16
    6412:	27 e7       	ldi	r18, 0x77	; 119
    6414:	33 e0       	ldi	r19, 0x03	; 3
    6416:	da 01       	movw	r26, r20
    6418:	0e 94 01 74 	call	0xe802	; 0xe802 <__usmulhisi3>
    641c:	dc 01       	movw	r26, r24
    641e:	cb 01       	movw	r24, r22
    6420:	2a e0       	ldi	r18, 0x0A	; 10
    6422:	b5 95       	asr	r27
    6424:	a7 95       	ror	r26
    6426:	97 95       	ror	r25
    6428:	87 95       	ror	r24
    642a:	2a 95       	dec	r18
    642c:	d1 f7       	brne	.-12     	; 0x6422 <Lcd_LineEquilateralTriangle+0x36>
    642e:	4a 01       	movw	r8, r20
    6430:	95 94       	asr	r9
    6432:	87 94       	ror	r8
    6434:	e1 30       	cpi	r30, 0x01	; 1
    6436:	09 f4       	brne	.+2      	; 0x643a <Lcd_LineEquilateralTriangle+0x4e>
    6438:	66 c0       	rjmp	.+204    	; 0x6506 <Lcd_LineEquilateralTriangle+0x11a>
    643a:	08 f4       	brcc	.+2      	; 0x643e <Lcd_LineEquilateralTriangle+0x52>
    643c:	58 c0       	rjmp	.+176    	; 0x64ee <Lcd_LineEquilateralTriangle+0x102>
    643e:	e2 30       	cpi	r30, 0x02	; 2
    6440:	a1 f1       	breq	.+104    	; 0x64aa <Lcd_LineEquilateralTriangle+0xbe>
    6442:	e3 30       	cpi	r30, 0x03	; 3
    6444:	11 f5       	brne	.+68     	; 0x648a <Lcd_LineEquilateralTriangle+0x9e>
    6446:	26 01       	movw	r4, r12
    6448:	48 18       	sub	r4, r8
    644a:	59 08       	sbc	r5, r9
    644c:	45 01       	movw	r8, r10
    644e:	88 1a       	sub	r8, r24
    6450:	99 0a       	sbc	r9, r25
    6452:	35 01       	movw	r6, r10
    6454:	68 0e       	add	r6, r24
    6456:	79 1e       	adc	r7, r25
    6458:	e2 01       	movw	r28, r4
    645a:	c4 0e       	add	r12, r20
    645c:	d5 1e       	adc	r13, r21
    645e:	ee 20       	and	r14, r14
    6460:	91 f1       	breq	.+100    	; 0x64c6 <Lcd_LineEquilateralTriangle+0xda>
    6462:	31 e0       	ldi	r19, 0x01	; 1
    6464:	01 2f       	mov	r16, r17
    6466:	3e 15       	cp	r19, r14
    6468:	08 f0       	brcs	.+2      	; 0x646c <Lcd_LineEquilateralTriangle+0x80>
    646a:	5b c0       	rjmp	.+182    	; 0x6522 <Lcd_LineEquilateralTriangle+0x136>
    646c:	94 01       	movw	r18, r8
    646e:	a2 01       	movw	r20, r4
    6470:	b5 01       	movw	r22, r10
    6472:	c6 01       	movw	r24, r12
    6474:	9e dc       	rcall	.-1732   	; 0x5db2 <Lcd_Line3>
    6476:	93 01       	movw	r18, r6
    6478:	ae 01       	movw	r20, r28
    647a:	b4 01       	movw	r22, r8
    647c:	c2 01       	movw	r24, r4
    647e:	99 dc       	rcall	.-1742   	; 0x5db2 <Lcd_Line3>
    6480:	95 01       	movw	r18, r10
    6482:	a6 01       	movw	r20, r12
    6484:	b3 01       	movw	r22, r6
    6486:	ce 01       	movw	r24, r28
    6488:	94 dc       	rcall	.-1752   	; 0x5db2 <Lcd_Line3>
    648a:	df 91       	pop	r29
    648c:	cf 91       	pop	r28
    648e:	1f 91       	pop	r17
    6490:	0f 91       	pop	r16
    6492:	ef 90       	pop	r14
    6494:	df 90       	pop	r13
    6496:	cf 90       	pop	r12
    6498:	bf 90       	pop	r11
    649a:	af 90       	pop	r10
    649c:	9f 90       	pop	r9
    649e:	8f 90       	pop	r8
    64a0:	7f 90       	pop	r7
    64a2:	6f 90       	pop	r6
    64a4:	5f 90       	pop	r5
    64a6:	4f 90       	pop	r4
    64a8:	08 95       	ret
    64aa:	24 01       	movw	r4, r8
    64ac:	4c 0c       	add	r4, r12
    64ae:	5d 1c       	adc	r5, r13
    64b0:	45 01       	movw	r8, r10
    64b2:	88 1a       	sub	r8, r24
    64b4:	99 0a       	sbc	r9, r25
    64b6:	35 01       	movw	r6, r10
    64b8:	68 0e       	add	r6, r24
    64ba:	79 1e       	adc	r7, r25
    64bc:	e2 01       	movw	r28, r4
    64be:	c4 1a       	sub	r12, r20
    64c0:	d5 0a       	sbc	r13, r21
    64c2:	e1 10       	cpse	r14, r1
    64c4:	ce cf       	rjmp	.-100    	; 0x6462 <Lcd_LineEquilateralTriangle+0x76>
    64c6:	01 2f       	mov	r16, r17
    64c8:	94 01       	movw	r18, r8
    64ca:	a2 01       	movw	r20, r4
    64cc:	b5 01       	movw	r22, r10
    64ce:	c6 01       	movw	r24, r12
    64d0:	0e 94 6a 29 	call	0x52d4	; 0x52d4 <Lcd_Line1>
    64d4:	93 01       	movw	r18, r6
    64d6:	ae 01       	movw	r20, r28
    64d8:	b4 01       	movw	r22, r8
    64da:	c2 01       	movw	r24, r4
    64dc:	0e 94 6a 29 	call	0x52d4	; 0x52d4 <Lcd_Line1>
    64e0:	95 01       	movw	r18, r10
    64e2:	a6 01       	movw	r20, r12
    64e4:	b3 01       	movw	r22, r6
    64e6:	ce 01       	movw	r24, r28
    64e8:	0e 94 6a 29 	call	0x52d4	; 0x52d4 <Lcd_Line1>
    64ec:	ce cf       	rjmp	.-100    	; 0x648a <Lcd_LineEquilateralTriangle+0x9e>
    64ee:	26 01       	movw	r4, r12
    64f0:	48 1a       	sub	r4, r24
    64f2:	59 0a       	sbc	r5, r25
    64f4:	8a 0c       	add	r8, r10
    64f6:	9b 1c       	adc	r9, r11
    64f8:	e6 01       	movw	r28, r12
    64fa:	c8 0f       	add	r28, r24
    64fc:	d9 1f       	adc	r29, r25
    64fe:	34 01       	movw	r6, r8
    6500:	a4 1a       	sub	r10, r20
    6502:	b5 0a       	sbc	r11, r21
    6504:	ac cf       	rjmp	.-168    	; 0x645e <Lcd_LineEquilateralTriangle+0x72>
    6506:	26 01       	movw	r4, r12
    6508:	48 1a       	sub	r4, r24
    650a:	59 0a       	sbc	r5, r25
    650c:	95 01       	movw	r18, r10
    650e:	28 19       	sub	r18, r8
    6510:	39 09       	sbc	r19, r9
    6512:	49 01       	movw	r8, r18
    6514:	e6 01       	movw	r28, r12
    6516:	c8 0f       	add	r28, r24
    6518:	d9 1f       	adc	r29, r25
    651a:	39 01       	movw	r6, r18
    651c:	a4 0e       	add	r10, r20
    651e:	b5 1e       	adc	r11, r21
    6520:	9e cf       	rjmp	.-196    	; 0x645e <Lcd_LineEquilateralTriangle+0x72>
    6522:	94 01       	movw	r18, r8
    6524:	a2 01       	movw	r20, r4
    6526:	b5 01       	movw	r22, r10
    6528:	c6 01       	movw	r24, r12
    652a:	67 d9       	rcall	.-3378   	; 0x57fa <Lcd_Line2>
    652c:	93 01       	movw	r18, r6
    652e:	ae 01       	movw	r20, r28
    6530:	b4 01       	movw	r22, r8
    6532:	c2 01       	movw	r24, r4
    6534:	62 d9       	rcall	.-3388   	; 0x57fa <Lcd_Line2>
    6536:	95 01       	movw	r18, r10
    6538:	a6 01       	movw	r20, r12
    653a:	b3 01       	movw	r22, r6
    653c:	ce 01       	movw	r24, r28
    653e:	5d d9       	rcall	.-3398   	; 0x57fa <Lcd_Line2>
    6540:	a4 cf       	rjmp	.-184    	; 0x648a <Lcd_LineEquilateralTriangle+0x9e>

00006542 <Lcd_FillRect>:
    6542:	0f 93       	push	r16
    6544:	41 15       	cp	r20, r1
    6546:	51 05       	cpc	r21, r1
    6548:	11 f0       	breq	.+4      	; 0x654e <Lcd_FillRect+0xc>
    654a:	41 50       	subi	r20, 0x01	; 1
    654c:	51 09       	sbc	r21, r1
    654e:	21 15       	cp	r18, r1
    6550:	31 05       	cpc	r19, r1
    6552:	11 f0       	breq	.+4      	; 0x6558 <Lcd_FillRect+0x16>
    6554:	21 50       	subi	r18, 0x01	; 1
    6556:	31 09       	sbc	r19, r1
    6558:	48 0f       	add	r20, r24
    655a:	59 1f       	adc	r21, r25
    655c:	e0 91 09 01 	lds	r30, 0x0109	; 0x800109 <KVB+0x2>
    6560:	f0 91 0a 01 	lds	r31, 0x010A	; 0x80010a <KVB+0x3>
    6564:	e4 17       	cp	r30, r20
    6566:	f5 07       	cpc	r31, r21
    6568:	60 f0       	brcs	.+24     	; 0x6582 <Lcd_FillRect+0x40>
    656a:	26 0f       	add	r18, r22
    656c:	37 1f       	adc	r19, r23
    656e:	e0 91 0b 01 	lds	r30, 0x010B	; 0x80010b <KVB+0x4>
    6572:	f0 91 0c 01 	lds	r31, 0x010C	; 0x80010c <KVB+0x5>
    6576:	e2 17       	cp	r30, r18
    6578:	f3 07       	cpc	r31, r19
    657a:	30 f4       	brcc	.+12     	; 0x6588 <Lcd_FillRect+0x46>
    657c:	82 e0       	ldi	r24, 0x02	; 2
    657e:	0f 91       	pop	r16
    6580:	08 95       	ret
    6582:	81 e0       	ldi	r24, 0x01	; 1
    6584:	0f 91       	pop	r16
    6586:	08 95       	ret
    6588:	94 98       	cbi	0x12, 4	; 18
    658a:	0e 94 52 24 	call	0x48a4	; 0x48a4 <LCD_Fast_Fill_Rect>
    658e:	94 9a       	sbi	0x12, 4	; 18
    6590:	80 e0       	ldi	r24, 0x00	; 0
    6592:	0f 91       	pop	r16
    6594:	08 95       	ret

00006596 <Lcd_BorderRect>:
    6596:	2f 92       	push	r2
    6598:	3f 92       	push	r3
    659a:	4f 92       	push	r4
    659c:	5f 92       	push	r5
    659e:	6f 92       	push	r6
    65a0:	7f 92       	push	r7
    65a2:	8f 92       	push	r8
    65a4:	9f 92       	push	r9
    65a6:	af 92       	push	r10
    65a8:	bf 92       	push	r11
    65aa:	cf 92       	push	r12
    65ac:	df 92       	push	r13
    65ae:	ef 92       	push	r14
    65b0:	ff 92       	push	r15
    65b2:	0f 93       	push	r16
    65b4:	1f 93       	push	r17
    65b6:	cf 93       	push	r28
    65b8:	df 93       	push	r29
    65ba:	23 30       	cpi	r18, 0x03	; 3
    65bc:	31 05       	cpc	r19, r1
    65be:	a0 f4       	brcc	.+40     	; 0x65e8 <Lcd_BorderRect+0x52>
    65c0:	83 e0       	ldi	r24, 0x03	; 3
    65c2:	df 91       	pop	r29
    65c4:	cf 91       	pop	r28
    65c6:	1f 91       	pop	r17
    65c8:	0f 91       	pop	r16
    65ca:	ff 90       	pop	r15
    65cc:	ef 90       	pop	r14
    65ce:	df 90       	pop	r13
    65d0:	cf 90       	pop	r12
    65d2:	bf 90       	pop	r11
    65d4:	af 90       	pop	r10
    65d6:	9f 90       	pop	r9
    65d8:	8f 90       	pop	r8
    65da:	7f 90       	pop	r7
    65dc:	6f 90       	pop	r6
    65de:	5f 90       	pop	r5
    65e0:	4f 90       	pop	r4
    65e2:	3f 90       	pop	r3
    65e4:	2f 90       	pop	r2
    65e6:	08 95       	ret
    65e8:	f7 01       	movw	r30, r14
    65ea:	ee 0f       	add	r30, r30
    65ec:	ff 1f       	adc	r31, r31
    65ee:	e2 17       	cp	r30, r18
    65f0:	f3 07       	cpc	r31, r19
    65f2:	30 f7       	brcc	.-52     	; 0x65c0 <Lcd_BorderRect+0x2a>
    65f4:	03 30       	cpi	r16, 0x03	; 3
    65f6:	11 05       	cpc	r17, r1
    65f8:	10 f4       	brcc	.+4      	; 0x65fe <Lcd_BorderRect+0x68>
    65fa:	84 e0       	ldi	r24, 0x04	; 4
    65fc:	e2 cf       	rjmp	.-60     	; 0x65c2 <Lcd_BorderRect+0x2c>
    65fe:	e0 17       	cp	r30, r16
    6600:	f1 07       	cpc	r31, r17
    6602:	d8 f7       	brcc	.-10     	; 0x65fa <Lcd_BorderRect+0x64>
    6604:	2b 01       	movw	r4, r22
    6606:	91 e0       	ldi	r25, 0x01	; 1
    6608:	49 1a       	sub	r4, r25
    660a:	51 08       	sbc	r5, r1
    660c:	e9 01       	movw	r28, r18
    660e:	c4 0d       	add	r28, r4
    6610:	d5 1d       	adc	r29, r5
    6612:	20 91 09 01 	lds	r18, 0x0109	; 0x800109 <KVB+0x2>
    6616:	30 91 0a 01 	lds	r19, 0x010A	; 0x80010a <KVB+0x3>
    661a:	2c 17       	cp	r18, r28
    661c:	3d 07       	cpc	r19, r29
    661e:	78 f0       	brcs	.+30     	; 0x663e <Lcd_BorderRect+0xa8>
    6620:	4a 01       	movw	r8, r20
    6622:	91 e0       	ldi	r25, 0x01	; 1
    6624:	89 1a       	sub	r8, r25
    6626:	91 08       	sbc	r9, r1
    6628:	80 0e       	add	r8, r16
    662a:	91 1e       	adc	r9, r17
    662c:	20 91 0b 01 	lds	r18, 0x010B	; 0x80010b <KVB+0x4>
    6630:	30 91 0c 01 	lds	r19, 0x010C	; 0x80010c <KVB+0x5>
    6634:	28 15       	cp	r18, r8
    6636:	39 05       	cpc	r19, r9
    6638:	20 f4       	brcc	.+8      	; 0x6642 <Lcd_BorderRect+0xac>
    663a:	82 e0       	ldi	r24, 0x02	; 2
    663c:	c2 cf       	rjmp	.-124    	; 0x65c2 <Lcd_BorderRect+0x2c>
    663e:	81 e0       	ldi	r24, 0x01	; 1
    6640:	c0 cf       	rjmp	.-128    	; 0x65c2 <Lcd_BorderRect+0x2c>
    6642:	bc 2c       	mov	r11, r12
    6644:	fa 01       	movw	r30, r20
    6646:	1b 01       	movw	r2, r22
    6648:	18 2f       	mov	r17, r24
    664a:	67 01       	movw	r12, r14
    664c:	c4 0e       	add	r12, r20
    664e:	d5 1e       	adc	r13, r21
    6650:	34 01       	movw	r6, r8
    6652:	6e 18       	sub	r6, r14
    6654:	7f 08       	sbc	r7, r15
    6656:	94 98       	cbi	0x12, 4	; 18
    6658:	82 30       	cpi	r24, 0x02	; 2
    665a:	28 f0       	brcs	.+10     	; 0x6666 <Lcd_BorderRect+0xd0>
    665c:	82 30       	cpi	r24, 0x02	; 2
    665e:	39 f1       	breq	.+78     	; 0x66ae <Lcd_BorderRect+0x118>
    6660:	94 9a       	sbi	0x12, 4	; 18
    6662:	80 e0       	ldi	r24, 0x00	; 0
    6664:	ae cf       	rjmp	.-164    	; 0x65c2 <Lcd_BorderRect+0x2c>
    6666:	0a 2d       	mov	r16, r10
    6668:	96 01       	movw	r18, r12
    666a:	21 50       	subi	r18, 0x01	; 1
    666c:	31 09       	sbc	r19, r1
    666e:	ae 01       	movw	r20, r28
    6670:	bf 01       	movw	r22, r30
    6672:	c1 01       	movw	r24, r2
    6674:	0e 94 52 24 	call	0x48a4	; 0x48a4 <LCD_Fast_Fill_Rect>
    6678:	94 01       	movw	r18, r8
    667a:	ae 01       	movw	r20, r28
    667c:	b3 01       	movw	r22, r6
    667e:	6f 5f       	subi	r22, 0xFF	; 255
    6680:	7f 4f       	sbci	r23, 0xFF	; 255
    6682:	c1 01       	movw	r24, r2
    6684:	0e 94 52 24 	call	0x48a4	; 0x48a4 <LCD_Fast_Fill_Rect>
    6688:	a7 01       	movw	r20, r14
    668a:	44 0d       	add	r20, r4
    668c:	55 1d       	adc	r21, r5
    668e:	93 01       	movw	r18, r6
    6690:	b6 01       	movw	r22, r12
    6692:	c1 01       	movw	r24, r2
    6694:	0e 94 52 24 	call	0x48a4	; 0x48a4 <LCD_Fast_Fill_Rect>
    6698:	93 01       	movw	r18, r6
    669a:	ae 01       	movw	r20, r28
    669c:	b6 01       	movw	r22, r12
    669e:	ce 01       	movw	r24, r28
    66a0:	8e 19       	sub	r24, r14
    66a2:	9f 09       	sbc	r25, r15
    66a4:	01 96       	adiw	r24, 0x01	; 1
    66a6:	0e 94 52 24 	call	0x48a4	; 0x48a4 <LCD_Fast_Fill_Rect>
    66aa:	11 11       	cpse	r17, r1
    66ac:	d9 cf       	rjmp	.-78     	; 0x6660 <Lcd_BorderRect+0xca>
    66ae:	ae 01       	movw	r20, r28
    66b0:	4e 19       	sub	r20, r14
    66b2:	5f 09       	sbc	r21, r15
    66b4:	0b 2d       	mov	r16, r11
    66b6:	93 01       	movw	r18, r6
    66b8:	b6 01       	movw	r22, r12
    66ba:	c7 01       	movw	r24, r14
    66bc:	82 0d       	add	r24, r2
    66be:	93 1d       	adc	r25, r3
    66c0:	0e 94 52 24 	call	0x48a4	; 0x48a4 <LCD_Fast_Fill_Rect>
    66c4:	cd cf       	rjmp	.-102    	; 0x6660 <Lcd_BorderRect+0xca>

000066c6 <Lcd_FillCircle>:
    66c6:	2f 92       	push	r2
    66c8:	3f 92       	push	r3
    66ca:	4f 92       	push	r4
    66cc:	5f 92       	push	r5
    66ce:	6f 92       	push	r6
    66d0:	7f 92       	push	r7
    66d2:	8f 92       	push	r8
    66d4:	9f 92       	push	r9
    66d6:	af 92       	push	r10
    66d8:	bf 92       	push	r11
    66da:	cf 92       	push	r12
    66dc:	df 92       	push	r13
    66de:	ef 92       	push	r14
    66e0:	ff 92       	push	r15
    66e2:	0f 93       	push	r16
    66e4:	1f 93       	push	r17
    66e6:	cf 93       	push	r28
    66e8:	df 93       	push	r29
    66ea:	cd b7       	in	r28, 0x3d	; 61
    66ec:	de b7       	in	r29, 0x3e	; 62
    66ee:	2c 97       	sbiw	r28, 0x0c	; 12
    66f0:	0f b6       	in	r0, 0x3f	; 63
    66f2:	f8 94       	cli
    66f4:	de bf       	out	0x3e, r29	; 62
    66f6:	0f be       	out	0x3f, r0	; 63
    66f8:	cd bf       	out	0x3d, r28	; 61
    66fa:	6c 01       	movw	r12, r24
    66fc:	1b 01       	movw	r2, r22
    66fe:	5a 83       	std	Y+2, r21	; 0x02
    6700:	49 83       	std	Y+1, r20	; 0x01
    6702:	42 30       	cpi	r20, 0x02	; 2
    6704:	51 05       	cpc	r21, r1
    6706:	08 f4       	brcc	.+2      	; 0x670a <Lcd_FillCircle+0x44>
    6708:	40 c0       	rjmp	.+128    	; 0x678a <Lcd_FillCircle+0xc4>
    670a:	46 01       	movw	r8, r12
    670c:	51 e0       	ldi	r21, 0x01	; 1
    670e:	85 1a       	sub	r8, r21
    6710:	91 08       	sbc	r9, r1
    6712:	49 80       	ldd	r4, Y+1	; 0x01
    6714:	5a 80       	ldd	r5, Y+2	; 0x02
    6716:	48 0c       	add	r4, r8
    6718:	59 1c       	adc	r5, r9
    671a:	80 91 09 01 	lds	r24, 0x0109	; 0x800109 <KVB+0x2>
    671e:	90 91 0a 01 	lds	r25, 0x010A	; 0x80010a <KVB+0x3>
    6722:	84 15       	cp	r24, r4
    6724:	95 05       	cpc	r25, r5
    6726:	b8 f0       	brcs	.+46     	; 0x6756 <Lcd_FillCircle+0x90>
    6728:	89 81       	ldd	r24, Y+1	; 0x01
    672a:	9a 81       	ldd	r25, Y+2	; 0x02
    672c:	c8 16       	cp	r12, r24
    672e:	d9 06       	cpc	r13, r25
    6730:	90 f0       	brcs	.+36     	; 0x6756 <Lcd_FillCircle+0x90>
    6732:	f1 01       	movw	r30, r2
    6734:	31 97       	sbiw	r30, 0x01	; 1
    6736:	fe 83       	std	Y+6, r31	; 0x06
    6738:	ed 83       	std	Y+5, r30	; 0x05
    673a:	cf 01       	movw	r24, r30
    673c:	49 81       	ldd	r20, Y+1	; 0x01
    673e:	5a 81       	ldd	r21, Y+2	; 0x02
    6740:	84 0f       	add	r24, r20
    6742:	95 1f       	adc	r25, r21
    6744:	40 91 0b 01 	lds	r20, 0x010B	; 0x80010b <KVB+0x4>
    6748:	50 91 0c 01 	lds	r21, 0x010C	; 0x80010c <KVB+0x5>
    674c:	48 17       	cp	r20, r24
    674e:	59 07       	cpc	r21, r25
    6750:	08 f5       	brcc	.+66     	; 0x6794 <Lcd_FillCircle+0xce>
    6752:	82 e0       	ldi	r24, 0x02	; 2
    6754:	01 c0       	rjmp	.+2      	; 0x6758 <Lcd_FillCircle+0x92>
    6756:	81 e0       	ldi	r24, 0x01	; 1
    6758:	2c 96       	adiw	r28, 0x0c	; 12
    675a:	0f b6       	in	r0, 0x3f	; 63
    675c:	f8 94       	cli
    675e:	de bf       	out	0x3e, r29	; 62
    6760:	0f be       	out	0x3f, r0	; 63
    6762:	cd bf       	out	0x3d, r28	; 61
    6764:	df 91       	pop	r29
    6766:	cf 91       	pop	r28
    6768:	1f 91       	pop	r17
    676a:	0f 91       	pop	r16
    676c:	ff 90       	pop	r15
    676e:	ef 90       	pop	r14
    6770:	df 90       	pop	r13
    6772:	cf 90       	pop	r12
    6774:	bf 90       	pop	r11
    6776:	af 90       	pop	r10
    6778:	9f 90       	pop	r9
    677a:	8f 90       	pop	r8
    677c:	7f 90       	pop	r7
    677e:	6f 90       	pop	r6
    6780:	5f 90       	pop	r5
    6782:	4f 90       	pop	r4
    6784:	3f 90       	pop	r3
    6786:	2f 90       	pop	r2
    6788:	08 95       	ret
    678a:	42 e0       	ldi	r20, 0x02	; 2
    678c:	50 e0       	ldi	r21, 0x00	; 0
    678e:	5a 83       	std	Y+2, r21	; 0x02
    6790:	49 83       	std	Y+1, r20	; 0x01
    6792:	bb cf       	rjmp	.-138    	; 0x670a <Lcd_FillCircle+0x44>
    6794:	89 81       	ldd	r24, Y+1	; 0x01
    6796:	9a 81       	ldd	r25, Y+2	; 0x02
    6798:	28 16       	cp	r2, r24
    679a:	39 06       	cpc	r3, r25
    679c:	d0 f2       	brcs	.-76     	; 0x6752 <Lcd_FillCircle+0x8c>
    679e:	81 e0       	ldi	r24, 0x01	; 1
    67a0:	90 e0       	ldi	r25, 0x00	; 0
    67a2:	3c 01       	movw	r6, r24
    67a4:	e9 81       	ldd	r30, Y+1	; 0x01
    67a6:	fa 81       	ldd	r31, Y+2	; 0x02
    67a8:	6e 1a       	sub	r6, r30
    67aa:	7f 0a       	sbc	r7, r31
    67ac:	30 e0       	ldi	r19, 0x00	; 0
    67ae:	f9 01       	movw	r30, r18
    67b0:	ee 0f       	add	r30, r30
    67b2:	ff 1f       	adc	r31, r31
    67b4:	e1 5f       	subi	r30, 0xF1	; 241
    67b6:	fe 4f       	sbci	r31, 0xFE	; 254
    67b8:	f0 80       	ld	r15, Z
    67ba:	22 0f       	add	r18, r18
    67bc:	33 1f       	adc	r19, r19
    67be:	f9 01       	movw	r30, r18
    67c0:	e9 5f       	subi	r30, 0xF9	; 249
    67c2:	fe 4f       	sbci	r31, 0xFE	; 254
    67c4:	17 81       	ldd	r17, Z+7	; 0x07
    67c6:	94 98       	cbi	0x12, 4	; 18
    67c8:	b1 2c       	mov	r11, r1
    67ca:	49 81       	ldd	r20, Y+1	; 0x01
    67cc:	5a 81       	ldd	r21, Y+2	; 0x02
    67ce:	41 50       	subi	r20, 0x01	; 1
    67d0:	51 09       	sbc	r21, r1
    67d2:	5c 83       	std	Y+4, r21	; 0x04
    67d4:	4b 83       	std	Y+3, r20	; 0x03
    67d6:	9a 86       	std	Y+10, r9	; 0x0a
    67d8:	89 86       	std	Y+9, r8	; 0x09
    67da:	9b 2c       	mov	r9, r11
    67dc:	89 81       	ldd	r24, Y+1	; 0x01
    67de:	9a 81       	ldd	r25, Y+2	; 0x02
    67e0:	9c 87       	std	Y+12, r25	; 0x0c
    67e2:	8b 87       	std	Y+11, r24	; 0x0b
    67e4:	77 fc       	sbrc	r7, 7
    67e6:	12 c0       	rjmp	.+36     	; 0x680c <Lcd_FillCircle+0x146>
    67e8:	eb 81       	ldd	r30, Y+3	; 0x03
    67ea:	fc 81       	ldd	r31, Y+4	; 0x04
    67ec:	fc 87       	std	Y+12, r31	; 0x0c
    67ee:	eb 87       	std	Y+11, r30	; 0x0b
    67f0:	cf 01       	movw	r24, r30
    67f2:	88 0f       	add	r24, r24
    67f4:	99 1f       	adc	r25, r25
    67f6:	68 1a       	sub	r6, r24
    67f8:	79 0a       	sbc	r7, r25
    67fa:	2f 01       	movw	r4, r30
    67fc:	49 85       	ldd	r20, Y+9	; 0x09
    67fe:	5a 85       	ldd	r21, Y+10	; 0x0a
    6800:	44 0e       	add	r4, r20
    6802:	55 1e       	adc	r5, r21
    6804:	cf 01       	movw	r24, r30
    6806:	01 97       	sbiw	r24, 0x01	; 1
    6808:	9c 83       	std	Y+4, r25	; 0x04
    680a:	8b 83       	std	Y+3, r24	; 0x03
    680c:	93 94       	inc	r9
    680e:	a9 2c       	mov	r10, r9
    6810:	b1 2c       	mov	r11, r1
    6812:	c5 01       	movw	r24, r10
    6814:	88 0f       	add	r24, r24
    6816:	99 1f       	adc	r25, r25
    6818:	68 0e       	add	r6, r24
    681a:	79 1e       	adc	r7, r25
    681c:	77 fc       	sbrc	r7, 7
    681e:	22 c0       	rjmp	.+68     	; 0x6864 <Lcd_FillCircle+0x19e>
    6820:	e1 2e       	mov	r14, r17
    6822:	0f 2d       	mov	r16, r15
    6824:	b1 01       	movw	r22, r2
    6826:	eb 85       	ldd	r30, Y+11	; 0x0b
    6828:	fc 85       	ldd	r31, Y+12	; 0x0c
    682a:	6e 1b       	sub	r22, r30
    682c:	7f 0b       	sbc	r23, r31
    682e:	9b 01       	movw	r18, r22
    6830:	49 85       	ldd	r20, Y+9	; 0x09
    6832:	5a 85       	ldd	r21, Y+10	; 0x0a
    6834:	4a 0d       	add	r20, r10
    6836:	5b 1d       	adc	r21, r11
    6838:	5a 83       	std	Y+2, r21	; 0x02
    683a:	49 83       	std	Y+1, r20	; 0x01
    683c:	c6 01       	movw	r24, r12
    683e:	8a 19       	sub	r24, r10
    6840:	9b 09       	sbc	r25, r11
    6842:	98 87       	std	Y+8, r25	; 0x08
    6844:	8f 83       	std	Y+7, r24	; 0x07
    6846:	0e 94 d2 24 	call	0x49a4	; 0x49a4 <LCD_Fast_Fill_Rect_Color>
    684a:	6d 81       	ldd	r22, Y+5	; 0x05
    684c:	7e 81       	ldd	r23, Y+6	; 0x06
    684e:	eb 85       	ldd	r30, Y+11	; 0x0b
    6850:	fc 85       	ldd	r31, Y+12	; 0x0c
    6852:	6e 0f       	add	r22, r30
    6854:	7f 1f       	adc	r23, r31
    6856:	9b 01       	movw	r18, r22
    6858:	49 81       	ldd	r20, Y+1	; 0x01
    685a:	5a 81       	ldd	r21, Y+2	; 0x02
    685c:	8f 81       	ldd	r24, Y+7	; 0x07
    685e:	98 85       	ldd	r25, Y+8	; 0x08
    6860:	0e 94 d2 24 	call	0x49a4	; 0x49a4 <LCD_Fast_Fill_Rect_Color>
    6864:	b1 01       	movw	r22, r2
    6866:	6a 19       	sub	r22, r10
    6868:	7b 09       	sbc	r23, r11
    686a:	e1 2e       	mov	r14, r17
    686c:	0f 2d       	mov	r16, r15
    686e:	9b 01       	movw	r18, r22
    6870:	a2 01       	movw	r20, r4
    6872:	c6 01       	movw	r24, r12
    6874:	eb 85       	ldd	r30, Y+11	; 0x0b
    6876:	fc 85       	ldd	r31, Y+12	; 0x0c
    6878:	8e 1b       	sub	r24, r30
    687a:	9f 0b       	sbc	r25, r31
    687c:	9a 83       	std	Y+2, r25	; 0x02
    687e:	89 83       	std	Y+1, r24	; 0x01
    6880:	0e 94 d2 24 	call	0x49a4	; 0x49a4 <LCD_Fast_Fill_Rect_Color>
    6884:	6d 81       	ldd	r22, Y+5	; 0x05
    6886:	7e 81       	ldd	r23, Y+6	; 0x06
    6888:	6a 0d       	add	r22, r10
    688a:	7b 1d       	adc	r23, r11
    688c:	9b 01       	movw	r18, r22
    688e:	a2 01       	movw	r20, r4
    6890:	89 81       	ldd	r24, Y+1	; 0x01
    6892:	9a 81       	ldd	r25, Y+2	; 0x02
    6894:	0e 94 d2 24 	call	0x49a4	; 0x49a4 <LCD_Fast_Fill_Rect_Color>
    6898:	4b 81       	ldd	r20, Y+3	; 0x03
    689a:	5c 81       	ldd	r21, Y+4	; 0x04
    689c:	a4 16       	cp	r10, r20
    689e:	b5 06       	cpc	r11, r21
    68a0:	08 f4       	brcc	.+2      	; 0x68a4 <Lcd_FillCircle+0x1de>
    68a2:	a0 cf       	rjmp	.-192    	; 0x67e4 <Lcd_FillCircle+0x11e>
    68a4:	94 9a       	sbi	0x12, 4	; 18
    68a6:	80 e0       	ldi	r24, 0x00	; 0
    68a8:	57 cf       	rjmp	.-338    	; 0x6758 <Lcd_FillCircle+0x92>

000068aa <Lcd_BorderCircle>:
    68aa:	2f 92       	push	r2
    68ac:	3f 92       	push	r3
    68ae:	4f 92       	push	r4
    68b0:	5f 92       	push	r5
    68b2:	6f 92       	push	r6
    68b4:	7f 92       	push	r7
    68b6:	8f 92       	push	r8
    68b8:	9f 92       	push	r9
    68ba:	af 92       	push	r10
    68bc:	bf 92       	push	r11
    68be:	cf 92       	push	r12
    68c0:	df 92       	push	r13
    68c2:	ef 92       	push	r14
    68c4:	ff 92       	push	r15
    68c6:	0f 93       	push	r16
    68c8:	1f 93       	push	r17
    68ca:	cf 93       	push	r28
    68cc:	df 93       	push	r29
    68ce:	cd b7       	in	r28, 0x3d	; 61
    68d0:	de b7       	in	r29, 0x3e	; 62
    68d2:	6d 97       	sbiw	r28, 0x1d	; 29
    68d4:	0f b6       	in	r0, 0x3f	; 63
    68d6:	f8 94       	cli
    68d8:	de bf       	out	0x3e, r29	; 62
    68da:	0f be       	out	0x3f, r0	; 63
    68dc:	cd bf       	out	0x3d, r28	; 61
    68de:	89 83       	std	Y+1, r24	; 0x01
    68e0:	2b 01       	movw	r4, r22
    68e2:	1a 01       	movw	r2, r20
    68e4:	24 30       	cpi	r18, 0x04	; 4
    68e6:	31 05       	cpc	r19, r1
    68e8:	10 f4       	brcc	.+4      	; 0x68ee <Lcd_BorderCircle+0x44>
    68ea:	24 e0       	ldi	r18, 0x04	; 4
    68ec:	30 e0       	ldi	r19, 0x00	; 0
    68ee:	02 30       	cpi	r16, 0x02	; 2
    68f0:	11 05       	cpc	r17, r1
    68f2:	08 f4       	brcc	.+2      	; 0x68f6 <Lcd_BorderCircle+0x4c>
    68f4:	40 c0       	rjmp	.+128    	; 0x6976 <Lcd_BorderCircle+0xcc>
    68f6:	b9 01       	movw	r22, r18
    68f8:	62 50       	subi	r22, 0x02	; 2
    68fa:	71 09       	sbc	r23, r1
    68fc:	60 17       	cp	r22, r16
    68fe:	71 07       	cpc	r23, r17
    6900:	e8 f5       	brcc	.+122    	; 0x697c <Lcd_BorderCircle+0xd2>
    6902:	42 01       	movw	r8, r4
    6904:	41 e0       	ldi	r20, 0x01	; 1
    6906:	84 1a       	sub	r8, r20
    6908:	91 08       	sbc	r9, r1
    690a:	c9 01       	movw	r24, r18
    690c:	88 0d       	add	r24, r8
    690e:	99 1d       	adc	r25, r9
    6910:	40 91 09 01 	lds	r20, 0x0109	; 0x800109 <KVB+0x2>
    6914:	50 91 0a 01 	lds	r21, 0x010A	; 0x80010a <KVB+0x3>
    6918:	48 17       	cp	r20, r24
    691a:	59 07       	cpc	r21, r25
    691c:	90 f0       	brcs	.+36     	; 0x6942 <Lcd_BorderCircle+0x98>
    691e:	42 16       	cp	r4, r18
    6920:	53 06       	cpc	r5, r19
    6922:	78 f0       	brcs	.+30     	; 0x6942 <Lcd_BorderCircle+0x98>
    6924:	c1 01       	movw	r24, r2
    6926:	01 97       	sbiw	r24, 0x01	; 1
    6928:	9e 83       	std	Y+6, r25	; 0x06
    692a:	8d 83       	std	Y+5, r24	; 0x05
    692c:	82 0f       	add	r24, r18
    692e:	93 1f       	adc	r25, r19
    6930:	40 91 0b 01 	lds	r20, 0x010B	; 0x80010b <KVB+0x4>
    6934:	50 91 0c 01 	lds	r21, 0x010C	; 0x80010c <KVB+0x5>
    6938:	48 17       	cp	r20, r24
    693a:	59 07       	cpc	r21, r25
    693c:	08 f5       	brcc	.+66     	; 0x6980 <Lcd_BorderCircle+0xd6>
    693e:	82 e0       	ldi	r24, 0x02	; 2
    6940:	01 c0       	rjmp	.+2      	; 0x6944 <Lcd_BorderCircle+0x9a>
    6942:	81 e0       	ldi	r24, 0x01	; 1
    6944:	6d 96       	adiw	r28, 0x1d	; 29
    6946:	0f b6       	in	r0, 0x3f	; 63
    6948:	f8 94       	cli
    694a:	de bf       	out	0x3e, r29	; 62
    694c:	0f be       	out	0x3f, r0	; 63
    694e:	cd bf       	out	0x3d, r28	; 61
    6950:	df 91       	pop	r29
    6952:	cf 91       	pop	r28
    6954:	1f 91       	pop	r17
    6956:	0f 91       	pop	r16
    6958:	ff 90       	pop	r15
    695a:	ef 90       	pop	r14
    695c:	df 90       	pop	r13
    695e:	cf 90       	pop	r12
    6960:	bf 90       	pop	r11
    6962:	af 90       	pop	r10
    6964:	9f 90       	pop	r9
    6966:	8f 90       	pop	r8
    6968:	7f 90       	pop	r7
    696a:	6f 90       	pop	r6
    696c:	5f 90       	pop	r5
    696e:	4f 90       	pop	r4
    6970:	3f 90       	pop	r3
    6972:	2f 90       	pop	r2
    6974:	08 95       	ret
    6976:	62 e0       	ldi	r22, 0x02	; 2
    6978:	70 e0       	ldi	r23, 0x00	; 0
    697a:	c3 cf       	rjmp	.-122    	; 0x6902 <Lcd_BorderCircle+0x58>
    697c:	b8 01       	movw	r22, r16
    697e:	c1 cf       	rjmp	.-126    	; 0x6902 <Lcd_BorderCircle+0x58>
    6980:	22 16       	cp	r2, r18
    6982:	33 06       	cpc	r3, r19
    6984:	e0 f2       	brcs	.-72     	; 0x693e <Lcd_BorderCircle+0x94>
    6986:	41 e0       	ldi	r20, 0x01	; 1
    6988:	50 e0       	ldi	r21, 0x00	; 0
    698a:	42 1b       	sub	r20, r18
    698c:	53 0b       	sbc	r21, r19
    698e:	5c 83       	std	Y+4, r21	; 0x04
    6990:	4b 83       	std	Y+3, r20	; 0x03
    6992:	2a 83       	std	Y+2, r18	; 0x02
    6994:	c9 01       	movw	r24, r18
    6996:	86 1b       	sub	r24, r22
    6998:	97 0b       	sbc	r25, r23
    699a:	99 87       	std	Y+9, r25	; 0x09
    699c:	88 87       	std	Y+8, r24	; 0x08
    699e:	41 e0       	ldi	r20, 0x01	; 1
    69a0:	50 e0       	ldi	r21, 0x00	; 0
    69a2:	48 1b       	sub	r20, r24
    69a4:	59 0b       	sbc	r21, r25
    69a6:	5b 87       	std	Y+11, r21	; 0x0b
    69a8:	4a 87       	std	Y+10, r20	; 0x0a
    69aa:	78 84       	ldd	r7, Y+8	; 0x08
    69ac:	8e 2d       	mov	r24, r14
    69ae:	90 e0       	ldi	r25, 0x00	; 0
    69b0:	fc 01       	movw	r30, r24
    69b2:	ee 0f       	add	r30, r30
    69b4:	ff 1f       	adc	r31, r31
    69b6:	e1 5f       	subi	r30, 0xF1	; 241
    69b8:	fe 4f       	sbci	r31, 0xFE	; 254
    69ba:	50 81       	ld	r21, Z
    69bc:	5e 8b       	std	Y+22, r21	; 0x16
    69be:	88 0f       	add	r24, r24
    69c0:	99 1f       	adc	r25, r25
    69c2:	fc 01       	movw	r30, r24
    69c4:	e9 5f       	subi	r30, 0xF9	; 249
    69c6:	fe 4f       	sbci	r31, 0xFE	; 254
    69c8:	67 81       	ldd	r22, Z+7	; 0x07
    69ca:	6f 8b       	std	Y+23, r22	; 0x17
    69cc:	8c 2d       	mov	r24, r12
    69ce:	90 e0       	ldi	r25, 0x00	; 0
    69d0:	fc 01       	movw	r30, r24
    69d2:	ee 0f       	add	r30, r30
    69d4:	ff 1f       	adc	r31, r31
    69d6:	e1 5f       	subi	r30, 0xF1	; 241
    69d8:	fe 4f       	sbci	r31, 0xFE	; 254
    69da:	70 81       	ld	r23, Z
    69dc:	78 8f       	std	Y+24, r23	; 0x18
    69de:	88 0f       	add	r24, r24
    69e0:	99 1f       	adc	r25, r25
    69e2:	fc 01       	movw	r30, r24
    69e4:	e9 5f       	subi	r30, 0xF9	; 249
    69e6:	fe 4f       	sbci	r31, 0xFE	; 254
    69e8:	87 81       	ldd	r24, Z+7	; 0x07
    69ea:	89 8f       	std	Y+25, r24	; 0x19
    69ec:	94 98       	cbi	0x12, 4	; 18
    69ee:	f2 2e       	mov	r15, r18
    69f0:	b1 2c       	mov	r11, r1
    69f2:	19 8a       	std	Y+17, r1	; 0x11
    69f4:	18 8a       	std	Y+16, r1	; 0x10
    69f6:	1f 86       	std	Y+15, r1	; 0x0f
    69f8:	1e 86       	std	Y+14, r1	; 0x0e
    69fa:	61 2c       	mov	r6, r1
    69fc:	10 e0       	ldi	r17, 0x00	; 0
    69fe:	1b 8a       	std	Y+19, r1	; 0x13
    6a00:	1a 8a       	std	Y+18, r1	; 0x12
    6a02:	1d 8a       	std	Y+21, r1	; 0x15
    6a04:	1c 8a       	std	Y+20, r1	; 0x14
    6a06:	1f 82       	std	Y+7, r1	; 0x07
    6a08:	a1 2c       	mov	r10, r1
    6a0a:	20 e0       	ldi	r18, 0x00	; 0
    6a0c:	30 e0       	ldi	r19, 0x00	; 0
    6a0e:	4a 81       	ldd	r20, Y+2	; 0x02
    6a10:	84 2f       	mov	r24, r20
    6a12:	90 e0       	ldi	r25, 0x00	; 0
    6a14:	6a 85       	ldd	r22, Y+10	; 0x0a
    6a16:	7b 85       	ldd	r23, Y+11	; 0x0b
    6a18:	7d 8f       	std	Y+29, r23	; 0x1d
    6a1a:	6c 8f       	std	Y+28, r22	; 0x1c
    6a1c:	3b 8e       	std	Y+27, r3	; 0x1b
    6a1e:	2a 8e       	std	Y+26, r2	; 0x1a
    6a20:	3a 2c       	mov	r3, r10
    6a22:	ac 01       	movw	r20, r24
    6a24:	41 50       	subi	r20, 0x01	; 1
    6a26:	51 09       	sbc	r21, r1
    6a28:	24 17       	cp	r18, r20
    6a2a:	35 07       	cpc	r19, r21
    6a2c:	84 f5       	brge	.+96     	; 0x6a8e <Lcd_BorderCircle+0x1e4>
    6a2e:	7f 81       	ldd	r23, Y+7	; 0x07
    6a30:	71 11       	cpse	r23, r1
    6a32:	2d c0       	rjmp	.+90     	; 0x6a8e <Lcd_BorderCircle+0x1e4>
    6a34:	2b 81       	ldd	r18, Y+3	; 0x03
    6a36:	3c 81       	ldd	r19, Y+4	; 0x04
    6a38:	37 fd       	sbrc	r19, 7
    6a3a:	0e c0       	rjmp	.+28     	; 0x6a58 <Lcd_BorderCircle+0x1ae>
    6a3c:	3a 81       	ldd	r19, Y+2	; 0x02
    6a3e:	31 50       	subi	r19, 0x01	; 1
    6a40:	3a 83       	std	Y+2, r19	; 0x02
    6a42:	83 2f       	mov	r24, r19
    6a44:	90 e0       	ldi	r25, 0x00	; 0
    6a46:	9c 01       	movw	r18, r24
    6a48:	22 0f       	add	r18, r18
    6a4a:	33 1f       	adc	r19, r19
    6a4c:	4b 81       	ldd	r20, Y+3	; 0x03
    6a4e:	5c 81       	ldd	r21, Y+4	; 0x04
    6a50:	42 1b       	sub	r20, r18
    6a52:	53 0b       	sbc	r21, r19
    6a54:	5c 83       	std	Y+4, r21	; 0x04
    6a56:	4b 83       	std	Y+3, r20	; 0x03
    6a58:	33 94       	inc	r3
    6a5a:	23 2d       	mov	r18, r3
    6a5c:	30 e0       	ldi	r19, 0x00	; 0
    6a5e:	a9 01       	movw	r20, r18
    6a60:	44 0f       	add	r20, r20
    6a62:	55 1f       	adc	r21, r21
    6a64:	6b 81       	ldd	r22, Y+3	; 0x03
    6a66:	7c 81       	ldd	r23, Y+4	; 0x04
    6a68:	64 0f       	add	r22, r20
    6a6a:	75 1f       	adc	r23, r21
    6a6c:	7c 83       	std	Y+4, r23	; 0x04
    6a6e:	6b 83       	std	Y+3, r22	; 0x03
    6a70:	77 fd       	sbrc	r23, 7
    6a72:	d7 cf       	rjmp	.-82     	; 0x6a22 <Lcd_BorderCircle+0x178>
    6a74:	a2 01       	movw	r20, r4
    6a76:	42 1b       	sub	r20, r18
    6a78:	53 0b       	sbc	r21, r19
    6a7a:	5d 8b       	std	Y+21, r21	; 0x15
    6a7c:	4c 8b       	std	Y+20, r20	; 0x14
    6a7e:	b4 01       	movw	r22, r8
    6a80:	62 0f       	add	r22, r18
    6a82:	73 1f       	adc	r23, r19
    6a84:	7b 8b       	std	Y+19, r23	; 0x13
    6a86:	6a 8b       	std	Y+18, r22	; 0x12
    6a88:	7a 81       	ldd	r23, Y+2	; 0x02
    6a8a:	37 16       	cp	r3, r23
    6a8c:	20 f0       	brcs	.+8      	; 0x6a96 <Lcd_BorderCircle+0x1ec>
    6a8e:	31 10       	cpse	r3, r1
    6a90:	b6 c0       	rjmp	.+364    	; 0x6bfe <Lcd_BorderCircle+0x354>
    6a92:	51 e0       	ldi	r21, 0x01	; 1
    6a94:	5f 83       	std	Y+7, r21	; 0x07
    6a96:	81 2f       	mov	r24, r17
    6a98:	90 e0       	ldi	r25, 0x00	; 0
    6a9a:	27 2d       	mov	r18, r7
    6a9c:	30 e0       	ldi	r19, 0x00	; 0
    6a9e:	22 c0       	rjmp	.+68     	; 0x6ae4 <Lcd_BorderCircle+0x23a>
    6aa0:	61 10       	cpse	r6, r1
    6aa2:	41 c0       	rjmp	.+130    	; 0x6b26 <Lcd_BorderCircle+0x27c>
    6aa4:	b1 10       	cpse	r11, r1
    6aa6:	3f c0       	rjmp	.+126    	; 0x6b26 <Lcd_BorderCircle+0x27c>
    6aa8:	8c 8d       	ldd	r24, Y+28	; 0x1c
    6aaa:	9d 8d       	ldd	r25, Y+29	; 0x1d
    6aac:	97 fd       	sbrc	r25, 7
    6aae:	0c c0       	rjmp	.+24     	; 0x6ac8 <Lcd_BorderCircle+0x21e>
    6ab0:	7a 94       	dec	r7
    6ab2:	27 2d       	mov	r18, r7
    6ab4:	30 e0       	ldi	r19, 0x00	; 0
    6ab6:	c9 01       	movw	r24, r18
    6ab8:	88 0f       	add	r24, r24
    6aba:	99 1f       	adc	r25, r25
    6abc:	4c 8d       	ldd	r20, Y+28	; 0x1c
    6abe:	5d 8d       	ldd	r21, Y+29	; 0x1d
    6ac0:	48 1b       	sub	r20, r24
    6ac2:	59 0b       	sbc	r21, r25
    6ac4:	5d 8f       	std	Y+29, r21	; 0x1d
    6ac6:	4c 8f       	std	Y+28, r20	; 0x1c
    6ac8:	1f 5f       	subi	r17, 0xFF	; 255
    6aca:	81 2f       	mov	r24, r17
    6acc:	90 e0       	ldi	r25, 0x00	; 0
    6ace:	ac 01       	movw	r20, r24
    6ad0:	44 0f       	add	r20, r20
    6ad2:	55 1f       	adc	r21, r21
    6ad4:	6c 8d       	ldd	r22, Y+28	; 0x1c
    6ad6:	7d 8d       	ldd	r23, Y+29	; 0x1d
    6ad8:	64 0f       	add	r22, r20
    6ada:	75 1f       	adc	r23, r21
    6adc:	7d 8f       	std	Y+29, r23	; 0x1d
    6ade:	6c 8f       	std	Y+28, r22	; 0x1c
    6ae0:	77 ff       	sbrs	r23, 7
    6ae2:	7e c0       	rjmp	.+252    	; 0x6be0 <Lcd_BorderCircle+0x336>
    6ae4:	a9 01       	movw	r20, r18
    6ae6:	41 50       	subi	r20, 0x01	; 1
    6ae8:	51 09       	sbc	r21, r1
    6aea:	84 17       	cp	r24, r20
    6aec:	95 07       	cpc	r25, r21
    6aee:	c4 f2       	brlt	.-80     	; 0x6aa0 <Lcd_BorderCircle+0x1f6>
    6af0:	61 10       	cpse	r6, r1
    6af2:	19 c0       	rjmp	.+50     	; 0x6b26 <Lcd_BorderCircle+0x27c>
    6af4:	11 11       	cpse	r17, r1
    6af6:	1c c0       	rjmp	.+56     	; 0x6b30 <Lcd_BorderCircle+0x286>
    6af8:	66 24       	eor	r6, r6
    6afa:	63 94       	inc	r6
    6afc:	cf 2c       	mov	r12, r15
    6afe:	d1 2c       	mov	r13, r1
    6b00:	88 85       	ldd	r24, Y+8	; 0x08
    6b02:	99 85       	ldd	r25, Y+9	; 0x09
    6b04:	8c 15       	cp	r24, r12
    6b06:	9d 05       	cpc	r25, r13
    6b08:	d8 f5       	brcc	.+118    	; 0x6b80 <Lcd_BorderCircle+0x2d6>
    6b0a:	99 81       	ldd	r25, Y+1	; 0x01
    6b0c:	92 30       	cpi	r25, 0x02	; 2
    6b0e:	08 f4       	brcc	.+2      	; 0x6b12 <Lcd_BorderCircle+0x268>
    6b10:	a7 c0       	rjmp	.+334    	; 0x6c60 <Lcd_BorderCircle+0x3b6>
    6b12:	fa 94       	dec	r15
    6b14:	ff 20       	and	r15, r15
    6b16:	09 f4       	brne	.+2      	; 0x6b1a <Lcd_BorderCircle+0x270>
    6b18:	99 c0       	rjmp	.+306    	; 0x6c4c <Lcd_BorderCircle+0x3a2>
    6b1a:	23 2d       	mov	r18, r3
    6b1c:	30 e0       	ldi	r19, 0x00	; 0
    6b1e:	4a 81       	ldd	r20, Y+2	; 0x02
    6b20:	84 2f       	mov	r24, r20
    6b22:	90 e0       	ldi	r25, 0x00	; 0
    6b24:	7e cf       	rjmp	.-260    	; 0x6a22 <Lcd_BorderCircle+0x178>
    6b26:	11 23       	and	r17, r17
    6b28:	49 f3       	breq	.-46     	; 0x6afc <Lcd_BorderCircle+0x252>
    6b2a:	71 e0       	ldi	r23, 0x01	; 1
    6b2c:	67 12       	cpse	r6, r23
    6b2e:	e6 cf       	rjmp	.-52     	; 0x6afc <Lcd_BorderCircle+0x252>
    6b30:	b1 10       	cpse	r11, r1
    6b32:	e2 cf       	rjmp	.-60     	; 0x6af8 <Lcd_BorderCircle+0x24e>
    6b34:	ac 01       	movw	r20, r24
    6b36:	44 0f       	add	r20, r20
    6b38:	55 1f       	adc	r21, r21
    6b3a:	c4 01       	movw	r24, r8
    6b3c:	82 1b       	sub	r24, r18
    6b3e:	93 0b       	sbc	r25, r19
    6b40:	9f 87       	std	Y+15, r25	; 0x0f
    6b42:	8e 87       	std	Y+14, r24	; 0x0e
    6b44:	b2 01       	movw	r22, r4
    6b46:	62 0f       	add	r22, r18
    6b48:	73 1f       	adc	r23, r19
    6b4a:	79 8b       	std	Y+17, r23	; 0x11
    6b4c:	68 8b       	std	Y+16, r22	; 0x10
    6b4e:	c9 01       	movw	r24, r18
    6b50:	88 0f       	add	r24, r24
    6b52:	99 1f       	adc	r25, r25
    6b54:	2c 8d       	ldd	r18, Y+28	; 0x1c
    6b56:	3d 8d       	ldd	r19, Y+29	; 0x1d
    6b58:	82 0f       	add	r24, r18
    6b5a:	93 1f       	adc	r25, r19
    6b5c:	84 1b       	sub	r24, r20
    6b5e:	95 0b       	sbc	r25, r21
    6b60:	9c 01       	movw	r18, r24
    6b62:	2f 5f       	subi	r18, 0xFF	; 255
    6b64:	3f 4f       	sbci	r19, 0xFF	; 255
    6b66:	24 17       	cp	r18, r20
    6b68:	35 07       	cpc	r19, r21
    6b6a:	0c f0       	brlt	.+2      	; 0x6b6e <Lcd_BorderCircle+0x2c4>
    6b6c:	cd c0       	rjmp	.+410    	; 0x6d08 <Lcd_BorderCircle+0x45e>
    6b6e:	73 94       	inc	r7
    6b70:	9d 8f       	std	Y+29, r25	; 0x1d
    6b72:	8c 8f       	std	Y+28, r24	; 0x1c
    6b74:	11 50       	subi	r17, 0x01	; 1
    6b76:	bb 24       	eor	r11, r11
    6b78:	b3 94       	inc	r11
    6b7a:	66 24       	eor	r6, r6
    6b7c:	63 94       	inc	r6
    6b7e:	be cf       	rjmp	.-132    	; 0x6afc <Lcd_BorderCircle+0x252>
    6b80:	29 81       	ldd	r18, Y+1	; 0x01
    6b82:	22 30       	cpi	r18, 0x02	; 2
    6b84:	08 f4       	brcc	.+2      	; 0x6b88 <Lcd_BorderCircle+0x2de>
    6b86:	87 c0       	rjmp	.+270    	; 0x6c96 <Lcd_BorderCircle+0x3ec>
    6b88:	22 30       	cpi	r18, 0x02	; 2
    6b8a:	11 f0       	breq	.+4      	; 0x6b90 <Lcd_BorderCircle+0x2e6>
    6b8c:	b1 2c       	mov	r11, r1
    6b8e:	c1 cf       	rjmp	.-126    	; 0x6b12 <Lcd_BorderCircle+0x268>
    6b90:	ad 80       	ldd	r10, Y+5	; 0x05
    6b92:	be 80       	ldd	r11, Y+6	; 0x06
    6b94:	ac 0c       	add	r10, r12
    6b96:	bd 1c       	adc	r11, r13
    6b98:	6a 8d       	ldd	r22, Y+26	; 0x1a
    6b9a:	7b 8d       	ldd	r23, Y+27	; 0x1b
    6b9c:	6c 19       	sub	r22, r12
    6b9e:	7d 09       	sbc	r23, r13
    6ba0:	7d 87       	std	Y+13, r23	; 0x0d
    6ba2:	6c 87       	std	Y+12, r22	; 0x0c
    6ba4:	ef 88       	ldd	r14, Y+23	; 0x17
    6ba6:	0e 89       	ldd	r16, Y+22	; 0x16
    6ba8:	2c 85       	ldd	r18, Y+12	; 0x0c
    6baa:	3d 85       	ldd	r19, Y+13	; 0x0d
    6bac:	88 89       	ldd	r24, Y+16	; 0x10
    6bae:	99 89       	ldd	r25, Y+17	; 0x11
    6bb0:	01 97       	sbiw	r24, 0x01	; 1
    6bb2:	9b 87       	std	Y+11, r25	; 0x0b
    6bb4:	8a 87       	std	Y+10, r24	; 0x0a
    6bb6:	ac 01       	movw	r20, r24
    6bb8:	b9 01       	movw	r22, r18
    6bba:	ce 84       	ldd	r12, Y+14	; 0x0e
    6bbc:	df 84       	ldd	r13, Y+15	; 0x0f
    6bbe:	9f ef       	ldi	r25, 0xFF	; 255
    6bc0:	c9 1a       	sub	r12, r25
    6bc2:	d9 0a       	sbc	r13, r25
    6bc4:	c6 01       	movw	r24, r12
    6bc6:	0e 94 d2 24 	call	0x49a4	; 0x49a4 <LCD_Fast_Fill_Rect_Color>
    6bca:	ef 88       	ldd	r14, Y+23	; 0x17
    6bcc:	0e 89       	ldd	r16, Y+22	; 0x16
    6bce:	95 01       	movw	r18, r10
    6bd0:	4a 85       	ldd	r20, Y+10	; 0x0a
    6bd2:	5b 85       	ldd	r21, Y+11	; 0x0b
    6bd4:	b5 01       	movw	r22, r10
    6bd6:	c6 01       	movw	r24, r12
    6bd8:	0e 94 d2 24 	call	0x49a4	; 0x49a4 <LCD_Fast_Fill_Rect_Color>
    6bdc:	b1 2c       	mov	r11, r1
    6bde:	99 cf       	rjmp	.-206    	; 0x6b12 <Lcd_BorderCircle+0x268>
    6be0:	b4 01       	movw	r22, r8
    6be2:	68 1b       	sub	r22, r24
    6be4:	79 0b       	sbc	r23, r25
    6be6:	7f 87       	std	Y+15, r23	; 0x0f
    6be8:	6e 87       	std	Y+14, r22	; 0x0e
    6bea:	b2 01       	movw	r22, r4
    6bec:	68 0f       	add	r22, r24
    6bee:	79 1f       	adc	r23, r25
    6bf0:	79 8b       	std	Y+17, r23	; 0x11
    6bf2:	68 8b       	std	Y+16, r22	; 0x10
    6bf4:	17 15       	cp	r17, r7
    6bf6:	30 f5       	brcc	.+76     	; 0x6c44 <Lcd_BorderCircle+0x39a>
    6bf8:	bb 24       	eor	r11, r11
    6bfa:	b3 94       	inc	r11
    6bfc:	7f cf       	rjmp	.-258    	; 0x6afc <Lcd_BorderCircle+0x252>
    6bfe:	a2 01       	movw	r20, r4
    6c00:	48 1b       	sub	r20, r24
    6c02:	59 0b       	sbc	r21, r25
    6c04:	5d 8b       	std	Y+21, r21	; 0x15
    6c06:	4c 8b       	std	Y+20, r20	; 0x14
    6c08:	b4 01       	movw	r22, r8
    6c0a:	68 0f       	add	r22, r24
    6c0c:	79 1f       	adc	r23, r25
    6c0e:	7b 8b       	std	Y+19, r23	; 0x13
    6c10:	6a 8b       	std	Y+18, r22	; 0x12
    6c12:	88 0f       	add	r24, r24
    6c14:	99 1f       	adc	r25, r25
    6c16:	4b 81       	ldd	r20, Y+3	; 0x03
    6c18:	5c 81       	ldd	r21, Y+4	; 0x04
    6c1a:	84 0f       	add	r24, r20
    6c1c:	95 1f       	adc	r25, r21
    6c1e:	22 0f       	add	r18, r18
    6c20:	33 1f       	adc	r19, r19
    6c22:	82 1b       	sub	r24, r18
    6c24:	93 0b       	sbc	r25, r19
    6c26:	ac 01       	movw	r20, r24
    6c28:	4f 5f       	subi	r20, 0xFF	; 255
    6c2a:	5f 4f       	sbci	r21, 0xFF	; 255
    6c2c:	42 17       	cp	r20, r18
    6c2e:	53 07       	cpc	r21, r19
    6c30:	84 f4       	brge	.+32     	; 0x6c52 <Lcd_BorderCircle+0x3a8>
    6c32:	5a 81       	ldd	r21, Y+2	; 0x02
    6c34:	5f 5f       	subi	r21, 0xFF	; 255
    6c36:	5a 83       	std	Y+2, r21	; 0x02
    6c38:	9c 83       	std	Y+4, r25	; 0x04
    6c3a:	8b 83       	std	Y+3, r24	; 0x03
    6c3c:	3a 94       	dec	r3
    6c3e:	71 e0       	ldi	r23, 0x01	; 1
    6c40:	7f 83       	std	Y+7, r23	; 0x07
    6c42:	29 cf       	rjmp	.-430    	; 0x6a96 <Lcd_BorderCircle+0x1ec>
    6c44:	11 23       	and	r17, r17
    6c46:	09 f4       	brne	.+2      	; 0x6c4a <Lcd_BorderCircle+0x3a0>
    6c48:	57 cf       	rjmp	.-338    	; 0x6af8 <Lcd_BorderCircle+0x24e>
    6c4a:	77 cf       	rjmp	.-274    	; 0x6b3a <Lcd_BorderCircle+0x290>
    6c4c:	94 9a       	sbi	0x12, 4	; 18
    6c4e:	80 e0       	ldi	r24, 0x00	; 0
    6c50:	79 ce       	rjmp	.-782    	; 0x6944 <Lcd_BorderCircle+0x9a>
    6c52:	6b 81       	ldd	r22, Y+3	; 0x03
    6c54:	7c 81       	ldd	r23, Y+4	; 0x04
    6c56:	62 1b       	sub	r22, r18
    6c58:	73 0b       	sbc	r23, r19
    6c5a:	7c 83       	std	Y+4, r23	; 0x04
    6c5c:	6b 83       	std	Y+3, r22	; 0x03
    6c5e:	ee cf       	rjmp	.-36     	; 0x6c3c <Lcd_BorderCircle+0x392>
    6c60:	6d 81       	ldd	r22, Y+5	; 0x05
    6c62:	7e 81       	ldd	r23, Y+6	; 0x06
    6c64:	6c 0d       	add	r22, r12
    6c66:	7d 1d       	adc	r23, r13
    6c68:	e9 8c       	ldd	r14, Y+25	; 0x19
    6c6a:	08 8d       	ldd	r16, Y+24	; 0x18
    6c6c:	9b 01       	movw	r18, r22
    6c6e:	4a 89       	ldd	r20, Y+18	; 0x12
    6c70:	5b 89       	ldd	r21, Y+19	; 0x13
    6c72:	8c 89       	ldd	r24, Y+20	; 0x14
    6c74:	9d 89       	ldd	r25, Y+21	; 0x15
    6c76:	0e 94 15 24 	call	0x482a	; 0x482a <LCD_Fast_Short_Fill_Rect_Color>
    6c7a:	6a 8d       	ldd	r22, Y+26	; 0x1a
    6c7c:	7b 8d       	ldd	r23, Y+27	; 0x1b
    6c7e:	6c 19       	sub	r22, r12
    6c80:	7d 09       	sbc	r23, r13
    6c82:	e9 8c       	ldd	r14, Y+25	; 0x19
    6c84:	08 8d       	ldd	r16, Y+24	; 0x18
    6c86:	9b 01       	movw	r18, r22
    6c88:	4a 89       	ldd	r20, Y+18	; 0x12
    6c8a:	5b 89       	ldd	r21, Y+19	; 0x13
    6c8c:	8c 89       	ldd	r24, Y+20	; 0x14
    6c8e:	9d 89       	ldd	r25, Y+21	; 0x15
    6c90:	0e 94 15 24 	call	0x482a	; 0x482a <LCD_Fast_Short_Fill_Rect_Color>
    6c94:	3e cf       	rjmp	.-388    	; 0x6b12 <Lcd_BorderCircle+0x268>
    6c96:	4a 8d       	ldd	r20, Y+26	; 0x1a
    6c98:	5b 8d       	ldd	r21, Y+27	; 0x1b
    6c9a:	4c 19       	sub	r20, r12
    6c9c:	5d 09       	sbc	r21, r13
    6c9e:	5d 87       	std	Y+13, r21	; 0x0d
    6ca0:	4c 87       	std	Y+12, r20	; 0x0c
    6ca2:	e9 8c       	ldd	r14, Y+25	; 0x19
    6ca4:	08 8d       	ldd	r16, Y+24	; 0x18
    6ca6:	9a 01       	movw	r18, r20
    6ca8:	4e 85       	ldd	r20, Y+14	; 0x0e
    6caa:	5f 85       	ldd	r21, Y+15	; 0x0f
    6cac:	b9 01       	movw	r22, r18
    6cae:	8c 89       	ldd	r24, Y+20	; 0x14
    6cb0:	9d 89       	ldd	r25, Y+21	; 0x15
    6cb2:	0e 94 15 24 	call	0x482a	; 0x482a <LCD_Fast_Short_Fill_Rect_Color>
    6cb6:	e9 8c       	ldd	r14, Y+25	; 0x19
    6cb8:	08 8d       	ldd	r16, Y+24	; 0x18
    6cba:	2c 85       	ldd	r18, Y+12	; 0x0c
    6cbc:	3d 85       	ldd	r19, Y+13	; 0x0d
    6cbe:	4a 89       	ldd	r20, Y+18	; 0x12
    6cc0:	5b 89       	ldd	r21, Y+19	; 0x13
    6cc2:	b9 01       	movw	r22, r18
    6cc4:	88 89       	ldd	r24, Y+16	; 0x10
    6cc6:	99 89       	ldd	r25, Y+17	; 0x11
    6cc8:	0e 94 15 24 	call	0x482a	; 0x482a <LCD_Fast_Short_Fill_Rect_Color>
    6ccc:	ad 80       	ldd	r10, Y+5	; 0x05
    6cce:	be 80       	ldd	r11, Y+6	; 0x06
    6cd0:	ac 0c       	add	r10, r12
    6cd2:	bd 1c       	adc	r11, r13
    6cd4:	e9 8c       	ldd	r14, Y+25	; 0x19
    6cd6:	08 8d       	ldd	r16, Y+24	; 0x18
    6cd8:	95 01       	movw	r18, r10
    6cda:	4e 85       	ldd	r20, Y+14	; 0x0e
    6cdc:	5f 85       	ldd	r21, Y+15	; 0x0f
    6cde:	b5 01       	movw	r22, r10
    6ce0:	8c 89       	ldd	r24, Y+20	; 0x14
    6ce2:	9d 89       	ldd	r25, Y+21	; 0x15
    6ce4:	0e 94 15 24 	call	0x482a	; 0x482a <LCD_Fast_Short_Fill_Rect_Color>
    6ce8:	e9 8c       	ldd	r14, Y+25	; 0x19
    6cea:	08 8d       	ldd	r16, Y+24	; 0x18
    6cec:	95 01       	movw	r18, r10
    6cee:	4a 89       	ldd	r20, Y+18	; 0x12
    6cf0:	5b 89       	ldd	r21, Y+19	; 0x13
    6cf2:	b5 01       	movw	r22, r10
    6cf4:	88 89       	ldd	r24, Y+16	; 0x10
    6cf6:	99 89       	ldd	r25, Y+17	; 0x11
    6cf8:	0e 94 15 24 	call	0x482a	; 0x482a <LCD_Fast_Short_Fill_Rect_Color>
    6cfc:	59 81       	ldd	r21, Y+1	; 0x01
    6cfe:	55 23       	and	r21, r21
    6d00:	09 f4       	brne	.+2      	; 0x6d04 <Lcd_BorderCircle+0x45a>
    6d02:	50 cf       	rjmp	.-352    	; 0x6ba4 <Lcd_BorderCircle+0x2fa>
    6d04:	b1 2c       	mov	r11, r1
    6d06:	05 cf       	rjmp	.-502    	; 0x6b12 <Lcd_BorderCircle+0x268>
    6d08:	6c 8d       	ldd	r22, Y+28	; 0x1c
    6d0a:	7d 8d       	ldd	r23, Y+29	; 0x1d
    6d0c:	64 1b       	sub	r22, r20
    6d0e:	75 0b       	sbc	r23, r21
    6d10:	7d 8f       	std	Y+29, r23	; 0x1d
    6d12:	6c 8f       	std	Y+28, r22	; 0x1c
    6d14:	2f cf       	rjmp	.-418    	; 0x6b74 <Lcd_BorderCircle+0x2ca>

00006d16 <Lcd_FillRoundRect>:
    6d16:	2f 92       	push	r2
    6d18:	3f 92       	push	r3
    6d1a:	4f 92       	push	r4
    6d1c:	5f 92       	push	r5
    6d1e:	6f 92       	push	r6
    6d20:	7f 92       	push	r7
    6d22:	8f 92       	push	r8
    6d24:	9f 92       	push	r9
    6d26:	af 92       	push	r10
    6d28:	bf 92       	push	r11
    6d2a:	cf 92       	push	r12
    6d2c:	df 92       	push	r13
    6d2e:	ef 92       	push	r14
    6d30:	ff 92       	push	r15
    6d32:	0f 93       	push	r16
    6d34:	1f 93       	push	r17
    6d36:	cf 93       	push	r28
    6d38:	df 93       	push	r29
    6d3a:	cd b7       	in	r28, 0x3d	; 61
    6d3c:	de b7       	in	r29, 0x3e	; 62
    6d3e:	28 97       	sbiw	r28, 0x08	; 8
    6d40:	0f b6       	in	r0, 0x3f	; 63
    6d42:	f8 94       	cli
    6d44:	de bf       	out	0x3e, r29	; 62
    6d46:	0f be       	out	0x3f, r0	; 63
    6d48:	cd bf       	out	0x3d, r28	; 61
    6d4a:	9a 83       	std	Y+2, r25	; 0x02
    6d4c:	89 83       	std	Y+1, r24	; 0x01
    6d4e:	02 30       	cpi	r16, 0x02	; 2
    6d50:	11 05       	cpc	r17, r1
    6d52:	08 f4       	brcc	.+2      	; 0x6d56 <Lcd_FillRoundRect+0x40>
    6d54:	e0 c0       	rjmp	.+448    	; 0x6f16 <Lcd_FillRoundRect+0x200>
    6d56:	45 30       	cpi	r20, 0x05	; 5
    6d58:	51 05       	cpc	r21, r1
    6d5a:	b8 f1       	brcs	.+110    	; 0x6dca <Lcd_FillRoundRect+0xb4>
    6d5c:	41 50       	subi	r20, 0x01	; 1
    6d5e:	51 09       	sbc	r21, r1
    6d60:	25 30       	cpi	r18, 0x05	; 5
    6d62:	31 05       	cpc	r19, r1
    6d64:	b8 f1       	brcs	.+110    	; 0x6dd4 <Lcd_FillRoundRect+0xbe>
    6d66:	21 50       	subi	r18, 0x01	; 1
    6d68:	31 09       	sbc	r19, r1
    6d6a:	89 80       	ldd	r8, Y+1	; 0x01
    6d6c:	9a 80       	ldd	r9, Y+2	; 0x02
    6d6e:	84 0e       	add	r8, r20
    6d70:	95 1e       	adc	r9, r21
    6d72:	80 91 09 01 	lds	r24, 0x0109	; 0x800109 <KVB+0x2>
    6d76:	90 91 0a 01 	lds	r25, 0x010A	; 0x80010a <KVB+0x3>
    6d7a:	88 15       	cp	r24, r8
    6d7c:	99 05       	cpc	r25, r9
    6d7e:	08 f4       	brcc	.+2      	; 0x6d82 <Lcd_FillRoundRect+0x6c>
    6d80:	c8 c0       	rjmp	.+400    	; 0x6f12 <Lcd_FillRoundRect+0x1fc>
    6d82:	2b 01       	movw	r4, r22
    6d84:	42 0e       	add	r4, r18
    6d86:	53 1e       	adc	r5, r19
    6d88:	80 91 0b 01 	lds	r24, 0x010B	; 0x80010b <KVB+0x4>
    6d8c:	90 91 0c 01 	lds	r25, 0x010C	; 0x80010c <KVB+0x5>
    6d90:	84 15       	cp	r24, r4
    6d92:	95 05       	cpc	r25, r5
    6d94:	10 f5       	brcc	.+68     	; 0x6dda <Lcd_FillRoundRect+0xc4>
    6d96:	82 e0       	ldi	r24, 0x02	; 2
    6d98:	28 96       	adiw	r28, 0x08	; 8
    6d9a:	0f b6       	in	r0, 0x3f	; 63
    6d9c:	f8 94       	cli
    6d9e:	de bf       	out	0x3e, r29	; 62
    6da0:	0f be       	out	0x3f, r0	; 63
    6da2:	cd bf       	out	0x3d, r28	; 61
    6da4:	df 91       	pop	r29
    6da6:	cf 91       	pop	r28
    6da8:	1f 91       	pop	r17
    6daa:	0f 91       	pop	r16
    6dac:	ff 90       	pop	r15
    6dae:	ef 90       	pop	r14
    6db0:	df 90       	pop	r13
    6db2:	cf 90       	pop	r12
    6db4:	bf 90       	pop	r11
    6db6:	af 90       	pop	r10
    6db8:	9f 90       	pop	r9
    6dba:	8f 90       	pop	r8
    6dbc:	7f 90       	pop	r7
    6dbe:	6f 90       	pop	r6
    6dc0:	5f 90       	pop	r5
    6dc2:	4f 90       	pop	r4
    6dc4:	3f 90       	pop	r3
    6dc6:	2f 90       	pop	r2
    6dc8:	08 95       	ret
    6dca:	44 e0       	ldi	r20, 0x04	; 4
    6dcc:	50 e0       	ldi	r21, 0x00	; 0
    6dce:	25 30       	cpi	r18, 0x05	; 5
    6dd0:	31 05       	cpc	r19, r1
    6dd2:	48 f6       	brcc	.-110    	; 0x6d66 <Lcd_FillRoundRect+0x50>
    6dd4:	24 e0       	ldi	r18, 0x04	; 4
    6dd6:	30 e0       	ldi	r19, 0x00	; 0
    6dd8:	c8 cf       	rjmp	.-112    	; 0x6d6a <Lcd_FillRoundRect+0x54>
    6dda:	42 17       	cp	r20, r18
    6ddc:	53 07       	cpc	r21, r19
    6dde:	08 f4       	brcc	.+2      	; 0x6de2 <Lcd_FillRoundRect+0xcc>
    6de0:	9d c0       	rjmp	.+314    	; 0x6f1c <Lcd_FillRoundRect+0x206>
    6de2:	36 95       	lsr	r19
    6de4:	27 95       	ror	r18
    6de6:	58 01       	movw	r10, r16
    6de8:	20 17       	cp	r18, r16
    6dea:	31 07       	cpc	r19, r17
    6dec:	08 f4       	brcc	.+2      	; 0x6df0 <Lcd_FillRoundRect+0xda>
    6dee:	59 01       	movw	r10, r18
    6df0:	4a 18       	sub	r4, r10
    6df2:	5b 08       	sbc	r5, r11
    6df4:	81 e0       	ldi	r24, 0x01	; 1
    6df6:	90 e0       	ldi	r25, 0x00	; 0
    6df8:	6c 01       	movw	r12, r24
    6dfa:	ca 18       	sub	r12, r10
    6dfc:	db 08       	sbc	r13, r11
    6dfe:	15 01       	movw	r2, r10
    6e00:	26 0e       	add	r2, r22
    6e02:	37 1e       	adc	r3, r23
    6e04:	8e 2d       	mov	r24, r14
    6e06:	90 e0       	ldi	r25, 0x00	; 0
    6e08:	fc 01       	movw	r30, r24
    6e0a:	ee 0f       	add	r30, r30
    6e0c:	ff 1f       	adc	r31, r31
    6e0e:	e1 5f       	subi	r30, 0xF1	; 241
    6e10:	fe 4f       	sbci	r31, 0xFE	; 254
    6e12:	f0 80       	ld	r15, Z
    6e14:	88 0f       	add	r24, r24
    6e16:	99 1f       	adc	r25, r25
    6e18:	fc 01       	movw	r30, r24
    6e1a:	e9 5f       	subi	r30, 0xF9	; 249
    6e1c:	fe 4f       	sbci	r31, 0xFE	; 254
    6e1e:	17 81       	ldd	r17, Z+7	; 0x07
    6e20:	94 98       	cbi	0x12, 4	; 18
    6e22:	0e 2d       	mov	r16, r14
    6e24:	92 01       	movw	r18, r4
    6e26:	a4 01       	movw	r20, r8
    6e28:	b1 01       	movw	r22, r2
    6e2a:	89 81       	ldd	r24, Y+1	; 0x01
    6e2c:	9a 81       	ldd	r25, Y+2	; 0x02
    6e2e:	0e 94 52 24 	call	0x48a4	; 0x48a4 <LCD_Fast_Fill_Rect>
    6e32:	94 01       	movw	r18, r8
    6e34:	2a 19       	sub	r18, r10
    6e36:	3b 09       	sbc	r19, r11
    6e38:	3c 83       	std	Y+4, r19	; 0x04
    6e3a:	2b 83       	std	Y+3, r18	; 0x03
    6e3c:	89 81       	ldd	r24, Y+1	; 0x01
    6e3e:	9a 81       	ldd	r25, Y+2	; 0x02
    6e40:	8a 0d       	add	r24, r10
    6e42:	9b 1d       	adc	r25, r11
    6e44:	9e 83       	std	Y+6, r25	; 0x06
    6e46:	8d 83       	std	Y+5, r24	; 0x05
    6e48:	18 86       	std	Y+8, r1	; 0x08
    6e4a:	1f 82       	std	Y+7, r1	; 0x07
    6e4c:	95 01       	movw	r18, r10
    6e4e:	21 50       	subi	r18, 0x01	; 1
    6e50:	31 09       	sbc	r19, r1
    6e52:	3a 83       	std	Y+2, r19	; 0x02
    6e54:	29 83       	std	Y+1, r18	; 0x01
    6e56:	d7 fc       	sbrc	r13, 7
    6e58:	0b c0       	rjmp	.+22     	; 0x6e70 <Lcd_FillRoundRect+0x15a>
    6e5a:	a9 80       	ldd	r10, Y+1	; 0x01
    6e5c:	ba 80       	ldd	r11, Y+2	; 0x02
    6e5e:	c5 01       	movw	r24, r10
    6e60:	88 0f       	add	r24, r24
    6e62:	99 1f       	adc	r25, r25
    6e64:	c8 1a       	sub	r12, r24
    6e66:	d9 0a       	sbc	r13, r25
    6e68:	c5 01       	movw	r24, r10
    6e6a:	01 97       	sbiw	r24, 0x01	; 1
    6e6c:	9a 83       	std	Y+2, r25	; 0x02
    6e6e:	89 83       	std	Y+1, r24	; 0x01
    6e70:	2f 81       	ldd	r18, Y+7	; 0x07
    6e72:	38 85       	ldd	r19, Y+8	; 0x08
    6e74:	2f 5f       	subi	r18, 0xFF	; 255
    6e76:	3f 4f       	sbci	r19, 0xFF	; 255
    6e78:	38 87       	std	Y+8, r19	; 0x08
    6e7a:	2f 83       	std	Y+7, r18	; 0x07
    6e7c:	c9 01       	movw	r24, r18
    6e7e:	88 0f       	add	r24, r24
    6e80:	99 1f       	adc	r25, r25
    6e82:	c8 0e       	add	r12, r24
    6e84:	d9 1e       	adc	r13, r25
    6e86:	d7 fc       	sbrc	r13, 7
    6e88:	1c c0       	rjmp	.+56     	; 0x6ec2 <Lcd_FillRoundRect+0x1ac>
    6e8a:	e1 2e       	mov	r14, r17
    6e8c:	0f 2d       	mov	r16, r15
    6e8e:	b1 01       	movw	r22, r2
    6e90:	6a 19       	sub	r22, r10
    6e92:	7b 09       	sbc	r23, r11
    6e94:	9b 01       	movw	r18, r22
    6e96:	6b 80       	ldd	r6, Y+3	; 0x03
    6e98:	7c 80       	ldd	r7, Y+4	; 0x04
    6e9a:	8f 81       	ldd	r24, Y+7	; 0x07
    6e9c:	98 85       	ldd	r25, Y+8	; 0x08
    6e9e:	68 0e       	add	r6, r24
    6ea0:	79 1e       	adc	r7, r25
    6ea2:	a3 01       	movw	r20, r6
    6ea4:	8d 80       	ldd	r8, Y+5	; 0x05
    6ea6:	9e 80       	ldd	r9, Y+6	; 0x06
    6ea8:	88 1a       	sub	r8, r24
    6eaa:	99 0a       	sbc	r9, r25
    6eac:	c4 01       	movw	r24, r8
    6eae:	0e 94 d2 24 	call	0x49a4	; 0x49a4 <LCD_Fast_Fill_Rect_Color>
    6eb2:	b5 01       	movw	r22, r10
    6eb4:	64 0d       	add	r22, r4
    6eb6:	75 1d       	adc	r23, r5
    6eb8:	9b 01       	movw	r18, r22
    6eba:	a3 01       	movw	r20, r6
    6ebc:	c4 01       	movw	r24, r8
    6ebe:	0e 94 d2 24 	call	0x49a4	; 0x49a4 <LCD_Fast_Fill_Rect_Color>
    6ec2:	e1 2e       	mov	r14, r17
    6ec4:	0f 2d       	mov	r16, r15
    6ec6:	b1 01       	movw	r22, r2
    6ec8:	2f 81       	ldd	r18, Y+7	; 0x07
    6eca:	38 85       	ldd	r19, Y+8	; 0x08
    6ecc:	62 1b       	sub	r22, r18
    6ece:	73 0b       	sbc	r23, r19
    6ed0:	9b 01       	movw	r18, r22
    6ed2:	6b 80       	ldd	r6, Y+3	; 0x03
    6ed4:	7c 80       	ldd	r7, Y+4	; 0x04
    6ed6:	6a 0c       	add	r6, r10
    6ed8:	7b 1c       	adc	r7, r11
    6eda:	a3 01       	movw	r20, r6
    6edc:	8d 80       	ldd	r8, Y+5	; 0x05
    6ede:	9e 80       	ldd	r9, Y+6	; 0x06
    6ee0:	8a 18       	sub	r8, r10
    6ee2:	9b 08       	sbc	r9, r11
    6ee4:	c4 01       	movw	r24, r8
    6ee6:	0e 94 d2 24 	call	0x49a4	; 0x49a4 <LCD_Fast_Fill_Rect_Color>
    6eea:	6f 81       	ldd	r22, Y+7	; 0x07
    6eec:	78 85       	ldd	r23, Y+8	; 0x08
    6eee:	64 0d       	add	r22, r4
    6ef0:	75 1d       	adc	r23, r5
    6ef2:	9b 01       	movw	r18, r22
    6ef4:	a3 01       	movw	r20, r6
    6ef6:	c4 01       	movw	r24, r8
    6ef8:	0e 94 d2 24 	call	0x49a4	; 0x49a4 <LCD_Fast_Fill_Rect_Color>
    6efc:	8f 81       	ldd	r24, Y+7	; 0x07
    6efe:	98 85       	ldd	r25, Y+8	; 0x08
    6f00:	29 81       	ldd	r18, Y+1	; 0x01
    6f02:	3a 81       	ldd	r19, Y+2	; 0x02
    6f04:	82 17       	cp	r24, r18
    6f06:	93 07       	cpc	r25, r19
    6f08:	08 f4       	brcc	.+2      	; 0x6f0c <Lcd_FillRoundRect+0x1f6>
    6f0a:	a5 cf       	rjmp	.-182    	; 0x6e56 <Lcd_FillRoundRect+0x140>
    6f0c:	94 9a       	sbi	0x12, 4	; 18
    6f0e:	80 e0       	ldi	r24, 0x00	; 0
    6f10:	43 cf       	rjmp	.-378    	; 0x6d98 <Lcd_FillRoundRect+0x82>
    6f12:	81 e0       	ldi	r24, 0x01	; 1
    6f14:	41 cf       	rjmp	.-382    	; 0x6d98 <Lcd_FillRoundRect+0x82>
    6f16:	02 e0       	ldi	r16, 0x02	; 2
    6f18:	10 e0       	ldi	r17, 0x00	; 0
    6f1a:	1d cf       	rjmp	.-454    	; 0x6d56 <Lcd_FillRoundRect+0x40>
    6f1c:	56 95       	lsr	r21
    6f1e:	47 95       	ror	r20
    6f20:	58 01       	movw	r10, r16
    6f22:	40 17       	cp	r20, r16
    6f24:	51 07       	cpc	r21, r17
    6f26:	08 f0       	brcs	.+2      	; 0x6f2a <Lcd_FillRoundRect+0x214>
    6f28:	63 cf       	rjmp	.-314    	; 0x6df0 <Lcd_FillRoundRect+0xda>
    6f2a:	5a 01       	movw	r10, r20
    6f2c:	61 cf       	rjmp	.-318    	; 0x6df0 <Lcd_FillRoundRect+0xda>

00006f2e <Lcd_BorderRoundRect>:
    6f2e:	2f 92       	push	r2
    6f30:	3f 92       	push	r3
    6f32:	4f 92       	push	r4
    6f34:	5f 92       	push	r5
    6f36:	6f 92       	push	r6
    6f38:	7f 92       	push	r7
    6f3a:	8f 92       	push	r8
    6f3c:	9f 92       	push	r9
    6f3e:	af 92       	push	r10
    6f40:	bf 92       	push	r11
    6f42:	cf 92       	push	r12
    6f44:	df 92       	push	r13
    6f46:	ef 92       	push	r14
    6f48:	ff 92       	push	r15
    6f4a:	0f 93       	push	r16
    6f4c:	1f 93       	push	r17
    6f4e:	cf 93       	push	r28
    6f50:	df 93       	push	r29
    6f52:	cd b7       	in	r28, 0x3d	; 61
    6f54:	de b7       	in	r29, 0x3e	; 62
    6f56:	e4 97       	sbiw	r28, 0x34	; 52
    6f58:	0f b6       	in	r0, 0x3f	; 63
    6f5a:	f8 94       	cli
    6f5c:	de bf       	out	0x3e, r29	; 62
    6f5e:	0f be       	out	0x3f, r0	; 63
    6f60:	cd bf       	out	0x3d, r28	; 61
    6f62:	8a 83       	std	Y+2, r24	; 0x02
    6f64:	1b 01       	movw	r2, r22
    6f66:	58 8b       	std	Y+16, r21	; 0x10
    6f68:	4f 87       	std	Y+15, r20	; 0x0f
    6f6a:	6a 2d       	mov	r22, r10
    6f6c:	44 e0       	ldi	r20, 0x04	; 4
    6f6e:	e4 16       	cp	r14, r20
    6f70:	f1 04       	cpc	r15, r1
    6f72:	18 f4       	brcc	.+6      	; 0x6f7a <Lcd_BorderRoundRect+0x4c>
    6f74:	a4 e0       	ldi	r26, 0x04	; 4
    6f76:	ea 2e       	mov	r14, r26
    6f78:	f1 2c       	mov	r15, r1
    6f7a:	52 e0       	ldi	r21, 0x02	; 2
    6f7c:	c5 16       	cp	r12, r21
    6f7e:	d1 04       	cpc	r13, r1
    6f80:	08 f4       	brcc	.+2      	; 0x6f84 <Lcd_BorderRoundRect+0x56>
    6f82:	43 c1       	rjmp	.+646    	; 0x720a <Lcd_BorderRoundRect+0x2dc>
    6f84:	27 30       	cpi	r18, 0x07	; 7
    6f86:	31 05       	cpc	r19, r1
    6f88:	d8 f1       	brcs	.+118    	; 0x7000 <Lcd_BorderRoundRect+0xd2>
    6f8a:	21 50       	subi	r18, 0x01	; 1
    6f8c:	31 09       	sbc	r19, r1
    6f8e:	07 30       	cpi	r16, 0x07	; 7
    6f90:	11 05       	cpc	r17, r1
    6f92:	d8 f1       	brcs	.+118    	; 0x700a <Lcd_BorderRoundRect+0xdc>
    6f94:	01 50       	subi	r16, 0x01	; 1
    6f96:	11 09       	sbc	r17, r1
    6f98:	c9 01       	movw	r24, r18
    6f9a:	82 0d       	add	r24, r2
    6f9c:	93 1d       	adc	r25, r3
    6f9e:	9e 87       	std	Y+14, r25	; 0x0e
    6fa0:	8d 87       	std	Y+13, r24	; 0x0d
    6fa2:	80 91 09 01 	lds	r24, 0x0109	; 0x800109 <KVB+0x2>
    6fa6:	90 91 0a 01 	lds	r25, 0x010A	; 0x80010a <KVB+0x3>
    6faa:	ed 85       	ldd	r30, Y+13	; 0x0d
    6fac:	fe 85       	ldd	r31, Y+14	; 0x0e
    6fae:	8e 17       	cp	r24, r30
    6fb0:	9f 07       	cpc	r25, r31
    6fb2:	08 f4       	brcc	.+2      	; 0x6fb6 <Lcd_BorderRoundRect+0x88>
    6fb4:	28 c1       	rjmp	.+592    	; 0x7206 <Lcd_BorderRoundRect+0x2d8>
    6fb6:	40 91 0b 01 	lds	r20, 0x010B	; 0x80010b <KVB+0x4>
    6fba:	50 91 0c 01 	lds	r21, 0x010C	; 0x80010c <KVB+0x5>
    6fbe:	8f 85       	ldd	r24, Y+15	; 0x0f
    6fc0:	98 89       	ldd	r25, Y+16	; 0x10
    6fc2:	80 0f       	add	r24, r16
    6fc4:	91 1f       	adc	r25, r17
    6fc6:	48 17       	cp	r20, r24
    6fc8:	59 07       	cpc	r21, r25
    6fca:	10 f5       	brcc	.+68     	; 0x7010 <Lcd_BorderRoundRect+0xe2>
    6fcc:	82 e0       	ldi	r24, 0x02	; 2
    6fce:	e4 96       	adiw	r28, 0x34	; 52
    6fd0:	0f b6       	in	r0, 0x3f	; 63
    6fd2:	f8 94       	cli
    6fd4:	de bf       	out	0x3e, r29	; 62
    6fd6:	0f be       	out	0x3f, r0	; 63
    6fd8:	cd bf       	out	0x3d, r28	; 61
    6fda:	df 91       	pop	r29
    6fdc:	cf 91       	pop	r28
    6fde:	1f 91       	pop	r17
    6fe0:	0f 91       	pop	r16
    6fe2:	ff 90       	pop	r15
    6fe4:	ef 90       	pop	r14
    6fe6:	df 90       	pop	r13
    6fe8:	cf 90       	pop	r12
    6fea:	bf 90       	pop	r11
    6fec:	af 90       	pop	r10
    6fee:	9f 90       	pop	r9
    6ff0:	8f 90       	pop	r8
    6ff2:	7f 90       	pop	r7
    6ff4:	6f 90       	pop	r6
    6ff6:	5f 90       	pop	r5
    6ff8:	4f 90       	pop	r4
    6ffa:	3f 90       	pop	r3
    6ffc:	2f 90       	pop	r2
    6ffe:	08 95       	ret
    7000:	26 e0       	ldi	r18, 0x06	; 6
    7002:	30 e0       	ldi	r19, 0x00	; 0
    7004:	07 30       	cpi	r16, 0x07	; 7
    7006:	11 05       	cpc	r17, r1
    7008:	28 f6       	brcc	.-118    	; 0x6f94 <Lcd_BorderRoundRect+0x66>
    700a:	06 e0       	ldi	r16, 0x06	; 6
    700c:	10 e0       	ldi	r17, 0x00	; 0
    700e:	c4 cf       	rjmp	.-120    	; 0x6f98 <Lcd_BorderRoundRect+0x6a>
    7010:	20 17       	cp	r18, r16
    7012:	31 07       	cpc	r19, r17
    7014:	08 f4       	brcc	.+2      	; 0x7018 <Lcd_BorderRoundRect+0xea>
    7016:	fd c0       	rjmp	.+506    	; 0x7212 <Lcd_BorderRoundRect+0x2e4>
    7018:	c8 01       	movw	r24, r16
    701a:	96 95       	lsr	r25
    701c:	87 95       	ror	r24
    701e:	fa 86       	std	Y+10, r15	; 0x0a
    7020:	e9 86       	std	Y+9, r14	; 0x09
    7022:	8e 15       	cp	r24, r14
    7024:	9f 05       	cpc	r25, r15
    7026:	10 f4       	brcc	.+4      	; 0x702c <Lcd_BorderRoundRect+0xfe>
    7028:	9a 87       	std	Y+10, r25	; 0x0a
    702a:	89 87       	std	Y+9, r24	; 0x09
    702c:	89 85       	ldd	r24, Y+9	; 0x09
    702e:	9a 85       	ldd	r25, Y+10	; 0x0a
    7030:	02 97       	sbiw	r24, 0x02	; 2
    7032:	d8 a2       	std	Y+32, r13	; 0x20
    7034:	cf 8e       	std	Y+31, r12	; 0x1f
    7036:	8c 15       	cp	r24, r12
    7038:	9d 05       	cpc	r25, r13
    703a:	10 f4       	brcc	.+4      	; 0x7040 <Lcd_BorderRoundRect+0x112>
    703c:	98 a3       	std	Y+32, r25	; 0x20
    703e:	8f 8f       	std	Y+31, r24	; 0x1f
    7040:	a9 01       	movw	r20, r18
    7042:	89 85       	ldd	r24, Y+9	; 0x09
    7044:	9a 85       	ldd	r25, Y+10	; 0x0a
    7046:	48 1b       	sub	r20, r24
    7048:	59 0b       	sbc	r21, r25
    704a:	5e a3       	std	Y+38, r21	; 0x26
    704c:	4d a3       	std	Y+37, r20	; 0x25
    704e:	f8 01       	movw	r30, r16
    7050:	e8 1b       	sub	r30, r24
    7052:	f9 0b       	sbc	r31, r25
    7054:	fc ab       	std	Y+52, r31	; 0x34
    7056:	eb ab       	std	Y+51, r30	; 0x33
    7058:	81 e0       	ldi	r24, 0x01	; 1
    705a:	90 e0       	ldi	r25, 0x00	; 0
    705c:	2c 01       	movw	r4, r24
    705e:	29 85       	ldd	r18, Y+9	; 0x09
    7060:	3a 85       	ldd	r19, Y+10	; 0x0a
    7062:	42 1a       	sub	r4, r18
    7064:	53 0a       	sbc	r5, r19
    7066:	c9 84       	ldd	r12, Y+9	; 0x09
    7068:	4f 8d       	ldd	r20, Y+31	; 0x1f
    706a:	58 a1       	ldd	r21, Y+32	; 0x20
    706c:	24 1b       	sub	r18, r20
    706e:	35 0b       	sbc	r19, r21
    7070:	38 87       	std	Y+8, r19	; 0x08
    7072:	2f 83       	std	Y+7, r18	; 0x07
    7074:	5c 01       	movw	r10, r24
    7076:	a2 1a       	sub	r10, r18
    7078:	b3 0a       	sbc	r11, r19
    707a:	df 80       	ldd	r13, Y+7	; 0x07
    707c:	86 2f       	mov	r24, r22
    707e:	90 e0       	ldi	r25, 0x00	; 0
    7080:	fc 01       	movw	r30, r24
    7082:	ee 0f       	add	r30, r30
    7084:	ff 1f       	adc	r31, r31
    7086:	e1 5f       	subi	r30, 0xF1	; 241
    7088:	fe 4f       	sbci	r31, 0xFE	; 254
    708a:	50 81       	ld	r21, Z
    708c:	5b 8f       	std	Y+27, r21	; 0x1b
    708e:	88 0f       	add	r24, r24
    7090:	99 1f       	adc	r25, r25
    7092:	fc 01       	movw	r30, r24
    7094:	e9 5f       	subi	r30, 0xF9	; 249
    7096:	fe 4f       	sbci	r31, 0xFE	; 254
    7098:	67 81       	ldd	r22, Z+7	; 0x07
    709a:	6c 8f       	std	Y+28, r22	; 0x1c
    709c:	91 2c       	mov	r9, r1
    709e:	f4 01       	movw	r30, r8
    70a0:	ee 0f       	add	r30, r30
    70a2:	ff 1f       	adc	r31, r31
    70a4:	e1 5f       	subi	r30, 0xF1	; 241
    70a6:	fe 4f       	sbci	r31, 0xFE	; 254
    70a8:	70 81       	ld	r23, Z
    70aa:	7d 8f       	std	Y+29, r23	; 0x1d
    70ac:	c4 01       	movw	r24, r8
    70ae:	88 0f       	add	r24, r24
    70b0:	99 1f       	adc	r25, r25
    70b2:	fc 01       	movw	r30, r24
    70b4:	e9 5f       	subi	r30, 0xF9	; 249
    70b6:	fe 4f       	sbci	r31, 0xFE	; 254
    70b8:	87 81       	ldd	r24, Z+7	; 0x07
    70ba:	8e 8f       	std	Y+30, r24	; 0x1e
    70bc:	94 98       	cbi	0x12, 4	; 18
    70be:	cc 20       	and	r12, r12
    70c0:	09 f4       	brne	.+2      	; 0x70c4 <Lcd_BorderRoundRect+0x196>
    70c2:	96 c0       	rjmp	.+300    	; 0x71f0 <Lcd_BorderRoundRect+0x2c2>
    70c4:	89 84       	ldd	r8, Y+9	; 0x09
    70c6:	1e 8a       	std	Y+22, r1	; 0x16
    70c8:	1d 8a       	std	Y+21, r1	; 0x15
    70ca:	1c 8a       	std	Y+20, r1	; 0x14
    70cc:	1b 8a       	std	Y+19, r1	; 0x13
    70ce:	91 2c       	mov	r9, r1
    70d0:	f1 2c       	mov	r15, r1
    70d2:	1a 8e       	std	Y+26, r1	; 0x1a
    70d4:	19 8e       	std	Y+25, r1	; 0x19
    70d6:	18 8e       	std	Y+24, r1	; 0x18
    70d8:	1f 8a       	std	Y+23, r1	; 0x17
    70da:	61 2c       	mov	r6, r1
    70dc:	10 e0       	ldi	r17, 0x00	; 0
    70de:	f1 01       	movw	r30, r2
    70e0:	31 97       	sbiw	r30, 0x01	; 1
    70e2:	fa a3       	std	Y+34, r31	; 0x22
    70e4:	e9 a3       	std	Y+33, r30	; 0x21
    70e6:	91 01       	movw	r18, r2
    70e8:	2f 5f       	subi	r18, 0xFF	; 255
    70ea:	3f 4f       	sbci	r19, 0xFF	; 255
    70ec:	3c a3       	std	Y+36, r19	; 0x24
    70ee:	2b a3       	std	Y+35, r18	; 0x23
    70f0:	4d a1       	ldd	r20, Y+37	; 0x25
    70f2:	5e a1       	ldd	r21, Y+38	; 0x26
    70f4:	41 50       	subi	r20, 0x01	; 1
    70f6:	51 09       	sbc	r21, r1
    70f8:	58 a7       	std	Y+40, r21	; 0x28
    70fa:	4f a3       	std	Y+39, r20	; 0x27
    70fc:	69 85       	ldd	r22, Y+9	; 0x09
    70fe:	7a 85       	ldd	r23, Y+10	; 0x0a
    7100:	6f 5f       	subi	r22, 0xFF	; 255
    7102:	7f 4f       	sbci	r23, 0xFF	; 255
    7104:	7a a7       	std	Y+42, r23	; 0x2a
    7106:	69 a7       	std	Y+41, r22	; 0x29
    7108:	89 85       	ldd	r24, Y+9	; 0x09
    710a:	9a 85       	ldd	r25, Y+10	; 0x0a
    710c:	ef 85       	ldd	r30, Y+15	; 0x0f
    710e:	f8 89       	ldd	r31, Y+16	; 0x10
    7110:	8e 0f       	add	r24, r30
    7112:	9f 1f       	adc	r25, r31
    7114:	98 ab       	std	Y+48, r25	; 0x30
    7116:	8f a7       	std	Y+47, r24	; 0x2f
    7118:	2b a9       	ldd	r18, Y+51	; 0x33
    711a:	3c a9       	ldd	r19, Y+52	; 0x34
    711c:	e2 0f       	add	r30, r18
    711e:	f3 1f       	adc	r31, r19
    7120:	fa ab       	std	Y+50, r31	; 0x32
    7122:	e9 ab       	std	Y+49, r30	; 0x31
    7124:	78 2c       	mov	r7, r8
    7126:	89 2c       	mov	r8, r9
    7128:	c9 82       	std	Y+1, r12	; 0x01
    712a:	3c 86       	std	Y+12, r3	; 0x0c
    712c:	2b 86       	std	Y+11, r2	; 0x0b
    712e:	36 2c       	mov	r3, r6
    7130:	6d 2c       	mov	r6, r13
    7132:	81 2f       	mov	r24, r17
    7134:	90 e0       	ldi	r25, 0x00	; 0
    7136:	27 2d       	mov	r18, r7
    7138:	30 e0       	ldi	r19, 0x00	; 0
    713a:	16 c0       	rjmp	.+44     	; 0x7168 <Lcd_BorderRoundRect+0x23a>
    713c:	31 10       	cpse	r3, r1
    713e:	1a c0       	rjmp	.+52     	; 0x7174 <Lcd_BorderRoundRect+0x246>
    7140:	57 fc       	sbrc	r5, 7
    7142:	08 c0       	rjmp	.+16     	; 0x7154 <Lcd_BorderRoundRect+0x226>
    7144:	7a 94       	dec	r7
    7146:	27 2d       	mov	r18, r7
    7148:	30 e0       	ldi	r19, 0x00	; 0
    714a:	c9 01       	movw	r24, r18
    714c:	88 0f       	add	r24, r24
    714e:	99 1f       	adc	r25, r25
    7150:	48 1a       	sub	r4, r24
    7152:	59 0a       	sbc	r5, r25
    7154:	1f 5f       	subi	r17, 0xFF	; 255
    7156:	81 2f       	mov	r24, r17
    7158:	90 e0       	ldi	r25, 0x00	; 0
    715a:	ac 01       	movw	r20, r24
    715c:	44 0f       	add	r20, r20
    715e:	55 1f       	adc	r21, r21
    7160:	44 0e       	add	r4, r20
    7162:	55 1e       	adc	r5, r21
    7164:	57 fe       	sbrs	r5, 7
    7166:	9e c0       	rjmp	.+316    	; 0x72a4 <Lcd_BorderRoundRect+0x376>
    7168:	a9 01       	movw	r20, r18
    716a:	41 50       	subi	r20, 0x01	; 1
    716c:	51 09       	sbc	r21, r1
    716e:	84 17       	cp	r24, r20
    7170:	95 07       	cpc	r25, r21
    7172:	24 f3       	brlt	.-56     	; 0x713c <Lcd_BorderRoundRect+0x20e>
    7174:	11 11       	cpse	r17, r1
    7176:	a8 c0       	rjmp	.+336    	; 0x72c8 <Lcd_BorderRoundRect+0x39a>
    7178:	33 24       	eor	r3, r3
    717a:	33 94       	inc	r3
    717c:	8f 2d       	mov	r24, r15
    717e:	90 e0       	ldi	r25, 0x00	; 0
    7180:	26 2d       	mov	r18, r6
    7182:	30 e0       	ldi	r19, 0x00	; 0
    7184:	18 c0       	rjmp	.+48     	; 0x71b6 <Lcd_BorderRoundRect+0x288>
    7186:	81 10       	cpse	r8, r1
    7188:	84 c0       	rjmp	.+264    	; 0x7292 <Lcd_BorderRoundRect+0x364>
    718a:	91 10       	cpse	r9, r1
    718c:	82 c0       	rjmp	.+260    	; 0x7292 <Lcd_BorderRoundRect+0x364>
    718e:	b7 fc       	sbrc	r11, 7
    7190:	08 c0       	rjmp	.+16     	; 0x71a2 <Lcd_BorderRoundRect+0x274>
    7192:	6a 94       	dec	r6
    7194:	26 2d       	mov	r18, r6
    7196:	30 e0       	ldi	r19, 0x00	; 0
    7198:	c9 01       	movw	r24, r18
    719a:	88 0f       	add	r24, r24
    719c:	99 1f       	adc	r25, r25
    719e:	a8 1a       	sub	r10, r24
    71a0:	b9 0a       	sbc	r11, r25
    71a2:	f3 94       	inc	r15
    71a4:	8f 2d       	mov	r24, r15
    71a6:	90 e0       	ldi	r25, 0x00	; 0
    71a8:	ac 01       	movw	r20, r24
    71aa:	44 0f       	add	r20, r20
    71ac:	55 1f       	adc	r21, r21
    71ae:	a4 0e       	add	r10, r20
    71b0:	b5 1e       	adc	r11, r21
    71b2:	b7 fe       	sbrs	r11, 7
    71b4:	a8 c0       	rjmp	.+336    	; 0x7306 <Lcd_BorderRoundRect+0x3d8>
    71b6:	a9 01       	movw	r20, r18
    71b8:	41 50       	subi	r20, 0x01	; 1
    71ba:	51 09       	sbc	r21, r1
    71bc:	84 17       	cp	r24, r20
    71be:	95 07       	cpc	r25, r21
    71c0:	14 f3       	brlt	.-60     	; 0x7186 <Lcd_BorderRoundRect+0x258>
    71c2:	f1 10       	cpse	r15, r1
    71c4:	d6 c0       	rjmp	.+428    	; 0x7372 <Lcd_BorderRoundRect+0x444>
    71c6:	88 24       	eor	r8, r8
    71c8:	83 94       	inc	r8
    71ca:	99 81       	ldd	r25, Y+1	; 0x01
    71cc:	c9 2e       	mov	r12, r25
    71ce:	d1 2c       	mov	r13, r1
    71d0:	ef 81       	ldd	r30, Y+7	; 0x07
    71d2:	f8 85       	ldd	r31, Y+8	; 0x08
    71d4:	ec 15       	cp	r30, r12
    71d6:	fd 05       	cpc	r31, r13
    71d8:	30 f5       	brcc	.+76     	; 0x7226 <Lcd_BorderRoundRect+0x2f8>
    71da:	fa 81       	ldd	r31, Y+2	; 0x02
    71dc:	f2 30       	cpi	r31, 0x02	; 2
    71de:	08 f4       	brcc	.+2      	; 0x71e2 <Lcd_BorderRoundRect+0x2b4>
    71e0:	d4 c0       	rjmp	.+424    	; 0x738a <Lcd_BorderRoundRect+0x45c>
    71e2:	f9 81       	ldd	r31, Y+1	; 0x01
    71e4:	f1 50       	subi	r31, 0x01	; 1
    71e6:	f9 83       	std	Y+1, r31	; 0x01
    71e8:	f1 11       	cpse	r31, r1
    71ea:	a3 cf       	rjmp	.-186    	; 0x7132 <Lcd_BorderRoundRect+0x204>
    71ec:	2b 84       	ldd	r2, Y+11	; 0x0b
    71ee:	3c 84       	ldd	r3, Y+12	; 0x0c
    71f0:	9a 81       	ldd	r25, Y+2	; 0x02
    71f2:	92 30       	cpi	r25, 0x02	; 2
    71f4:	08 f4       	brcc	.+2      	; 0x71f8 <Lcd_BorderRoundRect+0x2ca>
    71f6:	65 c1       	rjmp	.+714    	; 0x74c2 <Lcd_BorderRoundRect+0x594>
    71f8:	2a 81       	ldd	r18, Y+2	; 0x02
    71fa:	22 30       	cpi	r18, 0x02	; 2
    71fc:	09 f4       	brne	.+2      	; 0x7200 <Lcd_BorderRoundRect+0x2d2>
    71fe:	45 c1       	rjmp	.+650    	; 0x748a <Lcd_BorderRoundRect+0x55c>
    7200:	94 9a       	sbi	0x12, 4	; 18
    7202:	80 e0       	ldi	r24, 0x00	; 0
    7204:	e4 ce       	rjmp	.-568    	; 0x6fce <Lcd_BorderRoundRect+0xa0>
    7206:	81 e0       	ldi	r24, 0x01	; 1
    7208:	e2 ce       	rjmp	.-572    	; 0x6fce <Lcd_BorderRoundRect+0xa0>
    720a:	f2 e0       	ldi	r31, 0x02	; 2
    720c:	cf 2e       	mov	r12, r31
    720e:	d1 2c       	mov	r13, r1
    7210:	b9 ce       	rjmp	.-654    	; 0x6f84 <Lcd_BorderRoundRect+0x56>
    7212:	c9 01       	movw	r24, r18
    7214:	96 95       	lsr	r25
    7216:	87 95       	ror	r24
    7218:	fa 86       	std	Y+10, r15	; 0x0a
    721a:	e9 86       	std	Y+9, r14	; 0x09
    721c:	8e 15       	cp	r24, r14
    721e:	9f 05       	cpc	r25, r15
    7220:	08 f0       	brcs	.+2      	; 0x7224 <Lcd_BorderRoundRect+0x2f6>
    7222:	04 cf       	rjmp	.-504    	; 0x702c <Lcd_BorderRoundRect+0xfe>
    7224:	01 cf       	rjmp	.-510    	; 0x7028 <Lcd_BorderRoundRect+0xfa>
    7226:	9a 81       	ldd	r25, Y+2	; 0x02
    7228:	92 30       	cpi	r25, 0x02	; 2
    722a:	08 f4       	brcc	.+2      	; 0x722e <Lcd_BorderRoundRect+0x300>
    722c:	d6 c0       	rjmp	.+428    	; 0x73da <Lcd_BorderRoundRect+0x4ac>
    722e:	92 30       	cpi	r25, 0x02	; 2
    7230:	11 f0       	breq	.+4      	; 0x7236 <Lcd_BorderRoundRect+0x308>
    7232:	91 2c       	mov	r9, r1
    7234:	d6 cf       	rjmp	.-84     	; 0x71e2 <Lcd_BorderRoundRect+0x2b4>
    7236:	4f a5       	ldd	r20, Y+47	; 0x2f
    7238:	58 a9       	ldd	r21, Y+48	; 0x30
    723a:	4c 19       	sub	r20, r12
    723c:	5d 09       	sbc	r21, r13
    723e:	5a 8b       	std	Y+18, r21	; 0x12
    7240:	49 8b       	std	Y+17, r20	; 0x11
    7242:	69 a9       	ldd	r22, Y+49	; 0x31
    7244:	7a a9       	ldd	r23, Y+50	; 0x32
    7246:	c6 0e       	add	r12, r22
    7248:	d7 1e       	adc	r13, r23
    724a:	ec 8c       	ldd	r14, Y+28	; 0x1c
    724c:	0b 8d       	ldd	r16, Y+27	; 0x1b
    724e:	29 89       	ldd	r18, Y+17	; 0x11
    7250:	3a 89       	ldd	r19, Y+18	; 0x12
    7252:	8f a1       	ldd	r24, Y+39	; 0x27
    7254:	98 a5       	ldd	r25, Y+40	; 0x28
    7256:	ed 89       	ldd	r30, Y+21	; 0x15
    7258:	fe 89       	ldd	r31, Y+22	; 0x16
    725a:	8e 0f       	add	r24, r30
    725c:	9f 1f       	adc	r25, r31
    725e:	9c 83       	std	Y+4, r25	; 0x04
    7260:	8b 83       	std	Y+3, r24	; 0x03
    7262:	ac 01       	movw	r20, r24
    7264:	b9 01       	movw	r22, r18
    7266:	89 a5       	ldd	r24, Y+41	; 0x29
    7268:	9a a5       	ldd	r25, Y+42	; 0x2a
    726a:	eb 89       	ldd	r30, Y+19	; 0x13
    726c:	fc 89       	ldd	r31, Y+20	; 0x14
    726e:	8e 0f       	add	r24, r30
    7270:	9f 1f       	adc	r25, r31
    7272:	9e 83       	std	Y+6, r25	; 0x06
    7274:	8d 83       	std	Y+5, r24	; 0x05
    7276:	0e 94 d2 24 	call	0x49a4	; 0x49a4 <LCD_Fast_Fill_Rect_Color>
    727a:	ec 8c       	ldd	r14, Y+28	; 0x1c
    727c:	0b 8d       	ldd	r16, Y+27	; 0x1b
    727e:	96 01       	movw	r18, r12
    7280:	4b 81       	ldd	r20, Y+3	; 0x03
    7282:	5c 81       	ldd	r21, Y+4	; 0x04
    7284:	b6 01       	movw	r22, r12
    7286:	8d 81       	ldd	r24, Y+5	; 0x05
    7288:	9e 81       	ldd	r25, Y+6	; 0x06
    728a:	0e 94 d2 24 	call	0x49a4	; 0x49a4 <LCD_Fast_Fill_Rect_Color>
    728e:	91 2c       	mov	r9, r1
    7290:	a8 cf       	rjmp	.-176    	; 0x71e2 <Lcd_BorderRoundRect+0x2b4>
    7292:	ff 20       	and	r15, r15
    7294:	09 f4       	brne	.+2      	; 0x7298 <Lcd_BorderRoundRect+0x36a>
    7296:	99 cf       	rjmp	.-206    	; 0x71ca <Lcd_BorderRoundRect+0x29c>
    7298:	f1 e0       	ldi	r31, 0x01	; 1
    729a:	8f 16       	cp	r8, r31
    729c:	09 f4       	brne	.+2      	; 0x72a0 <Lcd_BorderRoundRect+0x372>
    729e:	69 c0       	rjmp	.+210    	; 0x7372 <Lcd_BorderRoundRect+0x444>
    72a0:	81 2c       	mov	r8, r1
    72a2:	93 cf       	rjmp	.-218    	; 0x71ca <Lcd_BorderRoundRect+0x29c>
    72a4:	4b 85       	ldd	r20, Y+11	; 0x0b
    72a6:	5c 85       	ldd	r21, Y+12	; 0x0c
    72a8:	48 1b       	sub	r20, r24
    72aa:	59 0b       	sbc	r21, r25
    72ac:	58 8f       	std	Y+24, r21	; 0x18
    72ae:	4f 8b       	std	Y+23, r20	; 0x17
    72b0:	6b 85       	ldd	r22, Y+11	; 0x0b
    72b2:	7c 85       	ldd	r23, Y+12	; 0x0c
    72b4:	68 0f       	add	r22, r24
    72b6:	79 1f       	adc	r23, r25
    72b8:	7a 8f       	std	Y+26, r23	; 0x1a
    72ba:	69 8f       	std	Y+25, r22	; 0x19
    72bc:	17 15       	cp	r17, r7
    72be:	08 f4       	brcc	.+2      	; 0x72c2 <Lcd_BorderRoundRect+0x394>
    72c0:	5d cf       	rjmp	.-326    	; 0x717c <Lcd_BorderRoundRect+0x24e>
    72c2:	11 23       	and	r17, r17
    72c4:	09 f4       	brne	.+2      	; 0x72c8 <Lcd_BorderRoundRect+0x39a>
    72c6:	58 cf       	rjmp	.-336    	; 0x7178 <Lcd_BorderRoundRect+0x24a>
    72c8:	eb 85       	ldd	r30, Y+11	; 0x0b
    72ca:	fc 85       	ldd	r31, Y+12	; 0x0c
    72cc:	e2 1b       	sub	r30, r18
    72ce:	f3 0b       	sbc	r31, r19
    72d0:	f8 8f       	std	Y+24, r31	; 0x18
    72d2:	ef 8b       	std	Y+23, r30	; 0x17
    72d4:	4b 85       	ldd	r20, Y+11	; 0x0b
    72d6:	5c 85       	ldd	r21, Y+12	; 0x0c
    72d8:	42 0f       	add	r20, r18
    72da:	53 1f       	adc	r21, r19
    72dc:	5a 8f       	std	Y+26, r21	; 0x1a
    72de:	49 8f       	std	Y+25, r20	; 0x19
    72e0:	22 0f       	add	r18, r18
    72e2:	33 1f       	adc	r19, r19
    72e4:	24 0d       	add	r18, r4
    72e6:	35 1d       	adc	r19, r5
    72e8:	88 0f       	add	r24, r24
    72ea:	99 1f       	adc	r25, r25
    72ec:	28 1b       	sub	r18, r24
    72ee:	39 0b       	sbc	r19, r25
    72f0:	a9 01       	movw	r20, r18
    72f2:	4f 5f       	subi	r20, 0xFF	; 255
    72f4:	5f 4f       	sbci	r21, 0xFF	; 255
    72f6:	48 17       	cp	r20, r24
    72f8:	59 07       	cpc	r21, r25
    72fa:	0c f0       	brlt	.+2      	; 0x72fe <Lcd_BorderRoundRect+0x3d0>
    72fc:	42 c0       	rjmp	.+132    	; 0x7382 <Lcd_BorderRoundRect+0x454>
    72fe:	73 94       	inc	r7
    7300:	29 01       	movw	r4, r18
    7302:	11 50       	subi	r17, 0x01	; 1
    7304:	39 cf       	rjmp	.-398    	; 0x7178 <Lcd_BorderRoundRect+0x24a>
    7306:	69 a1       	ldd	r22, Y+33	; 0x21
    7308:	7a a1       	ldd	r23, Y+34	; 0x22
    730a:	68 1b       	sub	r22, r24
    730c:	79 0b       	sbc	r23, r25
    730e:	7c 8b       	std	Y+20, r23	; 0x14
    7310:	6b 8b       	std	Y+19, r22	; 0x13
    7312:	eb a1       	ldd	r30, Y+35	; 0x23
    7314:	fc a1       	ldd	r31, Y+36	; 0x24
    7316:	e8 0f       	add	r30, r24
    7318:	f9 1f       	adc	r31, r25
    731a:	fe 8b       	std	Y+22, r31	; 0x16
    731c:	ed 8b       	std	Y+21, r30	; 0x15
    731e:	f6 14       	cp	r15, r6
    7320:	18 f4       	brcc	.+6      	; 0x7328 <Lcd_BorderRoundRect+0x3fa>
    7322:	99 24       	eor	r9, r9
    7324:	93 94       	inc	r9
    7326:	51 cf       	rjmp	.-350    	; 0x71ca <Lcd_BorderRoundRect+0x29c>
    7328:	ff 20       	and	r15, r15
    732a:	09 f4       	brne	.+2      	; 0x732e <Lcd_BorderRoundRect+0x400>
    732c:	4c cf       	rjmp	.-360    	; 0x71c6 <Lcd_BorderRoundRect+0x298>
    732e:	69 a1       	ldd	r22, Y+33	; 0x21
    7330:	7a a1       	ldd	r23, Y+34	; 0x22
    7332:	62 1b       	sub	r22, r18
    7334:	73 0b       	sbc	r23, r19
    7336:	7c 8b       	std	Y+20, r23	; 0x14
    7338:	6b 8b       	std	Y+19, r22	; 0x13
    733a:	8b a1       	ldd	r24, Y+35	; 0x23
    733c:	9c a1       	ldd	r25, Y+36	; 0x24
    733e:	82 0f       	add	r24, r18
    7340:	93 1f       	adc	r25, r19
    7342:	9e 8b       	std	Y+22, r25	; 0x16
    7344:	8d 8b       	std	Y+21, r24	; 0x15
    7346:	c9 01       	movw	r24, r18
    7348:	88 0f       	add	r24, r24
    734a:	99 1f       	adc	r25, r25
    734c:	8a 0d       	add	r24, r10
    734e:	9b 1d       	adc	r25, r11
    7350:	84 1b       	sub	r24, r20
    7352:	95 0b       	sbc	r25, r21
    7354:	9c 01       	movw	r18, r24
    7356:	2f 5f       	subi	r18, 0xFF	; 255
    7358:	3f 4f       	sbci	r19, 0xFF	; 255
    735a:	24 17       	cp	r18, r20
    735c:	35 07       	cpc	r19, r21
    735e:	0c f0       	brlt	.+2      	; 0x7362 <Lcd_BorderRoundRect+0x434>
    7360:	91 c0       	rjmp	.+290    	; 0x7484 <Lcd_BorderRoundRect+0x556>
    7362:	63 94       	inc	r6
    7364:	5c 01       	movw	r10, r24
    7366:	fa 94       	dec	r15
    7368:	99 24       	eor	r9, r9
    736a:	93 94       	inc	r9
    736c:	88 24       	eor	r8, r8
    736e:	83 94       	inc	r8
    7370:	2c cf       	rjmp	.-424    	; 0x71ca <Lcd_BorderRoundRect+0x29c>
    7372:	99 20       	and	r9, r9
    7374:	09 f4       	brne	.+2      	; 0x7378 <Lcd_BorderRoundRect+0x44a>
    7376:	82 c0       	rjmp	.+260    	; 0x747c <Lcd_BorderRoundRect+0x54e>
    7378:	99 24       	eor	r9, r9
    737a:	93 94       	inc	r9
    737c:	88 24       	eor	r8, r8
    737e:	83 94       	inc	r8
    7380:	24 cf       	rjmp	.-440    	; 0x71ca <Lcd_BorderRoundRect+0x29c>
    7382:	48 1a       	sub	r4, r24
    7384:	59 0a       	sbc	r5, r25
    7386:	11 50       	subi	r17, 0x01	; 1
    7388:	f7 ce       	rjmp	.-530    	; 0x7178 <Lcd_BorderRoundRect+0x24a>
    738a:	6f a5       	ldd	r22, Y+47	; 0x2f
    738c:	78 a9       	ldd	r23, Y+48	; 0x30
    738e:	6c 19       	sub	r22, r12
    7390:	7d 09       	sbc	r23, r13
    7392:	ee 8c       	ldd	r14, Y+30	; 0x1e
    7394:	0d 8d       	ldd	r16, Y+29	; 0x1d
    7396:	9b 01       	movw	r18, r22
    7398:	4d a1       	ldd	r20, Y+37	; 0x25
    739a:	5e a1       	ldd	r21, Y+38	; 0x26
    739c:	89 8d       	ldd	r24, Y+25	; 0x19
    739e:	9a 8d       	ldd	r25, Y+26	; 0x1a
    73a0:	48 0f       	add	r20, r24
    73a2:	59 1f       	adc	r21, r25
    73a4:	5c 83       	std	Y+4, r21	; 0x04
    73a6:	4b 83       	std	Y+3, r20	; 0x03
    73a8:	e9 85       	ldd	r30, Y+9	; 0x09
    73aa:	fa 85       	ldd	r31, Y+10	; 0x0a
    73ac:	8f 89       	ldd	r24, Y+23	; 0x17
    73ae:	98 8d       	ldd	r25, Y+24	; 0x18
    73b0:	e8 0f       	add	r30, r24
    73b2:	f9 1f       	adc	r31, r25
    73b4:	fe 83       	std	Y+6, r31	; 0x06
    73b6:	ed 83       	std	Y+5, r30	; 0x05
    73b8:	cf 01       	movw	r24, r30
    73ba:	0e 94 d2 24 	call	0x49a4	; 0x49a4 <LCD_Fast_Fill_Rect_Color>
    73be:	69 a9       	ldd	r22, Y+49	; 0x31
    73c0:	7a a9       	ldd	r23, Y+50	; 0x32
    73c2:	6c 0d       	add	r22, r12
    73c4:	7d 1d       	adc	r23, r13
    73c6:	ee 8c       	ldd	r14, Y+30	; 0x1e
    73c8:	0d 8d       	ldd	r16, Y+29	; 0x1d
    73ca:	9b 01       	movw	r18, r22
    73cc:	4b 81       	ldd	r20, Y+3	; 0x03
    73ce:	5c 81       	ldd	r21, Y+4	; 0x04
    73d0:	8d 81       	ldd	r24, Y+5	; 0x05
    73d2:	9e 81       	ldd	r25, Y+6	; 0x06
    73d4:	0e 94 d2 24 	call	0x49a4	; 0x49a4 <LCD_Fast_Fill_Rect_Color>
    73d8:	04 cf       	rjmp	.-504    	; 0x71e2 <Lcd_BorderRoundRect+0x2b4>
    73da:	ef a5       	ldd	r30, Y+47	; 0x2f
    73dc:	f8 a9       	ldd	r31, Y+48	; 0x30
    73de:	ec 19       	sub	r30, r12
    73e0:	fd 09       	sbc	r31, r13
    73e2:	fa 8b       	std	Y+18, r31	; 0x12
    73e4:	e9 8b       	std	Y+17, r30	; 0x11
    73e6:	ee 8c       	ldd	r14, Y+30	; 0x1e
    73e8:	0d 8d       	ldd	r16, Y+29	; 0x1d
    73ea:	9f 01       	movw	r18, r30
    73ec:	49 85       	ldd	r20, Y+9	; 0x09
    73ee:	5a 85       	ldd	r21, Y+10	; 0x0a
    73f0:	6b 89       	ldd	r22, Y+19	; 0x13
    73f2:	7c 89       	ldd	r23, Y+20	; 0x14
    73f4:	46 0f       	add	r20, r22
    73f6:	57 1f       	adc	r21, r23
    73f8:	5c 83       	std	Y+4, r21	; 0x04
    73fa:	4b 83       	std	Y+3, r20	; 0x03
    73fc:	bf 01       	movw	r22, r30
    73fe:	89 85       	ldd	r24, Y+9	; 0x09
    7400:	9a 85       	ldd	r25, Y+10	; 0x0a
    7402:	ef 89       	ldd	r30, Y+23	; 0x17
    7404:	f8 8d       	ldd	r31, Y+24	; 0x18
    7406:	8e 0f       	add	r24, r30
    7408:	9f 1f       	adc	r25, r31
    740a:	9e 83       	std	Y+6, r25	; 0x06
    740c:	8d 83       	std	Y+5, r24	; 0x05
    740e:	0e 94 15 24 	call	0x482a	; 0x482a <LCD_Fast_Short_Fill_Rect_Color>
    7412:	ee 8c       	ldd	r14, Y+30	; 0x1e
    7414:	0d 8d       	ldd	r16, Y+29	; 0x1d
    7416:	29 89       	ldd	r18, Y+17	; 0x11
    7418:	3a 89       	ldd	r19, Y+18	; 0x12
    741a:	4d a1       	ldd	r20, Y+37	; 0x25
    741c:	5e a1       	ldd	r21, Y+38	; 0x26
    741e:	69 8d       	ldd	r22, Y+25	; 0x19
    7420:	7a 8d       	ldd	r23, Y+26	; 0x1a
    7422:	46 0f       	add	r20, r22
    7424:	57 1f       	adc	r21, r23
    7426:	5c a7       	std	Y+44, r21	; 0x2c
    7428:	4b a7       	std	Y+43, r20	; 0x2b
    742a:	b9 01       	movw	r22, r18
    742c:	8d 89       	ldd	r24, Y+21	; 0x15
    742e:	9e 89       	ldd	r25, Y+22	; 0x16
    7430:	ed a1       	ldd	r30, Y+37	; 0x25
    7432:	fe a1       	ldd	r31, Y+38	; 0x26
    7434:	8e 0f       	add	r24, r30
    7436:	9f 1f       	adc	r25, r31
    7438:	9e a7       	std	Y+46, r25	; 0x2e
    743a:	8d a7       	std	Y+45, r24	; 0x2d
    743c:	0e 94 15 24 	call	0x482a	; 0x482a <LCD_Fast_Short_Fill_Rect_Color>
    7440:	29 a9       	ldd	r18, Y+49	; 0x31
    7442:	3a a9       	ldd	r19, Y+50	; 0x32
    7444:	c2 0e       	add	r12, r18
    7446:	d3 1e       	adc	r13, r19
    7448:	ee 8c       	ldd	r14, Y+30	; 0x1e
    744a:	0d 8d       	ldd	r16, Y+29	; 0x1d
    744c:	96 01       	movw	r18, r12
    744e:	4b 81       	ldd	r20, Y+3	; 0x03
    7450:	5c 81       	ldd	r21, Y+4	; 0x04
    7452:	b6 01       	movw	r22, r12
    7454:	8d 81       	ldd	r24, Y+5	; 0x05
    7456:	9e 81       	ldd	r25, Y+6	; 0x06
    7458:	0e 94 15 24 	call	0x482a	; 0x482a <LCD_Fast_Short_Fill_Rect_Color>
    745c:	ee 8c       	ldd	r14, Y+30	; 0x1e
    745e:	0d 8d       	ldd	r16, Y+29	; 0x1d
    7460:	96 01       	movw	r18, r12
    7462:	4b a5       	ldd	r20, Y+43	; 0x2b
    7464:	5c a5       	ldd	r21, Y+44	; 0x2c
    7466:	b6 01       	movw	r22, r12
    7468:	8d a5       	ldd	r24, Y+45	; 0x2d
    746a:	9e a5       	ldd	r25, Y+46	; 0x2e
    746c:	0e 94 15 24 	call	0x482a	; 0x482a <LCD_Fast_Short_Fill_Rect_Color>
    7470:	3a 81       	ldd	r19, Y+2	; 0x02
    7472:	33 23       	and	r19, r19
    7474:	09 f4       	brne	.+2      	; 0x7478 <Lcd_BorderRoundRect+0x54a>
    7476:	e9 ce       	rjmp	.-558    	; 0x724a <Lcd_BorderRoundRect+0x31c>
    7478:	91 2c       	mov	r9, r1
    747a:	b3 ce       	rjmp	.-666    	; 0x71e2 <Lcd_BorderRoundRect+0x2b4>
    747c:	ac 01       	movw	r20, r24
    747e:	44 0f       	add	r20, r20
    7480:	55 1f       	adc	r21, r21
    7482:	55 cf       	rjmp	.-342    	; 0x732e <Lcd_BorderRoundRect+0x400>
    7484:	a4 1a       	sub	r10, r20
    7486:	b5 0a       	sbc	r11, r21
    7488:	6e cf       	rjmp	.-292    	; 0x7366 <Lcd_BorderRoundRect+0x438>
    748a:	a9 84       	ldd	r10, Y+9	; 0x09
    748c:	ba 84       	ldd	r11, Y+10	; 0x0a
    748e:	2f 85       	ldd	r18, Y+15	; 0x0f
    7490:	38 89       	ldd	r19, Y+16	; 0x10
    7492:	a2 0e       	add	r10, r18
    7494:	b3 1e       	adc	r11, r19
    7496:	69 01       	movw	r12, r18
    7498:	4b a9       	ldd	r20, Y+51	; 0x33
    749a:	5c a9       	ldd	r21, Y+52	; 0x34
    749c:	c4 0e       	add	r12, r20
    749e:	d5 1e       	adc	r13, r21
    74a0:	4d 85       	ldd	r20, Y+13	; 0x0d
    74a2:	5e 85       	ldd	r21, Y+14	; 0x0e
    74a4:	6f 8d       	ldd	r22, Y+31	; 0x1f
    74a6:	78 a1       	ldd	r23, Y+32	; 0x20
    74a8:	46 1b       	sub	r20, r22
    74aa:	57 0b       	sbc	r21, r23
    74ac:	ec 8c       	ldd	r14, Y+28	; 0x1c
    74ae:	0b 8d       	ldd	r16, Y+27	; 0x1b
    74b0:	96 01       	movw	r18, r12
    74b2:	b5 01       	movw	r22, r10
    74b4:	8f 8d       	ldd	r24, Y+31	; 0x1f
    74b6:	98 a1       	ldd	r25, Y+32	; 0x20
    74b8:	82 0d       	add	r24, r2
    74ba:	93 1d       	adc	r25, r3
    74bc:	0e 94 d2 24 	call	0x49a4	; 0x49a4 <LCD_Fast_Fill_Rect_Color>
    74c0:	9f ce       	rjmp	.-706    	; 0x7200 <Lcd_BorderRoundRect+0x2d2>
    74c2:	cf 84       	ldd	r12, Y+15	; 0x0f
    74c4:	d8 88       	ldd	r13, Y+16	; 0x10
    74c6:	4b a9       	ldd	r20, Y+51	; 0x33
    74c8:	5c a9       	ldd	r21, Y+52	; 0x34
    74ca:	c4 0e       	add	r12, r20
    74cc:	d5 1e       	adc	r13, r21
    74ce:	a9 84       	ldd	r10, Y+9	; 0x09
    74d0:	ba 84       	ldd	r11, Y+10	; 0x0a
    74d2:	6f 85       	ldd	r22, Y+15	; 0x0f
    74d4:	78 89       	ldd	r23, Y+16	; 0x10
    74d6:	a6 0e       	add	r10, r22
    74d8:	b7 1e       	adc	r11, r23
    74da:	a1 01       	movw	r20, r2
    74dc:	41 50       	subi	r20, 0x01	; 1
    74de:	51 09       	sbc	r21, r1
    74e0:	8f 8d       	ldd	r24, Y+31	; 0x1f
    74e2:	98 a1       	ldd	r25, Y+32	; 0x20
    74e4:	48 0f       	add	r20, r24
    74e6:	59 1f       	adc	r21, r25
    74e8:	ee 8c       	ldd	r14, Y+30	; 0x1e
    74ea:	0d 8d       	ldd	r16, Y+29	; 0x1d
    74ec:	96 01       	movw	r18, r12
    74ee:	b5 01       	movw	r22, r10
    74f0:	c1 01       	movw	r24, r2
    74f2:	0e 94 d2 24 	call	0x49a4	; 0x49a4 <LCD_Fast_Fill_Rect_Color>
    74f6:	ee 8c       	ldd	r14, Y+30	; 0x1e
    74f8:	0d 8d       	ldd	r16, Y+29	; 0x1d
    74fa:	96 01       	movw	r18, r12
    74fc:	4d 85       	ldd	r20, Y+13	; 0x0d
    74fe:	5e 85       	ldd	r21, Y+14	; 0x0e
    7500:	b5 01       	movw	r22, r10
    7502:	ca 01       	movw	r24, r20
    7504:	01 96       	adiw	r24, 0x01	; 1
    7506:	ef 8d       	ldd	r30, Y+31	; 0x1f
    7508:	f8 a1       	ldd	r31, Y+32	; 0x20
    750a:	8e 1b       	sub	r24, r30
    750c:	9f 0b       	sbc	r25, r31
    750e:	0e 94 d2 24 	call	0x49a4	; 0x49a4 <LCD_Fast_Fill_Rect_Color>
    7512:	fa 81       	ldd	r31, Y+2	; 0x02
    7514:	ff 23       	and	r31, r31
    7516:	21 f2       	breq	.-120    	; 0x74a0 <Lcd_BorderRoundRect+0x572>
    7518:	73 ce       	rjmp	.-794    	; 0x7200 <Lcd_BorderRoundRect+0x2d2>

0000751a <Lcd_FillEquilateralTriangle>:
    751a:	4f 92       	push	r4
    751c:	5f 92       	push	r5
    751e:	6f 92       	push	r6
    7520:	7f 92       	push	r7
    7522:	8f 92       	push	r8
    7524:	9f 92       	push	r9
    7526:	af 92       	push	r10
    7528:	bf 92       	push	r11
    752a:	cf 92       	push	r12
    752c:	df 92       	push	r13
    752e:	ef 92       	push	r14
    7530:	ff 92       	push	r15
    7532:	0f 93       	push	r16
    7534:	1f 93       	push	r17
    7536:	cf 93       	push	r28
    7538:	df 93       	push	r29
    753a:	ec 01       	movw	r28, r24
    753c:	5b 01       	movw	r10, r22
    753e:	7a 01       	movw	r14, r20
    7540:	12 2f       	mov	r17, r18
    7542:	43 30       	cpi	r20, 0x03	; 3
    7544:	51 05       	cpc	r21, r1
    7546:	1c f4       	brge	.+6      	; 0x754e <Lcd_FillEquilateralTriangle+0x34>
    7548:	23 e0       	ldi	r18, 0x03	; 3
    754a:	e2 2e       	mov	r14, r18
    754c:	f1 2c       	mov	r15, r1
    754e:	67 01       	movw	r12, r14
    7550:	cc 0e       	add	r12, r28
    7552:	dd 1e       	adc	r13, r29
    7554:	c6 01       	movw	r24, r12
    7556:	01 97       	sbiw	r24, 0x01	; 1
    7558:	20 91 09 01 	lds	r18, 0x0109	; 0x800109 <KVB+0x2>
    755c:	30 91 0a 01 	lds	r19, 0x010A	; 0x80010a <KVB+0x3>
    7560:	28 17       	cp	r18, r24
    7562:	39 07       	cpc	r19, r25
    7564:	88 f0       	brcs	.+34     	; 0x7588 <Lcd_FillEquilateralTriangle+0x6e>
    7566:	ce 15       	cp	r28, r14
    7568:	df 05       	cpc	r29, r15
    756a:	74 f0       	brlt	.+28     	; 0x7588 <Lcd_FillEquilateralTriangle+0x6e>
    756c:	47 01       	movw	r8, r14
    756e:	8a 0c       	add	r8, r10
    7570:	9b 1c       	adc	r9, r11
    7572:	c4 01       	movw	r24, r8
    7574:	01 97       	sbiw	r24, 0x01	; 1
    7576:	20 91 0b 01 	lds	r18, 0x010B	; 0x80010b <KVB+0x4>
    757a:	30 91 0c 01 	lds	r19, 0x010C	; 0x80010c <KVB+0x5>
    757e:	28 17       	cp	r18, r24
    7580:	39 07       	cpc	r19, r25
    7582:	a0 f4       	brcc	.+40     	; 0x75ac <Lcd_FillEquilateralTriangle+0x92>
    7584:	82 e0       	ldi	r24, 0x02	; 2
    7586:	01 c0       	rjmp	.+2      	; 0x758a <Lcd_FillEquilateralTriangle+0x70>
    7588:	81 e0       	ldi	r24, 0x01	; 1
    758a:	df 91       	pop	r29
    758c:	cf 91       	pop	r28
    758e:	1f 91       	pop	r17
    7590:	0f 91       	pop	r16
    7592:	ff 90       	pop	r15
    7594:	ef 90       	pop	r14
    7596:	df 90       	pop	r13
    7598:	cf 90       	pop	r12
    759a:	bf 90       	pop	r11
    759c:	af 90       	pop	r10
    759e:	9f 90       	pop	r9
    75a0:	8f 90       	pop	r8
    75a2:	7f 90       	pop	r7
    75a4:	6f 90       	pop	r6
    75a6:	5f 90       	pop	r5
    75a8:	4f 90       	pop	r4
    75aa:	08 95       	ret
    75ac:	ae 14       	cp	r10, r14
    75ae:	bf 04       	cpc	r11, r15
    75b0:	4c f3       	brlt	.-46     	; 0x7584 <Lcd_FillEquilateralTriangle+0x6a>
    75b2:	97 01       	movw	r18, r14
    75b4:	22 0f       	add	r18, r18
    75b6:	33 1f       	adc	r19, r19
    75b8:	2e 0d       	add	r18, r14
    75ba:	3f 1d       	adc	r19, r15
    75bc:	a9 01       	movw	r20, r18
    75be:	55 95       	asr	r21
    75c0:	47 95       	ror	r20
    75c2:	41 15       	cp	r20, r1
    75c4:	51 05       	cpc	r21, r1
    75c6:	11 f4       	brne	.+4      	; 0x75cc <Lcd_FillEquilateralTriangle+0xb2>
    75c8:	83 e0       	ldi	r24, 0x03	; 3
    75ca:	df cf       	rjmp	.-66     	; 0x758a <Lcd_FillEquilateralTriangle+0x70>
    75cc:	27 e7       	ldi	r18, 0x77	; 119
    75ce:	33 e0       	ldi	r19, 0x03	; 3
    75d0:	d7 01       	movw	r26, r14
    75d2:	0e 94 01 74 	call	0xe802	; 0xe802 <__usmulhisi3>
    75d6:	dc 01       	movw	r26, r24
    75d8:	cb 01       	movw	r24, r22
    75da:	6a e0       	ldi	r22, 0x0A	; 10
    75dc:	b5 95       	asr	r27
    75de:	a7 95       	ror	r26
    75e0:	97 95       	ror	r25
    75e2:	87 95       	ror	r24
    75e4:	6a 95       	dec	r22
    75e6:	d1 f7       	brne	.-12     	; 0x75dc <Lcd_FillEquilateralTriangle+0xc2>
    75e8:	09 2e       	mov	r0, r25
    75ea:	00 0c       	add	r0, r0
    75ec:	aa 0b       	sbc	r26, r26
    75ee:	bb 0b       	sbc	r27, r27
    75f0:	66 27       	eor	r22, r22
    75f2:	78 2f       	mov	r23, r24
    75f4:	89 2f       	mov	r24, r25
    75f6:	9a 2f       	mov	r25, r26
    75f8:	9a 01       	movw	r18, r20
    75fa:	55 0f       	add	r21, r21
    75fc:	44 0b       	sbc	r20, r20
    75fe:	55 0b       	sbc	r21, r21
    7600:	0e 94 d0 73 	call	0xe7a0	; 0xe7a0 <__udivmodsi4>
    7604:	39 01       	movw	r6, r18
    7606:	80 2f       	mov	r24, r16
    7608:	90 e0       	ldi	r25, 0x00	; 0
    760a:	fc 01       	movw	r30, r24
    760c:	ee 0f       	add	r30, r30
    760e:	ff 1f       	adc	r31, r31
    7610:	e1 5f       	subi	r30, 0xF1	; 241
    7612:	fe 4f       	sbci	r31, 0xFE	; 254
    7614:	40 80       	ld	r4, Z
    7616:	88 0f       	add	r24, r24
    7618:	99 1f       	adc	r25, r25
    761a:	fc 01       	movw	r30, r24
    761c:	e9 5f       	subi	r30, 0xF9	; 249
    761e:	fe 4f       	sbci	r31, 0xFE	; 254
    7620:	57 80       	ldd	r5, Z+7	; 0x07
    7622:	94 98       	cbi	0x12, 4	; 18
    7624:	12 30       	cpi	r17, 0x02	; 2
    7626:	d8 f1       	brcs	.+118    	; 0x769e <Lcd_FillEquilateralTriangle+0x184>
    7628:	12 30       	cpi	r17, 0x02	; 2
    762a:	09 f4       	brne	.+2      	; 0x762e <Lcd_FillEquilateralTriangle+0x114>
    762c:	73 c0       	rjmp	.+230    	; 0x7714 <Lcd_FillEquilateralTriangle+0x1fa>
    762e:	f5 94       	asr	r15
    7630:	e7 94       	ror	r14
    7632:	ce 19       	sub	r28, r14
    7634:	df 09       	sbc	r29, r15
    7636:	46 01       	movw	r8, r12
    7638:	c8 14       	cp	r12, r8
    763a:	d9 04       	cpc	r13, r9
    763c:	2c f5       	brge	.+74     	; 0x7688 <Lcd_FillEquilateralTriangle+0x16e>
    763e:	94 01       	movw	r18, r8
    7640:	2c 19       	sub	r18, r12
    7642:	3d 09       	sbc	r19, r13
    7644:	26 9d       	mul	r18, r6
    7646:	c0 01       	movw	r24, r0
    7648:	27 9d       	mul	r18, r7
    764a:	90 0d       	add	r25, r0
    764c:	36 9d       	mul	r19, r6
    764e:	90 0d       	add	r25, r0
    7650:	11 24       	eor	r1, r1
    7652:	81 58       	subi	r24, 0x81	; 129
    7654:	9f 4f       	sbci	r25, 0xFF	; 255
    7656:	89 2f       	mov	r24, r25
    7658:	99 27       	eor	r25, r25
    765a:	95 01       	movw	r18, r10
    765c:	28 0f       	add	r18, r24
    765e:	39 1f       	adc	r19, r25
    7660:	b5 01       	movw	r22, r10
    7662:	68 1b       	sub	r22, r24
    7664:	79 0b       	sbc	r23, r25
    7666:	e5 2c       	mov	r14, r5
    7668:	04 2d       	mov	r16, r4
    766a:	a4 01       	movw	r20, r8
    766c:	c4 01       	movw	r24, r8
    766e:	0e 94 d2 24 	call	0x49a4	; 0x49a4 <LCD_Fast_Fill_Rect_Color>
    7672:	8c 16       	cp	r8, r28
    7674:	9d 06       	cpc	r9, r29
    7676:	81 f0       	breq	.+32     	; 0x7698 <Lcd_FillEquilateralTriangle+0x17e>
    7678:	12 30       	cpi	r17, 0x02	; 2
    767a:	51 f0       	breq	.+20     	; 0x7690 <Lcd_FillEquilateralTriangle+0x176>
    767c:	f1 e0       	ldi	r31, 0x01	; 1
    767e:	8f 1a       	sub	r8, r31
    7680:	91 08       	sbc	r9, r1
    7682:	c8 14       	cp	r12, r8
    7684:	d9 04       	cpc	r13, r9
    7686:	dc f2       	brlt	.-74     	; 0x763e <Lcd_FillEquilateralTriangle+0x124>
    7688:	96 01       	movw	r18, r12
    768a:	28 19       	sub	r18, r8
    768c:	39 09       	sbc	r19, r9
    768e:	da cf       	rjmp	.-76     	; 0x7644 <Lcd_FillEquilateralTriangle+0x12a>
    7690:	ef ef       	ldi	r30, 0xFF	; 255
    7692:	8e 1a       	sub	r8, r30
    7694:	9e 0a       	sbc	r9, r30
    7696:	d0 cf       	rjmp	.-96     	; 0x7638 <Lcd_FillEquilateralTriangle+0x11e>
    7698:	94 9a       	sbi	0x12, 4	; 18
    769a:	80 e0       	ldi	r24, 0x00	; 0
    769c:	76 cf       	rjmp	.-276    	; 0x758a <Lcd_FillEquilateralTriangle+0x70>
    769e:	11 11       	cpse	r17, r1
    76a0:	41 c0       	rjmp	.+130    	; 0x7724 <Lcd_FillEquilateralTriangle+0x20a>
    76a2:	45 01       	movw	r8, r10
    76a4:	8e 18       	sub	r8, r14
    76a6:	9f 08       	sbc	r9, r15
    76a8:	f5 94       	asr	r15
    76aa:	e7 94       	ror	r14
    76ac:	ae 0c       	add	r10, r14
    76ae:	bf 1c       	adc	r11, r15
    76b0:	64 01       	movw	r12, r8
    76b2:	8c 14       	cp	r8, r12
    76b4:	9d 04       	cpc	r9, r13
    76b6:	34 f5       	brge	.+76     	; 0x7704 <Lcd_FillEquilateralTriangle+0x1ea>
    76b8:	96 01       	movw	r18, r12
    76ba:	28 19       	sub	r18, r8
    76bc:	39 09       	sbc	r19, r9
    76be:	26 9d       	mul	r18, r6
    76c0:	c0 01       	movw	r24, r0
    76c2:	27 9d       	mul	r18, r7
    76c4:	90 0d       	add	r25, r0
    76c6:	36 9d       	mul	r19, r6
    76c8:	90 0d       	add	r25, r0
    76ca:	11 24       	eor	r1, r1
    76cc:	80 58       	subi	r24, 0x80	; 128
    76ce:	9f 4f       	sbci	r25, 0xFF	; 255
    76d0:	89 2f       	mov	r24, r25
    76d2:	99 27       	eor	r25, r25
    76d4:	ae 01       	movw	r20, r28
    76d6:	48 0f       	add	r20, r24
    76d8:	59 1f       	adc	r21, r25
    76da:	e5 2c       	mov	r14, r5
    76dc:	04 2d       	mov	r16, r4
    76de:	96 01       	movw	r18, r12
    76e0:	b6 01       	movw	r22, r12
    76e2:	fe 01       	movw	r30, r28
    76e4:	e8 1b       	sub	r30, r24
    76e6:	f9 0b       	sbc	r31, r25
    76e8:	cf 01       	movw	r24, r30
    76ea:	0e 94 d2 24 	call	0x49a4	; 0x49a4 <LCD_Fast_Fill_Rect_Color>
    76ee:	ca 14       	cp	r12, r10
    76f0:	db 04       	cpc	r13, r11
    76f2:	91 f2       	breq	.-92     	; 0x7698 <Lcd_FillEquilateralTriangle+0x17e>
    76f4:	11 11       	cpse	r17, r1
    76f6:	0a c0       	rjmp	.+20     	; 0x770c <Lcd_FillEquilateralTriangle+0x1f2>
    76f8:	ff ef       	ldi	r31, 0xFF	; 255
    76fa:	cf 1a       	sub	r12, r31
    76fc:	df 0a       	sbc	r13, r31
    76fe:	8c 14       	cp	r8, r12
    7700:	9d 04       	cpc	r9, r13
    7702:	d4 f2       	brlt	.-76     	; 0x76b8 <Lcd_FillEquilateralTriangle+0x19e>
    7704:	94 01       	movw	r18, r8
    7706:	2c 19       	sub	r18, r12
    7708:	3d 09       	sbc	r19, r13
    770a:	d9 cf       	rjmp	.-78     	; 0x76be <Lcd_FillEquilateralTriangle+0x1a4>
    770c:	81 e0       	ldi	r24, 0x01	; 1
    770e:	c8 1a       	sub	r12, r24
    7710:	d1 08       	sbc	r13, r1
    7712:	cf cf       	rjmp	.-98     	; 0x76b2 <Lcd_FillEquilateralTriangle+0x198>
    7714:	6e 01       	movw	r12, r28
    7716:	ce 18       	sub	r12, r14
    7718:	df 08       	sbc	r13, r15
    771a:	f5 94       	asr	r15
    771c:	e7 94       	ror	r14
    771e:	ce 0d       	add	r28, r14
    7720:	df 1d       	adc	r29, r15
    7722:	89 cf       	rjmp	.-238    	; 0x7636 <Lcd_FillEquilateralTriangle+0x11c>
    7724:	f5 94       	asr	r15
    7726:	e7 94       	ror	r14
    7728:	ae 18       	sub	r10, r14
    772a:	bf 08       	sbc	r11, r15
    772c:	c1 cf       	rjmp	.-126    	; 0x76b0 <Lcd_FillEquilateralTriangle+0x196>

0000772e <Lcd_BorderEquilateralTriangle>:
    772e:	2f 92       	push	r2
    7730:	3f 92       	push	r3
    7732:	4f 92       	push	r4
    7734:	5f 92       	push	r5
    7736:	6f 92       	push	r6
    7738:	7f 92       	push	r7
    773a:	8f 92       	push	r8
    773c:	9f 92       	push	r9
    773e:	af 92       	push	r10
    7740:	bf 92       	push	r11
    7742:	cf 92       	push	r12
    7744:	df 92       	push	r13
    7746:	ef 92       	push	r14
    7748:	ff 92       	push	r15
    774a:	0f 93       	push	r16
    774c:	1f 93       	push	r17
    774e:	cf 93       	push	r28
    7750:	df 93       	push	r29
    7752:	cd b7       	in	r28, 0x3d	; 61
    7754:	de b7       	in	r29, 0x3e	; 62
    7756:	60 97       	sbiw	r28, 0x10	; 16
    7758:	0f b6       	in	r0, 0x3f	; 63
    775a:	f8 94       	cli
    775c:	de bf       	out	0x3e, r29	; 62
    775e:	0f be       	out	0x3f, r0	; 63
    7760:	cd bf       	out	0x3d, r28	; 61
    7762:	f8 2e       	mov	r15, r24
    7764:	4b 01       	movw	r8, r22
    7766:	3a 01       	movw	r6, r20
    7768:	3e 83       	std	Y+6, r19	; 0x06
    776a:	2d 83       	std	Y+5, r18	; 0x05
    776c:	1e 2d       	mov	r17, r14
    776e:	23 30       	cpi	r18, 0x03	; 3
    7770:	31 05       	cpc	r19, r1
    7772:	24 f4       	brge	.+8      	; 0x777c <Lcd_BorderEquilateralTriangle+0x4e>
    7774:	23 e0       	ldi	r18, 0x03	; 3
    7776:	30 e0       	ldi	r19, 0x00	; 0
    7778:	3e 83       	std	Y+6, r19	; 0x06
    777a:	2d 83       	std	Y+5, r18	; 0x05
    777c:	4d 80       	ldd	r4, Y+5	; 0x05
    777e:	5e 80       	ldd	r5, Y+6	; 0x06
    7780:	48 0c       	add	r4, r8
    7782:	59 1c       	adc	r5, r9
    7784:	c2 01       	movw	r24, r4
    7786:	01 97       	sbiw	r24, 0x01	; 1
    7788:	20 91 09 01 	lds	r18, 0x0109	; 0x800109 <KVB+0x2>
    778c:	30 91 0a 01 	lds	r19, 0x010A	; 0x80010a <KVB+0x3>
    7790:	28 17       	cp	r18, r24
    7792:	39 07       	cpc	r19, r25
    7794:	98 f0       	brcs	.+38     	; 0x77bc <Lcd_BorderEquilateralTriangle+0x8e>
    7796:	4d 81       	ldd	r20, Y+5	; 0x05
    7798:	5e 81       	ldd	r21, Y+6	; 0x06
    779a:	84 16       	cp	r8, r20
    779c:	95 06       	cpc	r9, r21
    779e:	74 f0       	brlt	.+28     	; 0x77bc <Lcd_BorderEquilateralTriangle+0x8e>
    77a0:	1a 01       	movw	r2, r20
    77a2:	26 0c       	add	r2, r6
    77a4:	37 1c       	adc	r3, r7
    77a6:	c1 01       	movw	r24, r2
    77a8:	01 97       	sbiw	r24, 0x01	; 1
    77aa:	20 91 0b 01 	lds	r18, 0x010B	; 0x80010b <KVB+0x4>
    77ae:	30 91 0c 01 	lds	r19, 0x010C	; 0x80010c <KVB+0x5>
    77b2:	28 17       	cp	r18, r24
    77b4:	39 07       	cpc	r19, r25
    77b6:	e0 f4       	brcc	.+56     	; 0x77f0 <Lcd_BorderEquilateralTriangle+0xc2>
    77b8:	82 e0       	ldi	r24, 0x02	; 2
    77ba:	01 c0       	rjmp	.+2      	; 0x77be <Lcd_BorderEquilateralTriangle+0x90>
    77bc:	81 e0       	ldi	r24, 0x01	; 1
    77be:	60 96       	adiw	r28, 0x10	; 16
    77c0:	0f b6       	in	r0, 0x3f	; 63
    77c2:	f8 94       	cli
    77c4:	de bf       	out	0x3e, r29	; 62
    77c6:	0f be       	out	0x3f, r0	; 63
    77c8:	cd bf       	out	0x3d, r28	; 61
    77ca:	df 91       	pop	r29
    77cc:	cf 91       	pop	r28
    77ce:	1f 91       	pop	r17
    77d0:	0f 91       	pop	r16
    77d2:	ff 90       	pop	r15
    77d4:	ef 90       	pop	r14
    77d6:	df 90       	pop	r13
    77d8:	cf 90       	pop	r12
    77da:	bf 90       	pop	r11
    77dc:	af 90       	pop	r10
    77de:	9f 90       	pop	r9
    77e0:	8f 90       	pop	r8
    77e2:	7f 90       	pop	r7
    77e4:	6f 90       	pop	r6
    77e6:	5f 90       	pop	r5
    77e8:	4f 90       	pop	r4
    77ea:	3f 90       	pop	r3
    77ec:	2f 90       	pop	r2
    77ee:	08 95       	ret
    77f0:	64 16       	cp	r6, r20
    77f2:	75 06       	cpc	r7, r21
    77f4:	0c f3       	brlt	.-62     	; 0x77b8 <Lcd_BorderEquilateralTriangle+0x8a>
    77f6:	9a 01       	movw	r18, r20
    77f8:	22 0f       	add	r18, r18
    77fa:	33 1f       	adc	r19, r19
    77fc:	24 0f       	add	r18, r20
    77fe:	35 1f       	adc	r19, r21
    7800:	a9 01       	movw	r20, r18
    7802:	55 95       	asr	r21
    7804:	47 95       	ror	r20
    7806:	41 15       	cp	r20, r1
    7808:	51 05       	cpc	r21, r1
    780a:	11 f4       	brne	.+4      	; 0x7810 <Lcd_BorderEquilateralTriangle+0xe2>
    780c:	83 e0       	ldi	r24, 0x03	; 3
    780e:	d7 cf       	rjmp	.-82     	; 0x77be <Lcd_BorderEquilateralTriangle+0x90>
    7810:	27 e7       	ldi	r18, 0x77	; 119
    7812:	33 e0       	ldi	r19, 0x03	; 3
    7814:	ad 81       	ldd	r26, Y+5	; 0x05
    7816:	be 81       	ldd	r27, Y+6	; 0x06
    7818:	0e 94 01 74 	call	0xe802	; 0xe802 <__usmulhisi3>
    781c:	dc 01       	movw	r26, r24
    781e:	cb 01       	movw	r24, r22
    7820:	ea e0       	ldi	r30, 0x0A	; 10
    7822:	b5 95       	asr	r27
    7824:	a7 95       	ror	r26
    7826:	97 95       	ror	r25
    7828:	87 95       	ror	r24
    782a:	ea 95       	dec	r30
    782c:	d1 f7       	brne	.-12     	; 0x7822 <Lcd_BorderEquilateralTriangle+0xf4>
    782e:	09 2e       	mov	r0, r25
    7830:	00 0c       	add	r0, r0
    7832:	aa 0b       	sbc	r26, r26
    7834:	bb 0b       	sbc	r27, r27
    7836:	66 27       	eor	r22, r22
    7838:	78 2f       	mov	r23, r24
    783a:	89 2f       	mov	r24, r25
    783c:	9a 2f       	mov	r25, r26
    783e:	9a 01       	movw	r18, r20
    7840:	55 0f       	add	r21, r21
    7842:	44 0b       	sbc	r20, r20
    7844:	55 0b       	sbc	r21, r21
    7846:	0e 94 d0 73 	call	0xe7a0	; 0xe7a0 <__udivmodsi4>
    784a:	3b 83       	std	Y+3, r19	; 0x03
    784c:	2a 83       	std	Y+2, r18	; 0x02
    784e:	d1 2c       	mov	r13, r1
    7850:	f6 01       	movw	r30, r12
    7852:	ee 0f       	add	r30, r30
    7854:	ff 1f       	adc	r31, r31
    7856:	e1 5f       	subi	r30, 0xF1	; 241
    7858:	fe 4f       	sbci	r31, 0xFE	; 254
    785a:	50 81       	ld	r21, Z
    785c:	5d 87       	std	Y+13, r21	; 0x0d
    785e:	c6 01       	movw	r24, r12
    7860:	88 0f       	add	r24, r24
    7862:	99 1f       	adc	r25, r25
    7864:	fc 01       	movw	r30, r24
    7866:	e9 5f       	subi	r30, 0xF9	; 249
    7868:	fe 4f       	sbci	r31, 0xFE	; 254
    786a:	87 81       	ldd	r24, Z+7	; 0x07
    786c:	8e 87       	std	Y+14, r24	; 0x0e
    786e:	b1 2c       	mov	r11, r1
    7870:	f5 01       	movw	r30, r10
    7872:	ee 0f       	add	r30, r30
    7874:	ff 1f       	adc	r31, r31
    7876:	e1 5f       	subi	r30, 0xF1	; 241
    7878:	fe 4f       	sbci	r31, 0xFE	; 254
    787a:	e0 80       	ld	r14, Z
    787c:	c5 01       	movw	r24, r10
    787e:	88 0f       	add	r24, r24
    7880:	99 1f       	adc	r25, r25
    7882:	fc 01       	movw	r30, r24
    7884:	e9 5f       	subi	r30, 0xF9	; 249
    7886:	fe 4f       	sbci	r31, 0xFE	; 254
    7888:	97 81       	ldd	r25, Z+7	; 0x07
    788a:	9c 83       	std	Y+4, r25	; 0x04
    788c:	94 98       	cbi	0x12, 4	; 18
    788e:	12 30       	cpi	r17, 0x02	; 2
    7890:	08 f4       	brcc	.+2      	; 0x7894 <Lcd_BorderEquilateralTriangle+0x166>
    7892:	aa c0       	rjmp	.+340    	; 0x79e8 <Lcd_BorderEquilateralTriangle+0x2ba>
    7894:	12 30       	cpi	r17, 0x02	; 2
    7896:	09 f4       	brne	.+2      	; 0x789a <Lcd_BorderEquilateralTriangle+0x16c>
    7898:	3f c1       	rjmp	.+638    	; 0x7b18 <Lcd_BorderEquilateralTriangle+0x3ea>
    789a:	2d 81       	ldd	r18, Y+5	; 0x05
    789c:	3e 81       	ldd	r19, Y+6	; 0x06
    789e:	35 95       	asr	r19
    78a0:	27 95       	ror	r18
    78a2:	64 01       	movw	r12, r8
    78a4:	c2 1a       	sub	r12, r18
    78a6:	d3 0a       	sbc	r13, r19
    78a8:	80 2e       	mov	r8, r16
    78aa:	91 2c       	mov	r9, r1
    78ac:	12 01       	movw	r2, r4
    78ae:	a1 2c       	mov	r10, r1
    78b0:	b1 2c       	mov	r11, r1
    78b2:	a6 01       	movw	r20, r12
    78b4:	48 0d       	add	r20, r8
    78b6:	59 1d       	adc	r21, r9
    78b8:	5e 83       	std	Y+6, r21	; 0x06
    78ba:	4d 83       	std	Y+5, r20	; 0x05
    78bc:	c6 01       	movw	r24, r12
    78be:	88 19       	sub	r24, r8
    78c0:	99 09       	sbc	r25, r9
    78c2:	98 87       	std	Y+8, r25	; 0x08
    78c4:	8f 83       	std	Y+7, r24	; 0x07
    78c6:	f9 82       	std	Y+1, r15	; 0x01
    78c8:	fe 2c       	mov	r15, r14
    78ca:	38 c0       	rjmp	.+112    	; 0x793c <Lcd_BorderEquilateralTriangle+0x20e>
    78cc:	c1 01       	movw	r24, r2
    78ce:	84 19       	sub	r24, r4
    78d0:	95 09       	sbc	r25, r5
    78d2:	4a 81       	ldd	r20, Y+2	; 0x02
    78d4:	5b 81       	ldd	r21, Y+3	; 0x03
    78d6:	84 9f       	mul	r24, r20
    78d8:	90 01       	movw	r18, r0
    78da:	85 9f       	mul	r24, r21
    78dc:	30 0d       	add	r19, r0
    78de:	94 9f       	mul	r25, r20
    78e0:	30 0d       	add	r19, r0
    78e2:	11 24       	eor	r1, r1
    78e4:	21 58       	subi	r18, 0x81	; 129
    78e6:	3f 4f       	sbci	r19, 0xFF	; 255
    78e8:	23 2f       	mov	r18, r19
    78ea:	33 27       	eor	r19, r19
    78ec:	b3 01       	movw	r22, r6
    78ee:	62 1b       	sub	r22, r18
    78f0:	73 0b       	sbc	r23, r19
    78f2:	c3 01       	movw	r24, r6
    78f4:	82 0f       	add	r24, r18
    78f6:	93 1f       	adc	r25, r19
    78f8:	98 8b       	std	Y+16, r25	; 0x10
    78fa:	8f 87       	std	Y+15, r24	; 0x0f
    78fc:	a8 14       	cp	r10, r8
    78fe:	b9 04       	cpc	r11, r9
    7900:	4c f1       	brlt	.+82     	; 0x7954 <Lcd_BorderEquilateralTriangle+0x226>
    7902:	12 30       	cpi	r17, 0x02	; 2
    7904:	11 f1       	breq	.+68     	; 0x794a <Lcd_BorderEquilateralTriangle+0x21c>
    7906:	4d 81       	ldd	r20, Y+5	; 0x05
    7908:	5e 81       	ldd	r21, Y+6	; 0x06
    790a:	24 16       	cp	r2, r20
    790c:	35 06       	cpc	r3, r21
    790e:	14 f1       	brlt	.+68     	; 0x7954 <Lcd_BorderEquilateralTriangle+0x226>
    7910:	89 81       	ldd	r24, Y+1	; 0x01
    7912:	88 23       	and	r24, r24
    7914:	91 f1       	breq	.+100    	; 0x797a <Lcd_BorderEquilateralTriangle+0x24c>
    7916:	99 81       	ldd	r25, Y+1	; 0x01
    7918:	91 30       	cpi	r25, 0x01	; 1
    791a:	09 f4       	brne	.+2      	; 0x791e <Lcd_BorderEquilateralTriangle+0x1f0>
    791c:	08 c1       	rjmp	.+528    	; 0x7b2e <Lcd_BorderEquilateralTriangle+0x400>
    791e:	29 81       	ldd	r18, Y+1	; 0x01
    7920:	22 30       	cpi	r18, 0x02	; 2
    7922:	09 f4       	brne	.+2      	; 0x7926 <Lcd_BorderEquilateralTriangle+0x1f8>
    7924:	50 c0       	rjmp	.+160    	; 0x79c6 <Lcd_BorderEquilateralTriangle+0x298>
    7926:	2c 14       	cp	r2, r12
    7928:	3d 04       	cpc	r3, r13
    792a:	21 f1       	breq	.+72     	; 0x7974 <Lcd_BorderEquilateralTriangle+0x246>
    792c:	12 30       	cpi	r17, 0x02	; 2
    792e:	f1 f0       	breq	.+60     	; 0x796c <Lcd_BorderEquilateralTriangle+0x23e>
    7930:	41 e0       	ldi	r20, 0x01	; 1
    7932:	24 1a       	sub	r2, r20
    7934:	31 08       	sbc	r3, r1
    7936:	5f ef       	ldi	r21, 0xFF	; 255
    7938:	a5 1a       	sub	r10, r21
    793a:	b5 0a       	sbc	r11, r21
    793c:	42 14       	cp	r4, r2
    793e:	53 04       	cpc	r5, r3
    7940:	2c f2       	brlt	.-118    	; 0x78cc <Lcd_BorderEquilateralTriangle+0x19e>
    7942:	c2 01       	movw	r24, r4
    7944:	82 19       	sub	r24, r2
    7946:	93 09       	sbc	r25, r3
    7948:	c4 cf       	rjmp	.-120    	; 0x78d2 <Lcd_BorderEquilateralTriangle+0x1a4>
    794a:	2f 81       	ldd	r18, Y+7	; 0x07
    794c:	38 85       	ldd	r19, Y+8	; 0x08
    794e:	22 15       	cp	r18, r2
    7950:	33 05       	cpc	r19, r3
    7952:	f4 f6       	brge	.-68     	; 0x7910 <Lcd_BorderEquilateralTriangle+0x1e2>
    7954:	59 81       	ldd	r21, Y+1	; 0x01
    7956:	52 30       	cpi	r21, 0x02	; 2
    7958:	31 f3       	breq	.-52     	; 0x7926 <Lcd_BorderEquilateralTriangle+0x1f8>
    795a:	ec 80       	ldd	r14, Y+4	; 0x04
    795c:	0f 2d       	mov	r16, r15
    795e:	2f 85       	ldd	r18, Y+15	; 0x0f
    7960:	38 89       	ldd	r19, Y+16	; 0x10
    7962:	a1 01       	movw	r20, r2
    7964:	c1 01       	movw	r24, r2
    7966:	0e 94 d2 24 	call	0x49a4	; 0x49a4 <LCD_Fast_Fill_Rect_Color>
    796a:	dd cf       	rjmp	.-70     	; 0x7926 <Lcd_BorderEquilateralTriangle+0x1f8>
    796c:	3f ef       	ldi	r19, 0xFF	; 255
    796e:	23 1a       	sub	r2, r19
    7970:	33 0a       	sbc	r3, r19
    7972:	e1 cf       	rjmp	.-62     	; 0x7936 <Lcd_BorderEquilateralTriangle+0x208>
    7974:	94 9a       	sbi	0x12, 4	; 18
    7976:	80 e0       	ldi	r24, 0x00	; 0
    7978:	22 cf       	rjmp	.-444    	; 0x77be <Lcd_BorderEquilateralTriangle+0x90>
    797a:	9b 01       	movw	r18, r22
    797c:	28 0d       	add	r18, r8
    797e:	39 1d       	adc	r19, r9
    7980:	3a 87       	std	Y+10, r19	; 0x0a
    7982:	29 87       	std	Y+9, r18	; 0x09
    7984:	21 50       	subi	r18, 0x01	; 1
    7986:	31 09       	sbc	r19, r1
    7988:	ec 80       	ldd	r14, Y+4	; 0x04
    798a:	0f 2d       	mov	r16, r15
    798c:	a1 01       	movw	r20, r2
    798e:	c1 01       	movw	r24, r2
    7990:	0e 94 15 24 	call	0x482a	; 0x482a <LCD_Fast_Short_Fill_Rect_Color>
    7994:	4f 85       	ldd	r20, Y+15	; 0x0f
    7996:	58 89       	ldd	r21, Y+16	; 0x10
    7998:	48 19       	sub	r20, r8
    799a:	59 09       	sbc	r21, r9
    799c:	5c 87       	std	Y+12, r21	; 0x0c
    799e:	4b 87       	std	Y+11, r20	; 0x0b
    79a0:	89 85       	ldd	r24, Y+9	; 0x09
    79a2:	9a 85       	ldd	r25, Y+10	; 0x0a
    79a4:	48 17       	cp	r20, r24
    79a6:	59 07       	cpc	r21, r25
    79a8:	0c f0       	brlt	.+2      	; 0x79ac <Lcd_BorderEquilateralTriangle+0x27e>
    79aa:	da c0       	rjmp	.+436    	; 0x7b60 <Lcd_BorderEquilateralTriangle+0x432>
    79ac:	6b 85       	ldd	r22, Y+11	; 0x0b
    79ae:	7c 85       	ldd	r23, Y+12	; 0x0c
    79b0:	6f 5f       	subi	r22, 0xFF	; 255
    79b2:	7f 4f       	sbci	r23, 0xFF	; 255
    79b4:	ec 80       	ldd	r14, Y+4	; 0x04
    79b6:	0f 2d       	mov	r16, r15
    79b8:	2f 85       	ldd	r18, Y+15	; 0x0f
    79ba:	38 89       	ldd	r19, Y+16	; 0x10
    79bc:	a1 01       	movw	r20, r2
    79be:	c1 01       	movw	r24, r2
    79c0:	0e 94 15 24 	call	0x482a	; 0x482a <LCD_Fast_Short_Fill_Rect_Color>
    79c4:	b0 cf       	rjmp	.-160    	; 0x7926 <Lcd_BorderEquilateralTriangle+0x1f8>
    79c6:	68 0d       	add	r22, r8
    79c8:	79 1d       	adc	r23, r9
    79ca:	2f 85       	ldd	r18, Y+15	; 0x0f
    79cc:	38 89       	ldd	r19, Y+16	; 0x10
    79ce:	28 19       	sub	r18, r8
    79d0:	39 09       	sbc	r19, r9
    79d2:	26 17       	cp	r18, r22
    79d4:	37 07       	cpc	r19, r23
    79d6:	0c f4       	brge	.+2      	; 0x79da <Lcd_BorderEquilateralTriangle+0x2ac>
    79d8:	a6 cf       	rjmp	.-180    	; 0x7926 <Lcd_BorderEquilateralTriangle+0x1f8>
    79da:	ee 84       	ldd	r14, Y+14	; 0x0e
    79dc:	0d 85       	ldd	r16, Y+13	; 0x0d
    79de:	a1 01       	movw	r20, r2
    79e0:	c1 01       	movw	r24, r2
    79e2:	0e 94 d2 24 	call	0x49a4	; 0x49a4 <LCD_Fast_Fill_Rect_Color>
    79e6:	9f cf       	rjmp	.-194    	; 0x7926 <Lcd_BorderEquilateralTriangle+0x1f8>
    79e8:	11 11       	cpse	r17, r1
    79ea:	c3 c0       	rjmp	.+390    	; 0x7b72 <Lcd_BorderEquilateralTriangle+0x444>
    79ec:	13 01       	movw	r2, r6
    79ee:	2d 81       	ldd	r18, Y+5	; 0x05
    79f0:	3e 81       	ldd	r19, Y+6	; 0x06
    79f2:	22 1a       	sub	r2, r18
    79f4:	33 0a       	sbc	r3, r19
    79f6:	35 95       	asr	r19
    79f8:	27 95       	ror	r18
    79fa:	69 01       	movw	r12, r18
    79fc:	c6 0c       	add	r12, r6
    79fe:	d7 1c       	adc	r13, r7
    7a00:	60 2e       	mov	r6, r16
    7a02:	71 2c       	mov	r7, r1
    7a04:	51 01       	movw	r10, r2
    7a06:	41 2c       	mov	r4, r1
    7a08:	51 2c       	mov	r5, r1
    7a0a:	a6 01       	movw	r20, r12
    7a0c:	46 0d       	add	r20, r6
    7a0e:	57 1d       	adc	r21, r7
    7a10:	5e 83       	std	Y+6, r21	; 0x06
    7a12:	4d 83       	std	Y+5, r20	; 0x05
    7a14:	c6 01       	movw	r24, r12
    7a16:	86 19       	sub	r24, r6
    7a18:	97 09       	sbc	r25, r7
    7a1a:	98 87       	std	Y+8, r25	; 0x08
    7a1c:	8f 83       	std	Y+7, r24	; 0x07
    7a1e:	f9 82       	std	Y+1, r15	; 0x01
    7a20:	fe 2c       	mov	r15, r14
    7a22:	39 c0       	rjmp	.+114    	; 0x7a96 <Lcd_BorderEquilateralTriangle+0x368>
    7a24:	c5 01       	movw	r24, r10
    7a26:	82 19       	sub	r24, r2
    7a28:	93 09       	sbc	r25, r3
    7a2a:	4a 81       	ldd	r20, Y+2	; 0x02
    7a2c:	5b 81       	ldd	r21, Y+3	; 0x03
    7a2e:	84 9f       	mul	r24, r20
    7a30:	90 01       	movw	r18, r0
    7a32:	85 9f       	mul	r24, r21
    7a34:	30 0d       	add	r19, r0
    7a36:	94 9f       	mul	r25, r20
    7a38:	30 0d       	add	r19, r0
    7a3a:	11 24       	eor	r1, r1
    7a3c:	20 58       	subi	r18, 0x80	; 128
    7a3e:	3f 4f       	sbci	r19, 0xFF	; 255
    7a40:	23 2f       	mov	r18, r19
    7a42:	33 27       	eor	r19, r19
    7a44:	c4 01       	movw	r24, r8
    7a46:	82 1b       	sub	r24, r18
    7a48:	93 0b       	sbc	r25, r19
    7a4a:	a4 01       	movw	r20, r8
    7a4c:	42 0f       	add	r20, r18
    7a4e:	53 1f       	adc	r21, r19
    7a50:	58 8b       	std	Y+16, r21	; 0x10
    7a52:	4f 87       	std	Y+15, r20	; 0x0f
    7a54:	46 14       	cp	r4, r6
    7a56:	57 04       	cpc	r5, r7
    7a58:	54 f1       	brlt	.+84     	; 0x7aae <Lcd_BorderEquilateralTriangle+0x380>
    7a5a:	11 11       	cpse	r17, r1
    7a5c:	23 c0       	rjmp	.+70     	; 0x7aa4 <Lcd_BorderEquilateralTriangle+0x376>
    7a5e:	2f 81       	ldd	r18, Y+7	; 0x07
    7a60:	38 85       	ldd	r19, Y+8	; 0x08
    7a62:	2a 15       	cp	r18, r10
    7a64:	3b 05       	cpc	r19, r11
    7a66:	1c f1       	brlt	.+70     	; 0x7aae <Lcd_BorderEquilateralTriangle+0x380>
    7a68:	29 81       	ldd	r18, Y+1	; 0x01
    7a6a:	22 23       	and	r18, r18
    7a6c:	81 f1       	breq	.+96     	; 0x7ace <Lcd_BorderEquilateralTriangle+0x3a0>
    7a6e:	39 81       	ldd	r19, Y+1	; 0x01
    7a70:	31 30       	cpi	r19, 0x01	; 1
    7a72:	09 f4       	brne	.+2      	; 0x7a76 <Lcd_BorderEquilateralTriangle+0x348>
    7a74:	97 c0       	rjmp	.+302    	; 0x7ba4 <Lcd_BorderEquilateralTriangle+0x476>
    7a76:	49 81       	ldd	r20, Y+1	; 0x01
    7a78:	42 30       	cpi	r20, 0x02	; 2
    7a7a:	09 f4       	brne	.+2      	; 0x7a7e <Lcd_BorderEquilateralTriangle+0x350>
    7a7c:	82 c0       	rjmp	.+260    	; 0x7b82 <Lcd_BorderEquilateralTriangle+0x454>
    7a7e:	ac 14       	cp	r10, r12
    7a80:	bd 04       	cpc	r11, r13
    7a82:	09 f4       	brne	.+2      	; 0x7a86 <Lcd_BorderEquilateralTriangle+0x358>
    7a84:	77 cf       	rjmp	.-274    	; 0x7974 <Lcd_BorderEquilateralTriangle+0x246>
    7a86:	11 11       	cpse	r17, r1
    7a88:	1e c0       	rjmp	.+60     	; 0x7ac6 <Lcd_BorderEquilateralTriangle+0x398>
    7a8a:	5f ef       	ldi	r21, 0xFF	; 255
    7a8c:	a5 1a       	sub	r10, r21
    7a8e:	b5 0a       	sbc	r11, r21
    7a90:	9f ef       	ldi	r25, 0xFF	; 255
    7a92:	49 1a       	sub	r4, r25
    7a94:	59 0a       	sbc	r5, r25
    7a96:	2a 14       	cp	r2, r10
    7a98:	3b 04       	cpc	r3, r11
    7a9a:	24 f2       	brlt	.-120    	; 0x7a24 <Lcd_BorderEquilateralTriangle+0x2f6>
    7a9c:	c1 01       	movw	r24, r2
    7a9e:	8a 19       	sub	r24, r10
    7aa0:	9b 09       	sbc	r25, r11
    7aa2:	c3 cf       	rjmp	.-122    	; 0x7a2a <Lcd_BorderEquilateralTriangle+0x2fc>
    7aa4:	4d 81       	ldd	r20, Y+5	; 0x05
    7aa6:	5e 81       	ldd	r21, Y+6	; 0x06
    7aa8:	a4 16       	cp	r10, r20
    7aaa:	b5 06       	cpc	r11, r21
    7aac:	ec f6       	brge	.-70     	; 0x7a68 <Lcd_BorderEquilateralTriangle+0x33a>
    7aae:	59 81       	ldd	r21, Y+1	; 0x01
    7ab0:	52 30       	cpi	r21, 0x02	; 2
    7ab2:	29 f3       	breq	.-54     	; 0x7a7e <Lcd_BorderEquilateralTriangle+0x350>
    7ab4:	ec 80       	ldd	r14, Y+4	; 0x04
    7ab6:	0f 2d       	mov	r16, r15
    7ab8:	95 01       	movw	r18, r10
    7aba:	4f 85       	ldd	r20, Y+15	; 0x0f
    7abc:	58 89       	ldd	r21, Y+16	; 0x10
    7abe:	b5 01       	movw	r22, r10
    7ac0:	0e 94 d2 24 	call	0x49a4	; 0x49a4 <LCD_Fast_Fill_Rect_Color>
    7ac4:	dc cf       	rjmp	.-72     	; 0x7a7e <Lcd_BorderEquilateralTriangle+0x350>
    7ac6:	81 e0       	ldi	r24, 0x01	; 1
    7ac8:	a8 1a       	sub	r10, r24
    7aca:	b1 08       	sbc	r11, r1
    7acc:	e1 cf       	rjmp	.-62     	; 0x7a90 <Lcd_BorderEquilateralTriangle+0x362>
    7ace:	ac 01       	movw	r20, r24
    7ad0:	46 0d       	add	r20, r6
    7ad2:	57 1d       	adc	r21, r7
    7ad4:	5a 87       	std	Y+10, r21	; 0x0a
    7ad6:	49 87       	std	Y+9, r20	; 0x09
    7ad8:	41 50       	subi	r20, 0x01	; 1
    7ada:	51 09       	sbc	r21, r1
    7adc:	ec 80       	ldd	r14, Y+4	; 0x04
    7ade:	0f 2d       	mov	r16, r15
    7ae0:	95 01       	movw	r18, r10
    7ae2:	b5 01       	movw	r22, r10
    7ae4:	0e 94 15 24 	call	0x482a	; 0x482a <LCD_Fast_Short_Fill_Rect_Color>
    7ae8:	8f 85       	ldd	r24, Y+15	; 0x0f
    7aea:	98 89       	ldd	r25, Y+16	; 0x10
    7aec:	86 19       	sub	r24, r6
    7aee:	97 09       	sbc	r25, r7
    7af0:	9c 87       	std	Y+12, r25	; 0x0c
    7af2:	8b 87       	std	Y+11, r24	; 0x0b
    7af4:	29 85       	ldd	r18, Y+9	; 0x09
    7af6:	3a 85       	ldd	r19, Y+10	; 0x0a
    7af8:	82 17       	cp	r24, r18
    7afa:	93 07       	cpc	r25, r19
    7afc:	0c f0       	brlt	.+2      	; 0x7b00 <Lcd_BorderEquilateralTriangle+0x3d2>
    7afe:	6a c0       	rjmp	.+212    	; 0x7bd4 <Lcd_BorderEquilateralTriangle+0x4a6>
    7b00:	ec 80       	ldd	r14, Y+4	; 0x04
    7b02:	0f 2d       	mov	r16, r15
    7b04:	95 01       	movw	r18, r10
    7b06:	4f 85       	ldd	r20, Y+15	; 0x0f
    7b08:	58 89       	ldd	r21, Y+16	; 0x10
    7b0a:	b5 01       	movw	r22, r10
    7b0c:	8b 85       	ldd	r24, Y+11	; 0x0b
    7b0e:	9c 85       	ldd	r25, Y+12	; 0x0c
    7b10:	01 96       	adiw	r24, 0x01	; 1
    7b12:	0e 94 15 24 	call	0x482a	; 0x482a <LCD_Fast_Short_Fill_Rect_Color>
    7b16:	b3 cf       	rjmp	.-154    	; 0x7a7e <Lcd_BorderEquilateralTriangle+0x350>
    7b18:	24 01       	movw	r4, r8
    7b1a:	2d 81       	ldd	r18, Y+5	; 0x05
    7b1c:	3e 81       	ldd	r19, Y+6	; 0x06
    7b1e:	42 1a       	sub	r4, r18
    7b20:	53 0a       	sbc	r5, r19
    7b22:	35 95       	asr	r19
    7b24:	27 95       	ror	r18
    7b26:	69 01       	movw	r12, r18
    7b28:	c8 0c       	add	r12, r8
    7b2a:	d9 1c       	adc	r13, r9
    7b2c:	bd ce       	rjmp	.-646    	; 0x78a8 <Lcd_BorderEquilateralTriangle+0x17a>
    7b2e:	9b 01       	movw	r18, r22
    7b30:	28 0d       	add	r18, r8
    7b32:	39 1d       	adc	r19, r9
    7b34:	21 50       	subi	r18, 0x01	; 1
    7b36:	31 09       	sbc	r19, r1
    7b38:	ec 80       	ldd	r14, Y+4	; 0x04
    7b3a:	0f 2d       	mov	r16, r15
    7b3c:	a1 01       	movw	r20, r2
    7b3e:	c1 01       	movw	r24, r2
    7b40:	0e 94 15 24 	call	0x482a	; 0x482a <LCD_Fast_Short_Fill_Rect_Color>
    7b44:	6f 85       	ldd	r22, Y+15	; 0x0f
    7b46:	78 89       	ldd	r23, Y+16	; 0x10
    7b48:	68 19       	sub	r22, r8
    7b4a:	79 09       	sbc	r23, r9
    7b4c:	6f 5f       	subi	r22, 0xFF	; 255
    7b4e:	7f 4f       	sbci	r23, 0xFF	; 255
    7b50:	ec 80       	ldd	r14, Y+4	; 0x04
    7b52:	2f 85       	ldd	r18, Y+15	; 0x0f
    7b54:	38 89       	ldd	r19, Y+16	; 0x10
    7b56:	a1 01       	movw	r20, r2
    7b58:	c1 01       	movw	r24, r2
    7b5a:	0e 94 15 24 	call	0x482a	; 0x482a <LCD_Fast_Short_Fill_Rect_Color>
    7b5e:	e3 ce       	rjmp	.-570    	; 0x7926 <Lcd_BorderEquilateralTriangle+0x1f8>
    7b60:	ee 84       	ldd	r14, Y+14	; 0x0e
    7b62:	0d 85       	ldd	r16, Y+13	; 0x0d
    7b64:	9a 01       	movw	r18, r20
    7b66:	a1 01       	movw	r20, r2
    7b68:	bc 01       	movw	r22, r24
    7b6a:	c1 01       	movw	r24, r2
    7b6c:	0e 94 d2 24 	call	0x49a4	; 0x49a4 <LCD_Fast_Fill_Rect_Color>
    7b70:	1d cf       	rjmp	.-454    	; 0x79ac <Lcd_BorderEquilateralTriangle+0x27e>
    7b72:	8d 81       	ldd	r24, Y+5	; 0x05
    7b74:	9e 81       	ldd	r25, Y+6	; 0x06
    7b76:	95 95       	asr	r25
    7b78:	87 95       	ror	r24
    7b7a:	63 01       	movw	r12, r6
    7b7c:	c8 1a       	sub	r12, r24
    7b7e:	d9 0a       	sbc	r13, r25
    7b80:	3f cf       	rjmp	.-386    	; 0x7a00 <Lcd_BorderEquilateralTriangle+0x2d2>
    7b82:	86 0d       	add	r24, r6
    7b84:	97 1d       	adc	r25, r7
    7b86:	4f 85       	ldd	r20, Y+15	; 0x0f
    7b88:	58 89       	ldd	r21, Y+16	; 0x10
    7b8a:	46 19       	sub	r20, r6
    7b8c:	57 09       	sbc	r21, r7
    7b8e:	48 17       	cp	r20, r24
    7b90:	59 07       	cpc	r21, r25
    7b92:	0c f4       	brge	.+2      	; 0x7b96 <Lcd_BorderEquilateralTriangle+0x468>
    7b94:	74 cf       	rjmp	.-280    	; 0x7a7e <Lcd_BorderEquilateralTriangle+0x350>
    7b96:	ee 84       	ldd	r14, Y+14	; 0x0e
    7b98:	0d 85       	ldd	r16, Y+13	; 0x0d
    7b9a:	95 01       	movw	r18, r10
    7b9c:	b5 01       	movw	r22, r10
    7b9e:	0e 94 d2 24 	call	0x49a4	; 0x49a4 <LCD_Fast_Fill_Rect_Color>
    7ba2:	6d cf       	rjmp	.-294    	; 0x7a7e <Lcd_BorderEquilateralTriangle+0x350>
    7ba4:	ac 01       	movw	r20, r24
    7ba6:	46 0d       	add	r20, r6
    7ba8:	57 1d       	adc	r21, r7
    7baa:	41 50       	subi	r20, 0x01	; 1
    7bac:	51 09       	sbc	r21, r1
    7bae:	ec 80       	ldd	r14, Y+4	; 0x04
    7bb0:	0f 2d       	mov	r16, r15
    7bb2:	95 01       	movw	r18, r10
    7bb4:	b5 01       	movw	r22, r10
    7bb6:	0e 94 15 24 	call	0x482a	; 0x482a <LCD_Fast_Short_Fill_Rect_Color>
    7bba:	8f 85       	ldd	r24, Y+15	; 0x0f
    7bbc:	98 89       	ldd	r25, Y+16	; 0x10
    7bbe:	86 19       	sub	r24, r6
    7bc0:	97 09       	sbc	r25, r7
    7bc2:	ec 80       	ldd	r14, Y+4	; 0x04
    7bc4:	95 01       	movw	r18, r10
    7bc6:	4f 85       	ldd	r20, Y+15	; 0x0f
    7bc8:	58 89       	ldd	r21, Y+16	; 0x10
    7bca:	b5 01       	movw	r22, r10
    7bcc:	01 96       	adiw	r24, 0x01	; 1
    7bce:	0e 94 15 24 	call	0x482a	; 0x482a <LCD_Fast_Short_Fill_Rect_Color>
    7bd2:	55 cf       	rjmp	.-342    	; 0x7a7e <Lcd_BorderEquilateralTriangle+0x350>
    7bd4:	ee 84       	ldd	r14, Y+14	; 0x0e
    7bd6:	0d 85       	ldd	r16, Y+13	; 0x0d
    7bd8:	95 01       	movw	r18, r10
    7bda:	ac 01       	movw	r20, r24
    7bdc:	b5 01       	movw	r22, r10
    7bde:	89 85       	ldd	r24, Y+9	; 0x09
    7be0:	9a 85       	ldd	r25, Y+10	; 0x0a
    7be2:	0e 94 d2 24 	call	0x49a4	; 0x49a4 <LCD_Fast_Fill_Rect_Color>
    7be6:	8c cf       	rjmp	.-232    	; 0x7b00 <Lcd_BorderEquilateralTriangle+0x3d2>

00007be8 <Lcd_FillEllipse>:
    7be8:	2f 92       	push	r2
    7bea:	3f 92       	push	r3
    7bec:	4f 92       	push	r4
    7bee:	5f 92       	push	r5
    7bf0:	6f 92       	push	r6
    7bf2:	7f 92       	push	r7
    7bf4:	8f 92       	push	r8
    7bf6:	9f 92       	push	r9
    7bf8:	af 92       	push	r10
    7bfa:	bf 92       	push	r11
    7bfc:	cf 92       	push	r12
    7bfe:	df 92       	push	r13
    7c00:	ef 92       	push	r14
    7c02:	ff 92       	push	r15
    7c04:	0f 93       	push	r16
    7c06:	1f 93       	push	r17
    7c08:	cf 93       	push	r28
    7c0a:	df 93       	push	r29
    7c0c:	cd b7       	in	r28, 0x3d	; 61
    7c0e:	de b7       	in	r29, 0x3e	; 62
    7c10:	66 97       	sbiw	r28, 0x16	; 22
    7c12:	0f b6       	in	r0, 0x3f	; 63
    7c14:	f8 94       	cli
    7c16:	de bf       	out	0x3e, r29	; 62
    7c18:	0f be       	out	0x3f, r0	; 63
    7c1a:	cd bf       	out	0x3d, r28	; 61
    7c1c:	6c 01       	movw	r12, r24
    7c1e:	7a 83       	std	Y+2, r23	; 0x02
    7c20:	69 83       	std	Y+1, r22	; 0x01
    7c22:	3c 87       	std	Y+12, r19	; 0x0c
    7c24:	2b 87       	std	Y+11, r18	; 0x0b
    7c26:	42 30       	cpi	r20, 0x02	; 2
    7c28:	51 05       	cpc	r21, r1
    7c2a:	08 f4       	brcc	.+2      	; 0x7c2e <Lcd_FillEllipse+0x46>
    7c2c:	48 c0       	rjmp	.+144    	; 0x7cbe <Lcd_FillEllipse+0xd6>
    7c2e:	2b 85       	ldd	r18, Y+11	; 0x0b
    7c30:	3c 85       	ldd	r19, Y+12	; 0x0c
    7c32:	22 30       	cpi	r18, 0x02	; 2
    7c34:	31 05       	cpc	r19, r1
    7c36:	f0 f1       	brcs	.+124    	; 0x7cb4 <Lcd_FillEllipse+0xcc>
    7c38:	16 01       	movw	r2, r12
    7c3a:	91 e0       	ldi	r25, 0x01	; 1
    7c3c:	29 1a       	sub	r2, r25
    7c3e:	31 08       	sbc	r3, r1
    7c40:	ca 01       	movw	r24, r20
    7c42:	82 0d       	add	r24, r2
    7c44:	93 1d       	adc	r25, r3
    7c46:	20 91 09 01 	lds	r18, 0x0109	; 0x800109 <KVB+0x2>
    7c4a:	30 91 0a 01 	lds	r19, 0x010A	; 0x80010a <KVB+0x3>
    7c4e:	28 17       	cp	r18, r24
    7c50:	39 07       	cpc	r19, r25
    7c52:	b0 f0       	brcs	.+44     	; 0x7c80 <Lcd_FillEllipse+0x98>
    7c54:	c4 16       	cp	r12, r20
    7c56:	d5 06       	cpc	r13, r21
    7c58:	98 f0       	brcs	.+38     	; 0x7c80 <Lcd_FillEllipse+0x98>
    7c5a:	e9 81       	ldd	r30, Y+1	; 0x01
    7c5c:	fa 81       	ldd	r31, Y+2	; 0x02
    7c5e:	31 97       	sbiw	r30, 0x01	; 1
    7c60:	f8 87       	std	Y+8, r31	; 0x08
    7c62:	ef 83       	std	Y+7, r30	; 0x07
    7c64:	cf 01       	movw	r24, r30
    7c66:	2b 85       	ldd	r18, Y+11	; 0x0b
    7c68:	3c 85       	ldd	r19, Y+12	; 0x0c
    7c6a:	82 0f       	add	r24, r18
    7c6c:	93 1f       	adc	r25, r19
    7c6e:	20 91 0b 01 	lds	r18, 0x010B	; 0x80010b <KVB+0x4>
    7c72:	30 91 0c 01 	lds	r19, 0x010C	; 0x80010c <KVB+0x5>
    7c76:	28 17       	cp	r18, r24
    7c78:	39 07       	cpc	r19, r25
    7c7a:	20 f5       	brcc	.+72     	; 0x7cc4 <Lcd_FillEllipse+0xdc>
    7c7c:	82 e0       	ldi	r24, 0x02	; 2
    7c7e:	01 c0       	rjmp	.+2      	; 0x7c82 <Lcd_FillEllipse+0x9a>
    7c80:	81 e0       	ldi	r24, 0x01	; 1
    7c82:	66 96       	adiw	r28, 0x16	; 22
    7c84:	0f b6       	in	r0, 0x3f	; 63
    7c86:	f8 94       	cli
    7c88:	de bf       	out	0x3e, r29	; 62
    7c8a:	0f be       	out	0x3f, r0	; 63
    7c8c:	cd bf       	out	0x3d, r28	; 61
    7c8e:	df 91       	pop	r29
    7c90:	cf 91       	pop	r28
    7c92:	1f 91       	pop	r17
    7c94:	0f 91       	pop	r16
    7c96:	ff 90       	pop	r15
    7c98:	ef 90       	pop	r14
    7c9a:	df 90       	pop	r13
    7c9c:	cf 90       	pop	r12
    7c9e:	bf 90       	pop	r11
    7ca0:	af 90       	pop	r10
    7ca2:	9f 90       	pop	r9
    7ca4:	8f 90       	pop	r8
    7ca6:	7f 90       	pop	r7
    7ca8:	6f 90       	pop	r6
    7caa:	5f 90       	pop	r5
    7cac:	4f 90       	pop	r4
    7cae:	3f 90       	pop	r3
    7cb0:	2f 90       	pop	r2
    7cb2:	08 95       	ret
    7cb4:	82 e0       	ldi	r24, 0x02	; 2
    7cb6:	90 e0       	ldi	r25, 0x00	; 0
    7cb8:	9c 87       	std	Y+12, r25	; 0x0c
    7cba:	8b 87       	std	Y+11, r24	; 0x0b
    7cbc:	bd cf       	rjmp	.-134    	; 0x7c38 <Lcd_FillEllipse+0x50>
    7cbe:	42 e0       	ldi	r20, 0x02	; 2
    7cc0:	50 e0       	ldi	r21, 0x00	; 0
    7cc2:	b5 cf       	rjmp	.-150    	; 0x7c2e <Lcd_FillEllipse+0x46>
    7cc4:	8b 85       	ldd	r24, Y+11	; 0x0b
    7cc6:	9c 85       	ldd	r25, Y+12	; 0x0c
    7cc8:	e9 81       	ldd	r30, Y+1	; 0x01
    7cca:	fa 81       	ldd	r31, Y+2	; 0x02
    7ccc:	e8 17       	cp	r30, r24
    7cce:	f9 07       	cpc	r31, r25
    7cd0:	a8 f2       	brcs	.-86     	; 0x7c7c <Lcd_FillEllipse+0x94>
    7cd2:	44 9f       	mul	r20, r20
    7cd4:	90 01       	movw	r18, r0
    7cd6:	45 9f       	mul	r20, r21
    7cd8:	30 0d       	add	r19, r0
    7cda:	30 0d       	add	r19, r0
    7cdc:	11 24       	eor	r1, r1
    7cde:	3c 8b       	std	Y+20, r19	; 0x14
    7ce0:	2b 8b       	std	Y+19, r18	; 0x13
    7ce2:	88 9f       	mul	r24, r24
    7ce4:	a0 01       	movw	r20, r0
    7ce6:	89 9f       	mul	r24, r25
    7ce8:	50 0d       	add	r21, r0
    7cea:	50 0d       	add	r21, r0
    7cec:	11 24       	eor	r1, r1
    7cee:	5a 87       	std	Y+10, r21	; 0x0a
    7cf0:	49 87       	std	Y+9, r20	; 0x09
    7cf2:	88 0f       	add	r24, r24
    7cf4:	99 1f       	adc	r25, r25
    7cf6:	9e 83       	std	Y+6, r25	; 0x06
    7cf8:	8d 83       	std	Y+5, r24	; 0x05
    7cfa:	dc 01       	movw	r26, r24
    7cfc:	11 97       	sbiw	r26, 0x01	; 1
    7cfe:	4a 01       	movw	r8, r20
    7d00:	a1 2c       	mov	r10, r1
    7d02:	b1 2c       	mov	r11, r1
    7d04:	0e 94 f2 73 	call	0xe7e4	; 0xe7e4 <__umulhisi3>
    7d08:	86 1a       	sub	r8, r22
    7d0a:	97 0a       	sbc	r9, r23
    7d0c:	a8 0a       	sbc	r10, r24
    7d0e:	b9 0a       	sbc	r11, r25
    7d10:	80 2f       	mov	r24, r16
    7d12:	90 e0       	ldi	r25, 0x00	; 0
    7d14:	fc 01       	movw	r30, r24
    7d16:	ee 0f       	add	r30, r30
    7d18:	ff 1f       	adc	r31, r31
    7d1a:	e1 5f       	subi	r30, 0xF1	; 241
    7d1c:	fe 4f       	sbci	r31, 0xFE	; 254
    7d1e:	10 81       	ld	r17, Z
    7d20:	88 0f       	add	r24, r24
    7d22:	99 1f       	adc	r25, r25
    7d24:	fc 01       	movw	r30, r24
    7d26:	e9 5f       	subi	r30, 0xF9	; 249
    7d28:	fe 4f       	sbci	r31, 0xFE	; 254
    7d2a:	f7 80       	ldd	r15, Z+7	; 0x07
    7d2c:	94 98       	cbi	0x12, 4	; 18
    7d2e:	eb 89       	ldd	r30, Y+19	; 0x13
    7d30:	fc 89       	ldd	r31, Y+20	; 0x14
    7d32:	cf 01       	movw	r24, r30
    7d34:	a0 e0       	ldi	r26, 0x00	; 0
    7d36:	b0 e0       	ldi	r27, 0x00	; 0
    7d38:	22 27       	eor	r18, r18
    7d3a:	33 27       	eor	r19, r19
    7d3c:	a9 01       	movw	r20, r18
    7d3e:	28 1b       	sub	r18, r24
    7d40:	39 0b       	sbc	r19, r25
    7d42:	4a 0b       	sbc	r20, r26
    7d44:	5b 0b       	sbc	r21, r27
    7d46:	2f 87       	std	Y+15, r18	; 0x0f
    7d48:	38 8b       	std	Y+16, r19	; 0x10
    7d4a:	49 8b       	std	Y+17, r20	; 0x11
    7d4c:	5a 8b       	std	Y+18, r21	; 0x12
    7d4e:	1c 82       	std	Y+4, r1	; 0x04
    7d50:	1b 82       	std	Y+3, r1	; 0x03
    7d52:	4b 85       	ldd	r20, Y+11	; 0x0b
    7d54:	5c 85       	ldd	r21, Y+12	; 0x0c
    7d56:	5e 8b       	std	Y+22, r21	; 0x16
    7d58:	4d 8b       	std	Y+21, r20	; 0x15
    7d5a:	24 c0       	rjmp	.+72     	; 0x7da4 <Lcd_FillEllipse+0x1bc>
    7d5c:	4b 81       	ldd	r20, Y+3	; 0x03
    7d5e:	5c 81       	ldd	r21, Y+4	; 0x04
    7d60:	44 0f       	add	r20, r20
    7d62:	55 1f       	adc	r21, r21
    7d64:	da 01       	movw	r26, r20
    7d66:	11 96       	adiw	r26, 0x01	; 1
    7d68:	29 85       	ldd	r18, Y+9	; 0x09
    7d6a:	3a 85       	ldd	r19, Y+10	; 0x0a
    7d6c:	0e 94 f2 73 	call	0xe7e4	; 0xe7e4 <__umulhisi3>
    7d70:	46 16       	cp	r4, r22
    7d72:	57 06       	cpc	r5, r23
    7d74:	68 06       	cpc	r6, r24
    7d76:	79 06       	cpc	r7, r25
    7d78:	64 f4       	brge	.+24     	; 0x7d92 <Lcd_FillEllipse+0x1aa>
    7d7a:	8b 81       	ldd	r24, Y+3	; 0x03
    7d7c:	9c 81       	ldd	r25, Y+4	; 0x04
    7d7e:	01 96       	adiw	r24, 0x01	; 1
    7d80:	9c 83       	std	Y+4, r25	; 0x04
    7d82:	8b 83       	std	Y+3, r24	; 0x03
    7d84:	12 96       	adiw	r26, 0x02	; 2
    7d86:	0e 94 f2 73 	call	0xe7e4	; 0xe7e4 <__umulhisi3>
    7d8a:	86 0e       	add	r8, r22
    7d8c:	97 1e       	adc	r9, r23
    7d8e:	a8 1e       	adc	r10, r24
    7d90:	b9 1e       	adc	r11, r25
    7d92:	ed 89       	ldd	r30, Y+21	; 0x15
    7d94:	fe 89       	ldd	r31, Y+22	; 0x16
    7d96:	30 97       	sbiw	r30, 0x00	; 0
    7d98:	09 f4       	brne	.+2      	; 0x7d9c <Lcd_FillEllipse+0x1b4>
    7d9a:	50 c0       	rjmp	.+160    	; 0x7e3c <Lcd_FillEllipse+0x254>
    7d9c:	ee 0f       	add	r30, r30
    7d9e:	ff 1f       	adc	r31, r31
    7da0:	fe 83       	std	Y+6, r31	; 0x06
    7da2:	ed 83       	std	Y+5, r30	; 0x05
    7da4:	24 01       	movw	r4, r8
    7da6:	35 01       	movw	r6, r10
    7da8:	44 0c       	add	r4, r4
    7daa:	55 1c       	adc	r5, r5
    7dac:	66 1c       	adc	r6, r6
    7dae:	77 1c       	adc	r7, r7
    7db0:	ad 81       	ldd	r26, Y+5	; 0x05
    7db2:	be 81       	ldd	r27, Y+6	; 0x06
    7db4:	11 97       	sbiw	r26, 0x01	; 1
    7db6:	2f 85       	ldd	r18, Y+15	; 0x0f
    7db8:	38 89       	ldd	r19, Y+16	; 0x10
    7dba:	49 89       	ldd	r20, Y+17	; 0x11
    7dbc:	5a 89       	ldd	r21, Y+18	; 0x12
    7dbe:	0e 94 07 74 	call	0xe80e	; 0xe80e <__muluhisi3>
    7dc2:	64 15       	cp	r22, r4
    7dc4:	75 05       	cpc	r23, r5
    7dc6:	86 05       	cpc	r24, r6
    7dc8:	97 05       	cpc	r25, r7
    7dca:	44 f6       	brge	.-112    	; 0x7d5c <Lcd_FillEllipse+0x174>
    7dcc:	69 81       	ldd	r22, Y+1	; 0x01
    7dce:	7a 81       	ldd	r23, Y+2	; 0x02
    7dd0:	8d 89       	ldd	r24, Y+21	; 0x15
    7dd2:	9e 89       	ldd	r25, Y+22	; 0x16
    7dd4:	68 1b       	sub	r22, r24
    7dd6:	79 0b       	sbc	r23, r25
    7dd8:	ef 2c       	mov	r14, r15
    7dda:	01 2f       	mov	r16, r17
    7ddc:	9b 01       	movw	r18, r22
    7dde:	eb 81       	ldd	r30, Y+3	; 0x03
    7de0:	fc 81       	ldd	r31, Y+4	; 0x04
    7de2:	e2 0d       	add	r30, r2
    7de4:	f3 1d       	adc	r31, r3
    7de6:	fc 87       	std	Y+12, r31	; 0x0c
    7de8:	eb 87       	std	Y+11, r30	; 0x0b
    7dea:	af 01       	movw	r20, r30
    7dec:	c6 01       	movw	r24, r12
    7dee:	eb 81       	ldd	r30, Y+3	; 0x03
    7df0:	fc 81       	ldd	r31, Y+4	; 0x04
    7df2:	8e 1b       	sub	r24, r30
    7df4:	9f 0b       	sbc	r25, r31
    7df6:	9e 87       	std	Y+14, r25	; 0x0e
    7df8:	8d 87       	std	Y+13, r24	; 0x0d
    7dfa:	0e 94 d2 24 	call	0x49a4	; 0x49a4 <LCD_Fast_Fill_Rect_Color>
    7dfe:	6f 81       	ldd	r22, Y+7	; 0x07
    7e00:	78 85       	ldd	r23, Y+8	; 0x08
    7e02:	2d 89       	ldd	r18, Y+21	; 0x15
    7e04:	3e 89       	ldd	r19, Y+22	; 0x16
    7e06:	62 0f       	add	r22, r18
    7e08:	73 1f       	adc	r23, r19
    7e0a:	9b 01       	movw	r18, r22
    7e0c:	4b 85       	ldd	r20, Y+11	; 0x0b
    7e0e:	5c 85       	ldd	r21, Y+12	; 0x0c
    7e10:	8d 85       	ldd	r24, Y+13	; 0x0d
    7e12:	9e 85       	ldd	r25, Y+14	; 0x0e
    7e14:	0e 94 d2 24 	call	0x49a4	; 0x49a4 <LCD_Fast_Fill_Rect_Color>
    7e18:	4d 89       	ldd	r20, Y+21	; 0x15
    7e1a:	5e 89       	ldd	r21, Y+22	; 0x16
    7e1c:	41 50       	subi	r20, 0x01	; 1
    7e1e:	51 09       	sbc	r21, r1
    7e20:	5e 8b       	std	Y+22, r21	; 0x16
    7e22:	4d 8b       	std	Y+21, r20	; 0x15
    7e24:	ad 81       	ldd	r26, Y+5	; 0x05
    7e26:	be 81       	ldd	r27, Y+6	; 0x06
    7e28:	13 97       	sbiw	r26, 0x03	; 3
    7e2a:	2b 89       	ldd	r18, Y+19	; 0x13
    7e2c:	3c 89       	ldd	r19, Y+20	; 0x14
    7e2e:	0e 94 f2 73 	call	0xe7e4	; 0xe7e4 <__umulhisi3>
    7e32:	86 1a       	sub	r8, r22
    7e34:	97 0a       	sbc	r9, r23
    7e36:	a8 0a       	sbc	r10, r24
    7e38:	b9 0a       	sbc	r11, r25
    7e3a:	90 cf       	rjmp	.-224    	; 0x7d5c <Lcd_FillEllipse+0x174>
    7e3c:	94 9a       	sbi	0x12, 4	; 18
    7e3e:	80 e0       	ldi	r24, 0x00	; 0
    7e40:	20 cf       	rjmp	.-448    	; 0x7c82 <Lcd_FillEllipse+0x9a>

00007e42 <Lcd_BorderEllipse>:
    7e42:	2f 92       	push	r2
    7e44:	3f 92       	push	r3
    7e46:	4f 92       	push	r4
    7e48:	5f 92       	push	r5
    7e4a:	6f 92       	push	r6
    7e4c:	7f 92       	push	r7
    7e4e:	8f 92       	push	r8
    7e50:	9f 92       	push	r9
    7e52:	af 92       	push	r10
    7e54:	bf 92       	push	r11
    7e56:	cf 92       	push	r12
    7e58:	df 92       	push	r13
    7e5a:	ef 92       	push	r14
    7e5c:	ff 92       	push	r15
    7e5e:	0f 93       	push	r16
    7e60:	1f 93       	push	r17
    7e62:	cf 93       	push	r28
    7e64:	df 93       	push	r29
    7e66:	cd b7       	in	r28, 0x3d	; 61
    7e68:	de b7       	in	r29, 0x3e	; 62
    7e6a:	ae 97       	sbiw	r28, 0x2e	; 46
    7e6c:	0f b6       	in	r0, 0x3f	; 63
    7e6e:	f8 94       	cli
    7e70:	de bf       	out	0x3e, r29	; 62
    7e72:	0f be       	out	0x3f, r0	; 63
    7e74:	cd bf       	out	0x3d, r28	; 61
    7e76:	89 83       	std	Y+1, r24	; 0x01
    7e78:	4b 01       	movw	r8, r22
    7e7a:	5c 87       	std	Y+12, r21	; 0x0c
    7e7c:	4b 87       	std	Y+11, r20	; 0x0b
    7e7e:	a9 01       	movw	r20, r18
    7e80:	c8 8e       	std	Y+24, r12	; 0x18
    7e82:	af 8a       	std	Y+23, r10	; 0x17
    7e84:	23 30       	cpi	r18, 0x03	; 3
    7e86:	31 05       	cpc	r19, r1
    7e88:	10 f4       	brcc	.+4      	; 0x7e8e <Lcd_BorderEllipse+0x4c>
    7e8a:	43 e0       	ldi	r20, 0x03	; 3
    7e8c:	50 e0       	ldi	r21, 0x00	; 0
    7e8e:	03 30       	cpi	r16, 0x03	; 3
    7e90:	11 05       	cpc	r17, r1
    7e92:	10 f4       	brcc	.+4      	; 0x7e98 <Lcd_BorderEllipse+0x56>
    7e94:	03 e0       	ldi	r16, 0x03	; 3
    7e96:	10 e0       	ldi	r17, 0x00	; 0
    7e98:	94 01       	movw	r18, r8
    7e9a:	21 50       	subi	r18, 0x01	; 1
    7e9c:	31 09       	sbc	r19, r1
    7e9e:	3a 87       	std	Y+10, r19	; 0x0a
    7ea0:	29 87       	std	Y+9, r18	; 0x09
    7ea2:	24 0f       	add	r18, r20
    7ea4:	35 1f       	adc	r19, r21
    7ea6:	60 91 09 01 	lds	r22, 0x0109	; 0x800109 <KVB+0x2>
    7eaa:	70 91 0a 01 	lds	r23, 0x010A	; 0x80010a <KVB+0x3>
    7eae:	62 17       	cp	r22, r18
    7eb0:	73 07       	cpc	r23, r19
    7eb2:	a0 f0       	brcs	.+40     	; 0x7edc <Lcd_BorderEllipse+0x9a>
    7eb4:	84 16       	cp	r8, r20
    7eb6:	95 06       	cpc	r9, r21
    7eb8:	88 f0       	brcs	.+34     	; 0x7edc <Lcd_BorderEllipse+0x9a>
    7eba:	8b 85       	ldd	r24, Y+11	; 0x0b
    7ebc:	9c 85       	ldd	r25, Y+12	; 0x0c
    7ebe:	01 97       	sbiw	r24, 0x01	; 1
    7ec0:	9c 8f       	std	Y+28, r25	; 0x1c
    7ec2:	8b 8f       	std	Y+27, r24	; 0x1b
    7ec4:	9c 01       	movw	r18, r24
    7ec6:	20 0f       	add	r18, r16
    7ec8:	31 1f       	adc	r19, r17
    7eca:	60 91 0b 01 	lds	r22, 0x010B	; 0x80010b <KVB+0x4>
    7ece:	70 91 0c 01 	lds	r23, 0x010C	; 0x80010c <KVB+0x5>
    7ed2:	62 17       	cp	r22, r18
    7ed4:	73 07       	cpc	r23, r19
    7ed6:	e0 f4       	brcc	.+56     	; 0x7f10 <Lcd_BorderEllipse+0xce>
    7ed8:	82 e0       	ldi	r24, 0x02	; 2
    7eda:	01 c0       	rjmp	.+2      	; 0x7ede <Lcd_BorderEllipse+0x9c>
    7edc:	81 e0       	ldi	r24, 0x01	; 1
    7ede:	ae 96       	adiw	r28, 0x2e	; 46
    7ee0:	0f b6       	in	r0, 0x3f	; 63
    7ee2:	f8 94       	cli
    7ee4:	de bf       	out	0x3e, r29	; 62
    7ee6:	0f be       	out	0x3f, r0	; 63
    7ee8:	cd bf       	out	0x3d, r28	; 61
    7eea:	df 91       	pop	r29
    7eec:	cf 91       	pop	r28
    7eee:	1f 91       	pop	r17
    7ef0:	0f 91       	pop	r16
    7ef2:	ff 90       	pop	r15
    7ef4:	ef 90       	pop	r14
    7ef6:	df 90       	pop	r13
    7ef8:	cf 90       	pop	r12
    7efa:	bf 90       	pop	r11
    7efc:	af 90       	pop	r10
    7efe:	9f 90       	pop	r9
    7f00:	8f 90       	pop	r8
    7f02:	7f 90       	pop	r7
    7f04:	6f 90       	pop	r6
    7f06:	5f 90       	pop	r5
    7f08:	4f 90       	pop	r4
    7f0a:	3f 90       	pop	r3
    7f0c:	2f 90       	pop	r2
    7f0e:	08 95       	ret
    7f10:	ab 85       	ldd	r26, Y+11	; 0x0b
    7f12:	bc 85       	ldd	r27, Y+12	; 0x0c
    7f14:	a0 17       	cp	r26, r16
    7f16:	b1 07       	cpc	r27, r17
    7f18:	f8 f2       	brcs	.-66     	; 0x7ed8 <Lcd_BorderEllipse+0x96>
    7f1a:	04 17       	cp	r16, r20
    7f1c:	15 07       	cpc	r17, r21
    7f1e:	08 f0       	brcs	.+2      	; 0x7f22 <Lcd_BorderEllipse+0xe0>
    7f20:	4b c1       	rjmp	.+662    	; 0x81b8 <Lcd_BorderEllipse+0x376>
    7f22:	f8 01       	movw	r30, r16
    7f24:	32 97       	sbiw	r30, 0x02	; 2
    7f26:	97 01       	movw	r18, r14
    7f28:	ef 28       	or	r14, r15
    7f2a:	11 f4       	brne	.+4      	; 0x7f30 <Lcd_BorderEllipse+0xee>
    7f2c:	21 e0       	ldi	r18, 0x01	; 1
    7f2e:	30 e0       	ldi	r19, 0x00	; 0
    7f30:	2e 17       	cp	r18, r30
    7f32:	3f 07       	cpc	r19, r31
    7f34:	08 f4       	brcc	.+2      	; 0x7f38 <Lcd_BorderEllipse+0xf6>
    7f36:	f9 01       	movw	r30, r18
    7f38:	1c 83       	std	Y+4, r17	; 0x04
    7f3a:	0b 83       	std	Y+3, r16	; 0x03
    7f3c:	44 9f       	mul	r20, r20
    7f3e:	60 01       	movw	r12, r0
    7f40:	45 9f       	mul	r20, r21
    7f42:	d0 0c       	add	r13, r0
    7f44:	d0 0c       	add	r13, r0
    7f46:	11 24       	eor	r1, r1
    7f48:	de 8e       	std	Y+30, r13	; 0x1e
    7f4a:	cd 8e       	std	Y+29, r12	; 0x1d
    7f4c:	00 9f       	mul	r16, r16
    7f4e:	60 01       	movw	r12, r0
    7f50:	01 9f       	mul	r16, r17
    7f52:	d0 0c       	add	r13, r0
    7f54:	d0 0c       	add	r13, r0
    7f56:	11 24       	eor	r1, r1
    7f58:	d8 a2       	std	Y+32, r13	; 0x20
    7f5a:	cf 8e       	std	Y+31, r12	; 0x1f
    7f5c:	d8 01       	movw	r26, r16
    7f5e:	aa 0f       	add	r26, r26
    7f60:	bb 1f       	adc	r27, r27
    7f62:	11 97       	sbiw	r26, 0x01	; 1
    7f64:	e1 2c       	mov	r14, r1
    7f66:	f1 2c       	mov	r15, r1
    7f68:	2d 8d       	ldd	r18, Y+29	; 0x1d
    7f6a:	3e 8d       	ldd	r19, Y+30	; 0x1e
    7f6c:	0e 94 f2 73 	call	0xe7e4	; 0xe7e4 <__umulhisi3>
    7f70:	97 01       	movw	r18, r14
    7f72:	86 01       	movw	r16, r12
    7f74:	06 1b       	sub	r16, r22
    7f76:	17 0b       	sbc	r17, r23
    7f78:	28 0b       	sbc	r18, r24
    7f7a:	39 0b       	sbc	r19, r25
    7f7c:	0d 87       	std	Y+13, r16	; 0x0d
    7f7e:	1e 87       	std	Y+14, r17	; 0x0e
    7f80:	2f 87       	std	Y+15, r18	; 0x0f
    7f82:	38 8b       	std	Y+16, r19	; 0x10
    7f84:	ab 80       	ldd	r10, Y+3	; 0x03
    7f86:	bc 80       	ldd	r11, Y+4	; 0x04
    7f88:	1f ef       	ldi	r17, 0xFF	; 255
    7f8a:	a1 1a       	sub	r10, r17
    7f8c:	b1 0a       	sbc	r11, r17
    7f8e:	ae 1a       	sub	r10, r30
    7f90:	bf 0a       	sbc	r11, r31
    7f92:	4f 5f       	subi	r20, 0xFF	; 255
    7f94:	5f 4f       	sbci	r21, 0xFF	; 255
    7f96:	4e 1b       	sub	r20, r30
    7f98:	5f 0b       	sbc	r21, r31
    7f9a:	44 9f       	mul	r20, r20
    7f9c:	60 01       	movw	r12, r0
    7f9e:	45 9f       	mul	r20, r21
    7fa0:	d0 0c       	add	r13, r0
    7fa2:	d0 0c       	add	r13, r0
    7fa4:	11 24       	eor	r1, r1
    7fa6:	de 82       	std	Y+6, r13	; 0x06
    7fa8:	cd 82       	std	Y+5, r12	; 0x05
    7faa:	aa 9c       	mul	r10, r10
    7fac:	60 01       	movw	r12, r0
    7fae:	ab 9c       	mul	r10, r11
    7fb0:	d0 0c       	add	r13, r0
    7fb2:	d0 0c       	add	r13, r0
    7fb4:	11 24       	eor	r1, r1
    7fb6:	d8 86       	std	Y+8, r13	; 0x08
    7fb8:	cf 82       	std	Y+7, r12	; 0x07
    7fba:	d5 01       	movw	r26, r10
    7fbc:	aa 0f       	add	r26, r26
    7fbe:	bb 1f       	adc	r27, r27
    7fc0:	11 97       	sbiw	r26, 0x01	; 1
    7fc2:	e1 2c       	mov	r14, r1
    7fc4:	f1 2c       	mov	r15, r1
    7fc6:	2d 81       	ldd	r18, Y+5	; 0x05
    7fc8:	3e 81       	ldd	r19, Y+6	; 0x06
    7fca:	0e 94 f2 73 	call	0xe7e4	; 0xe7e4 <__umulhisi3>
    7fce:	26 01       	movw	r4, r12
    7fd0:	37 01       	movw	r6, r14
    7fd2:	46 1a       	sub	r4, r22
    7fd4:	57 0a       	sbc	r5, r23
    7fd6:	68 0a       	sbc	r6, r24
    7fd8:	79 0a       	sbc	r7, r25
    7fda:	df 88       	ldd	r13, Y+23	; 0x17
    7fdc:	8d 2d       	mov	r24, r13
    7fde:	90 e0       	ldi	r25, 0x00	; 0
    7fe0:	fc 01       	movw	r30, r24
    7fe2:	ee 0f       	add	r30, r30
    7fe4:	ff 1f       	adc	r31, r31
    7fe6:	e1 5f       	subi	r30, 0xF1	; 241
    7fe8:	fe 4f       	sbci	r31, 0xFE	; 254
    7fea:	f0 80       	ld	r15, Z
    7fec:	f9 a6       	std	Y+41, r15	; 0x29
    7fee:	88 0f       	add	r24, r24
    7ff0:	99 1f       	adc	r25, r25
    7ff2:	fc 01       	movw	r30, r24
    7ff4:	e9 5f       	subi	r30, 0xF9	; 249
    7ff6:	fe 4f       	sbci	r31, 0xFE	; 254
    7ff8:	17 81       	ldd	r17, Z+7	; 0x07
    7ffa:	1a a7       	std	Y+42, r17	; 0x2a
    7ffc:	94 98       	cbi	0x12, 4	; 18
    7ffe:	1a 8e       	std	Y+26, r1	; 0x1a
    8000:	19 8e       	std	Y+25, r1	; 0x19
    8002:	22 24       	eor	r2, r2
    8004:	23 94       	inc	r2
    8006:	31 2c       	mov	r3, r1
    8008:	94 01       	movw	r18, r8
    800a:	22 50       	subi	r18, 0x02	; 2
    800c:	31 09       	sbc	r19, r1
    800e:	3e a3       	std	Y+38, r19	; 0x26
    8010:	2d a3       	std	Y+37, r18	; 0x25
    8012:	a4 01       	movw	r20, r8
    8014:	4f 5f       	subi	r20, 0xFF	; 255
    8016:	5f 4f       	sbci	r21, 0xFF	; 255
    8018:	58 a7       	std	Y+40, r21	; 0x28
    801a:	4f a3       	std	Y+39, r20	; 0x27
    801c:	c1 2c       	mov	r12, r1
    801e:	d1 2c       	mov	r13, r1
    8020:	de a6       	std	Y+46, r13	; 0x2e
    8022:	cd a6       	std	Y+45, r12	; 0x2d
    8024:	19 81       	ldd	r17, Y+1	; 0x01
    8026:	4b c0       	rjmp	.+150    	; 0x80be <Lcd_BorderEllipse+0x27c>
    8028:	12 30       	cpi	r17, 0x02	; 2
    802a:	08 f4       	brcc	.+2      	; 0x802e <Lcd_BorderEllipse+0x1ec>
    802c:	c8 c0       	rjmp	.+400    	; 0x81be <Lcd_BorderEllipse+0x37c>
    802e:	ab 81       	ldd	r26, Y+3	; 0x03
    8030:	bc 81       	ldd	r27, Y+4	; 0x04
    8032:	11 97       	sbiw	r26, 0x01	; 1
    8034:	bc 83       	std	Y+4, r27	; 0x04
    8036:	ab 83       	std	Y+3, r26	; 0x03
    8038:	ad 89       	ldd	r26, Y+21	; 0x15
    803a:	be 89       	ldd	r27, Y+22	; 0x16
    803c:	13 97       	sbiw	r26, 0x03	; 3
    803e:	2d 8d       	ldd	r18, Y+29	; 0x1d
    8040:	3e 8d       	ldd	r19, Y+30	; 0x1e
    8042:	0e 94 01 74 	call	0xe802	; 0xe802 <__usmulhisi3>
    8046:	cd 84       	ldd	r12, Y+13	; 0x0d
    8048:	de 84       	ldd	r13, Y+14	; 0x0e
    804a:	ef 84       	ldd	r14, Y+15	; 0x0f
    804c:	f8 88       	ldd	r15, Y+16	; 0x10
    804e:	c6 1a       	sub	r12, r22
    8050:	d7 0a       	sbc	r13, r23
    8052:	e8 0a       	sbc	r14, r24
    8054:	f9 0a       	sbc	r15, r25
    8056:	cd 86       	std	Y+13, r12	; 0x0d
    8058:	de 86       	std	Y+14, r13	; 0x0e
    805a:	ef 86       	std	Y+15, r14	; 0x0f
    805c:	f8 8a       	std	Y+16, r15	; 0x10
    805e:	49 8d       	ldd	r20, Y+25	; 0x19
    8060:	5a 8d       	ldd	r21, Y+26	; 0x1a
    8062:	44 0f       	add	r20, r20
    8064:	55 1f       	adc	r21, r21
    8066:	da 01       	movw	r26, r20
    8068:	11 96       	adiw	r26, 0x01	; 1
    806a:	2f 8d       	ldd	r18, Y+31	; 0x1f
    806c:	38 a1       	ldd	r19, Y+32	; 0x20
    806e:	0e 94 01 74 	call	0xe802	; 0xe802 <__usmulhisi3>
    8072:	c9 88       	ldd	r12, Y+17	; 0x11
    8074:	da 88       	ldd	r13, Y+18	; 0x12
    8076:	eb 88       	ldd	r14, Y+19	; 0x13
    8078:	fc 88       	ldd	r15, Y+20	; 0x14
    807a:	c6 16       	cp	r12, r22
    807c:	d7 06       	cpc	r13, r23
    807e:	e8 06       	cpc	r14, r24
    8080:	f9 06       	cpc	r15, r25
    8082:	bc f4       	brge	.+46     	; 0x80b2 <Lcd_BorderEllipse+0x270>
    8084:	29 8d       	ldd	r18, Y+25	; 0x19
    8086:	3a 8d       	ldd	r19, Y+26	; 0x1a
    8088:	2f 5f       	subi	r18, 0xFF	; 255
    808a:	3f 4f       	sbci	r19, 0xFF	; 255
    808c:	3a 8f       	std	Y+26, r19	; 0x1a
    808e:	29 8f       	std	Y+25, r18	; 0x19
    8090:	12 96       	adiw	r26, 0x02	; 2
    8092:	2f 8d       	ldd	r18, Y+31	; 0x1f
    8094:	38 a1       	ldd	r19, Y+32	; 0x20
    8096:	0e 94 01 74 	call	0xe802	; 0xe802 <__usmulhisi3>
    809a:	cd 84       	ldd	r12, Y+13	; 0x0d
    809c:	de 84       	ldd	r13, Y+14	; 0x0e
    809e:	ef 84       	ldd	r14, Y+15	; 0x0f
    80a0:	f8 88       	ldd	r15, Y+16	; 0x10
    80a2:	c6 0e       	add	r12, r22
    80a4:	d7 1e       	adc	r13, r23
    80a6:	e8 1e       	adc	r14, r24
    80a8:	f9 1e       	adc	r15, r25
    80aa:	cd 86       	std	Y+13, r12	; 0x0d
    80ac:	de 86       	std	Y+14, r13	; 0x0e
    80ae:	ef 86       	std	Y+15, r14	; 0x0f
    80b0:	f8 8a       	std	Y+16, r15	; 0x10
    80b2:	cb 80       	ldd	r12, Y+3	; 0x03
    80b4:	dc 80       	ldd	r13, Y+4	; 0x04
    80b6:	1c 14       	cp	r1, r12
    80b8:	1d 04       	cpc	r1, r13
    80ba:	0c f0       	brlt	.+2      	; 0x80be <Lcd_BorderEllipse+0x27c>
    80bc:	7a c0       	rjmp	.+244    	; 0x81b2 <Lcd_BorderEllipse+0x370>
    80be:	cd 84       	ldd	r12, Y+13	; 0x0d
    80c0:	de 84       	ldd	r13, Y+14	; 0x0e
    80c2:	ef 84       	ldd	r14, Y+15	; 0x0f
    80c4:	f8 88       	ldd	r15, Y+16	; 0x10
    80c6:	cc 0c       	add	r12, r12
    80c8:	dd 1c       	adc	r13, r13
    80ca:	ee 1c       	adc	r14, r14
    80cc:	ff 1c       	adc	r15, r15
    80ce:	c9 8a       	std	Y+17, r12	; 0x11
    80d0:	da 8a       	std	Y+18, r13	; 0x12
    80d2:	eb 8a       	std	Y+19, r14	; 0x13
    80d4:	fc 8a       	std	Y+20, r15	; 0x14
    80d6:	cb 80       	ldd	r12, Y+3	; 0x03
    80d8:	dc 80       	ldd	r13, Y+4	; 0x04
    80da:	cc 0c       	add	r12, r12
    80dc:	dd 1c       	adc	r13, r13
    80de:	de 8a       	std	Y+22, r13	; 0x16
    80e0:	cd 8a       	std	Y+21, r12	; 0x15
    80e2:	d1 01       	movw	r26, r2
    80e4:	ac 19       	sub	r26, r12
    80e6:	bd 09       	sbc	r27, r13
    80e8:	2d 8d       	ldd	r18, Y+29	; 0x1d
    80ea:	3e 8d       	ldd	r19, Y+30	; 0x1e
    80ec:	0e 94 01 74 	call	0xe802	; 0xe802 <__usmulhisi3>
    80f0:	c9 88       	ldd	r12, Y+17	; 0x11
    80f2:	da 88       	ldd	r13, Y+18	; 0x12
    80f4:	eb 88       	ldd	r14, Y+19	; 0x13
    80f6:	fc 88       	ldd	r15, Y+20	; 0x14
    80f8:	6c 15       	cp	r22, r12
    80fa:	7d 05       	cpc	r23, r13
    80fc:	8e 05       	cpc	r24, r14
    80fe:	9f 05       	cpc	r25, r15
    8100:	0c f0       	brlt	.+2      	; 0x8104 <Lcd_BorderEllipse+0x2c2>
    8102:	ad cf       	rjmp	.-166    	; 0x805e <Lcd_BorderEllipse+0x21c>
    8104:	cb 80       	ldd	r12, Y+3	; 0x03
    8106:	dc 80       	ldd	r13, Y+4	; 0x04
    8108:	ca 14       	cp	r12, r10
    810a:	db 04       	cpc	r13, r11
    810c:	0c f0       	brlt	.+2      	; 0x8110 <Lcd_BorderEllipse+0x2ce>
    810e:	8c cf       	rjmp	.-232    	; 0x8028 <Lcd_BorderEllipse+0x1e6>
    8110:	1a 14       	cp	r1, r10
    8112:	1b 04       	cpc	r1, r11
    8114:	0c f0       	brlt	.+2      	; 0x8118 <Lcd_BorderEllipse+0x2d6>
    8116:	8b cf       	rjmp	.-234    	; 0x802e <Lcd_BorderEllipse+0x1ec>
    8118:	f5 01       	movw	r30, r10
    811a:	ee 0f       	add	r30, r30
    811c:	ff 1f       	adc	r31, r31
    811e:	73 01       	movw	r14, r6
    8120:	62 01       	movw	r12, r4
    8122:	cc 0c       	add	r12, r12
    8124:	dd 1c       	adc	r13, r13
    8126:	ee 1c       	adc	r14, r14
    8128:	ff 1c       	adc	r15, r15
    812a:	4d a5       	ldd	r20, Y+45	; 0x2d
    812c:	5e a5       	ldd	r21, Y+46	; 0x2e
    812e:	44 0f       	add	r20, r20
    8130:	55 1f       	adc	r21, r21
    8132:	da 01       	movw	r26, r20
    8134:	11 96       	adiw	r26, 0x01	; 1
    8136:	2f 81       	ldd	r18, Y+7	; 0x07
    8138:	38 85       	ldd	r19, Y+8	; 0x08
    813a:	0e 94 01 74 	call	0xe802	; 0xe802 <__usmulhisi3>
    813e:	c6 16       	cp	r12, r22
    8140:	d7 06       	cpc	r13, r23
    8142:	e8 06       	cpc	r14, r24
    8144:	f9 06       	cpc	r15, r25
    8146:	7c f4       	brge	.+30     	; 0x8166 <Lcd_BorderEllipse+0x324>
    8148:	2d a5       	ldd	r18, Y+45	; 0x2d
    814a:	3e a5       	ldd	r19, Y+46	; 0x2e
    814c:	2f 5f       	subi	r18, 0xFF	; 255
    814e:	3f 4f       	sbci	r19, 0xFF	; 255
    8150:	3e a7       	std	Y+46, r19	; 0x2e
    8152:	2d a7       	std	Y+45, r18	; 0x2d
    8154:	12 96       	adiw	r26, 0x02	; 2
    8156:	2f 81       	ldd	r18, Y+7	; 0x07
    8158:	38 85       	ldd	r19, Y+8	; 0x08
    815a:	0e 94 01 74 	call	0xe802	; 0xe802 <__usmulhisi3>
    815e:	46 0e       	add	r4, r22
    8160:	57 1e       	adc	r5, r23
    8162:	68 1e       	adc	r6, r24
    8164:	79 1e       	adc	r7, r25
    8166:	2d 81       	ldd	r18, Y+5	; 0x05
    8168:	3e 81       	ldd	r19, Y+6	; 0x06
    816a:	d1 01       	movw	r26, r2
    816c:	ae 1b       	sub	r26, r30
    816e:	bf 0b       	sbc	r27, r31
    8170:	0e 94 01 74 	call	0xe802	; 0xe802 <__usmulhisi3>
    8174:	6c 15       	cp	r22, r12
    8176:	7d 05       	cpc	r23, r13
    8178:	8e 05       	cpc	r24, r14
    817a:	9f 05       	cpc	r25, r15
    817c:	84 f6       	brge	.-96     	; 0x811e <Lcd_BorderEllipse+0x2dc>
    817e:	31 e0       	ldi	r19, 0x01	; 1
    8180:	a3 1a       	sub	r10, r19
    8182:	b1 08       	sbc	r11, r1
    8184:	df 01       	movw	r26, r30
    8186:	13 97       	sbiw	r26, 0x03	; 3
    8188:	2d 81       	ldd	r18, Y+5	; 0x05
    818a:	3e 81       	ldd	r19, Y+6	; 0x06
    818c:	0e 94 01 74 	call	0xe802	; 0xe802 <__usmulhisi3>
    8190:	46 1a       	sub	r4, r22
    8192:	57 0a       	sbc	r5, r23
    8194:	68 0a       	sbc	r6, r24
    8196:	79 0a       	sbc	r7, r25
    8198:	cb 80       	ldd	r12, Y+3	; 0x03
    819a:	dc 80       	ldd	r13, Y+4	; 0x04
    819c:	ca 14       	cp	r12, r10
    819e:	db 04       	cpc	r13, r11
    81a0:	09 f0       	breq	.+2      	; 0x81a4 <Lcd_BorderEllipse+0x362>
    81a2:	b6 cf       	rjmp	.-148    	; 0x8110 <Lcd_BorderEllipse+0x2ce>
    81a4:	12 30       	cpi	r17, 0x02	; 2
    81a6:	08 f4       	brcc	.+2      	; 0x81aa <Lcd_BorderEllipse+0x368>
    81a8:	58 c0       	rjmp	.+176    	; 0x825a <Lcd_BorderEllipse+0x418>
    81aa:	12 30       	cpi	r17, 0x02	; 2
    81ac:	61 f1       	breq	.+88     	; 0x8206 <Lcd_BorderEllipse+0x3c4>
    81ae:	56 01       	movw	r10, r12
    81b0:	3e cf       	rjmp	.-388    	; 0x802e <Lcd_BorderEllipse+0x1ec>
    81b2:	94 9a       	sbi	0x12, 4	; 18
    81b4:	80 e0       	ldi	r24, 0x00	; 0
    81b6:	93 ce       	rjmp	.-730    	; 0x7ede <Lcd_BorderEllipse+0x9c>
    81b8:	fa 01       	movw	r30, r20
    81ba:	32 97       	sbiw	r30, 0x02	; 2
    81bc:	b4 ce       	rjmp	.-664    	; 0x7f26 <Lcd_BorderEllipse+0xe4>
    81be:	0f 89       	ldd	r16, Y+23	; 0x17
    81c0:	6b 85       	ldd	r22, Y+11	; 0x0b
    81c2:	7c 85       	ldd	r23, Y+12	; 0x0c
    81c4:	cb 80       	ldd	r12, Y+3	; 0x03
    81c6:	dc 80       	ldd	r13, Y+4	; 0x04
    81c8:	6c 19       	sub	r22, r12
    81ca:	7d 09       	sbc	r23, r13
    81cc:	9b 01       	movw	r18, r22
    81ce:	e9 84       	ldd	r14, Y+9	; 0x09
    81d0:	fa 84       	ldd	r15, Y+10	; 0x0a
    81d2:	c9 8c       	ldd	r12, Y+25	; 0x19
    81d4:	da 8c       	ldd	r13, Y+26	; 0x1a
    81d6:	ec 0c       	add	r14, r12
    81d8:	fd 1c       	adc	r15, r13
    81da:	a7 01       	movw	r20, r14
    81dc:	64 01       	movw	r12, r8
    81de:	89 8d       	ldd	r24, Y+25	; 0x19
    81e0:	9a 8d       	ldd	r25, Y+26	; 0x1a
    81e2:	c8 1a       	sub	r12, r24
    81e4:	d9 0a       	sbc	r13, r25
    81e6:	c6 01       	movw	r24, r12
    81e8:	0e 94 cb 23 	call	0x4796	; 0x4796 <LCD_Fast_Short_Fill_Rect>
    81ec:	0f 89       	ldd	r16, Y+23	; 0x17
    81ee:	6b 8d       	ldd	r22, Y+27	; 0x1b
    81f0:	7c 8d       	ldd	r23, Y+28	; 0x1c
    81f2:	ab 81       	ldd	r26, Y+3	; 0x03
    81f4:	bc 81       	ldd	r27, Y+4	; 0x04
    81f6:	6a 0f       	add	r22, r26
    81f8:	7b 1f       	adc	r23, r27
    81fa:	9b 01       	movw	r18, r22
    81fc:	a7 01       	movw	r20, r14
    81fe:	c6 01       	movw	r24, r12
    8200:	0e 94 cb 23 	call	0x4796	; 0x4796 <LCD_Fast_Short_Fill_Rect>
    8204:	14 cf       	rjmp	.-472    	; 0x802e <Lcd_BorderEllipse+0x1ec>
    8206:	ab 84       	ldd	r10, Y+11	; 0x0b
    8208:	bc 84       	ldd	r11, Y+12	; 0x0c
    820a:	cb 80       	ldd	r12, Y+3	; 0x03
    820c:	dc 80       	ldd	r13, Y+4	; 0x04
    820e:	ac 18       	sub	r10, r12
    8210:	bd 08       	sbc	r11, r13
    8212:	eb 8c       	ldd	r14, Y+27	; 0x1b
    8214:	fc 8c       	ldd	r15, Y+28	; 0x1c
    8216:	ec 0c       	add	r14, r12
    8218:	fd 1c       	adc	r15, r13
    821a:	fa 82       	std	Y+2, r15	; 0x02
    821c:	e9 82       	std	Y+1, r14	; 0x01
    821e:	08 8d       	ldd	r16, Y+24	; 0x18
    8220:	95 01       	movw	r18, r10
    8222:	cd a0       	ldd	r12, Y+37	; 0x25
    8224:	de a0       	ldd	r13, Y+38	; 0x26
    8226:	4d a5       	ldd	r20, Y+45	; 0x2d
    8228:	5e a5       	ldd	r21, Y+46	; 0x2e
    822a:	c4 0e       	add	r12, r20
    822c:	d5 1e       	adc	r13, r21
    822e:	a6 01       	movw	r20, r12
    8230:	b5 01       	movw	r22, r10
    8232:	ef a0       	ldd	r14, Y+39	; 0x27
    8234:	f8 a4       	ldd	r15, Y+40	; 0x28
    8236:	8d a5       	ldd	r24, Y+45	; 0x2d
    8238:	9e a5       	ldd	r25, Y+46	; 0x2e
    823a:	e8 1a       	sub	r14, r24
    823c:	f9 0a       	sbc	r15, r25
    823e:	c7 01       	movw	r24, r14
    8240:	0e 94 52 24 	call	0x48a4	; 0x48a4 <LCD_Fast_Fill_Rect>
    8244:	08 8d       	ldd	r16, Y+24	; 0x18
    8246:	29 81       	ldd	r18, Y+1	; 0x01
    8248:	3a 81       	ldd	r19, Y+2	; 0x02
    824a:	a6 01       	movw	r20, r12
    824c:	b9 01       	movw	r22, r18
    824e:	c7 01       	movw	r24, r14
    8250:	0e 94 52 24 	call	0x48a4	; 0x48a4 <LCD_Fast_Fill_Rect>
    8254:	ab 80       	ldd	r10, Y+3	; 0x03
    8256:	bc 80       	ldd	r11, Y+4	; 0x04
    8258:	ea ce       	rjmp	.-556    	; 0x802e <Lcd_BorderEllipse+0x1ec>
    825a:	ab 84       	ldd	r10, Y+11	; 0x0b
    825c:	bc 84       	ldd	r11, Y+12	; 0x0c
    825e:	cb 80       	ldd	r12, Y+3	; 0x03
    8260:	dc 80       	ldd	r13, Y+4	; 0x04
    8262:	ac 18       	sub	r10, r12
    8264:	bd 08       	sbc	r11, r13
    8266:	ea a4       	ldd	r14, Y+42	; 0x2a
    8268:	09 a5       	ldd	r16, Y+41	; 0x29
    826a:	95 01       	movw	r18, r10
    826c:	64 01       	movw	r12, r8
    826e:	4d a5       	ldd	r20, Y+45	; 0x2d
    8270:	5e a5       	ldd	r21, Y+46	; 0x2e
    8272:	c4 1a       	sub	r12, r20
    8274:	d5 0a       	sbc	r13, r21
    8276:	a6 01       	movw	r20, r12
    8278:	b5 01       	movw	r22, r10
    827a:	c4 01       	movw	r24, r8
    827c:	a9 8d       	ldd	r26, Y+25	; 0x19
    827e:	ba 8d       	ldd	r27, Y+26	; 0x1a
    8280:	8a 1b       	sub	r24, r26
    8282:	9b 0b       	sbc	r25, r27
    8284:	9a a3       	std	Y+34, r25	; 0x22
    8286:	89 a3       	std	Y+33, r24	; 0x21
    8288:	0e 94 15 24 	call	0x482a	; 0x482a <LCD_Fast_Short_Fill_Rect_Color>
    828c:	ea a4       	ldd	r14, Y+42	; 0x2a
    828e:	09 a5       	ldd	r16, Y+41	; 0x29
    8290:	95 01       	movw	r18, r10
    8292:	e9 85       	ldd	r30, Y+9	; 0x09
    8294:	fa 85       	ldd	r31, Y+10	; 0x0a
    8296:	49 8d       	ldd	r20, Y+25	; 0x19
    8298:	5a 8d       	ldd	r21, Y+26	; 0x1a
    829a:	e4 0f       	add	r30, r20
    829c:	f5 1f       	adc	r31, r21
    829e:	fc a3       	std	Y+36, r31	; 0x24
    82a0:	eb a3       	std	Y+35, r30	; 0x23
    82a2:	af 01       	movw	r20, r30
    82a4:	b5 01       	movw	r22, r10
    82a6:	89 85       	ldd	r24, Y+9	; 0x09
    82a8:	9a 85       	ldd	r25, Y+10	; 0x0a
    82aa:	ad a5       	ldd	r26, Y+45	; 0x2d
    82ac:	be a5       	ldd	r27, Y+46	; 0x2e
    82ae:	8a 0f       	add	r24, r26
    82b0:	9b 1f       	adc	r25, r27
    82b2:	9c a7       	std	Y+44, r25	; 0x2c
    82b4:	8b a7       	std	Y+43, r24	; 0x2b
    82b6:	0e 94 15 24 	call	0x482a	; 0x482a <LCD_Fast_Short_Fill_Rect_Color>
    82ba:	eb 8d       	ldd	r30, Y+27	; 0x1b
    82bc:	fc 8d       	ldd	r31, Y+28	; 0x1c
    82be:	eb 80       	ldd	r14, Y+3	; 0x03
    82c0:	fc 80       	ldd	r15, Y+4	; 0x04
    82c2:	ee 0d       	add	r30, r14
    82c4:	ff 1d       	adc	r31, r15
    82c6:	fa 83       	std	Y+2, r31	; 0x02
    82c8:	e9 83       	std	Y+1, r30	; 0x01
    82ca:	ea a4       	ldd	r14, Y+42	; 0x2a
    82cc:	09 a5       	ldd	r16, Y+41	; 0x29
    82ce:	9f 01       	movw	r18, r30
    82d0:	a6 01       	movw	r20, r12
    82d2:	bf 01       	movw	r22, r30
    82d4:	89 a1       	ldd	r24, Y+33	; 0x21
    82d6:	9a a1       	ldd	r25, Y+34	; 0x22
    82d8:	0e 94 15 24 	call	0x482a	; 0x482a <LCD_Fast_Short_Fill_Rect_Color>
    82dc:	ea a4       	ldd	r14, Y+42	; 0x2a
    82de:	09 a5       	ldd	r16, Y+41	; 0x29
    82e0:	29 81       	ldd	r18, Y+1	; 0x01
    82e2:	3a 81       	ldd	r19, Y+2	; 0x02
    82e4:	4b a1       	ldd	r20, Y+35	; 0x23
    82e6:	5c a1       	ldd	r21, Y+36	; 0x24
    82e8:	b9 01       	movw	r22, r18
    82ea:	8b a5       	ldd	r24, Y+43	; 0x2b
    82ec:	9c a5       	ldd	r25, Y+44	; 0x2c
    82ee:	0e 94 15 24 	call	0x482a	; 0x482a <LCD_Fast_Short_Fill_Rect_Color>
    82f2:	11 23       	and	r17, r17
    82f4:	09 f4       	brne	.+2      	; 0x82f8 <Lcd_BorderEllipse+0x4b6>
    82f6:	93 cf       	rjmp	.-218    	; 0x821e <Lcd_BorderEllipse+0x3dc>
    82f8:	ad cf       	rjmp	.-166    	; 0x8254 <Lcd_BorderEllipse+0x412>

000082fa <Lcd_FillEllipseRect>:
    82fa:	2f 92       	push	r2
    82fc:	3f 92       	push	r3
    82fe:	4f 92       	push	r4
    8300:	5f 92       	push	r5
    8302:	6f 92       	push	r6
    8304:	7f 92       	push	r7
    8306:	8f 92       	push	r8
    8308:	9f 92       	push	r9
    830a:	af 92       	push	r10
    830c:	bf 92       	push	r11
    830e:	cf 92       	push	r12
    8310:	df 92       	push	r13
    8312:	ef 92       	push	r14
    8314:	ff 92       	push	r15
    8316:	0f 93       	push	r16
    8318:	1f 93       	push	r17
    831a:	cf 93       	push	r28
    831c:	df 93       	push	r29
    831e:	cd b7       	in	r28, 0x3d	; 61
    8320:	de b7       	in	r29, 0x3e	; 62
    8322:	64 97       	sbiw	r28, 0x14	; 20
    8324:	0f b6       	in	r0, 0x3f	; 63
    8326:	f8 94       	cli
    8328:	de bf       	out	0x3e, r29	; 62
    832a:	0f be       	out	0x3f, r0	; 63
    832c:	cd bf       	out	0x3d, r28	; 61
    832e:	fc 01       	movw	r30, r24
    8330:	02 30       	cpi	r16, 0x02	; 2
    8332:	11 05       	cpc	r17, r1
    8334:	08 f4       	brcc	.+2      	; 0x8338 <Lcd_FillEllipseRect+0x3e>
    8336:	1c c1       	rjmp	.+568    	; 0x8570 <Lcd_FillEllipseRect+0x276>
    8338:	82 e0       	ldi	r24, 0x02	; 2
    833a:	e8 16       	cp	r14, r24
    833c:	f1 04       	cpc	r15, r1
    833e:	08 f4       	brcc	.+2      	; 0x8342 <Lcd_FillEllipseRect+0x48>
    8340:	13 c1       	rjmp	.+550    	; 0x8568 <Lcd_FillEllipseRect+0x26e>
    8342:	44 30       	cpi	r20, 0x04	; 4
    8344:	51 05       	cpc	r21, r1
    8346:	b0 f1       	brcs	.+108    	; 0x83b4 <Lcd_FillEllipseRect+0xba>
    8348:	da 01       	movw	r26, r20
    834a:	11 97       	sbiw	r26, 0x01	; 1
    834c:	24 30       	cpi	r18, 0x04	; 4
    834e:	31 05       	cpc	r19, r1
    8350:	b0 f1       	brcs	.+108    	; 0x83be <Lcd_FillEllipseRect+0xc4>
    8352:	21 50       	subi	r18, 0x01	; 1
    8354:	31 09       	sbc	r19, r1
    8356:	af 01       	movw	r20, r30
    8358:	4a 0f       	add	r20, r26
    835a:	5b 1f       	adc	r21, r27
    835c:	80 91 09 01 	lds	r24, 0x0109	; 0x800109 <KVB+0x2>
    8360:	90 91 0a 01 	lds	r25, 0x010A	; 0x80010a <KVB+0x3>
    8364:	84 17       	cp	r24, r20
    8366:	95 07       	cpc	r25, r21
    8368:	08 f4       	brcc	.+2      	; 0x836c <Lcd_FillEllipseRect+0x72>
    836a:	fc c0       	rjmp	.+504    	; 0x8564 <Lcd_FillEllipseRect+0x26a>
    836c:	cb 01       	movw	r24, r22
    836e:	82 0f       	add	r24, r18
    8370:	93 1f       	adc	r25, r19
    8372:	a0 90 0b 01 	lds	r10, 0x010B	; 0x80010b <KVB+0x4>
    8376:	b0 90 0c 01 	lds	r11, 0x010C	; 0x80010c <KVB+0x5>
    837a:	a8 16       	cp	r10, r24
    837c:	b9 06       	cpc	r11, r25
    837e:	10 f5       	brcc	.+68     	; 0x83c4 <Lcd_FillEllipseRect+0xca>
    8380:	82 e0       	ldi	r24, 0x02	; 2
    8382:	64 96       	adiw	r28, 0x14	; 20
    8384:	0f b6       	in	r0, 0x3f	; 63
    8386:	f8 94       	cli
    8388:	de bf       	out	0x3e, r29	; 62
    838a:	0f be       	out	0x3f, r0	; 63
    838c:	cd bf       	out	0x3d, r28	; 61
    838e:	df 91       	pop	r29
    8390:	cf 91       	pop	r28
    8392:	1f 91       	pop	r17
    8394:	0f 91       	pop	r16
    8396:	ff 90       	pop	r15
    8398:	ef 90       	pop	r14
    839a:	df 90       	pop	r13
    839c:	cf 90       	pop	r12
    839e:	bf 90       	pop	r11
    83a0:	af 90       	pop	r10
    83a2:	9f 90       	pop	r9
    83a4:	8f 90       	pop	r8
    83a6:	7f 90       	pop	r7
    83a8:	6f 90       	pop	r6
    83aa:	5f 90       	pop	r5
    83ac:	4f 90       	pop	r4
    83ae:	3f 90       	pop	r3
    83b0:	2f 90       	pop	r2
    83b2:	08 95       	ret
    83b4:	a3 e0       	ldi	r26, 0x03	; 3
    83b6:	b0 e0       	ldi	r27, 0x00	; 0
    83b8:	24 30       	cpi	r18, 0x04	; 4
    83ba:	31 05       	cpc	r19, r1
    83bc:	50 f6       	brcc	.-108    	; 0x8352 <Lcd_FillEllipseRect+0x58>
    83be:	23 e0       	ldi	r18, 0x03	; 3
    83c0:	30 e0       	ldi	r19, 0x00	; 0
    83c2:	c9 cf       	rjmp	.-110    	; 0x8356 <Lcd_FillEllipseRect+0x5c>
    83c4:	b6 95       	lsr	r27
    83c6:	a7 95       	ror	r26
    83c8:	a0 17       	cp	r26, r16
    83ca:	b1 07       	cpc	r27, r17
    83cc:	08 f4       	brcc	.+2      	; 0x83d0 <Lcd_FillEllipseRect+0xd6>
    83ce:	d8 c0       	rjmp	.+432    	; 0x8580 <Lcd_FillEllipseRect+0x286>
    83d0:	36 95       	lsr	r19
    83d2:	27 95       	ror	r18
    83d4:	2e 15       	cp	r18, r14
    83d6:	3f 05       	cpc	r19, r15
    83d8:	08 f4       	brcc	.+2      	; 0x83dc <Lcd_FillEllipseRect+0xe2>
    83da:	d0 c0       	rjmp	.+416    	; 0x857c <Lcd_FillEllipseRect+0x282>
    83dc:	5f 01       	movw	r10, r30
    83de:	a0 0e       	add	r10, r16
    83e0:	b1 1e       	adc	r11, r17
    83e2:	b8 8a       	std	Y+16, r11	; 0x10
    83e4:	af 86       	std	Y+15, r10	; 0x0f
    83e6:	5a 01       	movw	r10, r20
    83e8:	a0 1a       	sub	r10, r16
    83ea:	b1 0a       	sbc	r11, r17
    83ec:	ba 8a       	std	Y+18, r11	; 0x12
    83ee:	a9 8a       	std	Y+17, r10	; 0x11
    83f0:	5b 01       	movw	r10, r22
    83f2:	ae 0c       	add	r10, r14
    83f4:	bf 1c       	adc	r11, r15
    83f6:	bc 86       	std	Y+12, r11	; 0x0c
    83f8:	ab 86       	std	Y+11, r10	; 0x0b
    83fa:	5c 01       	movw	r10, r24
    83fc:	ae 18       	sub	r10, r14
    83fe:	bf 08       	sbc	r11, r15
    8400:	be 86       	std	Y+14, r11	; 0x0e
    8402:	ad 86       	std	Y+13, r10	; 0x0d
    8404:	fa 82       	std	Y+2, r15	; 0x02
    8406:	e9 82       	std	Y+1, r14	; 0x01
    8408:	00 9f       	mul	r16, r16
    840a:	50 01       	movw	r10, r0
    840c:	01 9f       	mul	r16, r17
    840e:	b0 0c       	add	r11, r0
    8410:	b0 0c       	add	r11, r0
    8412:	11 24       	eor	r1, r1
    8414:	be 82       	std	Y+6, r11	; 0x06
    8416:	ad 82       	std	Y+5, r10	; 0x05
    8418:	ee 9c       	mul	r14, r14
    841a:	50 01       	movw	r10, r0
    841c:	ef 9c       	mul	r14, r15
    841e:	b0 0c       	add	r11, r0
    8420:	b0 0c       	add	r11, r0
    8422:	11 24       	eor	r1, r1
    8424:	bc 82       	std	Y+4, r11	; 0x04
    8426:	ab 82       	std	Y+3, r10	; 0x03
    8428:	d7 01       	movw	r26, r14
    842a:	aa 0f       	add	r26, r26
    842c:	bb 1f       	adc	r27, r27
    842e:	11 97       	sbiw	r26, 0x01	; 1
    8430:	45 01       	movw	r8, r10
    8432:	a1 2c       	mov	r10, r1
    8434:	b1 2c       	mov	r11, r1
    8436:	2d 81       	ldd	r18, Y+5	; 0x05
    8438:	3e 81       	ldd	r19, Y+6	; 0x06
    843a:	0e 94 f2 73 	call	0xe7e4	; 0xe7e4 <__umulhisi3>
    843e:	14 01       	movw	r2, r8
    8440:	25 01       	movw	r4, r10
    8442:	26 1a       	sub	r2, r22
    8444:	37 0a       	sbc	r3, r23
    8446:	48 0a       	sbc	r4, r24
    8448:	59 0a       	sbc	r5, r25
    844a:	8c 2d       	mov	r24, r12
    844c:	90 e0       	ldi	r25, 0x00	; 0
    844e:	dc 01       	movw	r26, r24
    8450:	aa 0f       	add	r26, r26
    8452:	bb 1f       	adc	r27, r27
    8454:	a1 5f       	subi	r26, 0xF1	; 241
    8456:	be 4f       	sbci	r27, 0xFE	; 254
    8458:	fc 90       	ld	r15, X
    845a:	88 0f       	add	r24, r24
    845c:	99 1f       	adc	r25, r25
    845e:	dc 01       	movw	r26, r24
    8460:	a9 5f       	subi	r26, 0xF9	; 249
    8462:	be 4f       	sbci	r27, 0xFE	; 254
    8464:	17 96       	adiw	r26, 0x07	; 7
    8466:	1c 91       	ld	r17, X
    8468:	94 98       	cbi	0x12, 4	; 18
    846a:	0c 2d       	mov	r16, r12
    846c:	2d 85       	ldd	r18, Y+13	; 0x0d
    846e:	3e 85       	ldd	r19, Y+14	; 0x0e
    8470:	6b 85       	ldd	r22, Y+11	; 0x0b
    8472:	7c 85       	ldd	r23, Y+12	; 0x0c
    8474:	cf 01       	movw	r24, r30
    8476:	0e 94 52 24 	call	0x48a4	; 0x48a4 <LCD_Fast_Fill_Rect>
    847a:	61 2c       	mov	r6, r1
    847c:	71 2c       	mov	r7, r1
    847e:	cc 24       	eor	r12, r12
    8480:	c3 94       	inc	r12
    8482:	d1 2c       	mov	r13, r1
    8484:	a9 80       	ldd	r10, Y+1	; 0x01
    8486:	ba 80       	ldd	r11, Y+2	; 0x02
    8488:	bc 8a       	std	Y+20, r11	; 0x14
    848a:	ab 8a       	std	Y+19, r10	; 0x13
    848c:	1d c0       	rjmp	.+58     	; 0x84c8 <Lcd_FillEllipseRect+0x1ce>
    848e:	a3 01       	movw	r20, r6
    8490:	44 0f       	add	r20, r20
    8492:	55 1f       	adc	r21, r21
    8494:	da 01       	movw	r26, r20
    8496:	11 96       	adiw	r26, 0x01	; 1
    8498:	2b 81       	ldd	r18, Y+3	; 0x03
    849a:	3c 81       	ldd	r19, Y+4	; 0x04
    849c:	0e 94 01 74 	call	0xe802	; 0xe802 <__usmulhisi3>
    84a0:	86 16       	cp	r8, r22
    84a2:	97 06       	cpc	r9, r23
    84a4:	a8 06       	cpc	r10, r24
    84a6:	b9 06       	cpc	r11, r25
    84a8:	54 f4       	brge	.+20     	; 0x84be <Lcd_FillEllipseRect+0x1c4>
    84aa:	9f ef       	ldi	r25, 0xFF	; 255
    84ac:	69 1a       	sub	r6, r25
    84ae:	79 0a       	sbc	r7, r25
    84b0:	12 96       	adiw	r26, 0x02	; 2
    84b2:	0e 94 01 74 	call	0xe802	; 0xe802 <__usmulhisi3>
    84b6:	26 0e       	add	r2, r22
    84b8:	37 1e       	adc	r3, r23
    84ba:	48 1e       	adc	r4, r24
    84bc:	59 1e       	adc	r5, r25
    84be:	ab 88       	ldd	r10, Y+19	; 0x13
    84c0:	bc 88       	ldd	r11, Y+20	; 0x14
    84c2:	ab 28       	or	r10, r11
    84c4:	09 f4       	brne	.+2      	; 0x84c8 <Lcd_FillEllipseRect+0x1ce>
    84c6:	57 c0       	rjmp	.+174    	; 0x8576 <Lcd_FillEllipseRect+0x27c>
    84c8:	52 01       	movw	r10, r4
    84ca:	41 01       	movw	r8, r2
    84cc:	88 0c       	add	r8, r8
    84ce:	99 1c       	adc	r9, r9
    84d0:	aa 1c       	adc	r10, r10
    84d2:	bb 1c       	adc	r11, r11
    84d4:	2b 89       	ldd	r18, Y+19	; 0x13
    84d6:	3c 89       	ldd	r19, Y+20	; 0x14
    84d8:	22 0f       	add	r18, r18
    84da:	33 1f       	adc	r19, r19
    84dc:	3a 83       	std	Y+2, r19	; 0x02
    84de:	29 83       	std	Y+1, r18	; 0x01
    84e0:	d6 01       	movw	r26, r12
    84e2:	a2 1b       	sub	r26, r18
    84e4:	b3 0b       	sbc	r27, r19
    84e6:	2d 81       	ldd	r18, Y+5	; 0x05
    84e8:	3e 81       	ldd	r19, Y+6	; 0x06
    84ea:	0e 94 01 74 	call	0xe802	; 0xe802 <__usmulhisi3>
    84ee:	68 15       	cp	r22, r8
    84f0:	79 05       	cpc	r23, r9
    84f2:	8a 05       	cpc	r24, r10
    84f4:	9b 05       	cpc	r25, r11
    84f6:	5c f6       	brge	.-106    	; 0x848e <Lcd_FillEllipseRect+0x194>
    84f8:	6b 85       	ldd	r22, Y+11	; 0x0b
    84fa:	7c 85       	ldd	r23, Y+12	; 0x0c
    84fc:	8b 89       	ldd	r24, Y+19	; 0x13
    84fe:	9c 89       	ldd	r25, Y+20	; 0x14
    8500:	68 1b       	sub	r22, r24
    8502:	79 0b       	sbc	r23, r25
    8504:	e1 2e       	mov	r14, r17
    8506:	0f 2d       	mov	r16, r15
    8508:	9b 01       	movw	r18, r22
    850a:	89 89       	ldd	r24, Y+17	; 0x11
    850c:	9a 89       	ldd	r25, Y+18	; 0x12
    850e:	86 0d       	add	r24, r6
    8510:	97 1d       	adc	r25, r7
    8512:	98 87       	std	Y+8, r25	; 0x08
    8514:	8f 83       	std	Y+7, r24	; 0x07
    8516:	ac 01       	movw	r20, r24
    8518:	8f 85       	ldd	r24, Y+15	; 0x0f
    851a:	98 89       	ldd	r25, Y+16	; 0x10
    851c:	86 19       	sub	r24, r6
    851e:	97 09       	sbc	r25, r7
    8520:	9a 87       	std	Y+10, r25	; 0x0a
    8522:	89 87       	std	Y+9, r24	; 0x09
    8524:	0e 94 d2 24 	call	0x49a4	; 0x49a4 <LCD_Fast_Fill_Rect_Color>
    8528:	6d 85       	ldd	r22, Y+13	; 0x0d
    852a:	7e 85       	ldd	r23, Y+14	; 0x0e
    852c:	2b 89       	ldd	r18, Y+19	; 0x13
    852e:	3c 89       	ldd	r19, Y+20	; 0x14
    8530:	62 0f       	add	r22, r18
    8532:	73 1f       	adc	r23, r19
    8534:	9b 01       	movw	r18, r22
    8536:	4f 81       	ldd	r20, Y+7	; 0x07
    8538:	58 85       	ldd	r21, Y+8	; 0x08
    853a:	89 85       	ldd	r24, Y+9	; 0x09
    853c:	9a 85       	ldd	r25, Y+10	; 0x0a
    853e:	0e 94 d2 24 	call	0x49a4	; 0x49a4 <LCD_Fast_Fill_Rect_Color>
    8542:	8b 89       	ldd	r24, Y+19	; 0x13
    8544:	9c 89       	ldd	r25, Y+20	; 0x14
    8546:	01 97       	sbiw	r24, 0x01	; 1
    8548:	9c 8b       	std	Y+20, r25	; 0x14
    854a:	8b 8b       	std	Y+19, r24	; 0x13
    854c:	a9 81       	ldd	r26, Y+1	; 0x01
    854e:	ba 81       	ldd	r27, Y+2	; 0x02
    8550:	13 97       	sbiw	r26, 0x03	; 3
    8552:	2d 81       	ldd	r18, Y+5	; 0x05
    8554:	3e 81       	ldd	r19, Y+6	; 0x06
    8556:	0e 94 01 74 	call	0xe802	; 0xe802 <__usmulhisi3>
    855a:	26 1a       	sub	r2, r22
    855c:	37 0a       	sbc	r3, r23
    855e:	48 0a       	sbc	r4, r24
    8560:	59 0a       	sbc	r5, r25
    8562:	95 cf       	rjmp	.-214    	; 0x848e <Lcd_FillEllipseRect+0x194>
    8564:	81 e0       	ldi	r24, 0x01	; 1
    8566:	0d cf       	rjmp	.-486    	; 0x8382 <Lcd_FillEllipseRect+0x88>
    8568:	82 e0       	ldi	r24, 0x02	; 2
    856a:	e8 2e       	mov	r14, r24
    856c:	f1 2c       	mov	r15, r1
    856e:	e9 ce       	rjmp	.-558    	; 0x8342 <Lcd_FillEllipseRect+0x48>
    8570:	02 e0       	ldi	r16, 0x02	; 2
    8572:	10 e0       	ldi	r17, 0x00	; 0
    8574:	e1 ce       	rjmp	.-574    	; 0x8338 <Lcd_FillEllipseRect+0x3e>
    8576:	94 9a       	sbi	0x12, 4	; 18
    8578:	80 e0       	ldi	r24, 0x00	; 0
    857a:	03 cf       	rjmp	.-506    	; 0x8382 <Lcd_FillEllipseRect+0x88>
    857c:	79 01       	movw	r14, r18
    857e:	2e cf       	rjmp	.-420    	; 0x83dc <Lcd_FillEllipseRect+0xe2>
    8580:	8d 01       	movw	r16, r26
    8582:	36 95       	lsr	r19
    8584:	27 95       	ror	r18
    8586:	2e 15       	cp	r18, r14
    8588:	3f 05       	cpc	r19, r15
    858a:	08 f0       	brcs	.+2      	; 0x858e <Lcd_FillEllipseRect+0x294>
    858c:	27 cf       	rjmp	.-434    	; 0x83dc <Lcd_FillEllipseRect+0xe2>
    858e:	f6 cf       	rjmp	.-20     	; 0x857c <Lcd_FillEllipseRect+0x282>

00008590 <Lcd_BorderEllipseRect>:
    8590:	2f 92       	push	r2
    8592:	3f 92       	push	r3
    8594:	4f 92       	push	r4
    8596:	5f 92       	push	r5
    8598:	6f 92       	push	r6
    859a:	7f 92       	push	r7
    859c:	8f 92       	push	r8
    859e:	9f 92       	push	r9
    85a0:	af 92       	push	r10
    85a2:	bf 92       	push	r11
    85a4:	cf 92       	push	r12
    85a6:	df 92       	push	r13
    85a8:	ef 92       	push	r14
    85aa:	ff 92       	push	r15
    85ac:	0f 93       	push	r16
    85ae:	1f 93       	push	r17
    85b0:	cf 93       	push	r28
    85b2:	df 93       	push	r29
    85b4:	cd b7       	in	r28, 0x3d	; 61
    85b6:	de b7       	in	r29, 0x3e	; 62
    85b8:	af 97       	sbiw	r28, 0x2f	; 47
    85ba:	0f b6       	in	r0, 0x3f	; 63
    85bc:	f8 94       	cli
    85be:	de bf       	out	0x3e, r29	; 62
    85c0:	0f be       	out	0x3f, r0	; 63
    85c2:	cd bf       	out	0x3d, r28	; 61
    85c4:	8f 8b       	std	Y+23, r24	; 0x17
    85c6:	7a 83       	std	Y+2, r23	; 0x02
    85c8:	69 83       	std	Y+1, r22	; 0x01
    85ca:	8f 82       	std	Y+7, r8	; 0x07
    85cc:	84 e0       	ldi	r24, 0x04	; 4
    85ce:	e8 16       	cp	r14, r24
    85d0:	f1 04       	cpc	r15, r1
    85d2:	18 f4       	brcc	.+6      	; 0x85da <Lcd_BorderEllipseRect+0x4a>
    85d4:	f4 e0       	ldi	r31, 0x04	; 4
    85d6:	ef 2e       	mov	r14, r31
    85d8:	f1 2c       	mov	r15, r1
    85da:	94 e0       	ldi	r25, 0x04	; 4
    85dc:	c9 16       	cp	r12, r25
    85de:	d1 04       	cpc	r13, r1
    85e0:	18 f4       	brcc	.+6      	; 0x85e8 <Lcd_BorderEllipseRect+0x58>
    85e2:	e4 e0       	ldi	r30, 0x04	; 4
    85e4:	ce 2e       	mov	r12, r30
    85e6:	d1 2c       	mov	r13, r1
    85e8:	a2 e0       	ldi	r26, 0x02	; 2
    85ea:	aa 16       	cp	r10, r26
    85ec:	b1 04       	cpc	r11, r1
    85ee:	08 f4       	brcc	.+2      	; 0x85f2 <Lcd_BorderEllipseRect+0x62>
    85f0:	bb c1       	rjmp	.+886    	; 0x8968 <Lcd_BorderEllipseRect+0x3d8>
    85f2:	28 30       	cpi	r18, 0x08	; 8
    85f4:	31 05       	cpc	r19, r1
    85f6:	b8 f1       	brcs	.+110    	; 0x8666 <Lcd_BorderEllipseRect+0xd6>
    85f8:	21 50       	subi	r18, 0x01	; 1
    85fa:	31 09       	sbc	r19, r1
    85fc:	08 30       	cpi	r16, 0x08	; 8
    85fe:	11 05       	cpc	r17, r1
    8600:	b8 f1       	brcs	.+110    	; 0x8670 <Lcd_BorderEllipseRect+0xe0>
    8602:	01 50       	subi	r16, 0x01	; 1
    8604:	11 09       	sbc	r17, r1
    8606:	89 80       	ldd	r8, Y+1	; 0x01
    8608:	9a 80       	ldd	r9, Y+2	; 0x02
    860a:	82 0e       	add	r8, r18
    860c:	93 1e       	adc	r9, r19
    860e:	80 91 09 01 	lds	r24, 0x0109	; 0x800109 <KVB+0x2>
    8612:	90 91 0a 01 	lds	r25, 0x010A	; 0x80010a <KVB+0x3>
    8616:	88 15       	cp	r24, r8
    8618:	99 05       	cpc	r25, r9
    861a:	08 f4       	brcc	.+2      	; 0x861e <Lcd_BorderEllipseRect+0x8e>
    861c:	a3 c1       	rjmp	.+838    	; 0x8964 <Lcd_BorderEllipseRect+0x3d4>
    861e:	ca 01       	movw	r24, r20
    8620:	80 0f       	add	r24, r16
    8622:	91 1f       	adc	r25, r17
    8624:	60 91 0b 01 	lds	r22, 0x010B	; 0x80010b <KVB+0x4>
    8628:	70 91 0c 01 	lds	r23, 0x010C	; 0x80010c <KVB+0x5>
    862c:	68 17       	cp	r22, r24
    862e:	79 07       	cpc	r23, r25
    8630:	10 f5       	brcc	.+68     	; 0x8676 <Lcd_BorderEllipseRect+0xe6>
    8632:	82 e0       	ldi	r24, 0x02	; 2
    8634:	af 96       	adiw	r28, 0x2f	; 47
    8636:	0f b6       	in	r0, 0x3f	; 63
    8638:	f8 94       	cli
    863a:	de bf       	out	0x3e, r29	; 62
    863c:	0f be       	out	0x3f, r0	; 63
    863e:	cd bf       	out	0x3d, r28	; 61
    8640:	df 91       	pop	r29
    8642:	cf 91       	pop	r28
    8644:	1f 91       	pop	r17
    8646:	0f 91       	pop	r16
    8648:	ff 90       	pop	r15
    864a:	ef 90       	pop	r14
    864c:	df 90       	pop	r13
    864e:	cf 90       	pop	r12
    8650:	bf 90       	pop	r11
    8652:	af 90       	pop	r10
    8654:	9f 90       	pop	r9
    8656:	8f 90       	pop	r8
    8658:	7f 90       	pop	r7
    865a:	6f 90       	pop	r6
    865c:	5f 90       	pop	r5
    865e:	4f 90       	pop	r4
    8660:	3f 90       	pop	r3
    8662:	2f 90       	pop	r2
    8664:	08 95       	ret
    8666:	27 e0       	ldi	r18, 0x07	; 7
    8668:	30 e0       	ldi	r19, 0x00	; 0
    866a:	08 30       	cpi	r16, 0x08	; 8
    866c:	11 05       	cpc	r17, r1
    866e:	48 f6       	brcc	.-110    	; 0x8602 <Lcd_BorderEllipseRect+0x72>
    8670:	07 e0       	ldi	r16, 0x07	; 7
    8672:	10 e0       	ldi	r17, 0x00	; 0
    8674:	c8 cf       	rjmp	.-112    	; 0x8606 <Lcd_BorderEllipseRect+0x76>
    8676:	36 95       	lsr	r19
    8678:	27 95       	ror	r18
    867a:	2e 15       	cp	r18, r14
    867c:	3f 05       	cpc	r19, r15
    867e:	08 f4       	brcc	.+2      	; 0x8682 <Lcd_BorderEllipseRect+0xf2>
    8680:	81 c1       	rjmp	.+770    	; 0x8984 <Lcd_BorderEllipseRect+0x3f4>
    8682:	16 95       	lsr	r17
    8684:	07 95       	ror	r16
    8686:	0c 15       	cp	r16, r12
    8688:	1d 05       	cpc	r17, r13
    868a:	08 f4       	brcc	.+2      	; 0x868e <Lcd_BorderEllipseRect+0xfe>
    868c:	75 c1       	rjmp	.+746    	; 0x8978 <Lcd_BorderEllipseRect+0x3e8>
    868e:	ce 14       	cp	r12, r14
    8690:	df 04       	cpc	r13, r15
    8692:	08 f4       	brcc	.+2      	; 0x8696 <Lcd_BorderEllipseRect+0x106>
    8694:	6d c1       	rjmp	.+730    	; 0x8970 <Lcd_BorderEllipseRect+0x3e0>
    8696:	97 01       	movw	r18, r14
    8698:	22 50       	subi	r18, 0x02	; 2
    869a:	31 09       	sbc	r19, r1
    869c:	2a 15       	cp	r18, r10
    869e:	3b 05       	cpc	r19, r11
    86a0:	08 f4       	brcc	.+2      	; 0x86a4 <Lcd_BorderEllipseRect+0x114>
    86a2:	59 01       	movw	r10, r18
    86a4:	e9 81       	ldd	r30, Y+1	; 0x01
    86a6:	fa 81       	ldd	r31, Y+2	; 0x02
    86a8:	ee 0d       	add	r30, r14
    86aa:	ff 1d       	adc	r31, r15
    86ac:	fd 8f       	std	Y+29, r31	; 0x1d
    86ae:	ec 8f       	std	Y+28, r30	; 0x1c
    86b0:	84 01       	movw	r16, r8
    86b2:	0e 19       	sub	r16, r14
    86b4:	1f 09       	sbc	r17, r15
    86b6:	1f 8f       	std	Y+31, r17	; 0x1f
    86b8:	0e 8f       	std	Y+30, r16	; 0x1e
    86ba:	9a 01       	movw	r18, r20
    86bc:	2c 0d       	add	r18, r12
    86be:	3d 1d       	adc	r19, r13
    86c0:	39 a3       	std	Y+33, r19	; 0x21
    86c2:	28 a3       	std	Y+32, r18	; 0x20
    86c4:	ac 01       	movw	r20, r24
    86c6:	4c 19       	sub	r20, r12
    86c8:	5d 09       	sbc	r21, r13
    86ca:	5b a3       	std	Y+35, r21	; 0x23
    86cc:	4a a3       	std	Y+34, r20	; 0x22
    86ce:	d8 8a       	std	Y+16, r13	; 0x10
    86d0:	cf 86       	std	Y+15, r12	; 0x0f
    86d2:	ee 9c       	mul	r14, r14
    86d4:	c0 01       	movw	r24, r0
    86d6:	ef 9c       	mul	r14, r15
    86d8:	90 0d       	add	r25, r0
    86da:	90 0d       	add	r25, r0
    86dc:	11 24       	eor	r1, r1
    86de:	9c 8b       	std	Y+20, r25	; 0x14
    86e0:	8b 8b       	std	Y+19, r24	; 0x13
    86e2:	cc 9c       	mul	r12, r12
    86e4:	d0 01       	movw	r26, r0
    86e6:	cd 9c       	mul	r12, r13
    86e8:	b0 0d       	add	r27, r0
    86ea:	b0 0d       	add	r27, r0
    86ec:	11 24       	eor	r1, r1
    86ee:	be 8b       	std	Y+22, r27	; 0x16
    86f0:	ad 8b       	std	Y+21, r26	; 0x15
    86f2:	d6 01       	movw	r26, r12
    86f4:	aa 0f       	add	r26, r26
    86f6:	bb 1f       	adc	r27, r27
    86f8:	11 97       	sbiw	r26, 0x01	; 1
    86fa:	ed 89       	ldd	r30, Y+21	; 0x15
    86fc:	fe 89       	ldd	r31, Y+22	; 0x16
    86fe:	2f 01       	movw	r4, r30
    8700:	61 2c       	mov	r6, r1
    8702:	71 2c       	mov	r7, r1
    8704:	9c 01       	movw	r18, r24
    8706:	0e 94 f2 73 	call	0xe7e4	; 0xe7e4 <__umulhisi3>
    870a:	93 01       	movw	r18, r6
    870c:	82 01       	movw	r16, r4
    870e:	06 1b       	sub	r16, r22
    8710:	17 0b       	sbc	r17, r23
    8712:	28 0b       	sbc	r18, r24
    8714:	39 0b       	sbc	r19, r25
    8716:	0b 87       	std	Y+11, r16	; 0x0b
    8718:	1c 87       	std	Y+12, r17	; 0x0c
    871a:	2d 87       	std	Y+13, r18	; 0x0d
    871c:	3e 87       	std	Y+14, r19	; 0x0e
    871e:	36 01       	movw	r6, r12
    8720:	1f ef       	ldi	r17, 0xFF	; 255
    8722:	61 1a       	sub	r6, r17
    8724:	71 0a       	sbc	r7, r17
    8726:	6a 18       	sub	r6, r10
    8728:	7b 08       	sbc	r7, r11
    872a:	2f ef       	ldi	r18, 0xFF	; 255
    872c:	e2 1a       	sub	r14, r18
    872e:	f2 0a       	sbc	r15, r18
    8730:	ea 18       	sub	r14, r10
    8732:	fb 08       	sbc	r15, r11
    8734:	ee 9c       	mul	r14, r14
    8736:	a0 01       	movw	r20, r0
    8738:	ef 9c       	mul	r14, r15
    873a:	50 0d       	add	r21, r0
    873c:	50 0d       	add	r21, r0
    873e:	11 24       	eor	r1, r1
    8740:	5c 83       	std	Y+4, r21	; 0x04
    8742:	4b 83       	std	Y+3, r20	; 0x03
    8744:	66 9c       	mul	r6, r6
    8746:	c0 01       	movw	r24, r0
    8748:	67 9c       	mul	r6, r7
    874a:	90 0d       	add	r25, r0
    874c:	90 0d       	add	r25, r0
    874e:	11 24       	eor	r1, r1
    8750:	9e 83       	std	Y+6, r25	; 0x06
    8752:	8d 83       	std	Y+5, r24	; 0x05
    8754:	d3 01       	movw	r26, r6
    8756:	aa 0f       	add	r26, r26
    8758:	bb 1f       	adc	r27, r27
    875a:	11 97       	sbiw	r26, 0x01	; 1
    875c:	6c 01       	movw	r12, r24
    875e:	e1 2c       	mov	r14, r1
    8760:	f1 2c       	mov	r15, r1
    8762:	9a 01       	movw	r18, r20
    8764:	0e 94 f2 73 	call	0xe7e4	; 0xe7e4 <__umulhisi3>
    8768:	16 01       	movw	r2, r12
    876a:	27 01       	movw	r4, r14
    876c:	26 1a       	sub	r2, r22
    876e:	37 0a       	sbc	r3, r23
    8770:	48 0a       	sbc	r4, r24
    8772:	59 0a       	sbc	r5, r25
    8774:	1f 81       	ldd	r17, Y+7	; 0x07
    8776:	81 2f       	mov	r24, r17
    8778:	90 e0       	ldi	r25, 0x00	; 0
    877a:	fc 01       	movw	r30, r24
    877c:	ee 0f       	add	r30, r30
    877e:	ff 1f       	adc	r31, r31
    8780:	e1 5f       	subi	r30, 0xF1	; 241
    8782:	fe 4f       	sbci	r31, 0xFE	; 254
    8784:	10 81       	ld	r17, Z
    8786:	1e a3       	std	Y+38, r17	; 0x26
    8788:	88 0f       	add	r24, r24
    878a:	99 1f       	adc	r25, r25
    878c:	fc 01       	movw	r30, r24
    878e:	e9 5f       	subi	r30, 0xF9	; 249
    8790:	fe 4f       	sbci	r31, 0xFE	; 254
    8792:	17 81       	ldd	r17, Z+7	; 0x07
    8794:	1f a3       	std	Y+39, r17	; 0x27
    8796:	25 96       	adiw	r28, 0x05	; 5
    8798:	8f ad       	ldd	r24, Y+63	; 0x3f
    879a:	25 97       	sbiw	r28, 0x05	; 5
    879c:	90 e0       	ldi	r25, 0x00	; 0
    879e:	fc 01       	movw	r30, r24
    87a0:	ee 0f       	add	r30, r30
    87a2:	ff 1f       	adc	r31, r31
    87a4:	e1 5f       	subi	r30, 0xF1	; 241
    87a6:	fe 4f       	sbci	r31, 0xFE	; 254
    87a8:	f0 80       	ld	r15, Z
    87aa:	88 0f       	add	r24, r24
    87ac:	99 1f       	adc	r25, r25
    87ae:	fc 01       	movw	r30, r24
    87b0:	e9 5f       	subi	r30, 0xF9	; 249
    87b2:	fe 4f       	sbci	r31, 0xFE	; 254
    87b4:	17 81       	ldd	r17, Z+7	; 0x07
    87b6:	94 98       	cbi	0x12, 4	; 18
    87b8:	2f 89       	ldd	r18, Y+23	; 0x17
    87ba:	22 30       	cpi	r18, 0x02	; 2
    87bc:	08 f4       	brcc	.+2      	; 0x87c0 <Lcd_BorderEllipseRect+0x230>
    87be:	ed c0       	rjmp	.+474    	; 0x899a <Lcd_BorderEllipseRect+0x40a>
    87c0:	22 30       	cpi	r18, 0x02	; 2
    87c2:	09 f4       	brne	.+2      	; 0x87c6 <Lcd_BorderEllipseRect+0x236>
    87c4:	08 c1       	rjmp	.+528    	; 0x89d6 <Lcd_BorderEllipseRect+0x446>
    87c6:	a1 2c       	mov	r10, r1
    87c8:	b1 2c       	mov	r11, r1
    87ca:	1a 8a       	std	Y+18, r1	; 0x12
    87cc:	19 8a       	std	Y+17, r1	; 0x11
    87ce:	cc 24       	eor	r12, r12
    87d0:	c3 94       	inc	r12
    87d2:	d1 2c       	mov	r13, r1
    87d4:	4e 8d       	ldd	r20, Y+30	; 0x1e
    87d6:	5f 8d       	ldd	r21, Y+31	; 0x1f
    87d8:	41 50       	subi	r20, 0x01	; 1
    87da:	51 09       	sbc	r21, r1
    87dc:	59 a7       	std	Y+41, r21	; 0x29
    87de:	48 a7       	std	Y+40, r20	; 0x28
    87e0:	8c 8d       	ldd	r24, Y+28	; 0x1c
    87e2:	9d 8d       	ldd	r25, Y+29	; 0x1d
    87e4:	01 96       	adiw	r24, 0x01	; 1
    87e6:	9b a7       	std	Y+43, r25	; 0x2b
    87e8:	8a a7       	std	Y+42, r24	; 0x2a
    87ea:	8f 84       	ldd	r8, Y+15	; 0x0f
    87ec:	98 88       	ldd	r9, Y+16	; 0x10
    87ee:	fc a2       	std	Y+36, r15	; 0x24
    87f0:	1d a3       	std	Y+37, r17	; 0x25
    87f2:	48 c0       	rjmp	.+144    	; 0x8884 <Lcd_BorderEllipseRect+0x2f4>
    87f4:	1f 89       	ldd	r17, Y+23	; 0x17
    87f6:	12 30       	cpi	r17, 0x02	; 2
    87f8:	08 f4       	brcc	.+2      	; 0x87fc <Lcd_BorderEllipseRect+0x26c>
    87fa:	fc c0       	rjmp	.+504    	; 0x89f4 <Lcd_BorderEllipseRect+0x464>
    87fc:	91 e0       	ldi	r25, 0x01	; 1
    87fe:	89 1a       	sub	r8, r25
    8800:	91 08       	sbc	r9, r1
    8802:	af 85       	ldd	r26, Y+15	; 0x0f
    8804:	b8 89       	ldd	r27, Y+16	; 0x10
    8806:	13 97       	sbiw	r26, 0x03	; 3
    8808:	2b 89       	ldd	r18, Y+19	; 0x13
    880a:	3c 89       	ldd	r19, Y+20	; 0x14
    880c:	0e 94 01 74 	call	0xe802	; 0xe802 <__usmulhisi3>
    8810:	0b 85       	ldd	r16, Y+11	; 0x0b
    8812:	1c 85       	ldd	r17, Y+12	; 0x0c
    8814:	2d 85       	ldd	r18, Y+13	; 0x0d
    8816:	3e 85       	ldd	r19, Y+14	; 0x0e
    8818:	06 1b       	sub	r16, r22
    881a:	17 0b       	sbc	r17, r23
    881c:	28 0b       	sbc	r18, r24
    881e:	39 0b       	sbc	r19, r25
    8820:	0b 87       	std	Y+11, r16	; 0x0b
    8822:	1c 87       	std	Y+12, r17	; 0x0c
    8824:	2d 87       	std	Y+13, r18	; 0x0d
    8826:	3e 87       	std	Y+14, r19	; 0x0e
    8828:	49 89       	ldd	r20, Y+17	; 0x11
    882a:	5a 89       	ldd	r21, Y+18	; 0x12
    882c:	44 0f       	add	r20, r20
    882e:	55 1f       	adc	r21, r21
    8830:	da 01       	movw	r26, r20
    8832:	11 96       	adiw	r26, 0x01	; 1
    8834:	2d 89       	ldd	r18, Y+21	; 0x15
    8836:	3e 89       	ldd	r19, Y+22	; 0x16
    8838:	0e 94 01 74 	call	0xe802	; 0xe802 <__usmulhisi3>
    883c:	0f 81       	ldd	r16, Y+7	; 0x07
    883e:	18 85       	ldd	r17, Y+8	; 0x08
    8840:	29 85       	ldd	r18, Y+9	; 0x09
    8842:	3a 85       	ldd	r19, Y+10	; 0x0a
    8844:	06 17       	cp	r16, r22
    8846:	17 07       	cpc	r17, r23
    8848:	28 07       	cpc	r18, r24
    884a:	39 07       	cpc	r19, r25
    884c:	bc f4       	brge	.+46     	; 0x887c <Lcd_BorderEllipseRect+0x2ec>
    884e:	29 89       	ldd	r18, Y+17	; 0x11
    8850:	3a 89       	ldd	r19, Y+18	; 0x12
    8852:	2f 5f       	subi	r18, 0xFF	; 255
    8854:	3f 4f       	sbci	r19, 0xFF	; 255
    8856:	3a 8b       	std	Y+18, r19	; 0x12
    8858:	29 8b       	std	Y+17, r18	; 0x11
    885a:	12 96       	adiw	r26, 0x02	; 2
    885c:	2d 89       	ldd	r18, Y+21	; 0x15
    885e:	3e 89       	ldd	r19, Y+22	; 0x16
    8860:	0e 94 01 74 	call	0xe802	; 0xe802 <__usmulhisi3>
    8864:	0b 85       	ldd	r16, Y+11	; 0x0b
    8866:	1c 85       	ldd	r17, Y+12	; 0x0c
    8868:	2d 85       	ldd	r18, Y+13	; 0x0d
    886a:	3e 85       	ldd	r19, Y+14	; 0x0e
    886c:	06 0f       	add	r16, r22
    886e:	17 1f       	adc	r17, r23
    8870:	28 1f       	adc	r18, r24
    8872:	39 1f       	adc	r19, r25
    8874:	0b 87       	std	Y+11, r16	; 0x0b
    8876:	1c 87       	std	Y+12, r17	; 0x0c
    8878:	2d 87       	std	Y+13, r18	; 0x0d
    887a:	3e 87       	std	Y+14, r19	; 0x0e
    887c:	18 14       	cp	r1, r8
    887e:	19 04       	cpc	r1, r9
    8880:	0c f0       	brlt	.+2      	; 0x8884 <Lcd_BorderEllipseRect+0x2f4>
    8882:	88 c0       	rjmp	.+272    	; 0x8994 <Lcd_BorderEllipseRect+0x404>
    8884:	0b 85       	ldd	r16, Y+11	; 0x0b
    8886:	1c 85       	ldd	r17, Y+12	; 0x0c
    8888:	2d 85       	ldd	r18, Y+13	; 0x0d
    888a:	3e 85       	ldd	r19, Y+14	; 0x0e
    888c:	00 0f       	add	r16, r16
    888e:	11 1f       	adc	r17, r17
    8890:	22 1f       	adc	r18, r18
    8892:	33 1f       	adc	r19, r19
    8894:	0f 83       	std	Y+7, r16	; 0x07
    8896:	18 87       	std	Y+8, r17	; 0x08
    8898:	29 87       	std	Y+9, r18	; 0x09
    889a:	3a 87       	std	Y+10, r19	; 0x0a
    889c:	94 01       	movw	r18, r8
    889e:	22 0f       	add	r18, r18
    88a0:	33 1f       	adc	r19, r19
    88a2:	38 8b       	std	Y+16, r19	; 0x10
    88a4:	2f 87       	std	Y+15, r18	; 0x0f
    88a6:	d6 01       	movw	r26, r12
    88a8:	a2 1b       	sub	r26, r18
    88aa:	b3 0b       	sbc	r27, r19
    88ac:	2b 89       	ldd	r18, Y+19	; 0x13
    88ae:	3c 89       	ldd	r19, Y+20	; 0x14
    88b0:	0e 94 01 74 	call	0xe802	; 0xe802 <__usmulhisi3>
    88b4:	0f 81       	ldd	r16, Y+7	; 0x07
    88b6:	18 85       	ldd	r17, Y+8	; 0x08
    88b8:	29 85       	ldd	r18, Y+9	; 0x09
    88ba:	3a 85       	ldd	r19, Y+10	; 0x0a
    88bc:	60 17       	cp	r22, r16
    88be:	71 07       	cpc	r23, r17
    88c0:	82 07       	cpc	r24, r18
    88c2:	93 07       	cpc	r25, r19
    88c4:	0c f0       	brlt	.+2      	; 0x88c8 <Lcd_BorderEllipseRect+0x338>
    88c6:	b0 cf       	rjmp	.-160    	; 0x8828 <Lcd_BorderEllipseRect+0x298>
    88c8:	86 14       	cp	r8, r6
    88ca:	97 04       	cpc	r9, r7
    88cc:	0c f0       	brlt	.+2      	; 0x88d0 <Lcd_BorderEllipseRect+0x340>
    88ce:	92 cf       	rjmp	.-220    	; 0x87f4 <Lcd_BorderEllipseRect+0x264>
    88d0:	16 14       	cp	r1, r6
    88d2:	17 04       	cpc	r1, r7
    88d4:	0c f0       	brlt	.+2      	; 0x88d8 <Lcd_BorderEllipseRect+0x348>
    88d6:	92 cf       	rjmp	.-220    	; 0x87fc <Lcd_BorderEllipseRect+0x26c>
    88d8:	f3 01       	movw	r30, r6
    88da:	ee 0f       	add	r30, r30
    88dc:	ff 1f       	adc	r31, r31
    88de:	82 01       	movw	r16, r4
    88e0:	71 01       	movw	r14, r2
    88e2:	ee 0c       	add	r14, r14
    88e4:	ff 1c       	adc	r15, r15
    88e6:	00 1f       	adc	r16, r16
    88e8:	11 1f       	adc	r17, r17
    88ea:	a5 01       	movw	r20, r10
    88ec:	44 0f       	add	r20, r20
    88ee:	55 1f       	adc	r21, r21
    88f0:	da 01       	movw	r26, r20
    88f2:	11 96       	adiw	r26, 0x01	; 1
    88f4:	2d 81       	ldd	r18, Y+5	; 0x05
    88f6:	3e 81       	ldd	r19, Y+6	; 0x06
    88f8:	0e 94 01 74 	call	0xe802	; 0xe802 <__usmulhisi3>
    88fc:	e6 16       	cp	r14, r22
    88fe:	f7 06       	cpc	r15, r23
    8900:	08 07       	cpc	r16, r24
    8902:	19 07       	cpc	r17, r25
    8904:	5c f4       	brge	.+22     	; 0x891c <Lcd_BorderEllipseRect+0x38c>
    8906:	bf ef       	ldi	r27, 0xFF	; 255
    8908:	ab 1a       	sub	r10, r27
    890a:	bb 0a       	sbc	r11, r27
    890c:	da 01       	movw	r26, r20
    890e:	13 96       	adiw	r26, 0x03	; 3
    8910:	0e 94 01 74 	call	0xe802	; 0xe802 <__usmulhisi3>
    8914:	26 0e       	add	r2, r22
    8916:	37 1e       	adc	r3, r23
    8918:	48 1e       	adc	r4, r24
    891a:	59 1e       	adc	r5, r25
    891c:	2b 81       	ldd	r18, Y+3	; 0x03
    891e:	3c 81       	ldd	r19, Y+4	; 0x04
    8920:	d6 01       	movw	r26, r12
    8922:	ae 1b       	sub	r26, r30
    8924:	bf 0b       	sbc	r27, r31
    8926:	0e 94 01 74 	call	0xe802	; 0xe802 <__usmulhisi3>
    892a:	6e 15       	cp	r22, r14
    892c:	7f 05       	cpc	r23, r15
    892e:	80 07       	cpc	r24, r16
    8930:	91 07       	cpc	r25, r17
    8932:	ac f6       	brge	.-86     	; 0x88de <Lcd_BorderEllipseRect+0x34e>
    8934:	01 e0       	ldi	r16, 0x01	; 1
    8936:	60 1a       	sub	r6, r16
    8938:	71 08       	sbc	r7, r1
    893a:	df 01       	movw	r26, r30
    893c:	13 97       	sbiw	r26, 0x03	; 3
    893e:	0e 94 01 74 	call	0xe802	; 0xe802 <__usmulhisi3>
    8942:	26 1a       	sub	r2, r22
    8944:	37 0a       	sbc	r3, r23
    8946:	48 0a       	sbc	r4, r24
    8948:	59 0a       	sbc	r5, r25
    894a:	86 14       	cp	r8, r6
    894c:	97 04       	cpc	r9, r7
    894e:	09 f0       	breq	.+2      	; 0x8952 <Lcd_BorderEllipseRect+0x3c2>
    8950:	bf cf       	rjmp	.-130    	; 0x88d0 <Lcd_BorderEllipseRect+0x340>
    8952:	1f 89       	ldd	r17, Y+23	; 0x17
    8954:	12 30       	cpi	r17, 0x02	; 2
    8956:	08 f4       	brcc	.+2      	; 0x895a <Lcd_BorderEllipseRect+0x3ca>
    8958:	9d c0       	rjmp	.+314    	; 0x8a94 <Lcd_BorderEllipseRect+0x504>
    895a:	12 30       	cpi	r17, 0x02	; 2
    895c:	09 f4       	brne	.+2      	; 0x8960 <Lcd_BorderEllipseRect+0x3d0>
    895e:	70 c0       	rjmp	.+224    	; 0x8a40 <Lcd_BorderEllipseRect+0x4b0>
    8960:	34 01       	movw	r6, r8
    8962:	4c cf       	rjmp	.-360    	; 0x87fc <Lcd_BorderEllipseRect+0x26c>
    8964:	81 e0       	ldi	r24, 0x01	; 1
    8966:	66 ce       	rjmp	.-820    	; 0x8634 <Lcd_BorderEllipseRect+0xa4>
    8968:	72 e0       	ldi	r23, 0x02	; 2
    896a:	a7 2e       	mov	r10, r23
    896c:	b1 2c       	mov	r11, r1
    896e:	41 ce       	rjmp	.-894    	; 0x85f2 <Lcd_BorderEllipseRect+0x62>
    8970:	96 01       	movw	r18, r12
    8972:	22 50       	subi	r18, 0x02	; 2
    8974:	31 09       	sbc	r19, r1
    8976:	92 ce       	rjmp	.-732    	; 0x869c <Lcd_BorderEllipseRect+0x10c>
    8978:	68 01       	movw	r12, r16
    897a:	ce 14       	cp	r12, r14
    897c:	df 04       	cpc	r13, r15
    897e:	08 f0       	brcs	.+2      	; 0x8982 <Lcd_BorderEllipseRect+0x3f2>
    8980:	8a ce       	rjmp	.-748    	; 0x8696 <Lcd_BorderEllipseRect+0x106>
    8982:	f6 cf       	rjmp	.-20     	; 0x8970 <Lcd_BorderEllipseRect+0x3e0>
    8984:	79 01       	movw	r14, r18
    8986:	16 95       	lsr	r17
    8988:	07 95       	ror	r16
    898a:	0c 15       	cp	r16, r12
    898c:	1d 05       	cpc	r17, r13
    898e:	08 f0       	brcs	.+2      	; 0x8992 <Lcd_BorderEllipseRect+0x402>
    8990:	7e ce       	rjmp	.-772    	; 0x868e <Lcd_BorderEllipseRect+0xfe>
    8992:	f2 cf       	rjmp	.-28     	; 0x8978 <Lcd_BorderEllipseRect+0x3e8>
    8994:	94 9a       	sbi	0x12, 4	; 18
    8996:	80 e0       	ldi	r24, 0x00	; 0
    8998:	4d ce       	rjmp	.-870    	; 0x8634 <Lcd_BorderEllipseRect+0xa4>
    899a:	49 81       	ldd	r20, Y+1	; 0x01
    899c:	5a 81       	ldd	r21, Y+2	; 0x02
    899e:	41 50       	subi	r20, 0x01	; 1
    89a0:	51 09       	sbc	r21, r1
    89a2:	4a 0d       	add	r20, r10
    89a4:	5b 1d       	adc	r21, r11
    89a6:	e1 2e       	mov	r14, r17
    89a8:	0f 2d       	mov	r16, r15
    89aa:	2a a1       	ldd	r18, Y+34	; 0x22
    89ac:	3b a1       	ldd	r19, Y+35	; 0x23
    89ae:	68 a1       	ldd	r22, Y+32	; 0x20
    89b0:	79 a1       	ldd	r23, Y+33	; 0x21
    89b2:	89 81       	ldd	r24, Y+1	; 0x01
    89b4:	9a 81       	ldd	r25, Y+2	; 0x02
    89b6:	0e 94 d2 24 	call	0x49a4	; 0x49a4 <LCD_Fast_Fill_Rect_Color>
    89ba:	2a a1       	ldd	r18, Y+34	; 0x22
    89bc:	3b a1       	ldd	r19, Y+35	; 0x23
    89be:	a4 01       	movw	r20, r8
    89c0:	68 a1       	ldd	r22, Y+32	; 0x20
    89c2:	79 a1       	ldd	r23, Y+33	; 0x21
    89c4:	c4 01       	movw	r24, r8
    89c6:	01 96       	adiw	r24, 0x01	; 1
    89c8:	8a 19       	sub	r24, r10
    89ca:	9b 09       	sbc	r25, r11
    89cc:	0e 94 d2 24 	call	0x49a4	; 0x49a4 <LCD_Fast_Fill_Rect_Color>
    89d0:	3f 89       	ldd	r19, Y+23	; 0x17
    89d2:	31 11       	cpse	r19, r1
    89d4:	f8 ce       	rjmp	.-528    	; 0x87c6 <Lcd_BorderEllipseRect+0x236>
    89d6:	a4 01       	movw	r20, r8
    89d8:	4a 19       	sub	r20, r10
    89da:	5b 09       	sbc	r21, r11
    89dc:	0f 81       	ldd	r16, Y+7	; 0x07
    89de:	2a a1       	ldd	r18, Y+34	; 0x22
    89e0:	3b a1       	ldd	r19, Y+35	; 0x23
    89e2:	68 a1       	ldd	r22, Y+32	; 0x20
    89e4:	79 a1       	ldd	r23, Y+33	; 0x21
    89e6:	89 81       	ldd	r24, Y+1	; 0x01
    89e8:	9a 81       	ldd	r25, Y+2	; 0x02
    89ea:	8a 0d       	add	r24, r10
    89ec:	9b 1d       	adc	r25, r11
    89ee:	0e 94 52 24 	call	0x48a4	; 0x48a4 <LCD_Fast_Fill_Rect>
    89f2:	e9 ce       	rjmp	.-558    	; 0x87c6 <Lcd_BorderEllipseRect+0x236>
    89f4:	ed a0       	ldd	r14, Y+37	; 0x25
    89f6:	0c a1       	ldd	r16, Y+36	; 0x24
    89f8:	68 a1       	ldd	r22, Y+32	; 0x20
    89fa:	79 a1       	ldd	r23, Y+33	; 0x21
    89fc:	68 19       	sub	r22, r8
    89fe:	79 09       	sbc	r23, r9
    8a00:	9b 01       	movw	r18, r22
    8a02:	4e 8d       	ldd	r20, Y+30	; 0x1e
    8a04:	5f 8d       	ldd	r21, Y+31	; 0x1f
    8a06:	89 89       	ldd	r24, Y+17	; 0x11
    8a08:	9a 89       	ldd	r25, Y+18	; 0x12
    8a0a:	48 0f       	add	r20, r24
    8a0c:	59 1f       	adc	r21, r25
    8a0e:	5a 83       	std	Y+2, r21	; 0x02
    8a10:	49 83       	std	Y+1, r20	; 0x01
    8a12:	ac 8d       	ldd	r26, Y+28	; 0x1c
    8a14:	bd 8d       	ldd	r27, Y+29	; 0x1d
    8a16:	a8 1b       	sub	r26, r24
    8a18:	b9 0b       	sbc	r27, r25
    8a1a:	b9 8f       	std	Y+25, r27	; 0x19
    8a1c:	a8 8f       	std	Y+24, r26	; 0x18
    8a1e:	cd 01       	movw	r24, r26
    8a20:	0e 94 15 24 	call	0x482a	; 0x482a <LCD_Fast_Short_Fill_Rect_Color>
    8a24:	ed a0       	ldd	r14, Y+37	; 0x25
    8a26:	0c a1       	ldd	r16, Y+36	; 0x24
    8a28:	6a a1       	ldd	r22, Y+34	; 0x22
    8a2a:	7b a1       	ldd	r23, Y+35	; 0x23
    8a2c:	68 0d       	add	r22, r8
    8a2e:	79 1d       	adc	r23, r9
    8a30:	9b 01       	movw	r18, r22
    8a32:	49 81       	ldd	r20, Y+1	; 0x01
    8a34:	5a 81       	ldd	r21, Y+2	; 0x02
    8a36:	88 8d       	ldd	r24, Y+24	; 0x18
    8a38:	99 8d       	ldd	r25, Y+25	; 0x19
    8a3a:	0e 94 15 24 	call	0x482a	; 0x482a <LCD_Fast_Short_Fill_Rect_Color>
    8a3e:	de ce       	rjmp	.-580    	; 0x87fc <Lcd_BorderEllipseRect+0x26c>
    8a40:	e8 a1       	ldd	r30, Y+32	; 0x20
    8a42:	f9 a1       	ldd	r31, Y+33	; 0x21
    8a44:	e8 19       	sub	r30, r8
    8a46:	f9 09       	sbc	r31, r9
    8a48:	f9 8f       	std	Y+25, r31	; 0x19
    8a4a:	e8 8f       	std	Y+24, r30	; 0x18
    8a4c:	0a a1       	ldd	r16, Y+34	; 0x22
    8a4e:	1b a1       	ldd	r17, Y+35	; 0x23
    8a50:	08 0d       	add	r16, r8
    8a52:	19 1d       	adc	r17, r9
    8a54:	1b 8f       	std	Y+27, r17	; 0x1b
    8a56:	0a 8f       	std	Y+26, r16	; 0x1a
    8a58:	ef a0       	ldd	r14, Y+39	; 0x27
    8a5a:	0e a1       	ldd	r16, Y+38	; 0x26
    8a5c:	28 8d       	ldd	r18, Y+24	; 0x18
    8a5e:	39 8d       	ldd	r19, Y+25	; 0x19
    8a60:	68 a4       	ldd	r6, Y+40	; 0x28
    8a62:	79 a4       	ldd	r7, Y+41	; 0x29
    8a64:	6a 0c       	add	r6, r10
    8a66:	7b 1c       	adc	r7, r11
    8a68:	a3 01       	movw	r20, r6
    8a6a:	b9 01       	movw	r22, r18
    8a6c:	8a a5       	ldd	r24, Y+42	; 0x2a
    8a6e:	9b a5       	ldd	r25, Y+43	; 0x2b
    8a70:	8a 19       	sub	r24, r10
    8a72:	9b 09       	sbc	r25, r11
    8a74:	9a 83       	std	Y+2, r25	; 0x02
    8a76:	89 83       	std	Y+1, r24	; 0x01
    8a78:	0e 94 d2 24 	call	0x49a4	; 0x49a4 <LCD_Fast_Fill_Rect_Color>
    8a7c:	ef a0       	ldd	r14, Y+39	; 0x27
    8a7e:	0e a1       	ldd	r16, Y+38	; 0x26
    8a80:	2a 8d       	ldd	r18, Y+26	; 0x1a
    8a82:	3b 8d       	ldd	r19, Y+27	; 0x1b
    8a84:	a3 01       	movw	r20, r6
    8a86:	b9 01       	movw	r22, r18
    8a88:	89 81       	ldd	r24, Y+1	; 0x01
    8a8a:	9a 81       	ldd	r25, Y+2	; 0x02
    8a8c:	0e 94 d2 24 	call	0x49a4	; 0x49a4 <LCD_Fast_Fill_Rect_Color>
    8a90:	34 01       	movw	r6, r8
    8a92:	b4 ce       	rjmp	.-664    	; 0x87fc <Lcd_BorderEllipseRect+0x26c>
    8a94:	28 a1       	ldd	r18, Y+32	; 0x20
    8a96:	39 a1       	ldd	r19, Y+33	; 0x21
    8a98:	28 19       	sub	r18, r8
    8a9a:	39 09       	sbc	r19, r9
    8a9c:	39 8f       	std	Y+25, r19	; 0x19
    8a9e:	28 8f       	std	Y+24, r18	; 0x18
    8aa0:	ed a0       	ldd	r14, Y+37	; 0x25
    8aa2:	0c a1       	ldd	r16, Y+36	; 0x24
    8aa4:	6c 8c       	ldd	r6, Y+28	; 0x1c
    8aa6:	7d 8c       	ldd	r7, Y+29	; 0x1d
    8aa8:	6a 18       	sub	r6, r10
    8aaa:	7b 08       	sbc	r7, r11
    8aac:	a3 01       	movw	r20, r6
    8aae:	b9 01       	movw	r22, r18
    8ab0:	8c 8d       	ldd	r24, Y+28	; 0x1c
    8ab2:	9d 8d       	ldd	r25, Y+29	; 0x1d
    8ab4:	a9 89       	ldd	r26, Y+17	; 0x11
    8ab6:	ba 89       	ldd	r27, Y+18	; 0x12
    8ab8:	8a 1b       	sub	r24, r26
    8aba:	9b 0b       	sbc	r25, r27
    8abc:	9a 83       	std	Y+2, r25	; 0x02
    8abe:	89 83       	std	Y+1, r24	; 0x01
    8ac0:	0e 94 15 24 	call	0x482a	; 0x482a <LCD_Fast_Short_Fill_Rect_Color>
    8ac4:	ed a0       	ldd	r14, Y+37	; 0x25
    8ac6:	0c a1       	ldd	r16, Y+36	; 0x24
    8ac8:	28 8d       	ldd	r18, Y+24	; 0x18
    8aca:	39 8d       	ldd	r19, Y+25	; 0x19
    8acc:	ee 8d       	ldd	r30, Y+30	; 0x1e
    8ace:	ff 8d       	ldd	r31, Y+31	; 0x1f
    8ad0:	49 89       	ldd	r20, Y+17	; 0x11
    8ad2:	5a 89       	ldd	r21, Y+18	; 0x12
    8ad4:	e4 0f       	add	r30, r20
    8ad6:	f5 1f       	adc	r31, r21
    8ad8:	fd a7       	std	Y+45, r31	; 0x2d
    8ada:	ec a7       	std	Y+44, r30	; 0x2c
    8adc:	af 01       	movw	r20, r30
    8ade:	b9 01       	movw	r22, r18
    8ae0:	8e 8d       	ldd	r24, Y+30	; 0x1e
    8ae2:	9f 8d       	ldd	r25, Y+31	; 0x1f
    8ae4:	8a 0d       	add	r24, r10
    8ae6:	9b 1d       	adc	r25, r11
    8ae8:	9f a7       	std	Y+47, r25	; 0x2f
    8aea:	8e a7       	std	Y+46, r24	; 0x2e
    8aec:	0e 94 15 24 	call	0x482a	; 0x482a <LCD_Fast_Short_Fill_Rect_Color>
    8af0:	aa a1       	ldd	r26, Y+34	; 0x22
    8af2:	bb a1       	ldd	r27, Y+35	; 0x23
    8af4:	a8 0d       	add	r26, r8
    8af6:	b9 1d       	adc	r27, r9
    8af8:	bb 8f       	std	Y+27, r27	; 0x1b
    8afa:	aa 8f       	std	Y+26, r26	; 0x1a
    8afc:	ed a0       	ldd	r14, Y+37	; 0x25
    8afe:	0c a1       	ldd	r16, Y+36	; 0x24
    8b00:	9d 01       	movw	r18, r26
    8b02:	a3 01       	movw	r20, r6
    8b04:	bd 01       	movw	r22, r26
    8b06:	89 81       	ldd	r24, Y+1	; 0x01
    8b08:	9a 81       	ldd	r25, Y+2	; 0x02
    8b0a:	0e 94 15 24 	call	0x482a	; 0x482a <LCD_Fast_Short_Fill_Rect_Color>
    8b0e:	ed a0       	ldd	r14, Y+37	; 0x25
    8b10:	0c a1       	ldd	r16, Y+36	; 0x24
    8b12:	2a 8d       	ldd	r18, Y+26	; 0x1a
    8b14:	3b 8d       	ldd	r19, Y+27	; 0x1b
    8b16:	4c a5       	ldd	r20, Y+44	; 0x2c
    8b18:	5d a5       	ldd	r21, Y+45	; 0x2d
    8b1a:	b9 01       	movw	r22, r18
    8b1c:	8e a5       	ldd	r24, Y+46	; 0x2e
    8b1e:	9f a5       	ldd	r25, Y+47	; 0x2f
    8b20:	0e 94 15 24 	call	0x482a	; 0x482a <LCD_Fast_Short_Fill_Rect_Color>
    8b24:	bf 89       	ldd	r27, Y+23	; 0x17
    8b26:	bb 23       	and	r27, r27
    8b28:	09 f4       	brne	.+2      	; 0x8b2c <Lcd_BorderEllipseRect+0x59c>
    8b2a:	96 cf       	rjmp	.-212    	; 0x8a58 <Lcd_BorderEllipseRect+0x4c8>
    8b2c:	34 01       	movw	r6, r8
    8b2e:	66 ce       	rjmp	.-820    	; 0x87fc <Lcd_BorderEllipseRect+0x26c>

00008b30 <lcd_Set_Nsymtab_Font>:
    8b30:	80 93 94 01 	sts	0x0194, r24	; 0x800194 <sFont+0x34>
    8b34:	08 95       	ret

00008b36 <lcd_Set_Font>:
    8b36:	a0 e6       	ldi	r26, 0x60	; 96
    8b38:	b1 e0       	ldi	r27, 0x01	; 1
    8b3a:	11 96       	adiw	r26, 0x01	; 1
    8b3c:	9c 93       	st	X, r25
    8b3e:	8e 93       	st	-X, r24
    8b40:	fc 01       	movw	r30, r24
    8b42:	24 91       	lpm	r18, Z
    8b44:	12 96       	adiw	r26, 0x02	; 2
    8b46:	2c 93       	st	X, r18
    8b48:	12 97       	sbiw	r26, 0x02	; 2
    8b4a:	31 96       	adiw	r30, 0x01	; 1
    8b4c:	e4 91       	lpm	r30, Z
    8b4e:	13 96       	adiw	r26, 0x03	; 3
    8b50:	ec 93       	st	X, r30
    8b52:	13 97       	sbiw	r26, 0x03	; 3
    8b54:	fc 01       	movw	r30, r24
    8b56:	32 96       	adiw	r30, 0x02	; 2
    8b58:	e4 91       	lpm	r30, Z
    8b5a:	14 96       	adiw	r26, 0x04	; 4
    8b5c:	ec 93       	st	X, r30
    8b5e:	14 97       	sbiw	r26, 0x04	; 4
    8b60:	fc 01       	movw	r30, r24
    8b62:	33 96       	adiw	r30, 0x03	; 3
    8b64:	e4 91       	lpm	r30, Z
    8b66:	15 96       	adiw	r26, 0x05	; 5
    8b68:	ec 93       	st	X, r30
    8b6a:	15 97       	sbiw	r26, 0x05	; 5
    8b6c:	fc 01       	movw	r30, r24
    8b6e:	34 96       	adiw	r30, 0x04	; 4
    8b70:	e4 91       	lpm	r30, Z
    8b72:	16 96       	adiw	r26, 0x06	; 6
    8b74:	ec 93       	st	X, r30
    8b76:	16 97       	sbiw	r26, 0x06	; 6
    8b78:	fc 01       	movw	r30, r24
    8b7a:	35 96       	adiw	r30, 0x05	; 5
    8b7c:	84 91       	lpm	r24, Z
    8b7e:	17 96       	adiw	r26, 0x07	; 7
    8b80:	8c 93       	st	X, r24
    8b82:	08 95       	ret

00008b84 <lcd_Set_Color_Font_RGB>:
    8b84:	cf 92       	push	r12
    8b86:	ef 92       	push	r14
    8b88:	0f 93       	push	r16
    8b8a:	ec 2d       	mov	r30, r12
    8b8c:	f0 e0       	ldi	r31, 0x00	; 0
    8b8e:	df 01       	movw	r26, r30
    8b90:	aa 0f       	add	r26, r26
    8b92:	bb 1f       	adc	r27, r27
    8b94:	aa 0f       	add	r26, r26
    8b96:	bb 1f       	adc	r27, r27
    8b98:	a8 59       	subi	r26, 0x98	; 152
    8b9a:	be 4f       	sbci	r27, 0xFE	; 254
    8b9c:	88 7f       	andi	r24, 0xF8	; 248
    8b9e:	96 2f       	mov	r25, r22
    8ba0:	92 95       	swap	r25
    8ba2:	96 95       	lsr	r25
    8ba4:	97 70       	andi	r25, 0x07	; 7
    8ba6:	89 2b       	or	r24, r25
    8ba8:	8c 93       	st	X, r24
    8baa:	ee 0f       	add	r30, r30
    8bac:	ff 1f       	adc	r31, r31
    8bae:	ee 0f       	add	r30, r30
    8bb0:	ff 1f       	adc	r31, r31
    8bb2:	e0 5a       	subi	r30, 0xA0	; 160
    8bb4:	fe 4f       	sbci	r31, 0xFE	; 254
    8bb6:	6c 71       	andi	r22, 0x1C	; 28
    8bb8:	66 0f       	add	r22, r22
    8bba:	66 0f       	add	r22, r22
    8bbc:	66 0f       	add	r22, r22
    8bbe:	46 95       	lsr	r20
    8bc0:	46 95       	lsr	r20
    8bc2:	46 95       	lsr	r20
    8bc4:	64 2b       	or	r22, r20
    8bc6:	61 87       	std	Z+9, r22	; 0x09
    8bc8:	28 7f       	andi	r18, 0xF8	; 248
    8bca:	80 2f       	mov	r24, r16
    8bcc:	82 95       	swap	r24
    8bce:	86 95       	lsr	r24
    8bd0:	87 70       	andi	r24, 0x07	; 7
    8bd2:	28 2b       	or	r18, r24
    8bd4:	22 87       	std	Z+10, r18	; 0x0a
    8bd6:	0c 71       	andi	r16, 0x1C	; 28
    8bd8:	00 0f       	add	r16, r16
    8bda:	00 0f       	add	r16, r16
    8bdc:	00 0f       	add	r16, r16
    8bde:	e6 94       	lsr	r14
    8be0:	e6 94       	lsr	r14
    8be2:	e6 94       	lsr	r14
    8be4:	0e 29       	or	r16, r14
    8be6:	03 87       	std	Z+11, r16	; 0x0b
    8be8:	0f 91       	pop	r16
    8bea:	ef 90       	pop	r14
    8bec:	cf 90       	pop	r12
    8bee:	08 95       	ret

00008bf0 <lcd_Set_Edging_Font>:
    8bf0:	80 93 85 01 	sts	0x0185, r24	; 0x800185 <sFont+0x25>
    8bf4:	08 95       	ret

00008bf6 <lcd_Set_Transparent_Font>:
    8bf6:	80 93 84 01 	sts	0x0184, r24	; 0x800184 <sFont+0x24>
    8bfa:	08 95       	ret

00008bfc <lcd_Set_Aligning_Font>:
    8bfc:	83 30       	cpi	r24, 0x03	; 3
    8bfe:	08 f0       	brcs	.+2      	; 0x8c02 <lcd_Set_Aligning_Font+0x6>
    8c00:	80 e0       	ldi	r24, 0x00	; 0
    8c02:	80 93 86 01 	sts	0x0186, r24	; 0x800186 <sFont+0x26>
    8c06:	08 95       	ret

00008c08 <lcd_Set_Kerning_Font>:
    8c08:	80 93 87 01 	sts	0x0187, r24	; 0x800187 <sFont+0x27>
    8c0c:	08 95       	ret

00008c0e <lcd_Set_Spacing_Font>:
    8c0e:	80 93 88 01 	sts	0x0188, r24	; 0x800188 <sFont+0x28>
    8c12:	08 95       	ret

00008c14 <lcd_Set_Scale_Font>:
    8c14:	81 11       	cpse	r24, r1
    8c16:	01 c0       	rjmp	.+2      	; 0x8c1a <lcd_Set_Scale_Font+0x6>
    8c18:	81 e0       	ldi	r24, 0x01	; 1
    8c1a:	80 93 89 01 	sts	0x0189, r24	; 0x800189 <sFont+0x29>
    8c1e:	08 95       	ret

00008c20 <LCD_Fixed_Char>:
    8c20:	0f 93       	push	r16
    8c22:	1f 93       	push	r17
    8c24:	cf 93       	push	r28
    8c26:	df 93       	push	r29
    8c28:	fb 01       	movw	r30, r22
    8c2a:	8a 01       	movw	r16, r20
    8c2c:	e9 01       	movw	r28, r18
    8c2e:	40 91 62 01 	lds	r20, 0x0162	; 0x800162 <sFont+0x2>
    8c32:	20 91 63 01 	lds	r18, 0x0163	; 0x800163 <sFont+0x3>
    8c36:	70 91 66 01 	lds	r23, 0x0166	; 0x800166 <sFont+0x6>
    8c3a:	82 30       	cpi	r24, 0x02	; 2
    8c3c:	09 f4       	brne	.+2      	; 0x8c40 <LCD_Fixed_Char+0x20>
    8c3e:	6f c0       	rjmp	.+222    	; 0x8d1e <LCD_Fixed_Char+0xfe>
    8c40:	60 91 68 01 	lds	r22, 0x0168	; 0x800168 <sFont+0x8>
    8c44:	a0 91 69 01 	lds	r26, 0x0169	; 0x800169 <sFont+0x9>
    8c48:	30 91 6c 01 	lds	r19, 0x016C	; 0x80016c <sFont+0xc>
    8c4c:	50 91 6d 01 	lds	r21, 0x016D	; 0x80016d <sFont+0xd>
    8c50:	97 98       	cbi	0x12, 7	; 18
    8c52:	8a e2       	ldi	r24, 0x2A	; 42
    8c54:	85 bb       	out	0x15, r24	; 21
    8c56:	96 98       	cbi	0x12, 6	; 18
    8c58:	96 9a       	sbi	0x12, 6	; 18
    8c5a:	97 9a       	sbi	0x12, 7	; 18
    8c5c:	15 bb       	out	0x15, r17	; 21
    8c5e:	96 98       	cbi	0x12, 6	; 18
    8c60:	96 9a       	sbi	0x12, 6	; 18
    8c62:	05 bb       	out	0x15, r16	; 21
    8c64:	96 98       	cbi	0x12, 6	; 18
    8c66:	96 9a       	sbi	0x12, 6	; 18
    8c68:	84 2f       	mov	r24, r20
    8c6a:	90 e0       	ldi	r25, 0x00	; 0
    8c6c:	01 97       	sbiw	r24, 0x01	; 1
    8c6e:	80 0f       	add	r24, r16
    8c70:	91 1f       	adc	r25, r17
    8c72:	95 bb       	out	0x15, r25	; 21
    8c74:	96 98       	cbi	0x12, 6	; 18
    8c76:	96 9a       	sbi	0x12, 6	; 18
    8c78:	41 50       	subi	r20, 0x01	; 1
    8c7a:	04 0f       	add	r16, r20
    8c7c:	05 bb       	out	0x15, r16	; 21
    8c7e:	96 98       	cbi	0x12, 6	; 18
    8c80:	96 9a       	sbi	0x12, 6	; 18
    8c82:	97 98       	cbi	0x12, 7	; 18
    8c84:	8b e2       	ldi	r24, 0x2B	; 43
    8c86:	85 bb       	out	0x15, r24	; 21
    8c88:	96 98       	cbi	0x12, 6	; 18
    8c8a:	96 9a       	sbi	0x12, 6	; 18
    8c8c:	97 9a       	sbi	0x12, 7	; 18
    8c8e:	d5 bb       	out	0x15, r29	; 21
    8c90:	96 98       	cbi	0x12, 6	; 18
    8c92:	96 9a       	sbi	0x12, 6	; 18
    8c94:	c5 bb       	out	0x15, r28	; 21
    8c96:	96 98       	cbi	0x12, 6	; 18
    8c98:	96 9a       	sbi	0x12, 6	; 18
    8c9a:	ce 01       	movw	r24, r28
    8c9c:	82 0f       	add	r24, r18
    8c9e:	91 1d       	adc	r25, r1
    8ca0:	95 bb       	out	0x15, r25	; 21
    8ca2:	96 98       	cbi	0x12, 6	; 18
    8ca4:	96 9a       	sbi	0x12, 6	; 18
    8ca6:	c2 0f       	add	r28, r18
    8ca8:	c5 bb       	out	0x15, r28	; 21
    8caa:	96 98       	cbi	0x12, 6	; 18
    8cac:	96 9a       	sbi	0x12, 6	; 18
    8cae:	97 98       	cbi	0x12, 7	; 18
    8cb0:	8c e2       	ldi	r24, 0x2C	; 44
    8cb2:	85 bb       	out	0x15, r24	; 21
    8cb4:	96 98       	cbi	0x12, 6	; 18
    8cb6:	96 9a       	sbi	0x12, 6	; 18
    8cb8:	97 9a       	sbi	0x12, 7	; 18
    8cba:	84 91       	lpm	r24, Z
    8cbc:	31 96       	adiw	r30, 0x01	; 1
    8cbe:	88 23       	and	r24, r24
    8cc0:	c9 f0       	breq	.+50     	; 0x8cf4 <LCD_Fixed_Char+0xd4>
    8cc2:	98 e0       	ldi	r25, 0x08	; 8
    8cc4:	07 c0       	rjmp	.+14     	; 0x8cd4 <LCD_Fixed_Char+0xb4>
    8cc6:	3b bb       	out	0x1b, r19	; 27
    8cc8:	55 bb       	out	0x15, r21	; 21
    8cca:	96 98       	cbi	0x12, 6	; 18
    8ccc:	96 9a       	sbi	0x12, 6	; 18
    8cce:	88 0f       	add	r24, r24
    8cd0:	91 50       	subi	r25, 0x01	; 1
    8cd2:	49 f0       	breq	.+18     	; 0x8ce6 <LCD_Fixed_Char+0xc6>
    8cd4:	87 ff       	sbrs	r24, 7
    8cd6:	f7 cf       	rjmp	.-18     	; 0x8cc6 <LCD_Fixed_Char+0xa6>
    8cd8:	6b bb       	out	0x1b, r22	; 27
    8cda:	a5 bb       	out	0x15, r26	; 21
    8cdc:	96 98       	cbi	0x12, 6	; 18
    8cde:	96 9a       	sbi	0x12, 6	; 18
    8ce0:	88 0f       	add	r24, r24
    8ce2:	91 50       	subi	r25, 0x01	; 1
    8ce4:	b9 f7       	brne	.-18     	; 0x8cd4 <LCD_Fixed_Char+0xb4>
    8ce6:	71 50       	subi	r23, 0x01	; 1
    8ce8:	41 f7       	brne	.-48     	; 0x8cba <LCD_Fixed_Char+0x9a>
    8cea:	df 91       	pop	r29
    8cec:	cf 91       	pop	r28
    8cee:	1f 91       	pop	r17
    8cf0:	0f 91       	pop	r16
    8cf2:	08 95       	ret
    8cf4:	3b bb       	out	0x1b, r19	; 27
    8cf6:	55 bb       	out	0x15, r21	; 21
    8cf8:	96 98       	cbi	0x12, 6	; 18
    8cfa:	96 9a       	sbi	0x12, 6	; 18
    8cfc:	96 98       	cbi	0x12, 6	; 18
    8cfe:	96 9a       	sbi	0x12, 6	; 18
    8d00:	96 98       	cbi	0x12, 6	; 18
    8d02:	96 9a       	sbi	0x12, 6	; 18
    8d04:	96 98       	cbi	0x12, 6	; 18
    8d06:	96 9a       	sbi	0x12, 6	; 18
    8d08:	96 98       	cbi	0x12, 6	; 18
    8d0a:	96 9a       	sbi	0x12, 6	; 18
    8d0c:	96 98       	cbi	0x12, 6	; 18
    8d0e:	96 9a       	sbi	0x12, 6	; 18
    8d10:	96 98       	cbi	0x12, 6	; 18
    8d12:	96 9a       	sbi	0x12, 6	; 18
    8d14:	96 98       	cbi	0x12, 6	; 18
    8d16:	96 9a       	sbi	0x12, 6	; 18
    8d18:	71 50       	subi	r23, 0x01	; 1
    8d1a:	79 f6       	brne	.-98     	; 0x8cba <LCD_Fixed_Char+0x9a>
    8d1c:	e6 cf       	rjmp	.-52     	; 0x8cea <LCD_Fixed_Char+0xca>
    8d1e:	60 91 6a 01 	lds	r22, 0x016A	; 0x80016a <sFont+0xa>
    8d22:	a0 91 6b 01 	lds	r26, 0x016B	; 0x80016b <sFont+0xb>
    8d26:	30 91 6e 01 	lds	r19, 0x016E	; 0x80016e <sFont+0xe>
    8d2a:	50 91 6f 01 	lds	r21, 0x016F	; 0x80016f <sFont+0xf>
    8d2e:	90 cf       	rjmp	.-224    	; 0x8c50 <LCD_Fixed_Char+0x30>

00008d30 <LCD_noGradient_Char>:
    8d30:	2f 92       	push	r2
    8d32:	3f 92       	push	r3
    8d34:	4f 92       	push	r4
    8d36:	5f 92       	push	r5
    8d38:	6f 92       	push	r6
    8d3a:	7f 92       	push	r7
    8d3c:	8f 92       	push	r8
    8d3e:	9f 92       	push	r9
    8d40:	af 92       	push	r10
    8d42:	bf 92       	push	r11
    8d44:	cf 92       	push	r12
    8d46:	df 92       	push	r13
    8d48:	ef 92       	push	r14
    8d4a:	ff 92       	push	r15
    8d4c:	0f 93       	push	r16
    8d4e:	1f 93       	push	r17
    8d50:	cf 93       	push	r28
    8d52:	df 93       	push	r29
    8d54:	cd b7       	in	r28, 0x3d	; 61
    8d56:	de b7       	in	r29, 0x3e	; 62
    8d58:	61 97       	sbiw	r28, 0x11	; 17
    8d5a:	0f b6       	in	r0, 0x3f	; 63
    8d5c:	f8 94       	cli
    8d5e:	de bf       	out	0x3e, r29	; 62
    8d60:	0f be       	out	0x3f, r0	; 63
    8d62:	cd bf       	out	0x3d, r28	; 61
    8d64:	da 01       	movw	r26, r20
    8d66:	ed b6       	in	r14, 0x3d	; 61
    8d68:	fe b6       	in	r15, 0x3e	; 62
    8d6a:	ff 86       	std	Y+15, r15	; 0x0f
    8d6c:	ee 86       	std	Y+14, r14	; 0x0e
    8d6e:	a0 90 62 01 	lds	r10, 0x0162	; 0x800162 <sFont+0x2>
    8d72:	20 90 63 01 	lds	r2, 0x0163	; 0x800163 <sFont+0x3>
    8d76:	44 24       	eor	r4, r4
    8d78:	43 94       	inc	r4
    8d7a:	42 0c       	add	r4, r2
    8d7c:	f0 90 85 01 	lds	r15, 0x0185	; 0x800185 <sFont+0x25>
    8d80:	f9 82       	std	Y+1, r15	; 0x01
    8d82:	50 91 89 01 	lds	r21, 0x0189	; 0x800189 <sFont+0x29>
    8d86:	a5 9e       	mul	r10, r21
    8d88:	40 2d       	mov	r20, r0
    8d8a:	11 24       	eor	r1, r1
    8d8c:	08 e0       	ldi	r16, 0x08	; 8
    8d8e:	0a 15       	cp	r16, r10
    8d90:	08 f4       	brcc	.+2      	; 0x8d94 <LCD_noGradient_Char+0x64>
    8d92:	e6 c2       	rjmp	.+1484   	; 0x9360 <LCD_noGradient_Char+0x630>
    8d94:	18 e0       	ldi	r17, 0x08	; 8
    8d96:	e4 2d       	mov	r30, r4
    8d98:	f0 e0       	ldi	r31, 0x00	; 0
    8d9a:	ee 0f       	add	r30, r30
    8d9c:	ff 1f       	adc	r31, r31
    8d9e:	ed b6       	in	r14, 0x3d	; 61
    8da0:	fe b6       	in	r15, 0x3e	; 62
    8da2:	ee 1a       	sub	r14, r30
    8da4:	ff 0a       	sbc	r15, r31
    8da6:	0f b6       	in	r0, 0x3f	; 63
    8da8:	f8 94       	cli
    8daa:	fe be       	out	0x3e, r15	; 62
    8dac:	0f be       	out	0x3f, r0	; 63
    8dae:	ed be       	out	0x3d, r14	; 61
    8db0:	ed b7       	in	r30, 0x3d	; 61
    8db2:	fe b7       	in	r31, 0x3e	; 62
    8db4:	31 96       	adiw	r30, 0x01	; 1
    8db6:	4f 01       	movw	r8, r30
    8db8:	fa 87       	std	Y+10, r31	; 0x0a
    8dba:	e9 87       	std	Y+9, r30	; 0x09
    8dbc:	ed b7       	in	r30, 0x3d	; 61
    8dbe:	fe b7       	in	r31, 0x3e	; 62
    8dc0:	12 82       	std	Z+2, r1	; 0x02
    8dc2:	11 82       	std	Z+1, r1	; 0x01
    8dc4:	ea 2c       	mov	r14, r10
    8dc6:	f1 2c       	mov	r15, r1
    8dc8:	f8 86       	std	Y+8, r15	; 0x08
    8dca:	ef 82       	std	Y+7, r14	; 0x07
    8dcc:	e0 e1       	ldi	r30, 0x10	; 16
    8dce:	f0 e0       	ldi	r31, 0x00	; 0
    8dd0:	ee 19       	sub	r30, r14
    8dd2:	ff 09       	sbc	r31, r15
    8dd4:	66 24       	eor	r6, r6
    8dd6:	6a 94       	dec	r6
    8dd8:	76 2c       	mov	r7, r6
    8dda:	02 c0       	rjmp	.+4      	; 0x8de0 <LCD_noGradient_Char+0xb0>
    8ddc:	66 0c       	add	r6, r6
    8dde:	77 1c       	adc	r7, r7
    8de0:	ea 95       	dec	r30
    8de2:	e2 f7       	brpl	.-8      	; 0x8ddc <LCD_noGradient_Char+0xac>
    8de4:	82 30       	cpi	r24, 0x02	; 2
    8de6:	09 f4       	brne	.+2      	; 0x8dea <LCD_noGradient_Char+0xba>
    8de8:	bf c2       	rjmp	.+1406   	; 0x9368 <LCD_noGradient_Char+0x638>
    8dea:	50 90 68 01 	lds	r5, 0x0168	; 0x800168 <sFont+0x8>
    8dee:	b0 90 69 01 	lds	r11, 0x0169	; 0x800169 <sFont+0x9>
    8df2:	80 91 70 01 	lds	r24, 0x0170	; 0x800170 <sFont+0x10>
    8df6:	8d 87       	std	Y+13, r24	; 0x0d
    8df8:	90 91 71 01 	lds	r25, 0x0171	; 0x800171 <sFont+0x11>
    8dfc:	9b 83       	std	Y+3, r25	; 0x03
    8dfe:	e7 e0       	ldi	r30, 0x07	; 7
    8e00:	ea 15       	cp	r30, r10
    8e02:	08 f4       	brcc	.+2      	; 0x8e06 <LCD_noGradient_Char+0xd6>
    8e04:	5a c2       	rjmp	.+1204   	; 0x92ba <LCD_noGradient_Char+0x58a>
    8e06:	d1 2c       	mov	r13, r1
    8e08:	80 e0       	ldi	r24, 0x00	; 0
    8e0a:	90 e0       	ldi	r25, 0x00	; 0
    8e0c:	cc 24       	eor	r12, r12
    8e0e:	c3 94       	inc	r12
    8e10:	31 2e       	mov	r3, r17
    8e12:	3a 18       	sub	r3, r10
    8e14:	e1 2e       	mov	r14, r17
    8e16:	f1 2c       	mov	r15, r1
    8e18:	fe 82       	std	Y+6, r15	; 0x06
    8e1a:	ed 82       	std	Y+5, r14	; 0x05
    8e1c:	e5 2e       	mov	r14, r21
    8e1e:	f4 2e       	mov	r15, r20
    8e20:	fb 01       	movw	r30, r22
    8e22:	54 91       	lpm	r21, Z
    8e24:	44 27       	eor	r20, r20
    8e26:	6f 5f       	subi	r22, 0xFF	; 255
    8e28:	7f 4f       	sbci	r23, 0xFF	; 255
    8e2a:	ec 2d       	mov	r30, r12
    8e2c:	f0 e0       	ldi	r31, 0x00	; 0
    8e2e:	ee 0f       	add	r30, r30
    8e30:	ff 1f       	adc	r31, r31
    8e32:	e8 0d       	add	r30, r8
    8e34:	f9 1d       	adc	r31, r9
    8e36:	8a 01       	movw	r16, r20
    8e38:	0d 2c       	mov	r0, r13
    8e3a:	02 c0       	rjmp	.+4      	; 0x8e40 <LCD_noGradient_Char+0x110>
    8e3c:	16 95       	lsr	r17
    8e3e:	07 95       	ror	r16
    8e40:	0a 94       	dec	r0
    8e42:	e2 f7       	brpl	.-8      	; 0x8e3c <LCD_noGradient_Char+0x10c>
    8e44:	80 0f       	add	r24, r16
    8e46:	91 1f       	adc	r25, r17
    8e48:	86 21       	and	r24, r6
    8e4a:	97 21       	and	r25, r7
    8e4c:	91 83       	std	Z+1, r25	; 0x01
    8e4e:	80 83       	st	Z, r24
    8e50:	e1 e0       	ldi	r30, 0x01	; 1
    8e52:	ec 0d       	add	r30, r12
    8e54:	e4 15       	cp	r30, r4
    8e56:	20 f5       	brcc	.+72     	; 0x8ea0 <LCD_noGradient_Char+0x170>
    8e58:	d3 0c       	add	r13, r3
    8e5a:	8d 81       	ldd	r24, Y+5	; 0x05
    8e5c:	9e 81       	ldd	r25, Y+6	; 0x06
    8e5e:	8d 19       	sub	r24, r13
    8e60:	91 09       	sbc	r25, r1
    8e62:	8a 01       	movw	r16, r20
    8e64:	02 c0       	rjmp	.+4      	; 0x8e6a <LCD_noGradient_Char+0x13a>
    8e66:	00 0f       	add	r16, r16
    8e68:	11 1f       	adc	r17, r17
    8e6a:	8a 95       	dec	r24
    8e6c:	e2 f7       	brpl	.-8      	; 0x8e66 <LCD_noGradient_Char+0x136>
    8e6e:	c8 01       	movw	r24, r16
    8e70:	ad 14       	cp	r10, r13
    8e72:	a0 f4       	brcc	.+40     	; 0x8e9c <LCD_noGradient_Char+0x16c>
    8e74:	f0 e0       	ldi	r31, 0x00	; 0
    8e76:	ee 0f       	add	r30, r30
    8e78:	ff 1f       	adc	r31, r31
    8e7a:	e8 0d       	add	r30, r8
    8e7c:	f9 1d       	adc	r31, r9
    8e7e:	a3 01       	movw	r20, r6
    8e80:	48 23       	and	r20, r24
    8e82:	59 23       	and	r21, r25
    8e84:	51 83       	std	Z+1, r21	; 0x01
    8e86:	40 83       	st	Z, r20
    8e88:	c3 94       	inc	r12
    8e8a:	c3 94       	inc	r12
    8e8c:	da 18       	sub	r13, r10
    8e8e:	0f 80       	ldd	r0, Y+7	; 0x07
    8e90:	02 c0       	rjmp	.+4      	; 0x8e96 <LCD_noGradient_Char+0x166>
    8e92:	88 0f       	add	r24, r24
    8e94:	99 1f       	adc	r25, r25
    8e96:	0a 94       	dec	r0
    8e98:	e2 f7       	brpl	.-8      	; 0x8e92 <LCD_noGradient_Char+0x162>
    8e9a:	c2 cf       	rjmp	.-124    	; 0x8e20 <LCD_noGradient_Char+0xf0>
    8e9c:	ce 2e       	mov	r12, r30
    8e9e:	c0 cf       	rjmp	.-128    	; 0x8e20 <LCD_noGradient_Char+0xf0>
    8ea0:	5e 2d       	mov	r21, r14
    8ea2:	4f 2d       	mov	r20, r15
    8ea4:	19 81       	ldd	r17, Y+1	; 0x01
    8ea6:	11 11       	cpse	r17, r1
    8ea8:	ac c0       	rjmp	.+344    	; 0x9002 <LCD_noGradient_Char+0x2d2>
    8eaa:	c4 01       	movw	r24, r8
    8eac:	02 96       	adiw	r24, 0x02	; 2
    8eae:	9a 83       	std	Y+2, r25	; 0x02
    8eb0:	89 83       	std	Y+1, r24	; 0x01
    8eb2:	e5 2e       	mov	r14, r21
    8eb4:	f1 2c       	mov	r15, r1
    8eb6:	dd 24       	eor	r13, r13
    8eb8:	da 94       	dec	r13
    8eba:	d5 0e       	add	r13, r21
    8ebc:	d2 0e       	add	r13, r18
    8ebe:	f7 01       	movw	r30, r14
    8ec0:	31 97       	sbiw	r30, 0x01	; 1
    8ec2:	fc 83       	std	Y+4, r31	; 0x04
    8ec4:	eb 83       	std	Y+3, r30	; 0x03
    8ec6:	fa e2       	ldi	r31, 0x2A	; 42
    8ec8:	8f 2e       	mov	r8, r31
    8eca:	1b e2       	ldi	r17, 0x2B	; 43
    8ecc:	91 2e       	mov	r9, r17
    8ece:	0c e2       	ldi	r16, 0x2C	; 44
    8ed0:	a0 2e       	mov	r10, r16
    8ed2:	0d 2d       	mov	r16, r13
    8ed4:	e9 81       	ldd	r30, Y+1	; 0x01
    8ed6:	fa 81       	ldd	r31, Y+2	; 0x02
    8ed8:	61 91       	ld	r22, Z+
    8eda:	71 91       	ld	r23, Z+
    8edc:	fa 83       	std	Y+2, r31	; 0x02
    8ede:	e9 83       	std	Y+1, r30	; 0x01
    8ee0:	61 15       	cp	r22, r1
    8ee2:	71 05       	cpc	r23, r1
    8ee4:	09 f4       	brne	.+2      	; 0x8ee8 <LCD_noGradient_Char+0x1b8>
    8ee6:	5a c0       	rjmp	.+180    	; 0x8f9c <LCD_noGradient_Char+0x26c>
    8ee8:	63 2e       	mov	r6, r19
    8eea:	8b 81       	ldd	r24, Y+3	; 0x03
    8eec:	9c 81       	ldd	r25, Y+4	; 0x04
    8eee:	82 0f       	add	r24, r18
    8ef0:	93 1f       	adc	r25, r19
    8ef2:	79 2e       	mov	r7, r25
    8ef4:	90 e0       	ldi	r25, 0x00	; 0
    8ef6:	fb 01       	movw	r30, r22
    8ef8:	ee 27       	eor	r30, r30
    8efa:	f0 78       	andi	r31, 0x80	; 128
    8efc:	ef 2b       	or	r30, r31
    8efe:	09 f4       	brne	.+2      	; 0x8f02 <LCD_noGradient_Char+0x1d2>
    8f00:	73 c0       	rjmp	.+230    	; 0x8fe8 <LCD_noGradient_Char+0x2b8>
    8f02:	80 e0       	ldi	r24, 0x00	; 0
    8f04:	66 0f       	add	r22, r22
    8f06:	77 1f       	adc	r23, r23
    8f08:	85 0f       	add	r24, r21
    8f0a:	fb 01       	movw	r30, r22
    8f0c:	ee 27       	eor	r30, r30
    8f0e:	f0 78       	andi	r31, 0x80	; 128
    8f10:	30 97       	sbiw	r30, 0x00	; 0
    8f12:	c1 f7       	brne	.-16     	; 0x8f04 <LCD_noGradient_Char+0x1d4>
    8f14:	97 98       	cbi	0x12, 7	; 18
    8f16:	85 ba       	out	0x15, r8	; 21
    8f18:	96 98       	cbi	0x12, 6	; 18
    8f1a:	96 9a       	sbi	0x12, 6	; 18
    8f1c:	97 9a       	sbi	0x12, 7	; 18
    8f1e:	6d 01       	movw	r12, r26
    8f20:	c9 0e       	add	r12, r25
    8f22:	d1 1c       	adc	r13, r1
    8f24:	d5 ba       	out	0x15, r13	; 21
    8f26:	96 98       	cbi	0x12, 6	; 18
    8f28:	96 9a       	sbi	0x12, 6	; 18
    8f2a:	49 2e       	mov	r4, r25
    8f2c:	4a 0e       	add	r4, r26
    8f2e:	45 ba       	out	0x15, r4	; 21
    8f30:	96 98       	cbi	0x12, 6	; 18
    8f32:	96 9a       	sbi	0x12, 6	; 18
    8f34:	11 e0       	ldi	r17, 0x01	; 1
    8f36:	c1 1a       	sub	r12, r17
    8f38:	d1 08       	sbc	r13, r1
    8f3a:	c8 0e       	add	r12, r24
    8f3c:	d1 1c       	adc	r13, r1
    8f3e:	d5 ba       	out	0x15, r13	; 21
    8f40:	96 98       	cbi	0x12, 6	; 18
    8f42:	96 9a       	sbi	0x12, 6	; 18
    8f44:	1f ef       	ldi	r17, 0xFF	; 255
    8f46:	14 0d       	add	r17, r4
    8f48:	18 0f       	add	r17, r24
    8f4a:	15 bb       	out	0x15, r17	; 21
    8f4c:	96 98       	cbi	0x12, 6	; 18
    8f4e:	96 9a       	sbi	0x12, 6	; 18
    8f50:	97 98       	cbi	0x12, 7	; 18
    8f52:	95 ba       	out	0x15, r9	; 21
    8f54:	96 98       	cbi	0x12, 6	; 18
    8f56:	96 9a       	sbi	0x12, 6	; 18
    8f58:	97 9a       	sbi	0x12, 7	; 18
    8f5a:	65 ba       	out	0x15, r6	; 21
    8f5c:	96 98       	cbi	0x12, 6	; 18
    8f5e:	96 9a       	sbi	0x12, 6	; 18
    8f60:	25 bb       	out	0x15, r18	; 21
    8f62:	96 98       	cbi	0x12, 6	; 18
    8f64:	96 9a       	sbi	0x12, 6	; 18
    8f66:	75 ba       	out	0x15, r7	; 21
    8f68:	96 98       	cbi	0x12, 6	; 18
    8f6a:	96 9a       	sbi	0x12, 6	; 18
    8f6c:	05 bb       	out	0x15, r16	; 21
    8f6e:	96 98       	cbi	0x12, 6	; 18
    8f70:	96 9a       	sbi	0x12, 6	; 18
    8f72:	97 98       	cbi	0x12, 7	; 18
    8f74:	a5 ba       	out	0x15, r10	; 21
    8f76:	96 98       	cbi	0x12, 6	; 18
    8f78:	96 9a       	sbi	0x12, 6	; 18
    8f7a:	97 9a       	sbi	0x12, 7	; 18
    8f7c:	5b ba       	out	0x1b, r5	; 27
    8f7e:	b5 ba       	out	0x15, r11	; 21
    8f80:	98 0f       	add	r25, r24
    8f82:	58 9f       	mul	r21, r24
    8f84:	80 2d       	mov	r24, r0
    8f86:	11 24       	eor	r1, r1
    8f88:	96 98       	cbi	0x12, 6	; 18
    8f8a:	96 9a       	sbi	0x12, 6	; 18
    8f8c:	81 50       	subi	r24, 0x01	; 1
    8f8e:	e1 f7       	brne	.-8      	; 0x8f88 <LCD_noGradient_Char+0x258>
    8f90:	94 17       	cp	r25, r20
    8f92:	20 f4       	brcc	.+8      	; 0x8f9c <LCD_noGradient_Char+0x26c>
    8f94:	61 15       	cp	r22, r1
    8f96:	71 05       	cpc	r23, r1
    8f98:	09 f0       	breq	.+2      	; 0x8f9c <LCD_noGradient_Char+0x26c>
    8f9a:	b0 cf       	rjmp	.-160    	; 0x8efc <LCD_noGradient_Char+0x1cc>
    8f9c:	2a 94       	dec	r2
    8f9e:	2e 0d       	add	r18, r14
    8fa0:	3f 1d       	adc	r19, r15
    8fa2:	05 0f       	add	r16, r21
    8fa4:	21 10       	cpse	r2, r1
    8fa6:	96 cf       	rjmp	.-212    	; 0x8ed4 <LCD_noGradient_Char+0x1a4>
    8fa8:	ee 84       	ldd	r14, Y+14	; 0x0e
    8faa:	ff 84       	ldd	r15, Y+15	; 0x0f
    8fac:	0f b6       	in	r0, 0x3f	; 63
    8fae:	f8 94       	cli
    8fb0:	fe be       	out	0x3e, r15	; 62
    8fb2:	0f be       	out	0x3f, r0	; 63
    8fb4:	ed be       	out	0x3d, r14	; 61
    8fb6:	61 96       	adiw	r28, 0x11	; 17
    8fb8:	0f b6       	in	r0, 0x3f	; 63
    8fba:	f8 94       	cli
    8fbc:	de bf       	out	0x3e, r29	; 62
    8fbe:	0f be       	out	0x3f, r0	; 63
    8fc0:	cd bf       	out	0x3d, r28	; 61
    8fc2:	df 91       	pop	r29
    8fc4:	cf 91       	pop	r28
    8fc6:	1f 91       	pop	r17
    8fc8:	0f 91       	pop	r16
    8fca:	ff 90       	pop	r15
    8fcc:	ef 90       	pop	r14
    8fce:	df 90       	pop	r13
    8fd0:	cf 90       	pop	r12
    8fd2:	bf 90       	pop	r11
    8fd4:	af 90       	pop	r10
    8fd6:	9f 90       	pop	r9
    8fd8:	8f 90       	pop	r8
    8fda:	7f 90       	pop	r7
    8fdc:	6f 90       	pop	r6
    8fde:	5f 90       	pop	r5
    8fe0:	4f 90       	pop	r4
    8fe2:	3f 90       	pop	r3
    8fe4:	2f 90       	pop	r2
    8fe6:	08 95       	ret
    8fe8:	66 0f       	add	r22, r22
    8fea:	77 1f       	adc	r23, r23
    8fec:	95 0f       	add	r25, r21
    8fee:	94 17       	cp	r25, r20
    8ff0:	08 f4       	brcc	.+2      	; 0x8ff4 <LCD_noGradient_Char+0x2c4>
    8ff2:	81 cf       	rjmp	.-254    	; 0x8ef6 <LCD_noGradient_Char+0x1c6>
    8ff4:	2a 94       	dec	r2
    8ff6:	2e 0d       	add	r18, r14
    8ff8:	3f 1d       	adc	r19, r15
    8ffa:	05 0f       	add	r16, r21
    8ffc:	21 10       	cpse	r2, r1
    8ffe:	6a cf       	rjmp	.-300    	; 0x8ed4 <LCD_noGradient_Char+0x1a4>
    9000:	d3 cf       	rjmp	.-90     	; 0x8fa8 <LCD_noGradient_Char+0x278>
    9002:	23 94       	inc	r2
    9004:	23 94       	inc	r2
    9006:	15 2f       	mov	r17, r21
    9008:	11 0f       	add	r17, r17
    900a:	14 0f       	add	r17, r20
    900c:	85 2f       	mov	r24, r21
    900e:	90 e0       	ldi	r25, 0x00	; 0
    9010:	9e 83       	std	Y+6, r25	; 0x06
    9012:	8d 83       	std	Y+5, r24	; 0x05
    9014:	a8 1b       	sub	r26, r24
    9016:	b9 0b       	sbc	r27, r25
    9018:	79 01       	movw	r14, r18
    901a:	e8 1a       	sub	r14, r24
    901c:	f9 0a       	sbc	r15, r25
    901e:	f9 01       	movw	r30, r18
    9020:	31 97       	sbiw	r30, 0x01	; 1
    9022:	4f 01       	movw	r8, r30
    9024:	0f ef       	ldi	r16, 0xFF	; 255
    9026:	05 0f       	add	r16, r21
    9028:	0e 0d       	add	r16, r14
    902a:	1c 86       	std	Y+12, r1	; 0x0c
    902c:	1b 86       	std	Y+11, r1	; 0x0b
    902e:	20 e0       	ldi	r18, 0x00	; 0
    9030:	30 e0       	ldi	r19, 0x00	; 0
    9032:	60 e0       	ldi	r22, 0x00	; 0
    9034:	70 e0       	ldi	r23, 0x00	; 0
    9036:	4a e2       	ldi	r20, 0x2A	; 42
    9038:	64 2e       	mov	r6, r20
    903a:	eb e2       	ldi	r30, 0x2B	; 43
    903c:	4e 2e       	mov	r4, r30
    903e:	fc e2       	ldi	r31, 0x2C	; 44
    9040:	3f 2e       	mov	r3, r31
    9042:	b9 8b       	std	Y+17, r27	; 0x11
    9044:	a8 8b       	std	Y+16, r26	; 0x10
    9046:	f1 e0       	ldi	r31, 0x01	; 1
    9048:	f2 15       	cp	r31, r2
    904a:	f0 f4       	brcc	.+60     	; 0x9088 <LCD_noGradient_Char+0x358>
    904c:	e9 85       	ldd	r30, Y+9	; 0x09
    904e:	fa 85       	ldd	r31, Y+10	; 0x0a
    9050:	61 91       	ld	r22, Z+
    9052:	71 91       	ld	r23, Z+
    9054:	76 95       	lsr	r23
    9056:	67 95       	ror	r22
    9058:	a9 85       	ldd	r26, Y+9	; 0x09
    905a:	ba 85       	ldd	r27, Y+10	; 0x0a
    905c:	12 96       	adiw	r26, 0x02	; 2
    905e:	cd 90       	ld	r12, X+
    9060:	dc 90       	ld	r13, X
    9062:	13 97       	sbiw	r26, 0x03	; 3
    9064:	d6 94       	lsr	r13
    9066:	c7 94       	ror	r12
    9068:	b9 81       	ldd	r27, Y+1	; 0x01
    906a:	b4 30       	cpi	r27, 0x04	; 4
    906c:	09 f4       	brne	.+2      	; 0x9070 <LCD_noGradient_Char+0x340>
    906e:	df c0       	rjmp	.+446    	; 0x922e <LCD_noGradient_Char+0x4fe>
    9070:	89 81       	ldd	r24, Y+1	; 0x01
    9072:	83 30       	cpi	r24, 0x03	; 3
    9074:	09 f4       	brne	.+2      	; 0x9078 <LCD_noGradient_Char+0x348>
    9076:	eb c0       	rjmp	.+470    	; 0x924e <LCD_noGradient_Char+0x51e>
    9078:	a9 81       	ldd	r26, Y+1	; 0x01
    907a:	a5 30       	cpi	r26, 0x05	; 5
    907c:	09 f4       	brne	.+2      	; 0x9080 <LCD_noGradient_Char+0x350>
    907e:	ee c0       	rjmp	.+476    	; 0x925c <LCD_noGradient_Char+0x52c>
    9080:	7c 87       	std	Y+12, r23	; 0x0c
    9082:	6b 87       	std	Y+11, r22	; 0x0b
    9084:	fa 87       	std	Y+10, r31	; 0x0a
    9086:	e9 87       	std	Y+9, r30	; 0x09
    9088:	cb 01       	movw	r24, r22
    908a:	88 0f       	add	r24, r24
    908c:	99 1f       	adc	r25, r25
    908e:	fb 01       	movw	r30, r22
    9090:	e0 95       	com	r30
    9092:	f0 95       	com	r31
    9094:	2e 23       	and	r18, r30
    9096:	3f 23       	and	r19, r31
    9098:	cf 2c       	mov	r12, r15
    909a:	d9 2c       	mov	r13, r9
    909c:	40 e0       	ldi	r20, 0x00	; 0
    909e:	7d 84       	ldd	r7, Y+13	; 0x0d
    90a0:	a8 89       	ldd	r26, Y+16	; 0x10
    90a2:	b9 89       	ldd	r27, Y+17	; 0x11
    90a4:	98 86       	std	Y+8, r9	; 0x08
    90a6:	8f 82       	std	Y+7, r8	; 0x07
    90a8:	77 ff       	sbrs	r23, 7
    90aa:	4c c0       	rjmp	.+152    	; 0x9144 <LCD_noGradient_Char+0x414>
    90ac:	a1 2c       	mov	r10, r1
    90ae:	02 c0       	rjmp	.+4      	; 0x90b4 <LCD_noGradient_Char+0x384>
    90b0:	88 0f       	add	r24, r24
    90b2:	99 1f       	adc	r25, r25
    90b4:	bc 01       	movw	r22, r24
    90b6:	22 0f       	add	r18, r18
    90b8:	33 1f       	adc	r19, r19
    90ba:	a5 0e       	add	r10, r21
    90bc:	97 fd       	sbrc	r25, 7
    90be:	f8 cf       	rjmp	.-16     	; 0x90b0 <LCD_noGradient_Char+0x380>
    90c0:	97 98       	cbi	0x12, 7	; 18
    90c2:	65 ba       	out	0x15, r6	; 21
    90c4:	96 98       	cbi	0x12, 6	; 18
    90c6:	96 9a       	sbi	0x12, 6	; 18
    90c8:	97 9a       	sbi	0x12, 7	; 18
    90ca:	fd 01       	movw	r30, r26
    90cc:	e4 0f       	add	r30, r20
    90ce:	f1 1d       	adc	r31, r1
    90d0:	f5 bb       	out	0x15, r31	; 21
    90d2:	96 98       	cbi	0x12, 6	; 18
    90d4:	96 9a       	sbi	0x12, 6	; 18
    90d6:	94 2e       	mov	r9, r20
    90d8:	9a 0e       	add	r9, r26
    90da:	95 ba       	out	0x15, r9	; 21
    90dc:	96 98       	cbi	0x12, 6	; 18
    90de:	96 9a       	sbi	0x12, 6	; 18
    90e0:	31 97       	sbiw	r30, 0x01	; 1
    90e2:	ea 0d       	add	r30, r10
    90e4:	f1 1d       	adc	r31, r1
    90e6:	f5 bb       	out	0x15, r31	; 21
    90e8:	96 98       	cbi	0x12, 6	; 18
    90ea:	96 9a       	sbi	0x12, 6	; 18
    90ec:	ef ef       	ldi	r30, 0xFF	; 255
    90ee:	e9 0d       	add	r30, r9
    90f0:	ea 0d       	add	r30, r10
    90f2:	e5 bb       	out	0x15, r30	; 21
    90f4:	96 98       	cbi	0x12, 6	; 18
    90f6:	96 9a       	sbi	0x12, 6	; 18
    90f8:	97 98       	cbi	0x12, 7	; 18
    90fa:	45 ba       	out	0x15, r4	; 21
    90fc:	96 98       	cbi	0x12, 6	; 18
    90fe:	96 9a       	sbi	0x12, 6	; 18
    9100:	97 9a       	sbi	0x12, 7	; 18
    9102:	c5 ba       	out	0x15, r12	; 21
    9104:	96 98       	cbi	0x12, 6	; 18
    9106:	96 9a       	sbi	0x12, 6	; 18
    9108:	e5 ba       	out	0x15, r14	; 21
    910a:	96 98       	cbi	0x12, 6	; 18
    910c:	96 9a       	sbi	0x12, 6	; 18
    910e:	d5 ba       	out	0x15, r13	; 21
    9110:	96 98       	cbi	0x12, 6	; 18
    9112:	96 9a       	sbi	0x12, 6	; 18
    9114:	05 bb       	out	0x15, r16	; 21
    9116:	96 98       	cbi	0x12, 6	; 18
    9118:	96 9a       	sbi	0x12, 6	; 18
    911a:	97 98       	cbi	0x12, 7	; 18
    911c:	35 ba       	out	0x15, r3	; 21
    911e:	96 98       	cbi	0x12, 6	; 18
    9120:	96 9a       	sbi	0x12, 6	; 18
    9122:	97 9a       	sbi	0x12, 7	; 18
    9124:	5b ba       	out	0x1b, r5	; 27
    9126:	b5 ba       	out	0x15, r11	; 21
    9128:	4a 0d       	add	r20, r10
    912a:	5a 9d       	mul	r21, r10
    912c:	e0 2d       	mov	r30, r0
    912e:	11 24       	eor	r1, r1
    9130:	96 98       	cbi	0x12, 6	; 18
    9132:	96 9a       	sbi	0x12, 6	; 18
    9134:	e1 50       	subi	r30, 0x01	; 1
    9136:	e1 f7       	brne	.-8      	; 0x9130 <LCD_noGradient_Char+0x400>
    9138:	41 17       	cp	r20, r17
    913a:	60 f4       	brcc	.+24     	; 0x9154 <LCD_noGradient_Char+0x424>
    913c:	88 0f       	add	r24, r24
    913e:	99 1f       	adc	r25, r25
    9140:	77 fd       	sbrc	r23, 7
    9142:	b4 cf       	rjmp	.-152    	; 0x90ac <LCD_noGradient_Char+0x37c>
    9144:	37 fd       	sbrc	r19, 7
    9146:	21 c0       	rjmp	.+66     	; 0x918a <LCD_noGradient_Char+0x45a>
    9148:	bc 01       	movw	r22, r24
    914a:	22 0f       	add	r18, r18
    914c:	33 1f       	adc	r19, r19
    914e:	45 0f       	add	r20, r21
    9150:	41 17       	cp	r20, r17
    9152:	a0 f3       	brcs	.-24     	; 0x913c <LCD_noGradient_Char+0x40c>
    9154:	b9 8b       	std	Y+17, r27	; 0x11
    9156:	a8 8b       	std	Y+16, r26	; 0x10
    9158:	8f 80       	ldd	r8, Y+7	; 0x07
    915a:	98 84       	ldd	r9, Y+8	; 0x08
    915c:	49 81       	ldd	r20, Y+1	; 0x01
    915e:	41 30       	cpi	r20, 0x01	; 1
    9160:	09 f4       	brne	.+2      	; 0x9164 <LCD_noGradient_Char+0x434>
    9162:	5b c0       	rjmp	.+182    	; 0x921a <LCD_noGradient_Char+0x4ea>
    9164:	89 81       	ldd	r24, Y+1	; 0x01
    9166:	82 30       	cpi	r24, 0x02	; 2
    9168:	09 f4       	brne	.+2      	; 0x916c <LCD_noGradient_Char+0x43c>
    916a:	5c c0       	rjmp	.+184    	; 0x9224 <LCD_noGradient_Char+0x4f4>
    916c:	99 81       	ldd	r25, Y+1	; 0x01
    916e:	95 30       	cpi	r25, 0x05	; 5
    9170:	09 f4       	brne	.+2      	; 0x9174 <LCD_noGradient_Char+0x444>
    9172:	94 c0       	rjmp	.+296    	; 0x929c <LCD_noGradient_Char+0x56c>
    9174:	2a 94       	dec	r2
    9176:	ed 81       	ldd	r30, Y+5	; 0x05
    9178:	fe 81       	ldd	r31, Y+6	; 0x06
    917a:	ee 0e       	add	r14, r30
    917c:	ff 1e       	adc	r15, r31
    917e:	8e 0e       	add	r8, r30
    9180:	9f 1e       	adc	r9, r31
    9182:	05 0f       	add	r16, r21
    9184:	21 10       	cpse	r2, r1
    9186:	5f cf       	rjmp	.-322    	; 0x9046 <LCD_noGradient_Char+0x316>
    9188:	0f cf       	rjmp	.-482    	; 0x8fa8 <LCD_noGradient_Char+0x278>
    918a:	91 2c       	mov	r9, r1
    918c:	02 c0       	rjmp	.+4      	; 0x9192 <LCD_noGradient_Char+0x462>
    918e:	88 0f       	add	r24, r24
    9190:	99 1f       	adc	r25, r25
    9192:	bc 01       	movw	r22, r24
    9194:	22 0f       	add	r18, r18
    9196:	33 1f       	adc	r19, r19
    9198:	95 0e       	add	r9, r21
    919a:	37 fd       	sbrc	r19, 7
    919c:	f8 cf       	rjmp	.-16     	; 0x918e <LCD_noGradient_Char+0x45e>
    919e:	97 98       	cbi	0x12, 7	; 18
    91a0:	65 ba       	out	0x15, r6	; 21
    91a2:	96 98       	cbi	0x12, 6	; 18
    91a4:	96 9a       	sbi	0x12, 6	; 18
    91a6:	97 9a       	sbi	0x12, 7	; 18
    91a8:	fd 01       	movw	r30, r26
    91aa:	e4 0f       	add	r30, r20
    91ac:	f1 1d       	adc	r31, r1
    91ae:	f5 bb       	out	0x15, r31	; 21
    91b0:	96 98       	cbi	0x12, 6	; 18
    91b2:	96 9a       	sbi	0x12, 6	; 18
    91b4:	a4 2e       	mov	r10, r20
    91b6:	aa 0e       	add	r10, r26
    91b8:	a5 ba       	out	0x15, r10	; 21
    91ba:	96 98       	cbi	0x12, 6	; 18
    91bc:	96 9a       	sbi	0x12, 6	; 18
    91be:	31 97       	sbiw	r30, 0x01	; 1
    91c0:	e9 0d       	add	r30, r9
    91c2:	f1 1d       	adc	r31, r1
    91c4:	f5 bb       	out	0x15, r31	; 21
    91c6:	96 98       	cbi	0x12, 6	; 18
    91c8:	96 9a       	sbi	0x12, 6	; 18
    91ca:	ef ef       	ldi	r30, 0xFF	; 255
    91cc:	ea 0d       	add	r30, r10
    91ce:	e9 0d       	add	r30, r9
    91d0:	e5 bb       	out	0x15, r30	; 21
    91d2:	96 98       	cbi	0x12, 6	; 18
    91d4:	96 9a       	sbi	0x12, 6	; 18
    91d6:	97 98       	cbi	0x12, 7	; 18
    91d8:	45 ba       	out	0x15, r4	; 21
    91da:	96 98       	cbi	0x12, 6	; 18
    91dc:	96 9a       	sbi	0x12, 6	; 18
    91de:	97 9a       	sbi	0x12, 7	; 18
    91e0:	c5 ba       	out	0x15, r12	; 21
    91e2:	96 98       	cbi	0x12, 6	; 18
    91e4:	96 9a       	sbi	0x12, 6	; 18
    91e6:	e5 ba       	out	0x15, r14	; 21
    91e8:	96 98       	cbi	0x12, 6	; 18
    91ea:	96 9a       	sbi	0x12, 6	; 18
    91ec:	d5 ba       	out	0x15, r13	; 21
    91ee:	96 98       	cbi	0x12, 6	; 18
    91f0:	96 9a       	sbi	0x12, 6	; 18
    91f2:	05 bb       	out	0x15, r16	; 21
    91f4:	96 98       	cbi	0x12, 6	; 18
    91f6:	96 9a       	sbi	0x12, 6	; 18
    91f8:	97 98       	cbi	0x12, 7	; 18
    91fa:	35 ba       	out	0x15, r3	; 21
    91fc:	96 98       	cbi	0x12, 6	; 18
    91fe:	96 9a       	sbi	0x12, 6	; 18
    9200:	97 9a       	sbi	0x12, 7	; 18
    9202:	7b ba       	out	0x1b, r7	; 27
    9204:	eb 81       	ldd	r30, Y+3	; 0x03
    9206:	e5 bb       	out	0x15, r30	; 21
    9208:	49 0d       	add	r20, r9
    920a:	59 9d       	mul	r21, r9
    920c:	e0 2d       	mov	r30, r0
    920e:	11 24       	eor	r1, r1
    9210:	96 98       	cbi	0x12, 6	; 18
    9212:	96 9a       	sbi	0x12, 6	; 18
    9214:	e1 50       	subi	r30, 0x01	; 1
    9216:	e1 f7       	brne	.-8      	; 0x9210 <LCD_noGradient_Char+0x4e0>
    9218:	8f cf       	rjmp	.-226    	; 0x9138 <LCD_noGradient_Char+0x408>
    921a:	2b 85       	ldd	r18, Y+11	; 0x0b
    921c:	3c 85       	ldd	r19, Y+12	; 0x0c
    921e:	36 95       	lsr	r19
    9220:	27 95       	ror	r18
    9222:	a8 cf       	rjmp	.-176    	; 0x9174 <LCD_noGradient_Char+0x444>
    9224:	2b 85       	ldd	r18, Y+11	; 0x0b
    9226:	3c 85       	ldd	r19, Y+12	; 0x0c
    9228:	22 0f       	add	r18, r18
    922a:	33 1f       	adc	r19, r19
    922c:	a3 cf       	rjmp	.-186    	; 0x9174 <LCD_noGradient_Char+0x444>
    922e:	42 e0       	ldi	r20, 0x02	; 2
    9230:	24 16       	cp	r2, r20
    9232:	09 f4       	brne	.+2      	; 0x9236 <LCD_noGradient_Char+0x506>
    9234:	25 cf       	rjmp	.-438    	; 0x9080 <LCD_noGradient_Char+0x350>
    9236:	cc 0c       	add	r12, r12
    9238:	dd 1c       	adc	r13, r13
    923a:	2c 29       	or	r18, r12
    923c:	3d 29       	or	r19, r13
    923e:	7c 87       	std	Y+12, r23	; 0x0c
    9240:	6b 87       	std	Y+11, r22	; 0x0b
    9242:	fa 87       	std	Y+10, r31	; 0x0a
    9244:	e9 87       	std	Y+9, r30	; 0x09
    9246:	cb 01       	movw	r24, r22
    9248:	88 0f       	add	r24, r24
    924a:	99 1f       	adc	r25, r25
    924c:	20 cf       	rjmp	.-448    	; 0x908e <LCD_noGradient_Char+0x35e>
    924e:	92 e0       	ldi	r25, 0x02	; 2
    9250:	29 16       	cp	r2, r25
    9252:	09 f4       	brne	.+2      	; 0x9256 <LCD_noGradient_Char+0x526>
    9254:	15 cf       	rjmp	.-470    	; 0x9080 <LCD_noGradient_Char+0x350>
    9256:	d6 94       	lsr	r13
    9258:	c7 94       	ror	r12
    925a:	ef cf       	rjmp	.-34     	; 0x923a <LCD_noGradient_Char+0x50a>
    925c:	b2 e0       	ldi	r27, 0x02	; 2
    925e:	2b 16       	cp	r2, r27
    9260:	09 f4       	brne	.+2      	; 0x9264 <LCD_noGradient_Char+0x534>
    9262:	0e cf       	rjmp	.-484    	; 0x9080 <LCD_noGradient_Char+0x350>
    9264:	d6 01       	movw	r26, r12
    9266:	aa 0f       	add	r26, r26
    9268:	bb 1f       	adc	r27, r27
    926a:	c9 01       	movw	r24, r18
    926c:	8c 29       	or	r24, r12
    926e:	9d 29       	or	r25, r13
    9270:	8a 2b       	or	r24, r26
    9272:	9b 2b       	or	r25, r27
    9274:	96 01       	movw	r18, r12
    9276:	36 95       	lsr	r19
    9278:	27 95       	ror	r18
    927a:	82 2b       	or	r24, r18
    927c:	93 2b       	or	r25, r19
    927e:	9b 01       	movw	r18, r22
    9280:	36 95       	lsr	r19
    9282:	27 95       	ror	r18
    9284:	28 2b       	or	r18, r24
    9286:	39 2b       	or	r19, r25
    9288:	cb 01       	movw	r24, r22
    928a:	88 0f       	add	r24, r24
    928c:	99 1f       	adc	r25, r25
    928e:	28 2b       	or	r18, r24
    9290:	39 2b       	or	r19, r25
    9292:	7c 87       	std	Y+12, r23	; 0x0c
    9294:	6b 87       	std	Y+11, r22	; 0x0b
    9296:	fa 87       	std	Y+10, r31	; 0x0a
    9298:	e9 87       	std	Y+9, r30	; 0x09
    929a:	f9 ce       	rjmp	.-526    	; 0x908e <LCD_noGradient_Char+0x35e>
    929c:	2b 85       	ldd	r18, Y+11	; 0x0b
    929e:	3c 85       	ldd	r19, Y+12	; 0x0c
    92a0:	22 0f       	add	r18, r18
    92a2:	33 1f       	adc	r19, r19
    92a4:	8b 85       	ldd	r24, Y+11	; 0x0b
    92a6:	9c 85       	ldd	r25, Y+12	; 0x0c
    92a8:	96 95       	lsr	r25
    92aa:	87 95       	ror	r24
    92ac:	28 2b       	or	r18, r24
    92ae:	39 2b       	or	r19, r25
    92b0:	ab 85       	ldd	r26, Y+11	; 0x0b
    92b2:	bc 85       	ldd	r27, Y+12	; 0x0c
    92b4:	2a 2b       	or	r18, r26
    92b6:	3b 2b       	or	r19, r27
    92b8:	5d cf       	rjmp	.-326    	; 0x9174 <LCD_noGradient_Char+0x444>
    92ba:	88 e0       	ldi	r24, 0x08	; 8
    92bc:	a8 16       	cp	r10, r24
    92be:	09 f4       	brne	.+2      	; 0x92c2 <LCD_noGradient_Char+0x592>
    92c0:	61 c0       	rjmp	.+194    	; 0x9384 <LCD_noGradient_Char+0x654>
    92c2:	f0 e1       	ldi	r31, 0x10	; 16
    92c4:	af 16       	cp	r10, r31
    92c6:	09 f4       	brne	.+2      	; 0x92ca <LCD_noGradient_Char+0x59a>
    92c8:	6d c0       	rjmp	.+218    	; 0x93a4 <LCD_noGradient_Char+0x674>
    92ca:	f1 2c       	mov	r15, r1
    92cc:	80 e0       	ldi	r24, 0x00	; 0
    92ce:	90 e0       	ldi	r25, 0x00	; 0
    92d0:	ee 24       	eor	r14, r14
    92d2:	e3 94       	inc	r14
    92d4:	31 2e       	mov	r3, r17
    92d6:	3a 18       	sub	r3, r10
    92d8:	c1 2e       	mov	r12, r17
    92da:	d1 2c       	mov	r13, r1
    92dc:	5d 83       	std	Y+5, r21	; 0x05
    92de:	4b 87       	std	Y+11, r20	; 0x0b
    92e0:	fb 01       	movw	r30, r22
    92e2:	55 91       	lpm	r21, Z+
    92e4:	44 91       	lpm	r20, Z
    92e6:	6e 5f       	subi	r22, 0xFE	; 254
    92e8:	7f 4f       	sbci	r23, 0xFF	; 255
    92ea:	41 15       	cp	r20, r1
    92ec:	51 05       	cpc	r21, r1
    92ee:	59 f0       	breq	.+22     	; 0x9306 <LCD_noGradient_Char+0x5d6>
    92f0:	fa 01       	movw	r30, r20
    92f2:	0f 2c       	mov	r0, r15
    92f4:	02 c0       	rjmp	.+4      	; 0x92fa <LCD_noGradient_Char+0x5ca>
    92f6:	f6 95       	lsr	r31
    92f8:	e7 95       	ror	r30
    92fa:	0a 94       	dec	r0
    92fc:	e2 f7       	brpl	.-8      	; 0x92f6 <LCD_noGradient_Char+0x5c6>
    92fe:	e6 21       	and	r30, r6
    9300:	f7 21       	and	r31, r7
    9302:	8e 0f       	add	r24, r30
    9304:	9f 1f       	adc	r25, r31
    9306:	ee 2d       	mov	r30, r14
    9308:	f0 e0       	ldi	r31, 0x00	; 0
    930a:	ee 0f       	add	r30, r30
    930c:	ff 1f       	adc	r31, r31
    930e:	e8 0d       	add	r30, r8
    9310:	f9 1d       	adc	r31, r9
    9312:	91 83       	std	Z+1, r25	; 0x01
    9314:	80 83       	st	Z, r24
    9316:	e1 e0       	ldi	r30, 0x01	; 1
    9318:	ee 0d       	add	r30, r14
    931a:	e4 15       	cp	r30, r4
    931c:	80 f5       	brcc	.+96     	; 0x937e <LCD_noGradient_Char+0x64e>
    931e:	f3 0c       	add	r15, r3
    9320:	c6 01       	movw	r24, r12
    9322:	8f 19       	sub	r24, r15
    9324:	91 09       	sbc	r25, r1
    9326:	8a 01       	movw	r16, r20
    9328:	02 c0       	rjmp	.+4      	; 0x932e <LCD_noGradient_Char+0x5fe>
    932a:	00 0f       	add	r16, r16
    932c:	11 1f       	adc	r17, r17
    932e:	8a 95       	dec	r24
    9330:	e2 f7       	brpl	.-8      	; 0x932a <LCD_noGradient_Char+0x5fa>
    9332:	c8 01       	movw	r24, r16
    9334:	af 14       	cp	r10, r15
    9336:	b0 f4       	brcc	.+44     	; 0x9364 <LCD_noGradient_Char+0x634>
    9338:	f0 e0       	ldi	r31, 0x00	; 0
    933a:	ee 0f       	add	r30, r30
    933c:	ff 1f       	adc	r31, r31
    933e:	e8 0d       	add	r30, r8
    9340:	f9 1d       	adc	r31, r9
    9342:	a3 01       	movw	r20, r6
    9344:	40 23       	and	r20, r16
    9346:	51 23       	and	r21, r17
    9348:	51 83       	std	Z+1, r21	; 0x01
    934a:	40 83       	st	Z, r20
    934c:	e3 94       	inc	r14
    934e:	e3 94       	inc	r14
    9350:	fa 18       	sub	r15, r10
    9352:	0f 80       	ldd	r0, Y+7	; 0x07
    9354:	02 c0       	rjmp	.+4      	; 0x935a <LCD_noGradient_Char+0x62a>
    9356:	88 0f       	add	r24, r24
    9358:	99 1f       	adc	r25, r25
    935a:	0a 94       	dec	r0
    935c:	e2 f7       	brpl	.-8      	; 0x9356 <LCD_noGradient_Char+0x626>
    935e:	c0 cf       	rjmp	.-128    	; 0x92e0 <LCD_noGradient_Char+0x5b0>
    9360:	10 e1       	ldi	r17, 0x10	; 16
    9362:	19 cd       	rjmp	.-1486   	; 0x8d96 <LCD_noGradient_Char+0x66>
    9364:	ee 2e       	mov	r14, r30
    9366:	bc cf       	rjmp	.-136    	; 0x92e0 <LCD_noGradient_Char+0x5b0>
    9368:	50 90 6a 01 	lds	r5, 0x016A	; 0x80016a <sFont+0xa>
    936c:	b0 90 6b 01 	lds	r11, 0x016B	; 0x80016b <sFont+0xb>
    9370:	f0 90 72 01 	lds	r15, 0x0172	; 0x800172 <sFont+0x12>
    9374:	fd 86       	std	Y+13, r15	; 0x0d
    9376:	00 91 73 01 	lds	r16, 0x0173	; 0x800173 <sFont+0x13>
    937a:	0b 83       	std	Y+3, r16	; 0x03
    937c:	40 cd       	rjmp	.-1408   	; 0x8dfe <LCD_noGradient_Char+0xce>
    937e:	5d 81       	ldd	r21, Y+5	; 0x05
    9380:	4b 85       	ldd	r20, Y+11	; 0x0b
    9382:	90 cd       	rjmp	.-1248   	; 0x8ea4 <LCD_noGradient_Char+0x174>
    9384:	c4 01       	movw	r24, r8
    9386:	02 96       	adiw	r24, 0x02	; 2
    9388:	11 e0       	ldi	r17, 0x01	; 1
    938a:	fb 01       	movw	r30, r22
    938c:	f4 90       	lpm	r15, Z
    938e:	ee 24       	eor	r14, r14
    9390:	fc 01       	movw	r30, r24
    9392:	e1 92       	st	Z+, r14
    9394:	f1 92       	st	Z+, r15
    9396:	cf 01       	movw	r24, r30
    9398:	6f 5f       	subi	r22, 0xFF	; 255
    939a:	7f 4f       	sbci	r23, 0xFF	; 255
    939c:	1f 5f       	subi	r17, 0xFF	; 255
    939e:	14 15       	cp	r17, r4
    93a0:	a0 f3       	brcs	.-24     	; 0x938a <LCD_noGradient_Char+0x65a>
    93a2:	80 cd       	rjmp	.-1280   	; 0x8ea4 <LCD_noGradient_Char+0x174>
    93a4:	c4 01       	movw	r24, r8
    93a6:	02 96       	adiw	r24, 0x02	; 2
    93a8:	ff 24       	eor	r15, r15
    93aa:	f3 94       	inc	r15
    93ac:	fb 01       	movw	r30, r22
    93ae:	15 91       	lpm	r17, Z+
    93b0:	04 91       	lpm	r16, Z
    93b2:	fc 01       	movw	r30, r24
    93b4:	01 93       	st	Z+, r16
    93b6:	11 93       	st	Z+, r17
    93b8:	cf 01       	movw	r24, r30
    93ba:	6e 5f       	subi	r22, 0xFE	; 254
    93bc:	7f 4f       	sbci	r23, 0xFF	; 255
    93be:	f3 94       	inc	r15
    93c0:	f4 14       	cp	r15, r4
    93c2:	a0 f3       	brcs	.-24     	; 0x93ac <LCD_noGradient_Char+0x67c>
    93c4:	6f cd       	rjmp	.-1314   	; 0x8ea4 <LCD_noGradient_Char+0x174>

000093c6 <LCD_Gradient_Char>:
    93c6:	2f 92       	push	r2
    93c8:	3f 92       	push	r3
    93ca:	4f 92       	push	r4
    93cc:	5f 92       	push	r5
    93ce:	6f 92       	push	r6
    93d0:	7f 92       	push	r7
    93d2:	8f 92       	push	r8
    93d4:	9f 92       	push	r9
    93d6:	af 92       	push	r10
    93d8:	bf 92       	push	r11
    93da:	cf 92       	push	r12
    93dc:	df 92       	push	r13
    93de:	ef 92       	push	r14
    93e0:	ff 92       	push	r15
    93e2:	0f 93       	push	r16
    93e4:	1f 93       	push	r17
    93e6:	cf 93       	push	r28
    93e8:	df 93       	push	r29
    93ea:	cd b7       	in	r28, 0x3d	; 61
    93ec:	de b7       	in	r29, 0x3e	; 62
    93ee:	ab 97       	sbiw	r28, 0x2b	; 43
    93f0:	0f b6       	in	r0, 0x3f	; 63
    93f2:	f8 94       	cli
    93f4:	de bf       	out	0x3e, r29	; 62
    93f6:	0f be       	out	0x3f, r0	; 63
    93f8:	cd bf       	out	0x3d, r28	; 61
    93fa:	88 87       	std	Y+8, r24	; 0x08
    93fc:	69 83       	std	Y+1, r22	; 0x01
    93fe:	7a 01       	movw	r14, r20
    9400:	39 01       	movw	r6, r18
    9402:	58 01       	movw	r10, r16
    9404:	cd b6       	in	r12, 0x3d	; 61
    9406:	de b6       	in	r13, 0x3e	; 62
    9408:	db a2       	std	Y+35, r13	; 0x23
    940a:	ca a2       	std	Y+34, r12	; 0x22
    940c:	d0 90 62 01 	lds	r13, 0x0162	; 0x800162 <sFont+0x2>
    9410:	db 8e       	std	Y+27, r13	; 0x1b
    9412:	20 91 63 01 	lds	r18, 0x0163	; 0x800163 <sFont+0x3>
    9416:	2b 87       	std	Y+11, r18	; 0x0b
    9418:	2f 5f       	subi	r18, 0xFF	; 255
    941a:	2a 8f       	std	Y+26, r18	; 0x1a
    941c:	30 91 85 01 	lds	r19, 0x0185	; 0x800185 <sFont+0x25>
    9420:	3e 87       	std	Y+14, r19	; 0x0e
    9422:	40 91 89 01 	lds	r20, 0x0189	; 0x800189 <sFont+0x29>
    9426:	d4 9e       	mul	r13, r20
    9428:	50 2d       	mov	r21, r0
    942a:	11 24       	eor	r1, r1
    942c:	59 a3       	std	Y+33, r21	; 0x21
    942e:	6d 2d       	mov	r22, r13
    9430:	69 30       	cpi	r22, 0x09	; 9
    9432:	08 f0       	brcs	.+2      	; 0x9436 <LCD_Gradient_Char+0x70>
    9434:	80 c4       	rjmp	.+2304   	; 0x9d36 <LCD_Gradient_Char+0x970>
    9436:	78 e0       	ldi	r23, 0x08	; 8
    9438:	78 a3       	std	Y+32, r23	; 0x20
    943a:	aa 8d       	ldd	r26, Y+26	; 0x1a
    943c:	8a 2f       	mov	r24, r26
    943e:	90 e0       	ldi	r25, 0x00	; 0
    9440:	88 0f       	add	r24, r24
    9442:	99 1f       	adc	r25, r25
    9444:	ed b7       	in	r30, 0x3d	; 61
    9446:	fe b7       	in	r31, 0x3e	; 62
    9448:	e8 1b       	sub	r30, r24
    944a:	f9 0b       	sbc	r31, r25
    944c:	0f b6       	in	r0, 0x3f	; 63
    944e:	f8 94       	cli
    9450:	fe bf       	out	0x3e, r31	; 62
    9452:	0f be       	out	0x3f, r0	; 63
    9454:	ed bf       	out	0x3d, r30	; 61
    9456:	2d b7       	in	r18, 0x3d	; 61
    9458:	3e b7       	in	r19, 0x3e	; 62
    945a:	2f 5f       	subi	r18, 0xFF	; 255
    945c:	3f 4f       	sbci	r19, 0xFF	; 255
    945e:	69 01       	movw	r12, r18
    9460:	39 8f       	std	Y+25, r19	; 0x19
    9462:	28 8f       	std	Y+24, r18	; 0x18
    9464:	12 82       	std	Z+2, r1	; 0x02
    9466:	11 82       	std	Z+1, r1	; 0x01
    9468:	7b 8d       	ldd	r23, Y+27	; 0x1b
    946a:	67 2f       	mov	r22, r23
    946c:	70 e0       	ldi	r23, 0x00	; 0
    946e:	7d 8f       	std	Y+29, r23	; 0x1d
    9470:	6c 8f       	std	Y+28, r22	; 0x1c
    9472:	80 e1       	ldi	r24, 0x10	; 16
    9474:	90 e0       	ldi	r25, 0x00	; 0
    9476:	86 1b       	sub	r24, r22
    9478:	97 0b       	sbc	r25, r23
    947a:	2f ef       	ldi	r18, 0xFF	; 255
    947c:	3f ef       	ldi	r19, 0xFF	; 255
    947e:	d9 01       	movw	r26, r18
    9480:	02 c0       	rjmp	.+4      	; 0x9486 <LCD_Gradient_Char+0xc0>
    9482:	aa 0f       	add	r26, r26
    9484:	bb 1f       	adc	r27, r27
    9486:	8a 95       	dec	r24
    9488:	e2 f7       	brpl	.-8      	; 0x9482 <LCD_Gradient_Char+0xbc>
    948a:	bd 8b       	std	Y+21, r27	; 0x15
    948c:	ac 8b       	std	Y+20, r26	; 0x14
    948e:	e0 91 80 01 	lds	r30, 0x0180	; 0x800180 <sFont+0x20>
    9492:	f0 91 81 01 	lds	r31, 0x0181	; 0x800181 <sFont+0x21>
    9496:	ff 8f       	std	Y+31, r31	; 0x1f
    9498:	ee 8f       	std	Y+30, r30	; 0x1e
    949a:	20 90 82 01 	lds	r2, 0x0182	; 0x800182 <sFont+0x22>
    949e:	30 90 83 01 	lds	r3, 0x0183	; 0x800183 <sFont+0x23>
    94a2:	20 91 7a 01 	lds	r18, 0x017A	; 0x80017a <sFont+0x1a>
    94a6:	30 91 7b 01 	lds	r19, 0x017B	; 0x80017b <sFont+0x1b>
    94aa:	3d 87       	std	Y+13, r19	; 0x0d
    94ac:	2c 87       	std	Y+12, r18	; 0x0c
    94ae:	60 91 7c 01 	lds	r22, 0x017C	; 0x80017c <sFont+0x1c>
    94b2:	70 91 7d 01 	lds	r23, 0x017D	; 0x80017d <sFont+0x1d>
    94b6:	79 8b       	std	Y+17, r23	; 0x11
    94b8:	68 8b       	std	Y+16, r22	; 0x10
    94ba:	80 91 7e 01 	lds	r24, 0x017E	; 0x80017e <sFont+0x1e>
    94be:	90 91 7f 01 	lds	r25, 0x017F	; 0x80017f <sFont+0x1f>
    94c2:	9b 8b       	std	Y+19, r25	; 0x13
    94c4:	8a 8b       	std	Y+18, r24	; 0x12
    94c6:	44 9f       	mul	r20, r20
    94c8:	90 2d       	mov	r25, r0
    94ca:	11 24       	eor	r1, r1
    94cc:	9f 83       	std	Y+7, r25	; 0x07
    94ce:	a8 85       	ldd	r26, Y+8	; 0x08
    94d0:	aa 23       	and	r26, r26
    94d2:	09 f4       	brne	.+2      	; 0x94d6 <LCD_Gradient_Char+0x110>
    94d4:	2e c4       	rjmp	.+2140   	; 0x9d32 <LCD_Gradient_Char+0x96c>
    94d6:	3b 8d       	ldd	r19, Y+27	; 0x1b
    94d8:	3f 5f       	subi	r19, 0xFF	; 255
    94da:	83 2f       	mov	r24, r19
    94dc:	90 e0       	ldi	r25, 0x00	; 0
    94de:	88 0f       	add	r24, r24
    94e0:	99 1f       	adc	r25, r25
    94e2:	ed b7       	in	r30, 0x3d	; 61
    94e4:	fe b7       	in	r31, 0x3e	; 62
    94e6:	e8 1b       	sub	r30, r24
    94e8:	f9 0b       	sbc	r31, r25
    94ea:	0f b6       	in	r0, 0x3f	; 63
    94ec:	f8 94       	cli
    94ee:	fe bf       	out	0x3e, r31	; 62
    94f0:	0f be       	out	0x3f, r0	; 63
    94f2:	ed bf       	out	0x3d, r30	; 61
    94f4:	0d b7       	in	r16, 0x3d	; 61
    94f6:	1e b7       	in	r17, 0x3e	; 62
    94f8:	0f 5f       	subi	r16, 0xFF	; 255
    94fa:	1f 4f       	sbci	r17, 0xFF	; 255
    94fc:	6d b7       	in	r22, 0x3d	; 61
    94fe:	7e b7       	in	r23, 0x3e	; 62
    9500:	68 1b       	sub	r22, r24
    9502:	79 0b       	sbc	r23, r25
    9504:	0f b6       	in	r0, 0x3f	; 63
    9506:	f8 94       	cli
    9508:	7e bf       	out	0x3e, r23	; 62
    950a:	0f be       	out	0x3f, r0	; 63
    950c:	6d bf       	out	0x3d, r22	; 61
    950e:	ad b7       	in	r26, 0x3d	; 61
    9510:	be b7       	in	r27, 0x3e	; 62
    9512:	11 96       	adiw	r26, 0x01	; 1
    9514:	4d 01       	movw	r8, r26
    9516:	ed b7       	in	r30, 0x3d	; 61
    9518:	fe b7       	in	r31, 0x3e	; 62
    951a:	e8 1b       	sub	r30, r24
    951c:	f9 0b       	sbc	r31, r25
    951e:	0f b6       	in	r0, 0x3f	; 63
    9520:	f8 94       	cli
    9522:	fe bf       	out	0x3e, r31	; 62
    9524:	0f be       	out	0x3f, r0	; 63
    9526:	ed bf       	out	0x3d, r30	; 61
    9528:	6d b7       	in	r22, 0x3d	; 61
    952a:	7e b7       	in	r23, 0x3e	; 62
    952c:	6f 5f       	subi	r22, 0xFF	; 255
    952e:	7f 4f       	sbci	r23, 0xFF	; 255
    9530:	2b 01       	movw	r4, r22
    9532:	70 91 70 01 	lds	r23, 0x0170	; 0x800170 <sFont+0x10>
    9536:	7e 8b       	std	Y+22, r23	; 0x16
    9538:	80 91 71 01 	lds	r24, 0x0171	; 0x800171 <sFont+0x11>
    953c:	8f 8b       	std	Y+23, r24	; 0x17
    953e:	60 91 74 01 	lds	r22, 0x0174	; 0x800174 <sFont+0x14>
    9542:	70 91 75 01 	lds	r23, 0x0175	; 0x800175 <sFont+0x15>
    9546:	d8 01       	movw	r26, r16
    9548:	6d 93       	st	X+, r22
    954a:	7c 93       	st	X, r23
    954c:	e0 91 76 01 	lds	r30, 0x0176	; 0x800176 <sFont+0x16>
    9550:	f0 91 77 01 	lds	r31, 0x0177	; 0x800177 <sFont+0x17>
    9554:	d4 01       	movw	r26, r8
    9556:	ed 93       	st	X+, r30
    9558:	fc 93       	st	X, r31
    955a:	80 91 78 01 	lds	r24, 0x0178	; 0x800178 <sFont+0x18>
    955e:	90 91 79 01 	lds	r25, 0x0179	; 0x800179 <sFont+0x19>
    9562:	ad b7       	in	r26, 0x3d	; 61
    9564:	be b7       	in	r27, 0x3e	; 62
    9566:	12 96       	adiw	r26, 0x02	; 2
    9568:	9c 93       	st	X, r25
    956a:	8e 93       	st	-X, r24
    956c:	11 97       	sbiw	r26, 0x01	; 1
    956e:	32 30       	cpi	r19, 0x02	; 2
    9570:	08 f4       	brcc	.+2      	; 0x9574 <LCD_Gradient_Char+0x1ae>
    9572:	9b c0       	rjmp	.+310    	; 0x96aa <LCD_Gradient_Char+0x2e4>
    9574:	d8 01       	movw	r26, r16
    9576:	12 96       	adiw	r26, 0x02	; 2
    9578:	ba 87       	std	Y+10, r27	; 0x0a
    957a:	a9 87       	std	Y+9, r26	; 0x09
    957c:	d4 01       	movw	r26, r8
    957e:	12 96       	adiw	r26, 0x02	; 2
    9580:	be 83       	std	Y+6, r27	; 0x06
    9582:	ad 83       	std	Y+5, r26	; 0x05
    9584:	ad b7       	in	r26, 0x3d	; 61
    9586:	be b7       	in	r27, 0x3e	; 62
    9588:	13 96       	adiw	r26, 0x03	; 3
    958a:	bc 83       	std	Y+4, r27	; 0x04
    958c:	ab 83       	std	Y+3, r26	; 0x03
    958e:	bf ef       	ldi	r27, 0xFF	; 255
    9590:	2b 1a       	sub	r2, r27
    9592:	3b 0a       	sbc	r3, r27
    9594:	a1 e0       	ldi	r26, 0x01	; 1
    9596:	b0 e0       	ldi	r27, 0x00	; 0
    9598:	21 e0       	ldi	r18, 0x01	; 1
    959a:	fd a2       	std	Y+37, r15	; 0x25
    959c:	ec a2       	std	Y+36, r14	; 0x24
    959e:	f3 2e       	mov	r15, r19
    95a0:	7f a2       	std	Y+39, r7	; 0x27
    95a2:	6e a2       	std	Y+38, r6	; 0x26
    95a4:	78 84       	ldd	r7, Y+8	; 0x08
    95a6:	b9 a6       	std	Y+41, r11	; 0x29
    95a8:	a8 a6       	std	Y+40, r10	; 0x28
    95aa:	b2 2e       	mov	r11, r18
    95ac:	9c 01       	movw	r18, r24
    95ae:	db a6       	std	Y+43, r13	; 0x2b
    95b0:	ca a6       	std	Y+42, r12	; 0x2a
    95b2:	e4 2e       	mov	r14, r20
    95b4:	af 01       	movw	r20, r30
    95b6:	47 c0       	rjmp	.+142    	; 0x9646 <LCD_Gradient_Char+0x280>
    95b8:	85 30       	cpi	r24, 0x05	; 5
    95ba:	68 f0       	brcs	.+26     	; 0x95d6 <LCD_Gradient_Char+0x210>
    95bc:	77 20       	and	r7, r7
    95be:	09 f4       	brne	.+2      	; 0x95c2 <LCD_Gradient_Char+0x1fc>
    95c0:	cc c0       	rjmp	.+408    	; 0x975a <LCD_Gradient_Char+0x394>
    95c2:	c1 01       	movw	r24, r2
    95c4:	ee 8d       	ldd	r30, Y+30	; 0x1e
    95c6:	ff 8d       	ldd	r31, Y+31	; 0x1f
    95c8:	8e 17       	cp	r24, r30
    95ca:	9f 07       	cpc	r25, r31
    95cc:	0c f0       	brlt	.+2      	; 0x95d0 <LCD_Gradient_Char+0x20a>
    95ce:	c0 c0       	rjmp	.+384    	; 0x9750 <LCD_Gradient_Char+0x38a>
    95d0:	f9 81       	ldd	r31, Y+1	; 0x01
    95d2:	f6 30       	cpi	r31, 0x06	; 6
    95d4:	e1 f1       	breq	.+120    	; 0x964e <LCD_Gradient_Char+0x288>
    95d6:	cd 01       	movw	r24, r26
    95d8:	88 0f       	add	r24, r24
    95da:	99 1f       	adc	r25, r25
    95dc:	f8 01       	movw	r30, r16
    95de:	e8 0f       	add	r30, r24
    95e0:	f9 1f       	adc	r31, r25
    95e2:	cc 84       	ldd	r12, Y+12	; 0x0c
    95e4:	dd 84       	ldd	r13, Y+13	; 0x0d
    95e6:	6c 19       	sub	r22, r12
    95e8:	7d 09       	sbc	r23, r13
    95ea:	71 83       	std	Z+1, r23	; 0x01
    95ec:	60 83       	st	Z, r22
    95ee:	f4 01       	movw	r30, r8
    95f0:	e8 0f       	add	r30, r24
    95f2:	f9 1f       	adc	r31, r25
    95f4:	ba 01       	movw	r22, r20
    95f6:	c8 88       	ldd	r12, Y+16	; 0x10
    95f8:	d9 88       	ldd	r13, Y+17	; 0x11
    95fa:	6c 19       	sub	r22, r12
    95fc:	7d 09       	sbc	r23, r13
    95fe:	71 83       	std	Z+1, r23	; 0x01
    9600:	60 83       	st	Z, r22
    9602:	f2 01       	movw	r30, r4
    9604:	e8 0f       	add	r30, r24
    9606:	f9 1f       	adc	r31, r25
    9608:	6a 89       	ldd	r22, Y+18	; 0x12
    960a:	7b 89       	ldd	r23, Y+19	; 0x13
    960c:	26 1b       	sub	r18, r22
    960e:	37 0b       	sbc	r19, r23
    9610:	31 83       	std	Z+1, r19	; 0x01
    9612:	20 83       	st	Z, r18
    9614:	b3 94       	inc	r11
    9616:	11 96       	adiw	r26, 0x01	; 1
    9618:	9f ef       	ldi	r25, 0xFF	; 255
    961a:	29 1a       	sub	r2, r25
    961c:	39 0a       	sbc	r3, r25
    961e:	fb 14       	cp	r15, r11
    9620:	d9 f1       	breq	.+118    	; 0x9698 <LCD_Gradient_Char+0x2d2>
    9622:	e9 85       	ldd	r30, Y+9	; 0x09
    9624:	fa 85       	ldd	r31, Y+10	; 0x0a
    9626:	61 91       	ld	r22, Z+
    9628:	71 91       	ld	r23, Z+
    962a:	fa 87       	std	Y+10, r31	; 0x0a
    962c:	e9 87       	std	Y+9, r30	; 0x09
    962e:	ed 81       	ldd	r30, Y+5	; 0x05
    9630:	fe 81       	ldd	r31, Y+6	; 0x06
    9632:	41 91       	ld	r20, Z+
    9634:	51 91       	ld	r21, Z+
    9636:	fe 83       	std	Y+6, r31	; 0x06
    9638:	ed 83       	std	Y+5, r30	; 0x05
    963a:	eb 81       	ldd	r30, Y+3	; 0x03
    963c:	fc 81       	ldd	r31, Y+4	; 0x04
    963e:	21 91       	ld	r18, Z+
    9640:	31 91       	ld	r19, Z+
    9642:	fc 83       	std	Y+4, r31	; 0x04
    9644:	eb 83       	std	Y+3, r30	; 0x03
    9646:	89 81       	ldd	r24, Y+1	; 0x01
    9648:	83 30       	cpi	r24, 0x03	; 3
    964a:	09 f0       	breq	.+2      	; 0x964e <LCD_Gradient_Char+0x288>
    964c:	b5 cf       	rjmp	.-150    	; 0x95b8 <LCD_Gradient_Char+0x1f2>
    964e:	cd 01       	movw	r24, r26
    9650:	88 0f       	add	r24, r24
    9652:	99 1f       	adc	r25, r25
    9654:	f8 01       	movw	r30, r16
    9656:	e8 0f       	add	r30, r24
    9658:	f9 1f       	adc	r31, r25
    965a:	cc 84       	ldd	r12, Y+12	; 0x0c
    965c:	dd 84       	ldd	r13, Y+13	; 0x0d
    965e:	6c 0d       	add	r22, r12
    9660:	7d 1d       	adc	r23, r13
    9662:	71 83       	std	Z+1, r23	; 0x01
    9664:	60 83       	st	Z, r22
    9666:	f4 01       	movw	r30, r8
    9668:	e8 0f       	add	r30, r24
    966a:	f9 1f       	adc	r31, r25
    966c:	68 89       	ldd	r22, Y+16	; 0x10
    966e:	79 89       	ldd	r23, Y+17	; 0x11
    9670:	64 0f       	add	r22, r20
    9672:	75 1f       	adc	r23, r21
    9674:	71 83       	std	Z+1, r23	; 0x01
    9676:	60 83       	st	Z, r22
    9678:	f2 01       	movw	r30, r4
    967a:	e8 0f       	add	r30, r24
    967c:	f9 1f       	adc	r31, r25
    967e:	6a 89       	ldd	r22, Y+18	; 0x12
    9680:	7b 89       	ldd	r23, Y+19	; 0x13
    9682:	26 0f       	add	r18, r22
    9684:	37 1f       	adc	r19, r23
    9686:	31 83       	std	Z+1, r19	; 0x01
    9688:	20 83       	st	Z, r18
    968a:	b3 94       	inc	r11
    968c:	11 96       	adiw	r26, 0x01	; 1
    968e:	9f ef       	ldi	r25, 0xFF	; 255
    9690:	29 1a       	sub	r2, r25
    9692:	39 0a       	sbc	r3, r25
    9694:	fb 10       	cpse	r15, r11
    9696:	c5 cf       	rjmp	.-118    	; 0x9622 <LCD_Gradient_Char+0x25c>
    9698:	4e 2d       	mov	r20, r14
    969a:	ec a0       	ldd	r14, Y+36	; 0x24
    969c:	fd a0       	ldd	r15, Y+37	; 0x25
    969e:	6e a0       	ldd	r6, Y+38	; 0x26
    96a0:	7f a0       	ldd	r7, Y+39	; 0x27
    96a2:	a8 a4       	ldd	r10, Y+40	; 0x28
    96a4:	b9 a4       	ldd	r11, Y+41	; 0x29
    96a6:	ca a4       	ldd	r12, Y+42	; 0x2a
    96a8:	db a4       	ldd	r13, Y+43	; 0x2b
    96aa:	eb 8d       	ldd	r30, Y+27	; 0x1b
    96ac:	e8 30       	cpi	r30, 0x08	; 8
    96ae:	08 f0       	brcs	.+2      	; 0x96b2 <LCD_Gradient_Char+0x2ec>
    96b0:	e5 c2       	rjmp	.+1482   	; 0x9c7c <LCD_Gradient_Char+0x8b6>
    96b2:	50 e0       	ldi	r21, 0x00	; 0
    96b4:	a0 e0       	ldi	r26, 0x00	; 0
    96b6:	b0 e0       	ldi	r27, 0x00	; 0
    96b8:	61 e0       	ldi	r22, 0x01	; 1
    96ba:	28 a1       	ldd	r18, Y+32	; 0x20
    96bc:	2e 1b       	sub	r18, r30
    96be:	29 83       	std	Y+1, r18	; 0x01
    96c0:	38 a1       	ldd	r19, Y+32	; 0x20
    96c2:	23 2e       	mov	r2, r19
    96c4:	31 2c       	mov	r3, r1
    96c6:	1c 83       	std	Y+4, r17	; 0x04
    96c8:	0b 83       	std	Y+3, r16	; 0x03
    96ca:	1e 2f       	mov	r17, r30
    96cc:	f7 01       	movw	r30, r14
    96ce:	94 91       	lpm	r25, Z
    96d0:	88 27       	eor	r24, r24
    96d2:	ff ef       	ldi	r31, 0xFF	; 255
    96d4:	ef 1a       	sub	r14, r31
    96d6:	ff 0a       	sbc	r15, r31
    96d8:	e6 2f       	mov	r30, r22
    96da:	f0 e0       	ldi	r31, 0x00	; 0
    96dc:	ee 0f       	add	r30, r30
    96de:	ff 1f       	adc	r31, r31
    96e0:	ec 0d       	add	r30, r12
    96e2:	fd 1d       	adc	r31, r13
    96e4:	9c 01       	movw	r18, r24
    96e6:	05 2e       	mov	r0, r21
    96e8:	02 c0       	rjmp	.+4      	; 0x96ee <LCD_Gradient_Char+0x328>
    96ea:	36 95       	lsr	r19
    96ec:	27 95       	ror	r18
    96ee:	0a 94       	dec	r0
    96f0:	e2 f7       	brpl	.-8      	; 0x96ea <LCD_Gradient_Char+0x324>
    96f2:	2a 0f       	add	r18, r26
    96f4:	3b 1f       	adc	r19, r27
    96f6:	ac 89       	ldd	r26, Y+20	; 0x14
    96f8:	bd 89       	ldd	r27, Y+21	; 0x15
    96fa:	2a 23       	and	r18, r26
    96fc:	3b 23       	and	r19, r27
    96fe:	31 83       	std	Z+1, r19	; 0x01
    9700:	20 83       	st	Z, r18
    9702:	71 e0       	ldi	r23, 0x01	; 1
    9704:	76 0f       	add	r23, r22
    9706:	ba 8d       	ldd	r27, Y+26	; 0x1a
    9708:	7b 17       	cp	r23, r27
    970a:	58 f5       	brcc	.+86     	; 0x9762 <LCD_Gradient_Char+0x39c>
    970c:	29 81       	ldd	r18, Y+1	; 0x01
    970e:	52 0f       	add	r21, r18
    9710:	91 01       	movw	r18, r2
    9712:	25 1b       	sub	r18, r21
    9714:	31 09       	sbc	r19, r1
    9716:	dc 01       	movw	r26, r24
    9718:	02 c0       	rjmp	.+4      	; 0x971e <LCD_Gradient_Char+0x358>
    971a:	aa 0f       	add	r26, r26
    971c:	bb 1f       	adc	r27, r27
    971e:	2a 95       	dec	r18
    9720:	e2 f7       	brpl	.-8      	; 0x971a <LCD_Gradient_Char+0x354>
    9722:	15 17       	cp	r17, r21
    9724:	e0 f4       	brcc	.+56     	; 0x975e <LCD_Gradient_Char+0x398>
    9726:	e7 2f       	mov	r30, r23
    9728:	f0 e0       	ldi	r31, 0x00	; 0
    972a:	ee 0f       	add	r30, r30
    972c:	ff 1f       	adc	r31, r31
    972e:	ec 0d       	add	r30, r12
    9730:	fd 1d       	adc	r31, r13
    9732:	8c 89       	ldd	r24, Y+20	; 0x14
    9734:	9d 89       	ldd	r25, Y+21	; 0x15
    9736:	8a 23       	and	r24, r26
    9738:	9b 23       	and	r25, r27
    973a:	91 83       	std	Z+1, r25	; 0x01
    973c:	80 83       	st	Z, r24
    973e:	6e 5f       	subi	r22, 0xFE	; 254
    9740:	51 1b       	sub	r21, r17
    9742:	0c 8c       	ldd	r0, Y+28	; 0x1c
    9744:	02 c0       	rjmp	.+4      	; 0x974a <LCD_Gradient_Char+0x384>
    9746:	aa 0f       	add	r26, r26
    9748:	bb 1f       	adc	r27, r27
    974a:	0a 94       	dec	r0
    974c:	e2 f7       	brpl	.-8      	; 0x9746 <LCD_Gradient_Char+0x380>
    974e:	be cf       	rjmp	.-132    	; 0x96cc <LCD_Gradient_Char+0x306>
    9750:	89 81       	ldd	r24, Y+1	; 0x01
    9752:	85 30       	cpi	r24, 0x05	; 5
    9754:	09 f0       	breq	.+2      	; 0x9758 <LCD_Gradient_Char+0x392>
    9756:	3f cf       	rjmp	.-386    	; 0x95d6 <LCD_Gradient_Char+0x210>
    9758:	7a cf       	rjmp	.-268    	; 0x964e <LCD_Gradient_Char+0x288>
    975a:	cd 01       	movw	r24, r26
    975c:	33 cf       	rjmp	.-410    	; 0x95c4 <LCD_Gradient_Char+0x1fe>
    975e:	67 2f       	mov	r22, r23
    9760:	b5 cf       	rjmp	.-150    	; 0x96cc <LCD_Gradient_Char+0x306>
    9762:	0b 81       	ldd	r16, Y+3	; 0x03
    9764:	1c 81       	ldd	r17, Y+4	; 0x04
    9766:	ee 84       	ldd	r14, Y+14	; 0x0e
    9768:	e1 10       	cpse	r14, r1
    976a:	fd c0       	rjmp	.+506    	; 0x9966 <LCD_Gradient_Char+0x5a0>
    976c:	96 01       	movw	r18, r12
    976e:	2e 5f       	subi	r18, 0xFE	; 254
    9770:	3f 4f       	sbci	r19, 0xFF	; 255
    9772:	3a 87       	std	Y+10, r19	; 0x0a
    9774:	29 87       	std	Y+9, r18	; 0x09
    9776:	64 2f       	mov	r22, r20
    9778:	70 e0       	ldi	r23, 0x00	; 0
    977a:	7f 87       	std	Y+15, r23	; 0x0f
    977c:	6e 87       	std	Y+14, r22	; 0x0e
    977e:	8f ef       	ldi	r24, 0xFF	; 255
    9780:	84 0f       	add	r24, r20
    9782:	78 2f       	mov	r23, r24
    9784:	7a 0d       	add	r23, r10
    9786:	1b 82       	std	Y+3, r1	; 0x03
    9788:	2e 84       	ldd	r2, Y+14	; 0x0e
    978a:	3f 84       	ldd	r3, Y+15	; 0x0f
    978c:	91 e0       	ldi	r25, 0x01	; 1
    978e:	29 1a       	sub	r2, r25
    9790:	31 08       	sbc	r3, r1
    9792:	86 0d       	add	r24, r6
    9794:	8d 83       	std	Y+5, r24	; 0x05
    9796:	59 a1       	ldd	r21, Y+33	; 0x21
    9798:	d7 2e       	mov	r13, r23
    979a:	a9 85       	ldd	r26, Y+9	; 0x09
    979c:	ba 85       	ldd	r27, Y+10	; 0x0a
    979e:	6d 91       	ld	r22, X+
    97a0:	7d 91       	ld	r23, X+
    97a2:	ba 87       	std	Y+10, r27	; 0x0a
    97a4:	a9 87       	std	Y+9, r26	; 0x09
    97a6:	61 15       	cp	r22, r1
    97a8:	71 05       	cpc	r23, r1
    97aa:	09 f4       	brne	.+2      	; 0x97ae <LCD_Gradient_Char+0x3e8>
    97ac:	8d c0       	rjmp	.+282    	; 0x98c8 <LCD_Gradient_Char+0x502>
    97ae:	cb 2c       	mov	r12, r11
    97b0:	c5 01       	movw	r24, r10
    97b2:	82 0d       	add	r24, r2
    97b4:	93 1d       	adc	r25, r3
    97b6:	99 83       	std	Y+1, r25	; 0x01
    97b8:	30 e0       	ldi	r19, 0x00	; 0
    97ba:	20 e0       	ldi	r18, 0x00	; 0
    97bc:	77 ff       	sbrs	r23, 7
    97be:	7a c0       	rjmp	.+244    	; 0x98b4 <LCD_Gradient_Char+0x4ee>
    97c0:	97 98       	cbi	0x12, 7	; 18
    97c2:	aa e2       	ldi	r26, 0x2A	; 42
    97c4:	ea 2e       	mov	r14, r26
    97c6:	e5 ba       	out	0x15, r14	; 21
    97c8:	96 98       	cbi	0x12, 6	; 18
    97ca:	96 9a       	sbi	0x12, 6	; 18
    97cc:	97 9a       	sbi	0x12, 7	; 18
    97ce:	c3 01       	movw	r24, r6
    97d0:	82 0f       	add	r24, r18
    97d2:	91 1d       	adc	r25, r1
    97d4:	95 bb       	out	0x15, r25	; 21
    97d6:	96 98       	cbi	0x12, 6	; 18
    97d8:	96 9a       	sbi	0x12, 6	; 18
    97da:	e2 2f       	mov	r30, r18
    97dc:	e6 0d       	add	r30, r6
    97de:	e5 bb       	out	0x15, r30	; 21
    97e0:	96 98       	cbi	0x12, 6	; 18
    97e2:	96 9a       	sbi	0x12, 6	; 18
    97e4:	82 0d       	add	r24, r2
    97e6:	93 1d       	adc	r25, r3
    97e8:	95 bb       	out	0x15, r25	; 21
    97ea:	96 98       	cbi	0x12, 6	; 18
    97ec:	96 9a       	sbi	0x12, 6	; 18
    97ee:	8d 81       	ldd	r24, Y+5	; 0x05
    97f0:	82 0f       	add	r24, r18
    97f2:	85 bb       	out	0x15, r24	; 21
    97f4:	96 98       	cbi	0x12, 6	; 18
    97f6:	96 9a       	sbi	0x12, 6	; 18
    97f8:	97 98       	cbi	0x12, 7	; 18
    97fa:	bb e2       	ldi	r27, 0x2B	; 43
    97fc:	fb 2e       	mov	r15, r27
    97fe:	f5 ba       	out	0x15, r15	; 21
    9800:	96 98       	cbi	0x12, 6	; 18
    9802:	96 9a       	sbi	0x12, 6	; 18
    9804:	97 9a       	sbi	0x12, 7	; 18
    9806:	c5 ba       	out	0x15, r12	; 21
    9808:	96 98       	cbi	0x12, 6	; 18
    980a:	96 9a       	sbi	0x12, 6	; 18
    980c:	a5 ba       	out	0x15, r10	; 21
    980e:	96 98       	cbi	0x12, 6	; 18
    9810:	96 9a       	sbi	0x12, 6	; 18
    9812:	89 81       	ldd	r24, Y+1	; 0x01
    9814:	85 bb       	out	0x15, r24	; 21
    9816:	96 98       	cbi	0x12, 6	; 18
    9818:	96 9a       	sbi	0x12, 6	; 18
    981a:	d5 ba       	out	0x15, r13	; 21
    981c:	96 98       	cbi	0x12, 6	; 18
    981e:	96 9a       	sbi	0x12, 6	; 18
    9820:	97 98       	cbi	0x12, 7	; 18
    9822:	9c e2       	ldi	r25, 0x2C	; 44
    9824:	95 bb       	out	0x15, r25	; 21
    9826:	96 98       	cbi	0x12, 6	; 18
    9828:	96 9a       	sbi	0x12, 6	; 18
    982a:	97 9a       	sbi	0x12, 7	; 18
    982c:	a8 85       	ldd	r26, Y+8	; 0x08
    982e:	a1 11       	cpse	r26, r1
    9830:	98 c0       	rjmp	.+304    	; 0x9962 <LCD_Gradient_Char+0x59c>
    9832:	8b 81       	ldd	r24, Y+3	; 0x03
    9834:	90 e0       	ldi	r25, 0x00	; 0
    9836:	88 0f       	add	r24, r24
    9838:	99 1f       	adc	r25, r25
    983a:	d4 01       	movw	r26, r8
    983c:	a8 0f       	add	r26, r24
    983e:	b9 1f       	adc	r27, r25
    9840:	f8 01       	movw	r30, r16
    9842:	e8 0f       	add	r30, r24
    9844:	f9 1f       	adc	r31, r25
    9846:	01 90       	ld	r0, Z+
    9848:	f0 81       	ld	r31, Z
    984a:	e0 2d       	mov	r30, r0
    984c:	ee 27       	eor	r30, r30
    984e:	fc 77       	andi	r31, 0x7C	; 124
    9850:	7f 01       	movw	r14, r30
    9852:	ee 0c       	add	r14, r14
    9854:	ef 2c       	mov	r14, r15
    9856:	ee 1c       	adc	r14, r14
    9858:	ff 08       	sbc	r15, r15
    985a:	fd 86       	std	Y+13, r15	; 0x0d
    985c:	ec 86       	std	Y+12, r14	; 0x0c
    985e:	ed 90       	ld	r14, X+
    9860:	fc 90       	ld	r15, X
    9862:	11 97       	sbiw	r26, 0x01	; 1
    9864:	ee 24       	eor	r14, r14
    9866:	e0 e7       	ldi	r30, 0x70	; 112
    9868:	fe 22       	and	r15, r30
    986a:	ff 2d       	mov	r31, r15
    986c:	f5 95       	asr	r31
    986e:	f5 95       	asr	r31
    9870:	f5 95       	asr	r31
    9872:	f5 95       	asr	r31
    9874:	ec 85       	ldd	r30, Y+12	; 0x0c
    9876:	ef 2b       	or	r30, r31
    9878:	eb bb       	out	0x1b, r30	; 27
    987a:	f2 01       	movw	r30, r4
    987c:	e8 0f       	add	r30, r24
    987e:	f9 1f       	adc	r31, r25
    9880:	80 81       	ld	r24, Z
    9882:	91 81       	ldd	r25, Z+1	; 0x01
    9884:	88 27       	eor	r24, r24
    9886:	9c 77       	andi	r25, 0x7C	; 124
    9888:	e9 2f       	mov	r30, r25
    988a:	e5 95       	asr	r30
    988c:	e5 95       	asr	r30
    988e:	8d 91       	ld	r24, X+
    9890:	9c 91       	ld	r25, X
    9892:	88 27       	eor	r24, r24
    9894:	9e 70       	andi	r25, 0x0E	; 14
    9896:	95 95       	asr	r25
    9898:	87 95       	ror	r24
    989a:	95 95       	asr	r25
    989c:	87 95       	ror	r24
    989e:	95 95       	asr	r25
    98a0:	87 95       	ror	r24
    98a2:	95 95       	asr	r25
    98a4:	87 95       	ror	r24
    98a6:	8e 2b       	or	r24, r30
    98a8:	85 bb       	out	0x15, r24	; 21
    98aa:	8f 81       	ldd	r24, Y+7	; 0x07
    98ac:	96 98       	cbi	0x12, 6	; 18
    98ae:	96 9a       	sbi	0x12, 6	; 18
    98b0:	81 50       	subi	r24, 0x01	; 1
    98b2:	e1 f7       	brne	.-8      	; 0x98ac <LCD_Gradient_Char+0x4e6>
    98b4:	66 0f       	add	r22, r22
    98b6:	77 1f       	adc	r23, r23
    98b8:	24 0f       	add	r18, r20
    98ba:	3f 5f       	subi	r19, 0xFF	; 255
    98bc:	25 17       	cp	r18, r21
    98be:	20 f4       	brcc	.+8      	; 0x98c8 <LCD_Gradient_Char+0x502>
    98c0:	61 15       	cp	r22, r1
    98c2:	71 05       	cpc	r23, r1
    98c4:	09 f0       	breq	.+2      	; 0x98c8 <LCD_Gradient_Char+0x502>
    98c6:	7a cf       	rjmp	.-268    	; 0x97bc <LCD_Gradient_Char+0x3f6>
    98c8:	ee 85       	ldd	r30, Y+14	; 0x0e
    98ca:	ff 85       	ldd	r31, Y+15	; 0x0f
    98cc:	ae 0e       	add	r10, r30
    98ce:	bf 1e       	adc	r11, r31
    98d0:	fb 81       	ldd	r31, Y+3	; 0x03
    98d2:	ff 5f       	subi	r31, 0xFF	; 255
    98d4:	fb 83       	std	Y+3, r31	; 0x03
    98d6:	d4 0e       	add	r13, r20
    98d8:	cb 84       	ldd	r12, Y+11	; 0x0b
    98da:	cf 12       	cpse	r12, r31
    98dc:	5e cf       	rjmp	.-324    	; 0x979a <LCD_Gradient_Char+0x3d4>
    98de:	c8 84       	ldd	r12, Y+8	; 0x08
    98e0:	cc 20       	and	r12, r12
    98e2:	f9 f0       	breq	.+62     	; 0x9922 <LCD_Gradient_Char+0x55c>
    98e4:	8c 8d       	ldd	r24, Y+28	; 0x1c
    98e6:	9d 8d       	ldd	r25, Y+29	; 0x1d
    98e8:	88 0f       	add	r24, r24
    98ea:	99 1f       	adc	r25, r25
    98ec:	f8 01       	movw	r30, r16
    98ee:	e8 0f       	add	r30, r24
    98f0:	f9 1f       	adc	r31, r25
    98f2:	20 81       	ld	r18, Z
    98f4:	31 81       	ldd	r19, Z+1	; 0x01
    98f6:	30 93 75 01 	sts	0x0175, r19	; 0x800175 <sFont+0x15>
    98fa:	20 93 74 01 	sts	0x0174, r18	; 0x800174 <sFont+0x14>
    98fe:	f4 01       	movw	r30, r8
    9900:	e8 0f       	add	r30, r24
    9902:	f9 1f       	adc	r31, r25
    9904:	20 81       	ld	r18, Z
    9906:	31 81       	ldd	r19, Z+1	; 0x01
    9908:	30 93 77 01 	sts	0x0177, r19	; 0x800177 <sFont+0x17>
    990c:	20 93 76 01 	sts	0x0176, r18	; 0x800176 <sFont+0x16>
    9910:	f2 01       	movw	r30, r4
    9912:	e8 0f       	add	r30, r24
    9914:	f9 1f       	adc	r31, r25
    9916:	80 81       	ld	r24, Z
    9918:	91 81       	ldd	r25, Z+1	; 0x01
    991a:	90 93 79 01 	sts	0x0179, r25	; 0x800179 <sFont+0x19>
    991e:	80 93 78 01 	sts	0x0178, r24	; 0x800178 <sFont+0x18>
    9922:	8a a1       	ldd	r24, Y+34	; 0x22
    9924:	9b a1       	ldd	r25, Y+35	; 0x23
    9926:	0f b6       	in	r0, 0x3f	; 63
    9928:	f8 94       	cli
    992a:	9e bf       	out	0x3e, r25	; 62
    992c:	0f be       	out	0x3f, r0	; 63
    992e:	8d bf       	out	0x3d, r24	; 61
    9930:	ab 96       	adiw	r28, 0x2b	; 43
    9932:	0f b6       	in	r0, 0x3f	; 63
    9934:	f8 94       	cli
    9936:	de bf       	out	0x3e, r29	; 62
    9938:	0f be       	out	0x3f, r0	; 63
    993a:	cd bf       	out	0x3d, r28	; 61
    993c:	df 91       	pop	r29
    993e:	cf 91       	pop	r28
    9940:	1f 91       	pop	r17
    9942:	0f 91       	pop	r16
    9944:	ff 90       	pop	r15
    9946:	ef 90       	pop	r14
    9948:	df 90       	pop	r13
    994a:	cf 90       	pop	r12
    994c:	bf 90       	pop	r11
    994e:	af 90       	pop	r10
    9950:	9f 90       	pop	r9
    9952:	8f 90       	pop	r8
    9954:	7f 90       	pop	r7
    9956:	6f 90       	pop	r6
    9958:	5f 90       	pop	r5
    995a:	4f 90       	pop	r4
    995c:	3f 90       	pop	r3
    995e:	2f 90       	pop	r2
    9960:	08 95       	ret
    9962:	83 2f       	mov	r24, r19
    9964:	67 cf       	rjmp	.-306    	; 0x9834 <LCD_Gradient_Char+0x46e>
    9966:	2b 85       	ldd	r18, Y+11	; 0x0b
    9968:	2e 5f       	subi	r18, 0xFE	; 254
    996a:	2b 87       	std	Y+11, r18	; 0x0b
    996c:	84 2f       	mov	r24, r20
    996e:	88 0f       	add	r24, r24
    9970:	39 a1       	ldd	r19, Y+33	; 0x21
    9972:	38 0f       	add	r19, r24
    9974:	64 2f       	mov	r22, r20
    9976:	70 e0       	ldi	r23, 0x00	; 0
    9978:	79 8b       	std	Y+17, r23	; 0x11
    997a:	68 8b       	std	Y+16, r22	; 0x10
    997c:	13 01       	movw	r2, r6
    997e:	26 1a       	sub	r2, r22
    9980:	37 0a       	sbc	r3, r23
    9982:	c5 01       	movw	r24, r10
    9984:	86 1b       	sub	r24, r22
    9986:	97 0b       	sbc	r25, r23
    9988:	9a 83       	std	Y+2, r25	; 0x02
    998a:	89 83       	std	Y+1, r24	; 0x01
    998c:	2f ef       	ldi	r18, 0xFF	; 255
    998e:	24 0f       	add	r18, r20
    9990:	a8 2e       	mov	r10, r24
    9992:	a2 0e       	add	r10, r18
    9994:	61 50       	subi	r22, 0x01	; 1
    9996:	71 09       	sbc	r23, r1
    9998:	7e 83       	std	Y+6, r23	; 0x06
    999a:	6d 83       	std	Y+5, r22	; 0x05
    999c:	86 0f       	add	r24, r22
    999e:	97 1f       	adc	r25, r23
    99a0:	9d 87       	std	Y+13, r25	; 0x0d
    99a2:	8c 87       	std	Y+12, r24	; 0x0c
    99a4:	19 86       	std	Y+9, r1	; 0x09
    99a6:	1b 8a       	std	Y+19, r1	; 0x13
    99a8:	1a 8a       	std	Y+18, r1	; 0x12
    99aa:	61 2c       	mov	r6, r1
    99ac:	71 2c       	mov	r7, r1
    99ae:	80 e0       	ldi	r24, 0x00	; 0
    99b0:	90 e0       	ldi	r25, 0x00	; 0
    99b2:	22 0d       	add	r18, r2
    99b4:	2c 8b       	std	Y+20, r18	; 0x14
    99b6:	ca 2c       	mov	r12, r10
    99b8:	a3 2e       	mov	r10, r19
    99ba:	ab 85       	ldd	r26, Y+11	; 0x0b
    99bc:	a2 30       	cpi	r26, 0x02	; 2
    99be:	f0 f0       	brcs	.+60     	; 0x99fc <LCD_Gradient_Char+0x636>
    99c0:	e8 8d       	ldd	r30, Y+24	; 0x18
    99c2:	f9 8d       	ldd	r31, Y+25	; 0x19
    99c4:	81 91       	ld	r24, Z+
    99c6:	91 91       	ld	r25, Z+
    99c8:	96 95       	lsr	r25
    99ca:	87 95       	ror	r24
    99cc:	a8 8d       	ldd	r26, Y+24	; 0x18
    99ce:	b9 8d       	ldd	r27, Y+25	; 0x19
    99d0:	12 96       	adiw	r26, 0x02	; 2
    99d2:	2d 91       	ld	r18, X+
    99d4:	3c 91       	ld	r19, X
    99d6:	13 97       	sbiw	r26, 0x03	; 3
    99d8:	36 95       	lsr	r19
    99da:	27 95       	ror	r18
    99dc:	be 85       	ldd	r27, Y+14	; 0x0e
    99de:	b4 30       	cpi	r27, 0x04	; 4
    99e0:	09 f4       	brne	.+2      	; 0x99e4 <LCD_Gradient_Char+0x61e>
    99e2:	02 c1       	rjmp	.+516    	; 0x9be8 <LCD_Gradient_Char+0x822>
    99e4:	6e 85       	ldd	r22, Y+14	; 0x0e
    99e6:	63 30       	cpi	r22, 0x03	; 3
    99e8:	09 f4       	brne	.+2      	; 0x99ec <LCD_Gradient_Char+0x626>
    99ea:	13 c1       	rjmp	.+550    	; 0x9c12 <LCD_Gradient_Char+0x84c>
    99ec:	ae 85       	ldd	r26, Y+14	; 0x0e
    99ee:	a5 30       	cpi	r26, 0x05	; 5
    99f0:	09 f4       	brne	.+2      	; 0x99f4 <LCD_Gradient_Char+0x62e>
    99f2:	25 c1       	rjmp	.+586    	; 0x9c3e <LCD_Gradient_Char+0x878>
    99f4:	9b 8b       	std	Y+19, r25	; 0x13
    99f6:	8a 8b       	std	Y+18, r24	; 0x12
    99f8:	f9 8f       	std	Y+25, r31	; 0x19
    99fa:	e8 8f       	std	Y+24, r30	; 0x18
    99fc:	bc 01       	movw	r22, r24
    99fe:	66 0f       	add	r22, r22
    9a00:	77 1f       	adc	r23, r23
    9a02:	9c 01       	movw	r18, r24
    9a04:	20 95       	com	r18
    9a06:	30 95       	com	r19
    9a08:	62 22       	and	r6, r18
    9a0a:	73 22       	and	r7, r19
    9a0c:	ea 81       	ldd	r30, Y+2	; 0x02
    9a0e:	eb 83       	std	Y+3, r30	; 0x03
    9a10:	bd 84       	ldd	r11, Y+13	; 0x0d
    9a12:	e2 2c       	mov	r14, r2
    9a14:	fc 88       	ldd	r15, Y+20	; 0x14
    9a16:	d1 2c       	mov	r13, r1
    9a18:	50 e0       	ldi	r21, 0x00	; 0
    9a1a:	97 ff       	sbrs	r25, 7
    9a1c:	7e c0       	rjmp	.+252    	; 0x9b1a <LCD_Gradient_Char+0x754>
    9a1e:	97 98       	cbi	0x12, 7	; 18
    9a20:	fa e2       	ldi	r31, 0x2A	; 42
    9a22:	f5 bb       	out	0x15, r31	; 21
    9a24:	96 98       	cbi	0x12, 6	; 18
    9a26:	96 9a       	sbi	0x12, 6	; 18
    9a28:	97 9a       	sbi	0x12, 7	; 18
    9a2a:	c1 01       	movw	r24, r2
    9a2c:	85 0f       	add	r24, r21
    9a2e:	91 1d       	adc	r25, r1
    9a30:	95 bb       	out	0x15, r25	; 21
    9a32:	96 98       	cbi	0x12, 6	; 18
    9a34:	96 9a       	sbi	0x12, 6	; 18
    9a36:	e5 ba       	out	0x15, r14	; 21
    9a38:	96 98       	cbi	0x12, 6	; 18
    9a3a:	96 9a       	sbi	0x12, 6	; 18
    9a3c:	2d 81       	ldd	r18, Y+5	; 0x05
    9a3e:	3e 81       	ldd	r19, Y+6	; 0x06
    9a40:	82 0f       	add	r24, r18
    9a42:	93 1f       	adc	r25, r19
    9a44:	95 bb       	out	0x15, r25	; 21
    9a46:	96 98       	cbi	0x12, 6	; 18
    9a48:	96 9a       	sbi	0x12, 6	; 18
    9a4a:	f5 ba       	out	0x15, r15	; 21
    9a4c:	96 98       	cbi	0x12, 6	; 18
    9a4e:	96 9a       	sbi	0x12, 6	; 18
    9a50:	97 98       	cbi	0x12, 7	; 18
    9a52:	3b e2       	ldi	r19, 0x2B	; 43
    9a54:	35 bb       	out	0x15, r19	; 21
    9a56:	96 98       	cbi	0x12, 6	; 18
    9a58:	96 9a       	sbi	0x12, 6	; 18
    9a5a:	97 9a       	sbi	0x12, 7	; 18
    9a5c:	8b 81       	ldd	r24, Y+3	; 0x03
    9a5e:	85 bb       	out	0x15, r24	; 21
    9a60:	96 98       	cbi	0x12, 6	; 18
    9a62:	96 9a       	sbi	0x12, 6	; 18
    9a64:	99 81       	ldd	r25, Y+1	; 0x01
    9a66:	95 bb       	out	0x15, r25	; 21
    9a68:	96 98       	cbi	0x12, 6	; 18
    9a6a:	96 9a       	sbi	0x12, 6	; 18
    9a6c:	b5 ba       	out	0x15, r11	; 21
    9a6e:	96 98       	cbi	0x12, 6	; 18
    9a70:	96 9a       	sbi	0x12, 6	; 18
    9a72:	c5 ba       	out	0x15, r12	; 21
    9a74:	96 98       	cbi	0x12, 6	; 18
    9a76:	96 9a       	sbi	0x12, 6	; 18
    9a78:	97 98       	cbi	0x12, 7	; 18
    9a7a:	ac e2       	ldi	r26, 0x2C	; 44
    9a7c:	a5 bb       	out	0x15, r26	; 21
    9a7e:	96 98       	cbi	0x12, 6	; 18
    9a80:	96 9a       	sbi	0x12, 6	; 18
    9a82:	97 9a       	sbi	0x12, 7	; 18
    9a84:	b8 85       	ldd	r27, Y+8	; 0x08
    9a86:	b1 11       	cpse	r27, r1
    9a88:	87 c0       	rjmp	.+270    	; 0x9b98 <LCD_Gradient_Char+0x7d2>
    9a8a:	89 85       	ldd	r24, Y+9	; 0x09
    9a8c:	90 e0       	ldi	r25, 0x00	; 0
    9a8e:	88 0f       	add	r24, r24
    9a90:	99 1f       	adc	r25, r25
    9a92:	f4 01       	movw	r30, r8
    9a94:	e8 0f       	add	r30, r24
    9a96:	f9 1f       	adc	r31, r25
    9a98:	d8 01       	movw	r26, r16
    9a9a:	a8 0f       	add	r26, r24
    9a9c:	b9 1f       	adc	r27, r25
    9a9e:	2d 91       	ld	r18, X+
    9aa0:	3c 91       	ld	r19, X
    9aa2:	22 27       	eor	r18, r18
    9aa4:	3c 77       	andi	r19, 0x7C	; 124
    9aa6:	22 0f       	add	r18, r18
    9aa8:	23 2f       	mov	r18, r19
    9aaa:	22 1f       	adc	r18, r18
    9aac:	33 0b       	sbc	r19, r19
    9aae:	a0 81       	ld	r26, Z
    9ab0:	b1 81       	ldd	r27, Z+1	; 0x01
    9ab2:	aa 27       	eor	r26, r26
    9ab4:	b0 77       	andi	r27, 0x70	; 112
    9ab6:	3b 2f       	mov	r19, r27
    9ab8:	35 95       	asr	r19
    9aba:	35 95       	asr	r19
    9abc:	35 95       	asr	r19
    9abe:	35 95       	asr	r19
    9ac0:	23 2b       	or	r18, r19
    9ac2:	2b bb       	out	0x1b, r18	; 27
    9ac4:	d2 01       	movw	r26, r4
    9ac6:	a8 0f       	add	r26, r24
    9ac8:	b9 1f       	adc	r27, r25
    9aca:	8d 91       	ld	r24, X+
    9acc:	9c 91       	ld	r25, X
    9ace:	88 27       	eor	r24, r24
    9ad0:	9c 77       	andi	r25, 0x7C	; 124
    9ad2:	29 2f       	mov	r18, r25
    9ad4:	25 95       	asr	r18
    9ad6:	25 95       	asr	r18
    9ad8:	80 81       	ld	r24, Z
    9ada:	91 81       	ldd	r25, Z+1	; 0x01
    9adc:	88 27       	eor	r24, r24
    9ade:	9e 70       	andi	r25, 0x0E	; 14
    9ae0:	95 95       	asr	r25
    9ae2:	87 95       	ror	r24
    9ae4:	95 95       	asr	r25
    9ae6:	87 95       	ror	r24
    9ae8:	95 95       	asr	r25
    9aea:	87 95       	ror	r24
    9aec:	95 95       	asr	r25
    9aee:	87 95       	ror	r24
    9af0:	82 2b       	or	r24, r18
    9af2:	85 bb       	out	0x15, r24	; 21
    9af4:	8f 81       	ldd	r24, Y+7	; 0x07
    9af6:	96 98       	cbi	0x12, 6	; 18
    9af8:	96 9a       	sbi	0x12, 6	; 18
    9afa:	81 50       	subi	r24, 0x01	; 1
    9afc:	e1 f7       	brne	.-8      	; 0x9af6 <LCD_Gradient_Char+0x730>
    9afe:	cb 01       	movw	r24, r22
    9b00:	66 0c       	add	r6, r6
    9b02:	77 1c       	adc	r7, r7
    9b04:	54 0f       	add	r21, r20
    9b06:	d3 94       	inc	r13
    9b08:	e4 0e       	add	r14, r20
    9b0a:	f4 0e       	add	r15, r20
    9b0c:	5a 15       	cp	r21, r10
    9b0e:	08 f0       	brcs	.+2      	; 0x9b12 <LCD_Gradient_Char+0x74c>
    9b10:	45 c0       	rjmp	.+138    	; 0x9b9c <LCD_Gradient_Char+0x7d6>
    9b12:	66 0f       	add	r22, r22
    9b14:	77 1f       	adc	r23, r23
    9b16:	97 fd       	sbrc	r25, 7
    9b18:	82 cf       	rjmp	.-252    	; 0x9a1e <LCD_Gradient_Char+0x658>
    9b1a:	77 fe       	sbrs	r7, 7
    9b1c:	f0 cf       	rjmp	.-32     	; 0x9afe <LCD_Gradient_Char+0x738>
    9b1e:	97 98       	cbi	0x12, 7	; 18
    9b20:	ea e2       	ldi	r30, 0x2A	; 42
    9b22:	e5 bb       	out	0x15, r30	; 21
    9b24:	96 98       	cbi	0x12, 6	; 18
    9b26:	96 9a       	sbi	0x12, 6	; 18
    9b28:	97 9a       	sbi	0x12, 7	; 18
    9b2a:	c1 01       	movw	r24, r2
    9b2c:	85 0f       	add	r24, r21
    9b2e:	91 1d       	adc	r25, r1
    9b30:	95 bb       	out	0x15, r25	; 21
    9b32:	96 98       	cbi	0x12, 6	; 18
    9b34:	96 9a       	sbi	0x12, 6	; 18
    9b36:	e5 ba       	out	0x15, r14	; 21
    9b38:	96 98       	cbi	0x12, 6	; 18
    9b3a:	96 9a       	sbi	0x12, 6	; 18
    9b3c:	2d 81       	ldd	r18, Y+5	; 0x05
    9b3e:	3e 81       	ldd	r19, Y+6	; 0x06
    9b40:	82 0f       	add	r24, r18
    9b42:	93 1f       	adc	r25, r19
    9b44:	95 bb       	out	0x15, r25	; 21
    9b46:	96 98       	cbi	0x12, 6	; 18
    9b48:	96 9a       	sbi	0x12, 6	; 18
    9b4a:	f5 ba       	out	0x15, r15	; 21
    9b4c:	96 98       	cbi	0x12, 6	; 18
    9b4e:	96 9a       	sbi	0x12, 6	; 18
    9b50:	97 98       	cbi	0x12, 7	; 18
    9b52:	3b e2       	ldi	r19, 0x2B	; 43
    9b54:	35 bb       	out	0x15, r19	; 21
    9b56:	96 98       	cbi	0x12, 6	; 18
    9b58:	96 9a       	sbi	0x12, 6	; 18
    9b5a:	97 9a       	sbi	0x12, 7	; 18
    9b5c:	8b 81       	ldd	r24, Y+3	; 0x03
    9b5e:	85 bb       	out	0x15, r24	; 21
    9b60:	96 98       	cbi	0x12, 6	; 18
    9b62:	96 9a       	sbi	0x12, 6	; 18
    9b64:	99 81       	ldd	r25, Y+1	; 0x01
    9b66:	95 bb       	out	0x15, r25	; 21
    9b68:	96 98       	cbi	0x12, 6	; 18
    9b6a:	96 9a       	sbi	0x12, 6	; 18
    9b6c:	b5 ba       	out	0x15, r11	; 21
    9b6e:	96 98       	cbi	0x12, 6	; 18
    9b70:	96 9a       	sbi	0x12, 6	; 18
    9b72:	c5 ba       	out	0x15, r12	; 21
    9b74:	96 98       	cbi	0x12, 6	; 18
    9b76:	96 9a       	sbi	0x12, 6	; 18
    9b78:	97 98       	cbi	0x12, 7	; 18
    9b7a:	ac e2       	ldi	r26, 0x2C	; 44
    9b7c:	a5 bb       	out	0x15, r26	; 21
    9b7e:	96 98       	cbi	0x12, 6	; 18
    9b80:	96 9a       	sbi	0x12, 6	; 18
    9b82:	97 9a       	sbi	0x12, 7	; 18
    9b84:	be 89       	ldd	r27, Y+22	; 0x16
    9b86:	bb bb       	out	0x1b, r27	; 27
    9b88:	2f 89       	ldd	r18, Y+23	; 0x17
    9b8a:	25 bb       	out	0x15, r18	; 21
    9b8c:	8f 81       	ldd	r24, Y+7	; 0x07
    9b8e:	96 98       	cbi	0x12, 6	; 18
    9b90:	96 9a       	sbi	0x12, 6	; 18
    9b92:	81 50       	subi	r24, 0x01	; 1
    9b94:	e1 f7       	brne	.-8      	; 0x9b8e <LCD_Gradient_Char+0x7c8>
    9b96:	b3 cf       	rjmp	.-154    	; 0x9afe <LCD_Gradient_Char+0x738>
    9b98:	8d 2d       	mov	r24, r13
    9b9a:	78 cf       	rjmp	.-272    	; 0x9a8c <LCD_Gradient_Char+0x6c6>
    9b9c:	3e 85       	ldd	r19, Y+14	; 0x0e
    9b9e:	31 30       	cpi	r19, 0x01	; 1
    9ba0:	f1 f0       	breq	.+60     	; 0x9bde <LCD_Gradient_Char+0x818>
    9ba2:	5e 85       	ldd	r21, Y+14	; 0x0e
    9ba4:	52 30       	cpi	r21, 0x02	; 2
    9ba6:	81 f1       	breq	.+96     	; 0x9c08 <LCD_Gradient_Char+0x842>
    9ba8:	6e 85       	ldd	r22, Y+14	; 0x0e
    9baa:	65 30       	cpi	r22, 0x05	; 5
    9bac:	c9 f1       	breq	.+114    	; 0x9c20 <LCD_Gradient_Char+0x85a>
    9bae:	bb 85       	ldd	r27, Y+11	; 0x0b
    9bb0:	b1 50       	subi	r27, 0x01	; 1
    9bb2:	bb 87       	std	Y+11, r27	; 0x0b
    9bb4:	e9 81       	ldd	r30, Y+1	; 0x01
    9bb6:	fa 81       	ldd	r31, Y+2	; 0x02
    9bb8:	e8 88       	ldd	r14, Y+16	; 0x10
    9bba:	f9 88       	ldd	r15, Y+17	; 0x11
    9bbc:	ee 0d       	add	r30, r14
    9bbe:	ff 1d       	adc	r31, r15
    9bc0:	fa 83       	std	Y+2, r31	; 0x02
    9bc2:	e9 83       	std	Y+1, r30	; 0x01
    9bc4:	29 85       	ldd	r18, Y+9	; 0x09
    9bc6:	2f 5f       	subi	r18, 0xFF	; 255
    9bc8:	29 87       	std	Y+9, r18	; 0x09
    9bca:	c4 0e       	add	r12, r20
    9bcc:	6c 85       	ldd	r22, Y+12	; 0x0c
    9bce:	7d 85       	ldd	r23, Y+13	; 0x0d
    9bd0:	6e 0d       	add	r22, r14
    9bd2:	7f 1d       	adc	r23, r15
    9bd4:	7d 87       	std	Y+13, r23	; 0x0d
    9bd6:	6c 87       	std	Y+12, r22	; 0x0c
    9bd8:	b1 11       	cpse	r27, r1
    9bda:	ef ce       	rjmp	.-546    	; 0x99ba <LCD_Gradient_Char+0x5f4>
    9bdc:	80 ce       	rjmp	.-768    	; 0x98de <LCD_Gradient_Char+0x518>
    9bde:	6a 88       	ldd	r6, Y+18	; 0x12
    9be0:	7b 88       	ldd	r7, Y+19	; 0x13
    9be2:	76 94       	lsr	r7
    9be4:	67 94       	ror	r6
    9be6:	e3 cf       	rjmp	.-58     	; 0x9bae <LCD_Gradient_Char+0x7e8>
    9be8:	5b 85       	ldd	r21, Y+11	; 0x0b
    9bea:	52 30       	cpi	r21, 0x02	; 2
    9bec:	09 f4       	brne	.+2      	; 0x9bf0 <LCD_Gradient_Char+0x82a>
    9bee:	02 cf       	rjmp	.-508    	; 0x99f4 <LCD_Gradient_Char+0x62e>
    9bf0:	22 0f       	add	r18, r18
    9bf2:	33 1f       	adc	r19, r19
    9bf4:	62 2a       	or	r6, r18
    9bf6:	73 2a       	or	r7, r19
    9bf8:	9b 8b       	std	Y+19, r25	; 0x13
    9bfa:	8a 8b       	std	Y+18, r24	; 0x12
    9bfc:	f9 8f       	std	Y+25, r31	; 0x19
    9bfe:	e8 8f       	std	Y+24, r30	; 0x18
    9c00:	bc 01       	movw	r22, r24
    9c02:	66 0f       	add	r22, r22
    9c04:	77 1f       	adc	r23, r23
    9c06:	fd ce       	rjmp	.-518    	; 0x9a02 <LCD_Gradient_Char+0x63c>
    9c08:	6a 88       	ldd	r6, Y+18	; 0x12
    9c0a:	7b 88       	ldd	r7, Y+19	; 0x13
    9c0c:	66 0c       	add	r6, r6
    9c0e:	77 1c       	adc	r7, r7
    9c10:	ce cf       	rjmp	.-100    	; 0x9bae <LCD_Gradient_Char+0x7e8>
    9c12:	7b 85       	ldd	r23, Y+11	; 0x0b
    9c14:	72 30       	cpi	r23, 0x02	; 2
    9c16:	09 f4       	brne	.+2      	; 0x9c1a <LCD_Gradient_Char+0x854>
    9c18:	ed ce       	rjmp	.-550    	; 0x99f4 <LCD_Gradient_Char+0x62e>
    9c1a:	36 95       	lsr	r19
    9c1c:	27 95       	ror	r18
    9c1e:	ea cf       	rjmp	.-44     	; 0x9bf4 <LCD_Gradient_Char+0x82e>
    9c20:	6a 88       	ldd	r6, Y+18	; 0x12
    9c22:	7b 88       	ldd	r7, Y+19	; 0x13
    9c24:	66 0c       	add	r6, r6
    9c26:	77 1c       	adc	r7, r7
    9c28:	2a 89       	ldd	r18, Y+18	; 0x12
    9c2a:	3b 89       	ldd	r19, Y+19	; 0x13
    9c2c:	36 95       	lsr	r19
    9c2e:	27 95       	ror	r18
    9c30:	62 2a       	or	r6, r18
    9c32:	73 2a       	or	r7, r19
    9c34:	aa 89       	ldd	r26, Y+18	; 0x12
    9c36:	bb 89       	ldd	r27, Y+19	; 0x13
    9c38:	6a 2a       	or	r6, r26
    9c3a:	7b 2a       	or	r7, r27
    9c3c:	b8 cf       	rjmp	.-144    	; 0x9bae <LCD_Gradient_Char+0x7e8>
    9c3e:	bb 85       	ldd	r27, Y+11	; 0x0b
    9c40:	b2 30       	cpi	r27, 0x02	; 2
    9c42:	09 f4       	brne	.+2      	; 0x9c46 <LCD_Gradient_Char+0x880>
    9c44:	d7 ce       	rjmp	.-594    	; 0x99f4 <LCD_Gradient_Char+0x62e>
    9c46:	b9 01       	movw	r22, r18
    9c48:	66 0f       	add	r22, r22
    9c4a:	77 1f       	adc	r23, r23
    9c4c:	62 2a       	or	r6, r18
    9c4e:	73 2a       	or	r7, r19
    9c50:	66 29       	or	r22, r6
    9c52:	77 29       	or	r23, r7
    9c54:	39 01       	movw	r6, r18
    9c56:	76 94       	lsr	r7
    9c58:	67 94       	ror	r6
    9c5a:	66 2a       	or	r6, r22
    9c5c:	77 2a       	or	r7, r23
    9c5e:	9c 01       	movw	r18, r24
    9c60:	36 95       	lsr	r19
    9c62:	27 95       	ror	r18
    9c64:	62 2a       	or	r6, r18
    9c66:	73 2a       	or	r7, r19
    9c68:	bc 01       	movw	r22, r24
    9c6a:	66 0f       	add	r22, r22
    9c6c:	77 1f       	adc	r23, r23
    9c6e:	66 2a       	or	r6, r22
    9c70:	77 2a       	or	r7, r23
    9c72:	9b 8b       	std	Y+19, r25	; 0x13
    9c74:	8a 8b       	std	Y+18, r24	; 0x12
    9c76:	f9 8f       	std	Y+25, r31	; 0x19
    9c78:	e8 8f       	std	Y+24, r30	; 0x18
    9c7a:	c3 ce       	rjmp	.-634    	; 0x9a02 <LCD_Gradient_Char+0x63c>
    9c7c:	3b 8d       	ldd	r19, Y+27	; 0x1b
    9c7e:	38 30       	cpi	r19, 0x08	; 8
    9c80:	09 f4       	brne	.+2      	; 0x9c84 <LCD_Gradient_Char+0x8be>
    9c82:	62 c0       	rjmp	.+196    	; 0x9d48 <LCD_Gradient_Char+0x982>
    9c84:	2b 8d       	ldd	r18, Y+27	; 0x1b
    9c86:	20 31       	cpi	r18, 0x10	; 16
    9c88:	09 f4       	brne	.+2      	; 0x9c8c <LCD_Gradient_Char+0x8c6>
    9c8a:	6e c0       	rjmp	.+220    	; 0x9d68 <LCD_Gradient_Char+0x9a2>
    9c8c:	60 e0       	ldi	r22, 0x00	; 0
    9c8e:	20 e0       	ldi	r18, 0x00	; 0
    9c90:	30 e0       	ldi	r19, 0x00	; 0
    9c92:	71 e0       	ldi	r23, 0x01	; 1
    9c94:	38 a0       	ldd	r3, Y+32	; 0x20
    9c96:	5b 8d       	ldd	r21, Y+27	; 0x1b
    9c98:	35 1a       	sub	r3, r21
    9c9a:	88 a1       	ldd	r24, Y+32	; 0x20
    9c9c:	a8 2f       	mov	r26, r24
    9c9e:	b0 e0       	ldi	r27, 0x00	; 0
    9ca0:	1a 83       	std	Y+2, r17	; 0x02
    9ca2:	09 83       	std	Y+1, r16	; 0x01
    9ca4:	14 2f       	mov	r17, r20
    9ca6:	43 2d       	mov	r20, r3
    9ca8:	f7 01       	movw	r30, r14
    9caa:	35 90       	lpm	r3, Z+
    9cac:	24 90       	lpm	r2, Z
    9cae:	e2 e0       	ldi	r30, 0x02	; 2
    9cb0:	ee 0e       	add	r14, r30
    9cb2:	f1 1c       	adc	r15, r1
    9cb4:	21 14       	cp	r2, r1
    9cb6:	31 04       	cpc	r3, r1
    9cb8:	69 f0       	breq	.+26     	; 0x9cd4 <LCD_Gradient_Char+0x90e>
    9cba:	c1 01       	movw	r24, r2
    9cbc:	06 2e       	mov	r0, r22
    9cbe:	02 c0       	rjmp	.+4      	; 0x9cc4 <LCD_Gradient_Char+0x8fe>
    9cc0:	96 95       	lsr	r25
    9cc2:	87 95       	ror	r24
    9cc4:	0a 94       	dec	r0
    9cc6:	e2 f7       	brpl	.-8      	; 0x9cc0 <LCD_Gradient_Char+0x8fa>
    9cc8:	ec 89       	ldd	r30, Y+20	; 0x14
    9cca:	fd 89       	ldd	r31, Y+21	; 0x15
    9ccc:	8e 23       	and	r24, r30
    9cce:	9f 23       	and	r25, r31
    9cd0:	28 0f       	add	r18, r24
    9cd2:	39 1f       	adc	r19, r25
    9cd4:	e7 2f       	mov	r30, r23
    9cd6:	f0 e0       	ldi	r31, 0x00	; 0
    9cd8:	ee 0f       	add	r30, r30
    9cda:	ff 1f       	adc	r31, r31
    9cdc:	ec 0d       	add	r30, r12
    9cde:	fd 1d       	adc	r31, r13
    9ce0:	31 83       	std	Z+1, r19	; 0x01
    9ce2:	20 83       	st	Z, r18
    9ce4:	81 e0       	ldi	r24, 0x01	; 1
    9ce6:	87 0f       	add	r24, r23
    9ce8:	2a 8d       	ldd	r18, Y+26	; 0x1a
    9cea:	82 17       	cp	r24, r18
    9cec:	48 f5       	brcc	.+82     	; 0x9d40 <LCD_Gradient_Char+0x97a>
    9cee:	64 0f       	add	r22, r20
    9cf0:	9d 01       	movw	r18, r26
    9cf2:	26 1b       	sub	r18, r22
    9cf4:	31 09       	sbc	r19, r1
    9cf6:	f1 01       	movw	r30, r2
    9cf8:	02 c0       	rjmp	.+4      	; 0x9cfe <LCD_Gradient_Char+0x938>
    9cfa:	ee 0f       	add	r30, r30
    9cfc:	ff 1f       	adc	r31, r31
    9cfe:	2a 95       	dec	r18
    9d00:	e2 f7       	brpl	.-8      	; 0x9cfa <LCD_Gradient_Char+0x934>
    9d02:	9f 01       	movw	r18, r30
    9d04:	56 17       	cp	r21, r22
    9d06:	d0 f4       	brcc	.+52     	; 0x9d3c <LCD_Gradient_Char+0x976>
    9d08:	e8 2f       	mov	r30, r24
    9d0a:	f0 e0       	ldi	r31, 0x00	; 0
    9d0c:	ee 0f       	add	r30, r30
    9d0e:	ff 1f       	adc	r31, r31
    9d10:	ec 0d       	add	r30, r12
    9d12:	fd 1d       	adc	r31, r13
    9d14:	8c 89       	ldd	r24, Y+20	; 0x14
    9d16:	9d 89       	ldd	r25, Y+21	; 0x15
    9d18:	82 23       	and	r24, r18
    9d1a:	93 23       	and	r25, r19
    9d1c:	91 83       	std	Z+1, r25	; 0x01
    9d1e:	80 83       	st	Z, r24
    9d20:	7e 5f       	subi	r23, 0xFE	; 254
    9d22:	65 1b       	sub	r22, r21
    9d24:	0c 8c       	ldd	r0, Y+28	; 0x1c
    9d26:	02 c0       	rjmp	.+4      	; 0x9d2c <LCD_Gradient_Char+0x966>
    9d28:	22 0f       	add	r18, r18
    9d2a:	33 1f       	adc	r19, r19
    9d2c:	0a 94       	dec	r0
    9d2e:	e2 f7       	brpl	.-8      	; 0x9d28 <LCD_Gradient_Char+0x962>
    9d30:	bb cf       	rjmp	.-138    	; 0x9ca8 <LCD_Gradient_Char+0x8e2>
    9d32:	3b 85       	ldd	r19, Y+11	; 0x0b
    9d34:	d2 cb       	rjmp	.-2140   	; 0x94da <LCD_Gradient_Char+0x114>
    9d36:	80 e1       	ldi	r24, 0x10	; 16
    9d38:	88 a3       	std	Y+32, r24	; 0x20
    9d3a:	7f cb       	rjmp	.-2306   	; 0x943a <LCD_Gradient_Char+0x74>
    9d3c:	78 2f       	mov	r23, r24
    9d3e:	b4 cf       	rjmp	.-152    	; 0x9ca8 <LCD_Gradient_Char+0x8e2>
    9d40:	41 2f       	mov	r20, r17
    9d42:	09 81       	ldd	r16, Y+1	; 0x01
    9d44:	1a 81       	ldd	r17, Y+2	; 0x02
    9d46:	0f cd       	rjmp	.-1506   	; 0x9766 <LCD_Gradient_Char+0x3a0>
    9d48:	d6 01       	movw	r26, r12
    9d4a:	12 96       	adiw	r26, 0x02	; 2
    9d4c:	81 e0       	ldi	r24, 0x01	; 1
    9d4e:	9a 8d       	ldd	r25, Y+26	; 0x1a
    9d50:	f7 01       	movw	r30, r14
    9d52:	34 91       	lpm	r19, Z
    9d54:	22 27       	eor	r18, r18
    9d56:	2d 93       	st	X+, r18
    9d58:	3d 93       	st	X+, r19
    9d5a:	ff ef       	ldi	r31, 0xFF	; 255
    9d5c:	ef 1a       	sub	r14, r31
    9d5e:	ff 0a       	sbc	r15, r31
    9d60:	8f 5f       	subi	r24, 0xFF	; 255
    9d62:	89 17       	cp	r24, r25
    9d64:	a8 f3       	brcs	.-22     	; 0x9d50 <LCD_Gradient_Char+0x98a>
    9d66:	ff cc       	rjmp	.-1538   	; 0x9766 <LCD_Gradient_Char+0x3a0>
    9d68:	d6 01       	movw	r26, r12
    9d6a:	12 96       	adiw	r26, 0x02	; 2
    9d6c:	21 e0       	ldi	r18, 0x01	; 1
    9d6e:	3a 8d       	ldd	r19, Y+26	; 0x1a
    9d70:	f7 01       	movw	r30, r14
    9d72:	95 91       	lpm	r25, Z+
    9d74:	84 91       	lpm	r24, Z
    9d76:	8d 93       	st	X+, r24
    9d78:	9d 93       	st	X+, r25
    9d7a:	92 e0       	ldi	r25, 0x02	; 2
    9d7c:	e9 0e       	add	r14, r25
    9d7e:	f1 1c       	adc	r15, r1
    9d80:	2f 5f       	subi	r18, 0xFF	; 255
    9d82:	23 17       	cp	r18, r19
    9d84:	a8 f3       	brcs	.-22     	; 0x9d70 <LCD_Gradient_Char+0x9aa>
    9d86:	ef cc       	rjmp	.-1570   	; 0x9766 <LCD_Gradient_Char+0x3a0>

00009d88 <displaystring.2540>:
    9d88:	2f 92       	push	r2
    9d8a:	3f 92       	push	r3
    9d8c:	cf 92       	push	r12
    9d8e:	df 92       	push	r13
    9d90:	ef 92       	push	r14
    9d92:	ff 92       	push	r15
    9d94:	0f 93       	push	r16
    9d96:	1f 93       	push	r17
    9d98:	cf 93       	push	r28
    9d9a:	df 93       	push	r29
    9d9c:	e1 01       	movw	r28, r2
    9d9e:	8f a1       	ldd	r24, Y+39	; 0x27
    9da0:	88 23       	and	r24, r24
    9da2:	89 f1       	breq	.+98     	; 0x9e06 <displaystring.2540+0x7e>
    9da4:	28 2f       	mov	r18, r24
    9da6:	30 e0       	ldi	r19, 0x00	; 0
    9da8:	4d a1       	ldd	r20, Y+37	; 0x25
    9daa:	5e a1       	ldd	r21, Y+38	; 0x26
    9dac:	fa 01       	movw	r30, r20
    9dae:	e2 0f       	add	r30, r18
    9db0:	f3 1f       	adc	r31, r19
    9db2:	31 97       	sbiw	r30, 0x01	; 1
    9db4:	90 81       	ld	r25, Z
    9db6:	90 32       	cpi	r25, 0x20	; 32
    9db8:	a1 f5       	brne	.+104    	; 0x9e22 <displaystring.2540+0x9a>
    9dba:	6c a1       	ldd	r22, Y+36	; 0x24
    9dbc:	09 c0       	rjmp	.+18     	; 0x9dd0 <displaystring.2540+0x48>
    9dbe:	28 2f       	mov	r18, r24
    9dc0:	30 e0       	ldi	r19, 0x00	; 0
    9dc2:	fa 01       	movw	r30, r20
    9dc4:	e2 0f       	add	r30, r18
    9dc6:	f3 1f       	adc	r31, r19
    9dc8:	31 97       	sbiw	r30, 0x01	; 1
    9dca:	90 81       	ld	r25, Z
    9dcc:	90 32       	cpi	r25, 0x20	; 32
    9dce:	49 f5       	brne	.+82     	; 0x9e22 <displaystring.2540+0x9a>
    9dd0:	61 11       	cpse	r22, r1
    9dd2:	15 c0       	rjmp	.+42     	; 0x9dfe <displaystring.2540+0x76>
    9dd4:	9b a1       	ldd	r25, Y+35	; 0x23
    9dd6:	91 11       	cpse	r25, r1
    9dd8:	12 c0       	rjmp	.+36     	; 0x9dfe <displaystring.2540+0x76>
    9dda:	9a a1       	ldd	r25, Y+34	; 0x22
    9ddc:	91 11       	cpse	r25, r1
    9dde:	0f c0       	rjmp	.+30     	; 0x9dfe <displaystring.2540+0x76>
    9de0:	9d 8d       	ldd	r25, Y+29	; 0x1d
    9de2:	e8 a1       	ldd	r30, Y+32	; 0x20
    9de4:	f9 a1       	ldd	r31, Y+33	; 0x21
    9de6:	2e 8d       	ldd	r18, Y+30	; 0x1e
    9de8:	3f 8d       	ldd	r19, Y+31	; 0x1f
    9dea:	2e 0f       	add	r18, r30
    9dec:	3f 1f       	adc	r19, r31
    9dee:	29 0f       	add	r18, r25
    9df0:	31 1d       	adc	r19, r1
    9df2:	eb 8d       	ldd	r30, Y+27	; 0x1b
    9df4:	fc 8d       	ldd	r31, Y+28	; 0x1c
    9df6:	e2 17       	cp	r30, r18
    9df8:	f3 07       	cpc	r31, r19
    9dfa:	08 f0       	brcs	.+2      	; 0x9dfe <displaystring.2540+0x76>
    9dfc:	a0 c1       	rjmp	.+832    	; 0xa13e <displaystring.2540+0x3b6>
    9dfe:	81 50       	subi	r24, 0x01	; 1
    9e00:	8f a3       	std	Y+39, r24	; 0x27
    9e02:	81 11       	cpse	r24, r1
    9e04:	dc cf       	rjmp	.-72     	; 0x9dbe <displaystring.2540+0x36>
    9e06:	1f a2       	std	Y+39, r1	; 0x27
    9e08:	1f 8e       	std	Y+31, r1	; 0x1f
    9e0a:	1e 8e       	std	Y+30, r1	; 0x1e
    9e0c:	df 91       	pop	r29
    9e0e:	cf 91       	pop	r28
    9e10:	1f 91       	pop	r17
    9e12:	0f 91       	pop	r16
    9e14:	ff 90       	pop	r15
    9e16:	ef 90       	pop	r14
    9e18:	df 90       	pop	r13
    9e1a:	cf 90       	pop	r12
    9e1c:	3f 90       	pop	r3
    9e1e:	2f 90       	pop	r2
    9e20:	08 95       	ret
    9e22:	8b a1       	ldd	r24, Y+35	; 0x23
    9e24:	9d 8d       	ldd	r25, Y+29	; 0x1d
    9e26:	92 9f       	mul	r25, r18
    9e28:	a0 01       	movw	r20, r0
    9e2a:	93 9f       	mul	r25, r19
    9e2c:	50 0d       	add	r21, r0
    9e2e:	11 24       	eor	r1, r1
    9e30:	5f 8f       	std	Y+31, r21	; 0x1f
    9e32:	4e 8f       	std	Y+30, r20	; 0x1e
    9e34:	81 30       	cpi	r24, 0x01	; 1
    9e36:	09 f4       	brne	.+2      	; 0x9e3a <displaystring.2540+0xb2>
    9e38:	75 c1       	rjmp	.+746    	; 0xa124 <displaystring.2540+0x39c>
    9e3a:	82 30       	cpi	r24, 0x02	; 2
    9e3c:	09 f4       	brne	.+2      	; 0x9e40 <displaystring.2540+0xb8>
    9e3e:	58 c1       	rjmp	.+688    	; 0xa0f0 <displaystring.2540+0x368>
    9e40:	8e 89       	ldd	r24, Y+22	; 0x16
    9e42:	81 11       	cpse	r24, r1
    9e44:	24 c0       	rjmp	.+72     	; 0x9e8e <displaystring.2540+0x106>
    9e46:	8d 89       	ldd	r24, Y+21	; 0x15
    9e48:	88 23       	and	r24, r24
    9e4a:	09 f1       	breq	.+66     	; 0x9e8e <displaystring.2540+0x106>
    9e4c:	8c 89       	ldd	r24, Y+20	; 0x14
    9e4e:	82 30       	cpi	r24, 0x02	; 2
    9e50:	09 f4       	brne	.+2      	; 0x9e54 <displaystring.2540+0xcc>
    9e52:	86 c1       	rjmp	.+780    	; 0xa160 <displaystring.2540+0x3d8>
    9e54:	80 91 6c 01 	lds	r24, 0x016C	; 0x80016c <sFont+0xc>
    9e58:	80 93 11 01 	sts	0x0111, r24	; 0x800111 <KVB+0xa>
    9e5c:	80 91 6d 01 	lds	r24, 0x016D	; 0x80016d <sFont+0xd>
    9e60:	80 93 10 01 	sts	0x0110, r24	; 0x800110 <KVB+0x9>
    9e64:	94 98       	cbi	0x12, 4	; 18
    9e66:	69 89       	ldd	r22, Y+17	; 0x11
    9e68:	7a 89       	ldd	r23, Y+18	; 0x12
    9e6a:	88 a1       	ldd	r24, Y+32	; 0x20
    9e6c:	99 a1       	ldd	r25, Y+33	; 0x21
    9e6e:	9b 01       	movw	r18, r22
    9e70:	21 50       	subi	r18, 0x01	; 1
    9e72:	31 09       	sbc	r19, r1
    9e74:	4b 89       	ldd	r20, Y+19	; 0x13
    9e76:	24 0f       	add	r18, r20
    9e78:	31 1d       	adc	r19, r1
    9e7a:	4e 8d       	ldd	r20, Y+30	; 0x1e
    9e7c:	5f 8d       	ldd	r21, Y+31	; 0x1f
    9e7e:	48 0f       	add	r20, r24
    9e80:	59 1f       	adc	r21, r25
    9e82:	41 50       	subi	r20, 0x01	; 1
    9e84:	51 09       	sbc	r21, r1
    9e86:	01 e0       	ldi	r16, 0x01	; 1
    9e88:	0e 94 52 24 	call	0x48a4	; 0x48a4 <LCD_Fast_Fill_Rect>
    9e8c:	94 9a       	sbi	0x12, 4	; 18
    9e8e:	9c 89       	ldd	r25, Y+20	; 0x14
    9e90:	8f ef       	ldi	r24, 0xFF	; 255
    9e92:	89 0f       	add	r24, r25
    9e94:	86 30       	cpi	r24, 0x06	; 6
    9e96:	08 f0       	brcs	.+2      	; 0x9e9a <displaystring.2540+0x112>
    9e98:	b9 cf       	rjmp	.-142    	; 0x9e0c <displaystring.2540+0x84>
    9e9a:	93 30       	cpi	r25, 0x03	; 3
    9e9c:	08 f0       	brcs	.+2      	; 0x9ea0 <displaystring.2540+0x118>
    9e9e:	96 c0       	rjmp	.+300    	; 0x9fcc <displaystring.2540+0x244>
    9ea0:	10 92 83 01 	sts	0x0183, r1	; 0x800183 <sFont+0x23>
    9ea4:	10 92 82 01 	sts	0x0182, r1	; 0x800182 <sFont+0x22>
    9ea8:	94 98       	cbi	0x12, 4	; 18
    9eaa:	1b 82       	std	Y+3, r1	; 0x03
    9eac:	af a1       	ldd	r26, Y+39	; 0x27
    9eae:	aa 23       	and	r26, r26
    9eb0:	09 f4       	brne	.+2      	; 0x9eb4 <displaystring.2540+0x12c>
    9eb2:	87 c0       	rjmp	.+270    	; 0x9fc2 <displaystring.2540+0x23a>
    9eb4:	48 a1       	ldd	r20, Y+32	; 0x20
    9eb6:	59 a1       	ldd	r21, Y+33	; 0x21
    9eb8:	80 e0       	ldi	r24, 0x00	; 0
    9eba:	91 ec       	ldi	r25, 0xC1	; 193
    9ebc:	d9 2e       	mov	r13, r25
    9ebe:	20 ec       	ldi	r18, 0xC0	; 192
    9ec0:	e2 2e       	mov	r14, r18
    9ec2:	3f eb       	ldi	r19, 0xBF	; 191
    9ec4:	f3 2e       	mov	r15, r19
    9ec6:	47 c0       	rjmp	.+142    	; 0x9f56 <displaystring.2540+0x1ce>
    9ec8:	81 54       	subi	r24, 0x41	; 65
    9eca:	8a 83       	std	Y+2, r24	; 0x02
    9ecc:	90 91 64 01 	lds	r25, 0x0164	; 0x800164 <sFont+0x4>
    9ed0:	89 1b       	sub	r24, r25
    9ed2:	8a 83       	std	Y+2, r24	; 0x02
    9ed4:	90 91 65 01 	lds	r25, 0x0165	; 0x800165 <sFont+0x5>
    9ed8:	89 17       	cp	r24, r25
    9eda:	08 f0       	brcs	.+2      	; 0x9ede <displaystring.2540+0x156>
    9edc:	54 c0       	rjmp	.+168    	; 0x9f86 <displaystring.2540+0x1fe>
    9ede:	90 e0       	ldi	r25, 0x00	; 0
    9ee0:	20 91 60 01 	lds	r18, 0x0160	; 0x800160 <sFont>
    9ee4:	30 91 61 01 	lds	r19, 0x0161	; 0x800161 <sFont+0x1>
    9ee8:	39 83       	std	Y+1, r19	; 0x01
    9eea:	28 83       	st	Y, r18
    9eec:	b0 91 66 01 	lds	r27, 0x0166	; 0x800166 <sFont+0x6>
    9ef0:	b8 9f       	mul	r27, r24
    9ef2:	b0 01       	movw	r22, r0
    9ef4:	b9 9f       	mul	r27, r25
    9ef6:	70 0d       	add	r23, r0
    9ef8:	11 24       	eor	r1, r1
    9efa:	6a 5f       	subi	r22, 0xFA	; 250
    9efc:	7f 4f       	sbci	r23, 0xFF	; 255
    9efe:	62 0f       	add	r22, r18
    9f00:	73 1f       	adc	r23, r19
    9f02:	79 83       	std	Y+1, r23	; 0x01
    9f04:	68 83       	st	Y, r22
    9f06:	8d 89       	ldd	r24, Y+21	; 0x15
    9f08:	88 23       	and	r24, r24
    9f0a:	09 f4       	brne	.+2      	; 0x9f0e <displaystring.2540+0x186>
    9f0c:	40 c0       	rjmp	.+128    	; 0x9f8e <displaystring.2540+0x206>
    9f0e:	90 81       	ld	r25, Z
    9f10:	90 32       	cpi	r25, 0x20	; 32
    9f12:	59 f0       	breq	.+22     	; 0x9f2a <displaystring.2540+0x1a2>
    9f14:	88 30       	cpi	r24, 0x08	; 8
    9f16:	08 f0       	brcs	.+2      	; 0x9f1a <displaystring.2540+0x192>
    9f18:	43 c0       	rjmp	.+134    	; 0x9fa0 <displaystring.2540+0x218>
    9f1a:	29 89       	ldd	r18, Y+17	; 0x11
    9f1c:	3a 89       	ldd	r19, Y+18	; 0x12
    9f1e:	8c 89       	ldd	r24, Y+20	; 0x14
    9f20:	0e 94 98 46 	call	0x8d30	; 0x8d30 <LCD_noGradient_Char>
    9f24:	48 a1       	ldd	r20, Y+32	; 0x20
    9f26:	59 a1       	ldd	r21, Y+33	; 0x21
    9f28:	af a1       	ldd	r26, Y+39	; 0x27
    9f2a:	8d 8d       	ldd	r24, Y+29	; 0x1d
    9f2c:	48 0f       	add	r20, r24
    9f2e:	51 1d       	adc	r21, r1
    9f30:	59 a3       	std	Y+33, r21	; 0x21
    9f32:	48 a3       	std	Y+32, r20	; 0x20
    9f34:	20 91 62 01 	lds	r18, 0x0162	; 0x800162 <sFont+0x2>
    9f38:	80 91 82 01 	lds	r24, 0x0182	; 0x800182 <sFont+0x22>
    9f3c:	90 91 83 01 	lds	r25, 0x0183	; 0x800183 <sFont+0x23>
    9f40:	82 0f       	add	r24, r18
    9f42:	91 1d       	adc	r25, r1
    9f44:	90 93 83 01 	sts	0x0183, r25	; 0x800183 <sFont+0x23>
    9f48:	80 93 82 01 	sts	0x0182, r24	; 0x800182 <sFont+0x22>
    9f4c:	8b 81       	ldd	r24, Y+3	; 0x03
    9f4e:	8f 5f       	subi	r24, 0xFF	; 255
    9f50:	8b 83       	std	Y+3, r24	; 0x03
    9f52:	8a 17       	cp	r24, r26
    9f54:	b0 f5       	brcc	.+108    	; 0x9fc2 <displaystring.2540+0x23a>
    9f56:	ed a1       	ldd	r30, Y+37	; 0x25
    9f58:	fe a1       	ldd	r31, Y+38	; 0x26
    9f5a:	e8 0f       	add	r30, r24
    9f5c:	f1 1d       	adc	r31, r1
    9f5e:	80 81       	ld	r24, Z
    9f60:	80 3c       	cpi	r24, 0xC0	; 192
    9f62:	08 f0       	brcs	.+2      	; 0x9f66 <displaystring.2540+0x1de>
    9f64:	b1 cf       	rjmp	.-158    	; 0x9ec8 <displaystring.2540+0x140>
    9f66:	88 3a       	cpi	r24, 0xA8	; 168
    9f68:	31 f1       	breq	.+76     	; 0x9fb6 <displaystring.2540+0x22e>
    9f6a:	88 3b       	cpi	r24, 0xB8	; 184
    9f6c:	39 f1       	breq	.+78     	; 0x9fbc <displaystring.2540+0x234>
    9f6e:	89 3b       	cpi	r24, 0xB9	; 185
    9f70:	51 f1       	breq	.+84     	; 0x9fc6 <displaystring.2540+0x23e>
    9f72:	8a 83       	std	Y+2, r24	; 0x02
    9f74:	90 91 64 01 	lds	r25, 0x0164	; 0x800164 <sFont+0x4>
    9f78:	89 1b       	sub	r24, r25
    9f7a:	8a 83       	std	Y+2, r24	; 0x02
    9f7c:	90 91 65 01 	lds	r25, 0x0165	; 0x800165 <sFont+0x5>
    9f80:	89 17       	cp	r24, r25
    9f82:	08 f4       	brcc	.+2      	; 0x9f86 <displaystring.2540+0x1fe>
    9f84:	ac cf       	rjmp	.-168    	; 0x9ede <displaystring.2540+0x156>
    9f86:	1a 82       	std	Y+2, r1	; 0x02
    9f88:	80 e0       	ldi	r24, 0x00	; 0
    9f8a:	90 e0       	ldi	r25, 0x00	; 0
    9f8c:	a9 cf       	rjmp	.-174    	; 0x9ee0 <displaystring.2540+0x158>
    9f8e:	29 89       	ldd	r18, Y+17	; 0x11
    9f90:	3a 89       	ldd	r19, Y+18	; 0x12
    9f92:	8c 89       	ldd	r24, Y+20	; 0x14
    9f94:	0e 94 10 46 	call	0x8c20	; 0x8c20 <LCD_Fixed_Char>
    9f98:	48 a1       	ldd	r20, Y+32	; 0x20
    9f9a:	59 a1       	ldd	r21, Y+33	; 0x21
    9f9c:	af a1       	ldd	r26, Y+39	; 0x27
    9f9e:	c5 cf       	rjmp	.-118    	; 0x9f2a <displaystring.2540+0x1a2>
    9fa0:	09 89       	ldd	r16, Y+17	; 0x11
    9fa2:	1a 89       	ldd	r17, Y+18	; 0x12
    9fa4:	9a 01       	movw	r18, r20
    9fa6:	ab 01       	movw	r20, r22
    9fa8:	6c 89       	ldd	r22, Y+20	; 0x14
    9faa:	8c 81       	ldd	r24, Y+4	; 0x04
    9fac:	0c da       	rcall	.-3048   	; 0x93c6 <LCD_Gradient_Char>
    9fae:	48 a1       	ldd	r20, Y+32	; 0x20
    9fb0:	59 a1       	ldd	r21, Y+33	; 0x21
    9fb2:	af a1       	ldd	r26, Y+39	; 0x27
    9fb4:	ba cf       	rjmp	.-140    	; 0x9f2a <displaystring.2540+0x1a2>
    9fb6:	fa 82       	std	Y+2, r15	; 0x02
    9fb8:	8f eb       	ldi	r24, 0xBF	; 191
    9fba:	88 cf       	rjmp	.-240    	; 0x9ecc <displaystring.2540+0x144>
    9fbc:	ea 82       	std	Y+2, r14	; 0x02
    9fbe:	80 ec       	ldi	r24, 0xC0	; 192
    9fc0:	85 cf       	rjmp	.-246    	; 0x9ecc <displaystring.2540+0x144>
    9fc2:	94 9a       	sbi	0x12, 4	; 18
    9fc4:	20 cf       	rjmp	.-448    	; 0x9e06 <displaystring.2540+0x7e>
    9fc6:	da 82       	std	Y+2, r13	; 0x02
    9fc8:	81 ec       	ldi	r24, 0xC1	; 193
    9fca:	80 cf       	rjmp	.-256    	; 0x9ecc <displaystring.2540+0x144>
    9fcc:	20 91 68 01 	lds	r18, 0x0168	; 0x800168 <sFont+0x8>
    9fd0:	42 2f       	mov	r20, r18
    9fd2:	48 7f       	andi	r20, 0xF8	; 248
    9fd4:	10 e8       	ldi	r17, 0x80	; 128
    9fd6:	41 9f       	mul	r20, r17
    9fd8:	a0 01       	movw	r20, r0
    9fda:	11 24       	eor	r1, r1
    9fdc:	58 8b       	std	Y+16, r21	; 0x10
    9fde:	4f 87       	std	Y+15, r20	; 0x0f
    9fe0:	60 91 69 01 	lds	r22, 0x0169	; 0x800169 <sFont+0x9>
    9fe4:	27 70       	andi	r18, 0x07	; 7
    9fe6:	e2 2f       	mov	r30, r18
    9fe8:	f0 e0       	ldi	r31, 0x00	; 0
    9fea:	9f 01       	movw	r18, r30
    9fec:	32 2f       	mov	r19, r18
    9fee:	22 27       	eor	r18, r18
    9ff0:	32 95       	swap	r19
    9ff2:	30 7f       	andi	r19, 0xF0	; 240
    9ff4:	e6 2f       	mov	r30, r22
    9ff6:	e0 7e       	andi	r30, 0xE0	; 224
    9ff8:	80 e1       	ldi	r24, 0x10	; 16
    9ffa:	e8 9f       	mul	r30, r24
    9ffc:	f0 01       	movw	r30, r0
    9ffe:	11 24       	eor	r1, r1
    a000:	e2 2b       	or	r30, r18
    a002:	f3 2b       	or	r31, r19
    a004:	fe 87       	std	Y+14, r31	; 0x0e
    a006:	ed 87       	std	Y+13, r30	; 0x0d
    a008:	6f 71       	andi	r22, 0x1F	; 31
    a00a:	26 2f       	mov	r18, r22
    a00c:	30 e0       	ldi	r19, 0x00	; 0
    a00e:	32 2f       	mov	r19, r18
    a010:	22 27       	eor	r18, r18
    a012:	33 0f       	add	r19, r19
    a014:	33 0f       	add	r19, r19
    a016:	3c 87       	std	Y+12, r19	; 0x0c
    a018:	2b 87       	std	Y+11, r18	; 0x0b
    a01a:	a0 91 6a 01 	lds	r26, 0x016A	; 0x80016a <sFont+0xa>
    a01e:	a8 7f       	andi	r26, 0xF8	; 248
    a020:	10 e8       	ldi	r17, 0x80	; 128
    a022:	a1 9f       	mul	r26, r17
    a024:	d0 01       	movw	r26, r0
    a026:	11 24       	eor	r1, r1
    a028:	ba 87       	std	Y+10, r27	; 0x0a
    a02a:	a9 87       	std	Y+9, r26	; 0x09
    a02c:	60 91 6a 01 	lds	r22, 0x016A	; 0x80016a <sFont+0xa>
    a030:	67 70       	andi	r22, 0x07	; 7
    a032:	e6 2e       	mov	r14, r22
    a034:	f1 2c       	mov	r15, r1
    a036:	b7 01       	movw	r22, r14
    a038:	76 2f       	mov	r23, r22
    a03a:	66 27       	eor	r22, r22
    a03c:	72 95       	swap	r23
    a03e:	70 7f       	andi	r23, 0xF0	; 240
    a040:	80 91 6b 01 	lds	r24, 0x016B	; 0x80016b <sFont+0xb>
    a044:	80 7e       	andi	r24, 0xE0	; 224
    a046:	10 e1       	ldi	r17, 0x10	; 16
    a048:	81 9f       	mul	r24, r17
    a04a:	70 01       	movw	r14, r0
    a04c:	11 24       	eor	r1, r1
    a04e:	e6 2a       	or	r14, r22
    a050:	f7 2a       	or	r15, r23
    a052:	f8 86       	std	Y+8, r15	; 0x08
    a054:	ef 82       	std	Y+7, r14	; 0x07
    a056:	00 91 6b 01 	lds	r16, 0x016B	; 0x80016b <sFont+0xb>
    a05a:	0f 71       	andi	r16, 0x1F	; 31
    a05c:	10 e0       	ldi	r17, 0x00	; 0
    a05e:	10 2f       	mov	r17, r16
    a060:	00 27       	eor	r16, r16
    a062:	11 0f       	add	r17, r17
    a064:	11 0f       	add	r17, r17
    a066:	1e 83       	std	Y+6, r17	; 0x06
    a068:	0d 83       	std	Y+5, r16	; 0x05
    a06a:	8c 81       	ldd	r24, Y+4	; 0x04
    a06c:	81 11       	cpse	r24, r1
    a06e:	6d c0       	rjmp	.+218    	; 0xa14a <displaystring.2540+0x3c2>
    a070:	c0 90 63 01 	lds	r12, 0x0163	; 0x800163 <sFont+0x3>
    a074:	d1 2c       	mov	r13, r1
    a076:	d0 92 81 01 	sts	0x0181, r13	; 0x800181 <sFont+0x21>
    a07a:	c0 92 80 01 	sts	0x0180, r12	; 0x800180 <sFont+0x20>
    a07e:	1b 82       	std	Y+3, r1	; 0x03
    a080:	93 30       	cpi	r25, 0x03	; 3
    a082:	09 f4       	brne	.+2      	; 0xa086 <displaystring.2540+0x2fe>
    a084:	40 c0       	rjmp	.+128    	; 0xa106 <displaystring.2540+0x37e>
    a086:	94 30       	cpi	r25, 0x04	; 4
    a088:	41 f0       	breq	.+16     	; 0xa09a <displaystring.2540+0x312>
    a08a:	d5 94       	asr	r13
    a08c:	c7 94       	ror	r12
    a08e:	d0 92 81 01 	sts	0x0181, r13	; 0x800181 <sFont+0x21>
    a092:	c0 92 80 01 	sts	0x0180, r12	; 0x800180 <sFont+0x20>
    a096:	96 30       	cpi	r25, 0x06	; 6
    a098:	b1 f1       	breq	.+108    	; 0xa106 <displaystring.2540+0x37e>
    a09a:	50 93 75 01 	sts	0x0175, r21	; 0x800175 <sFont+0x15>
    a09e:	40 93 74 01 	sts	0x0174, r20	; 0x800174 <sFont+0x14>
    a0a2:	f0 93 77 01 	sts	0x0177, r31	; 0x800177 <sFont+0x17>
    a0a6:	e0 93 76 01 	sts	0x0176, r30	; 0x800176 <sFont+0x16>
    a0aa:	30 93 79 01 	sts	0x0179, r19	; 0x800179 <sFont+0x19>
    a0ae:	20 93 78 01 	sts	0x0178, r18	; 0x800178 <sFont+0x18>
    a0b2:	ca 01       	movw	r24, r20
    a0b4:	8a 1b       	sub	r24, r26
    a0b6:	9b 0b       	sbc	r25, r27
    a0b8:	b6 01       	movw	r22, r12
    a0ba:	0e 94 bd 73 	call	0xe77a	; 0xe77a <__divmodhi4>
    a0be:	70 93 7b 01 	sts	0x017B, r23	; 0x80017b <sFont+0x1b>
    a0c2:	60 93 7a 01 	sts	0x017A, r22	; 0x80017a <sFont+0x1a>
    a0c6:	cf 01       	movw	r24, r30
    a0c8:	8e 19       	sub	r24, r14
    a0ca:	9f 09       	sbc	r25, r15
    a0cc:	b6 01       	movw	r22, r12
    a0ce:	0e 94 bd 73 	call	0xe77a	; 0xe77a <__divmodhi4>
    a0d2:	70 93 7d 01 	sts	0x017D, r23	; 0x80017d <sFont+0x1d>
    a0d6:	60 93 7c 01 	sts	0x017C, r22	; 0x80017c <sFont+0x1c>
    a0da:	c9 01       	movw	r24, r18
    a0dc:	80 1b       	sub	r24, r16
    a0de:	91 0b       	sbc	r25, r17
    a0e0:	b6 01       	movw	r22, r12
    a0e2:	0e 94 bd 73 	call	0xe77a	; 0xe77a <__divmodhi4>
    a0e6:	70 93 7f 01 	sts	0x017F, r23	; 0x80017f <sFont+0x1f>
    a0ea:	60 93 7e 01 	sts	0x017E, r22	; 0x80017e <sFont+0x1e>
    a0ee:	d8 ce       	rjmp	.-592    	; 0x9ea0 <displaystring.2540+0x118>
    a0f0:	29 8d       	ldd	r18, Y+25	; 0x19
    a0f2:	3a 8d       	ldd	r19, Y+26	; 0x1a
    a0f4:	8f 89       	ldd	r24, Y+23	; 0x17
    a0f6:	98 8d       	ldd	r25, Y+24	; 0x18
    a0f8:	82 0f       	add	r24, r18
    a0fa:	93 1f       	adc	r25, r19
    a0fc:	84 1b       	sub	r24, r20
    a0fe:	95 0b       	sbc	r25, r21
    a100:	99 a3       	std	Y+33, r25	; 0x21
    a102:	88 a3       	std	Y+32, r24	; 0x20
    a104:	9d ce       	rjmp	.-710    	; 0x9e40 <displaystring.2540+0xb8>
    a106:	81 e0       	ldi	r24, 0x01	; 1
    a108:	8b 83       	std	Y+3, r24	; 0x03
    a10a:	b0 93 75 01 	sts	0x0175, r27	; 0x800175 <sFont+0x15>
    a10e:	a0 93 74 01 	sts	0x0174, r26	; 0x800174 <sFont+0x14>
    a112:	f0 92 77 01 	sts	0x0177, r15	; 0x800177 <sFont+0x17>
    a116:	e0 92 76 01 	sts	0x0176, r14	; 0x800176 <sFont+0x16>
    a11a:	10 93 79 01 	sts	0x0179, r17	; 0x800179 <sFont+0x19>
    a11e:	00 93 78 01 	sts	0x0178, r16	; 0x800178 <sFont+0x18>
    a122:	c7 cf       	rjmp	.-114    	; 0xa0b2 <displaystring.2540+0x32a>
    a124:	89 8d       	ldd	r24, Y+25	; 0x19
    a126:	9a 8d       	ldd	r25, Y+26	; 0x1a
    a128:	84 1b       	sub	r24, r20
    a12a:	95 0b       	sbc	r25, r21
    a12c:	96 95       	lsr	r25
    a12e:	87 95       	ror	r24
    a130:	2f 89       	ldd	r18, Y+23	; 0x17
    a132:	38 8d       	ldd	r19, Y+24	; 0x18
    a134:	82 0f       	add	r24, r18
    a136:	93 1f       	adc	r25, r19
    a138:	99 a3       	std	Y+33, r25	; 0x21
    a13a:	88 a3       	std	Y+32, r24	; 0x20
    a13c:	81 ce       	rjmp	.-766    	; 0x9e40 <displaystring.2540+0xb8>
    a13e:	89 9f       	mul	r24, r25
    a140:	c0 01       	movw	r24, r0
    a142:	11 24       	eor	r1, r1
    a144:	9f 8f       	std	Y+31, r25	; 0x1f
    a146:	8e 8f       	std	Y+30, r24	; 0x1e
    a148:	7b ce       	rjmp	.-778    	; 0x9e40 <displaystring.2540+0xb8>
    a14a:	c0 90 62 01 	lds	r12, 0x0162	; 0x800162 <sFont+0x2>
    a14e:	8f a1       	ldd	r24, Y+39	; 0x27
    a150:	c8 9e       	mul	r12, r24
    a152:	60 01       	movw	r12, r0
    a154:	11 24       	eor	r1, r1
    a156:	d0 92 81 01 	sts	0x0181, r13	; 0x800181 <sFont+0x21>
    a15a:	c0 92 80 01 	sts	0x0180, r12	; 0x800180 <sFont+0x20>
    a15e:	8f cf       	rjmp	.-226    	; 0xa07e <displaystring.2540+0x2f6>
    a160:	80 91 6e 01 	lds	r24, 0x016E	; 0x80016e <sFont+0xe>
    a164:	80 93 11 01 	sts	0x0111, r24	; 0x800111 <KVB+0xa>
    a168:	80 91 6f 01 	lds	r24, 0x016F	; 0x80016f <sFont+0xf>
    a16c:	80 93 10 01 	sts	0x0110, r24	; 0x800110 <KVB+0x9>
    a170:	79 ce       	rjmp	.-782    	; 0x9e64 <displaystring.2540+0xdc>

0000a172 <Lcd_Text_Format>:
    a172:	2f 92       	push	r2
    a174:	3f 92       	push	r3
    a176:	4f 92       	push	r4
    a178:	5f 92       	push	r5
    a17a:	6f 92       	push	r6
    a17c:	7f 92       	push	r7
    a17e:	8f 92       	push	r8
    a180:	9f 92       	push	r9
    a182:	af 92       	push	r10
    a184:	bf 92       	push	r11
    a186:	cf 92       	push	r12
    a188:	df 92       	push	r13
    a18a:	ef 92       	push	r14
    a18c:	ff 92       	push	r15
    a18e:	0f 93       	push	r16
    a190:	1f 93       	push	r17
    a192:	cf 93       	push	r28
    a194:	df 93       	push	r29
    a196:	cd b7       	in	r28, 0x3d	; 61
    a198:	de b7       	in	r29, 0x3e	; 62
    a19a:	aa 97       	sbiw	r28, 0x2a	; 42
    a19c:	0f b6       	in	r0, 0x3f	; 63
    a19e:	f8 94       	cli
    a1a0:	de bf       	out	0x3e, r29	; 62
    a1a2:	0f be       	out	0x3f, r0	; 63
    a1a4:	cd bf       	out	0x3d, r28	; 61
    a1a6:	36 2f       	mov	r19, r22
    a1a8:	5a 01       	movw	r10, r20
    a1aa:	92 2e       	mov	r9, r18
    a1ac:	4d b7       	in	r20, 0x3d	; 61
    a1ae:	5e b7       	in	r21, 0x3e	; 62
    a1b0:	5a a7       	std	Y+42, r21	; 0x2a
    a1b2:	49 a7       	std	Y+41, r20	; 0x29
    a1b4:	8d 83       	std	Y+5, r24	; 0x05
    a1b6:	6d 8b       	std	Y+21, r22	; 0x15
    a1b8:	19 8f       	std	Y+25, r17	; 0x19
    a1ba:	08 8f       	std	Y+24, r16	; 0x18
    a1bc:	db 8e       	std	Y+27, r13	; 0x1b
    a1be:	ca 8e       	std	Y+26, r12	; 0x1a
    a1c0:	e0 91 84 01 	lds	r30, 0x0184	; 0x800184 <sFont+0x24>
    a1c4:	ef 8b       	std	Y+23, r30	; 0x17
    a1c6:	40 91 89 01 	lds	r20, 0x0189	; 0x800189 <sFont+0x29>
    a1ca:	e1 14       	cp	r14, r1
    a1cc:	f1 04       	cpc	r15, r1
    a1ce:	21 f4       	brne	.+8      	; 0xa1d8 <Lcd_Text_Format+0x66>
    a1d0:	e0 90 8e 01 	lds	r14, 0x018E	; 0x80018e <sFont+0x2e>
    a1d4:	f0 90 8f 01 	lds	r15, 0x018F	; 0x80018f <sFont+0x2f>
    a1d8:	80 91 67 01 	lds	r24, 0x0167	; 0x800167 <sFont+0x7>
    a1dc:	90 e0       	ldi	r25, 0x00	; 0
    a1de:	01 96       	adiw	r24, 0x01	; 1
    a1e0:	48 9f       	mul	r20, r24
    a1e2:	b0 01       	movw	r22, r0
    a1e4:	49 9f       	mul	r20, r25
    a1e6:	70 0d       	add	r23, r0
    a1e8:	11 24       	eor	r1, r1
    a1ea:	c7 01       	movw	r24, r14
    a1ec:	86 1b       	sub	r24, r22
    a1ee:	97 0b       	sbc	r25, r23
    a1f0:	01 96       	adiw	r24, 0x01	; 1
    a1f2:	9b 8b       	std	Y+19, r25	; 0x13
    a1f4:	8a 8b       	std	Y+18, r24	; 0x12
    a1f6:	01 15       	cp	r16, r1
    a1f8:	11 05       	cpc	r17, r1
    a1fa:	09 f4       	brne	.+2      	; 0xa1fe <Lcd_Text_Format+0x8c>
    a1fc:	1a c2       	rjmp	.+1076   	; 0xa632 <Lcd_Text_Format+0x4c0>
    a1fe:	1a a3       	std	Y+34, r17	; 0x22
    a200:	09 a3       	std	Y+33, r16	; 0x21
    a202:	c1 14       	cp	r12, r1
    a204:	d1 04       	cpc	r13, r1
    a206:	09 f4       	brne	.+2      	; 0xa20a <Lcd_Text_Format+0x98>
    a208:	0d c2       	rjmp	.+1050   	; 0xa624 <Lcd_Text_Format+0x4b2>
    a20a:	d0 92 93 01 	sts	0x0193, r13	; 0x800193 <sFont+0x33>
    a20e:	c0 92 92 01 	sts	0x0192, r12	; 0x800192 <sFont+0x32>
    a212:	c6 01       	movw	r24, r12
    a214:	1a 82       	std	Y+2, r1	; 0x02
    a216:	19 82       	std	Y+1, r1	; 0x01
    a218:	50 91 62 01 	lds	r21, 0x0162	; 0x800162 <sFont+0x2>
    a21c:	20 91 87 01 	lds	r18, 0x0187	; 0x800187 <sFont+0x27>
    a220:	45 9f       	mul	r20, r21
    a222:	20 0d       	add	r18, r0
    a224:	11 24       	eor	r1, r1
    a226:	2e 8f       	std	Y+30, r18	; 0x1e
    a228:	50 91 63 01 	lds	r21, 0x0163	; 0x800163 <sFont+0x3>
    a22c:	54 9f       	mul	r21, r20
    a22e:	50 2d       	mov	r21, r0
    a230:	11 24       	eor	r1, r1
    a232:	5c 8b       	std	Y+20, r21	; 0x14
    a234:	08 0f       	add	r16, r24
    a236:	19 1f       	adc	r17, r25
    a238:	1d 8f       	std	Y+29, r17	; 0x1d
    a23a:	0c 8f       	std	Y+28, r16	; 0x1c
    a23c:	62 2f       	mov	r22, r18
    a23e:	70 e0       	ldi	r23, 0x00	; 0
    a240:	0e 94 a9 73 	call	0xe752	; 0xe752 <__udivmodhi4>
    a244:	76 2e       	mov	r7, r22
    a246:	77 27       	eor	r23, r23
    a248:	8d b7       	in	r24, 0x3d	; 61
    a24a:	9e b7       	in	r25, 0x3e	; 62
    a24c:	86 1b       	sub	r24, r22
    a24e:	97 0b       	sbc	r25, r23
    a250:	0f b6       	in	r0, 0x3f	; 63
    a252:	f8 94       	cli
    a254:	9e bf       	out	0x3e, r25	; 62
    a256:	0f be       	out	0x3f, r0	; 63
    a258:	8d bf       	out	0x3d, r24	; 61
    a25a:	01 96       	adiw	r24, 0x01	; 1
    a25c:	9f a3       	std	Y+39, r25	; 0x27
    a25e:	8e a3       	std	Y+38, r24	; 0x26
    a260:	18 a6       	std	Y+40, r1	; 0x28
    a262:	8d b7       	in	r24, 0x3d	; 61
    a264:	9e b7       	in	r25, 0x3e	; 62
    a266:	86 1b       	sub	r24, r22
    a268:	97 0b       	sbc	r25, r23
    a26a:	0f b6       	in	r0, 0x3f	; 63
    a26c:	f8 94       	cli
    a26e:	9e bf       	out	0x3e, r25	; 62
    a270:	0f be       	out	0x3f, r0	; 63
    a272:	8d bf       	out	0x3d, r24	; 61
    a274:	0d b7       	in	r16, 0x3d	; 61
    a276:	1e b7       	in	r17, 0x3e	; 62
    a278:	0f 5f       	subi	r16, 0xFF	; 255
    a27a:	1f 4f       	sbci	r17, 0xFF	; 255
    a27c:	1b a2       	std	Y+35, r1	; 0x23
    a27e:	40 90 94 01 	lds	r4, 0x0194	; 0x800194 <sFont+0x34>
    a282:	24 9d       	mul	r18, r4
    a284:	40 2c       	mov	r4, r0
    a286:	11 24       	eor	r1, r1
    a288:	80 91 86 01 	lds	r24, 0x0186	; 0x800186 <sFont+0x26>
    a28c:	8c a3       	std	Y+36, r24	; 0x24
    a28e:	e1 11       	cpse	r30, r1
    a290:	c6 c1       	rjmp	.+908    	; 0xa61e <Lcd_Text_Format+0x4ac>
    a292:	1e 8a       	std	Y+22, r1	; 0x16
    a294:	80 91 85 01 	lds	r24, 0x0185	; 0x800185 <sFont+0x25>
    a298:	88 23       	and	r24, r24
    a29a:	19 f0       	breq	.+6      	; 0xa2a2 <Lcd_Text_Format+0x130>
    a29c:	8e 89       	ldd	r24, Y+22	; 0x16
    a29e:	82 60       	ori	r24, 0x02	; 2
    a2a0:	8e 8b       	std	Y+22, r24	; 0x16
    a2a2:	42 30       	cpi	r20, 0x02	; 2
    a2a4:	18 f0       	brcs	.+6      	; 0xa2ac <Lcd_Text_Format+0x13a>
    a2a6:	8e 89       	ldd	r24, Y+22	; 0x16
    a2a8:	84 60       	ori	r24, 0x04	; 4
    a2aa:	8e 8b       	std	Y+22, r24	; 0x16
    a2ac:	33 30       	cpi	r19, 0x03	; 3
    a2ae:	18 f0       	brcs	.+6      	; 0xa2b6 <Lcd_Text_Format+0x144>
    a2b0:	8e 89       	ldd	r24, Y+22	; 0x16
    a2b2:	88 60       	ori	r24, 0x08	; 8
    a2b4:	8e 8b       	std	Y+22, r24	; 0x16
    a2b6:	30 e0       	ldi	r19, 0x00	; 0
    a2b8:	28 a5       	ldd	r18, Y+40	; 0x28
    a2ba:	80 e2       	ldi	r24, 0x20	; 32
    a2bc:	88 2e       	mov	r8, r24
    a2be:	51 2c       	mov	r5, r1
    a2c0:	9a e0       	ldi	r25, 0x0A	; 10
    a2c2:	69 2e       	mov	r6, r25
    a2c4:	f5 01       	movw	r30, r10
    a2c6:	91 10       	cpse	r9, r1
    a2c8:	cd c0       	rjmp	.+410    	; 0xa464 <Lcd_Text_Format+0x2f2>
    a2ca:	80 81       	ld	r24, Z
    a2cc:	8d a3       	std	Y+37, r24	; 0x25
    a2ce:	81 32       	cpi	r24, 0x21	; 33
    a2d0:	48 f0       	brcs	.+18     	; 0xa2e4 <Lcd_Text_Format+0x172>
    a2d2:	37 15       	cp	r19, r7
    a2d4:	08 f0       	brcs	.+2      	; 0xa2d8 <Lcd_Text_Format+0x166>
    a2d6:	da c0       	rjmp	.+436    	; 0xa48c <Lcd_Text_Format+0x31a>
    a2d8:	f8 01       	movw	r30, r16
    a2da:	e3 0f       	add	r30, r19
    a2dc:	f1 1d       	adc	r31, r1
    a2de:	80 83       	st	Z, r24
    a2e0:	3f 5f       	subi	r19, 0xFF	; 255
    a2e2:	3b a3       	std	Y+35, r19	; 0x23
    a2e4:	97 ef       	ldi	r25, 0xF7	; 247
    a2e6:	98 0f       	add	r25, r24
    a2e8:	92 30       	cpi	r25, 0x02	; 2
    a2ea:	18 f0       	brcs	.+6      	; 0xa2f2 <Lcd_Text_Format+0x180>
    a2ec:	8f 7d       	andi	r24, 0xDF	; 223
    a2ee:	09 f0       	breq	.+2      	; 0xa2f2 <Lcd_Text_Format+0x180>
    a2f0:	c2 c0       	rjmp	.+388    	; 0xa476 <Lcd_Text_Format+0x304>
    a2f2:	a2 2f       	mov	r26, r18
    a2f4:	22 23       	and	r18, r18
    a2f6:	09 f4       	brne	.+2      	; 0xa2fa <Lcd_Text_Format+0x188>
    a2f8:	b8 c0       	rjmp	.+368    	; 0xa46a <Lcd_Text_Format+0x2f8>
    a2fa:	8e 8d       	ldd	r24, Y+30	; 0x1e
    a2fc:	82 9f       	mul	r24, r18
    a2fe:	c0 01       	movw	r24, r0
    a300:	11 24       	eor	r1, r1
    a302:	98 a3       	std	Y+32, r25	; 0x20
    a304:	8f 8f       	std	Y+31, r24	; 0x1f
    a306:	33 23       	and	r19, r19
    a308:	09 f4       	brne	.+2      	; 0xa30c <Lcd_Text_Format+0x19a>
    a30a:	44 c0       	rjmp	.+136    	; 0xa394 <Lcd_Text_Format+0x222>
    a30c:	1c 82       	std	Y+4, r1	; 0x04
    a30e:	8e 8d       	ldd	r24, Y+30	; 0x1e
    a310:	83 9f       	mul	r24, r19
    a312:	c0 01       	movw	r24, r0
    a314:	11 24       	eor	r1, r1
    a316:	49 a1       	ldd	r20, Y+33	; 0x21
    a318:	5a a1       	ldd	r21, Y+34	; 0x22
    a31a:	ef 8d       	ldd	r30, Y+31	; 0x1f
    a31c:	f8 a1       	ldd	r31, Y+32	; 0x20
    a31e:	4e 0f       	add	r20, r30
    a320:	5f 1f       	adc	r21, r31
    a322:	48 0f       	add	r20, r24
    a324:	59 1f       	adc	r21, r25
    a326:	6c 8d       	ldd	r22, Y+28	; 0x1c
    a328:	7d 8d       	ldd	r23, Y+29	; 0x1d
    a32a:	64 17       	cp	r22, r20
    a32c:	75 07       	cpc	r23, r21
    a32e:	b0 f4       	brcc	.+44     	; 0xa35c <Lcd_Text_Format+0x1ea>
    a330:	21 11       	cpse	r18, r1
    a332:	1d c1       	rjmp	.+570    	; 0xa56e <Lcd_Text_Format+0x3fc>
    a334:	40 91 88 01 	lds	r20, 0x0188	; 0x800188 <sFont+0x28>
    a338:	2c 89       	ldd	r18, Y+20	; 0x14
    a33a:	30 e0       	ldi	r19, 0x00	; 0
    a33c:	24 0f       	add	r18, r20
    a33e:	31 1d       	adc	r19, r1
    a340:	47 fd       	sbrc	r20, 7
    a342:	3a 95       	dec	r19
    a344:	4a 89       	ldd	r20, Y+18	; 0x12
    a346:	5b 89       	ldd	r21, Y+19	; 0x13
    a348:	42 0f       	add	r20, r18
    a34a:	53 1f       	adc	r21, r19
    a34c:	5b 8b       	std	Y+19, r21	; 0x13
    a34e:	4a 8b       	std	Y+18, r20	; 0x12
    a350:	e2 0e       	add	r14, r18
    a352:	f3 1e       	adc	r15, r19
    a354:	28 8d       	ldd	r18, Y+24	; 0x18
    a356:	39 8d       	ldd	r19, Y+25	; 0x19
    a358:	3a a3       	std	Y+34, r19	; 0x22
    a35a:	29 a3       	std	Y+33, r18	; 0x21
    a35c:	1c 82       	std	Y+4, r1	; 0x04
    a35e:	30 e0       	ldi	r19, 0x00	; 0
    a360:	ee a1       	ldd	r30, Y+38	; 0x26
    a362:	ff a1       	ldd	r31, Y+39	; 0x27
    a364:	ea 0f       	add	r30, r26
    a366:	f1 1d       	adc	r31, r1
    a368:	d8 01       	movw	r26, r16
    a36a:	a3 0f       	add	r26, r19
    a36c:	b1 1d       	adc	r27, r1
    a36e:	2c 91       	ld	r18, X
    a370:	20 83       	st	Z, r18
    a372:	28 a5       	ldd	r18, Y+40	; 0x28
    a374:	2f 5f       	subi	r18, 0xFF	; 255
    a376:	a2 2f       	mov	r26, r18
    a378:	28 a7       	std	Y+40, r18	; 0x28
    a37a:	3c 81       	ldd	r19, Y+4	; 0x04
    a37c:	3f 5f       	subi	r19, 0xFF	; 255
    a37e:	3c 83       	std	Y+4, r19	; 0x04
    a380:	4b a1       	ldd	r20, Y+35	; 0x23
    a382:	34 17       	cp	r19, r20
    a384:	68 f3       	brcs	.-38     	; 0xa360 <Lcd_Text_Format+0x1ee>
    a386:	1b a2       	std	Y+35, r1	; 0x23
    a388:	ef 8d       	ldd	r30, Y+31	; 0x1f
    a38a:	f8 a1       	ldd	r31, Y+32	; 0x20
    a38c:	8e 0f       	add	r24, r30
    a38e:	9f 1f       	adc	r25, r31
    a390:	98 a3       	std	Y+32, r25	; 0x20
    a392:	8f 8f       	std	Y+31, r24	; 0x1f
    a394:	4d a1       	ldd	r20, Y+37	; 0x25
    a396:	40 32       	cpi	r20, 0x20	; 32
    a398:	09 f4       	brne	.+2      	; 0xa39c <Lcd_Text_Format+0x22a>
    a39a:	c1 c0       	rjmp	.+386    	; 0xa51e <Lcd_Text_Format+0x3ac>
    a39c:	30 e0       	ldi	r19, 0x00	; 0
    a39e:	80 e0       	ldi	r24, 0x00	; 0
    a3a0:	90 e0       	ldi	r25, 0x00	; 0
    a3a2:	49 30       	cpi	r20, 0x09	; 9
    a3a4:	09 f4       	brne	.+2      	; 0xa3a8 <Lcd_Text_Format+0x236>
    a3a6:	a4 c0       	rjmp	.+328    	; 0xa4f0 <Lcd_Text_Format+0x37e>
    a3a8:	33 23       	and	r19, r19
    a3aa:	09 f4       	brne	.+2      	; 0xa3ae <Lcd_Text_Format+0x23c>
    a3ac:	74 c0       	rjmp	.+232    	; 0xa496 <Lcd_Text_Format+0x324>
    a3ae:	d1 2c       	mov	r13, r1
    a3b0:	ef 8d       	ldd	r30, Y+31	; 0x1f
    a3b2:	f8 a1       	ldd	r31, Y+32	; 0x20
    a3b4:	ef 2b       	or	r30, r31
    a3b6:	09 f0       	breq	.+2      	; 0xa3ba <Lcd_Text_Format+0x248>
    a3b8:	78 c0       	rjmp	.+240    	; 0xa4aa <Lcd_Text_Format+0x338>
    a3ba:	3c 89       	ldd	r19, Y+20	; 0x14
    a3bc:	80 91 88 01 	lds	r24, 0x0188	; 0x800188 <sFont+0x28>
    a3c0:	08 2e       	mov	r0, r24
    a3c2:	00 0c       	add	r0, r0
    a3c4:	99 0b       	sbc	r25, r25
    a3c6:	83 0f       	add	r24, r19
    a3c8:	91 1d       	adc	r25, r1
    a3ca:	4a 89       	ldd	r20, Y+18	; 0x12
    a3cc:	5b 89       	ldd	r21, Y+19	; 0x13
    a3ce:	48 0f       	add	r20, r24
    a3d0:	59 1f       	adc	r21, r25
    a3d2:	5b 8b       	std	Y+19, r21	; 0x13
    a3d4:	4a 8b       	std	Y+18, r20	; 0x12
    a3d6:	e8 0e       	add	r14, r24
    a3d8:	f9 1e       	adc	r15, r25
    a3da:	88 8d       	ldd	r24, Y+24	; 0x18
    a3dc:	99 8d       	ldd	r25, Y+25	; 0x19
    a3de:	9a a3       	std	Y+34, r25	; 0x22
    a3e0:	89 a3       	std	Y+33, r24	; 0x21
    a3e2:	1c 82       	std	Y+4, r1	; 0x04
    a3e4:	92 2f       	mov	r25, r18
    a3e6:	80 e0       	ldi	r24, 0x00	; 0
    a3e8:	ee a1       	ldd	r30, Y+38	; 0x26
    a3ea:	ff a1       	ldd	r31, Y+39	; 0x27
    a3ec:	e9 0f       	add	r30, r25
    a3ee:	f1 1d       	adc	r31, r1
    a3f0:	d8 01       	movw	r26, r16
    a3f2:	a8 0f       	add	r26, r24
    a3f4:	b1 1d       	adc	r27, r1
    a3f6:	8c 91       	ld	r24, X
    a3f8:	80 83       	st	Z, r24
    a3fa:	28 a5       	ldd	r18, Y+40	; 0x28
    a3fc:	2f 5f       	subi	r18, 0xFF	; 255
    a3fe:	92 2f       	mov	r25, r18
    a400:	28 a7       	std	Y+40, r18	; 0x28
    a402:	8c 81       	ldd	r24, Y+4	; 0x04
    a404:	8f 5f       	subi	r24, 0xFF	; 255
    a406:	8c 83       	std	Y+4, r24	; 0x04
    a408:	3b a1       	ldd	r19, Y+35	; 0x23
    a40a:	83 17       	cp	r24, r19
    a40c:	68 f3       	brcs	.-38     	; 0xa3e8 <Lcd_Text_Format+0x276>
    a40e:	1b a2       	std	Y+35, r1	; 0x23
    a410:	dd 20       	and	r13, r13
    a412:	71 f0       	breq	.+28     	; 0xa430 <Lcd_Text_Format+0x2be>
    a414:	82 2f       	mov	r24, r18
    a416:	ee a1       	ldd	r30, Y+38	; 0x26
    a418:	ff a1       	ldd	r31, Y+39	; 0x27
    a41a:	e8 0f       	add	r30, r24
    a41c:	f1 1d       	adc	r31, r1
    a41e:	80 82       	st	Z, r8
    a420:	28 a5       	ldd	r18, Y+40	; 0x28
    a422:	81 e0       	ldi	r24, 0x01	; 1
    a424:	82 0f       	add	r24, r18
    a426:	28 2f       	mov	r18, r24
    a428:	88 a7       	std	Y+40, r24	; 0x28
    a42a:	da 94       	dec	r13
    a42c:	d1 10       	cpse	r13, r1
    a42e:	f3 cf       	rjmp	.-26     	; 0xa416 <Lcd_Text_Format+0x2a4>
    a430:	8d a1       	ldd	r24, Y+37	; 0x25
    a432:	81 11       	cpse	r24, r1
    a434:	1d c0       	rjmp	.+58     	; 0xa470 <Lcd_Text_Format+0x2fe>
    a436:	22 23       	and	r18, r18
    a438:	09 f4       	brne	.+2      	; 0xa43c <Lcd_Text_Format+0x2ca>
    a43a:	a0 c0       	rjmp	.+320    	; 0xa57c <Lcd_Text_Format+0x40a>
    a43c:	fe 01       	movw	r30, r28
    a43e:	31 96       	adiw	r30, 0x01	; 1
    a440:	1f 01       	movw	r2, r30
    a442:	a2 dc       	rcall	.-1724   	; 0x9d88 <displaystring.2540>
    a444:	8d a1       	ldd	r24, Y+37	; 0x25
    a446:	8a 30       	cpi	r24, 0x0A	; 10
    a448:	09 f4       	brne	.+2      	; 0xa44c <Lcd_Text_Format+0x2da>
    a44a:	47 c1       	rjmp	.+654    	; 0xa6da <Lcd_Text_Format+0x568>
    a44c:	ff ef       	ldi	r31, 0xFF	; 255
    a44e:	af 1a       	sub	r10, r31
    a450:	bf 0a       	sbc	r11, r31
    a452:	88 23       	and	r24, r24
    a454:	09 f4       	brne	.+2      	; 0xa458 <Lcd_Text_Format+0x2e6>
    a456:	92 c0       	rjmp	.+292    	; 0xa57c <Lcd_Text_Format+0x40a>
    a458:	3b a1       	ldd	r19, Y+35	; 0x23
    a45a:	28 a5       	ldd	r18, Y+40	; 0x28
    a45c:	f5 01       	movw	r30, r10
    a45e:	99 20       	and	r9, r9
    a460:	09 f4       	brne	.+2      	; 0xa464 <Lcd_Text_Format+0x2f2>
    a462:	33 cf       	rjmp	.-410    	; 0xa2ca <Lcd_Text_Format+0x158>
    a464:	84 91       	lpm	r24, Z
    a466:	8d a3       	std	Y+37, r24	; 0x25
    a468:	32 cf       	rjmp	.-412    	; 0xa2ce <Lcd_Text_Format+0x15c>
    a46a:	18 a2       	std	Y+32, r1	; 0x20
    a46c:	1f 8e       	std	Y+31, r1	; 0x1f
    a46e:	4b cf       	rjmp	.-362    	; 0xa306 <Lcd_Text_Format+0x194>
    a470:	8a 30       	cpi	r24, 0x0A	; 10
    a472:	29 f0       	breq	.+10     	; 0xa47e <Lcd_Text_Format+0x30c>
    a474:	3b a1       	ldd	r19, Y+35	; 0x23
    a476:	4f ef       	ldi	r20, 0xFF	; 255
    a478:	a4 1a       	sub	r10, r20
    a47a:	b4 0a       	sbc	r11, r20
    a47c:	23 cf       	rjmp	.-442    	; 0xa2c4 <Lcd_Text_Format+0x152>
    a47e:	21 11       	cpse	r18, r1
    a480:	dd cf       	rjmp	.-70     	; 0xa43c <Lcd_Text_Format+0x2ca>
    a482:	3f ef       	ldi	r19, 0xFF	; 255
    a484:	a3 1a       	sub	r10, r19
    a486:	b3 0a       	sbc	r11, r19
    a488:	3b a1       	ldd	r19, Y+35	; 0x23
    a48a:	1c cf       	rjmp	.-456    	; 0xa2c4 <Lcd_Text_Format+0x152>
    a48c:	f1 e0       	ldi	r31, 0x01	; 1
    a48e:	af 1a       	sub	r10, r31
    a490:	b1 08       	sbc	r11, r1
    a492:	6d a2       	std	Y+37, r6	; 0x25
    a494:	2e cf       	rjmp	.-420    	; 0xa2f2 <Lcd_Text_Format+0x180>
    a496:	4d a1       	ldd	r20, Y+37	; 0x25
    a498:	44 23       	and	r20, r20
    a49a:	11 f0       	breq	.+4      	; 0xa4a0 <Lcd_Text_Format+0x32e>
    a49c:	4a 30       	cpi	r20, 0x0A	; 10
    a49e:	51 f7       	brne	.-44     	; 0xa474 <Lcd_Text_Format+0x302>
    a4a0:	d1 2c       	mov	r13, r1
    a4a2:	8f 8d       	ldd	r24, Y+31	; 0x1f
    a4a4:	98 a1       	ldd	r25, Y+32	; 0x20
    a4a6:	89 2b       	or	r24, r25
    a4a8:	21 f0       	breq	.+8      	; 0xa4b2 <Lcd_Text_Format+0x340>
    a4aa:	ce 01       	movw	r24, r28
    a4ac:	01 96       	adiw	r24, 0x01	; 1
    a4ae:	1c 01       	movw	r2, r24
    a4b0:	6b dc       	rcall	.-1834   	; 0x9d88 <displaystring.2540>
    a4b2:	8b a1       	ldd	r24, Y+35	; 0x23
    a4b4:	81 11       	cpse	r24, r1
    a4b6:	35 c1       	rjmp	.+618    	; 0xa722 <Lcd_Text_Format+0x5b0>
    a4b8:	d1 10       	cpse	r13, r1
    a4ba:	04 c0       	rjmp	.+8      	; 0xa4c4 <Lcd_Text_Format+0x352>
    a4bc:	8d a1       	ldd	r24, Y+37	; 0x25
    a4be:	8a 30       	cpi	r24, 0x0A	; 10
    a4c0:	09 f0       	breq	.+2      	; 0xa4c4 <Lcd_Text_Format+0x352>
    a4c2:	c4 cf       	rjmp	.-120    	; 0xa44c <Lcd_Text_Format+0x2da>
    a4c4:	20 91 88 01 	lds	r18, 0x0188	; 0x800188 <sFont+0x28>
    a4c8:	8c 89       	ldd	r24, Y+20	; 0x14
    a4ca:	90 e0       	ldi	r25, 0x00	; 0
    a4cc:	82 0f       	add	r24, r18
    a4ce:	91 1d       	adc	r25, r1
    a4d0:	27 fd       	sbrc	r18, 7
    a4d2:	9a 95       	dec	r25
    a4d4:	2a 89       	ldd	r18, Y+18	; 0x12
    a4d6:	3b 89       	ldd	r19, Y+19	; 0x13
    a4d8:	28 0f       	add	r18, r24
    a4da:	39 1f       	adc	r19, r25
    a4dc:	3b 8b       	std	Y+19, r19	; 0x13
    a4de:	2a 8b       	std	Y+18, r18	; 0x12
    a4e0:	e8 0e       	add	r14, r24
    a4e2:	f9 1e       	adc	r15, r25
    a4e4:	88 8d       	ldd	r24, Y+24	; 0x18
    a4e6:	99 8d       	ldd	r25, Y+25	; 0x19
    a4e8:	9a a3       	std	Y+34, r25	; 0x22
    a4ea:	89 a3       	std	Y+33, r24	; 0x21
    a4ec:	28 a5       	ldd	r18, Y+40	; 0x28
    a4ee:	90 cf       	rjmp	.-224    	; 0xa410 <Lcd_Text_Format+0x29e>
    a4f0:	33 23       	and	r19, r19
    a4f2:	09 f4       	brne	.+2      	; 0xa4f6 <Lcd_Text_Format+0x384>
    a4f4:	7c c0       	rjmp	.+248    	; 0xa5ee <Lcd_Text_Format+0x47c>
    a4f6:	3c a1       	ldd	r19, Y+36	; 0x24
    a4f8:	31 11       	cpse	r19, r1
    a4fa:	a8 c0       	rjmp	.+336    	; 0xa64c <Lcd_Text_Format+0x4da>
    a4fc:	84 15       	cp	r24, r4
    a4fe:	95 05       	cpc	r25, r5
    a500:	08 f4       	brcc	.+2      	; 0xa504 <Lcd_Text_Format+0x392>
    a502:	0a c1       	rjmp	.+532    	; 0xa718 <Lcd_Text_Format+0x5a6>
    a504:	b2 01       	movw	r22, r4
    a506:	0e 94 a9 73 	call	0xe752	; 0xe752 <__udivmodhi4>
    a50a:	a2 01       	movw	r20, r4
    a50c:	48 1b       	sub	r20, r24
    a50e:	59 0b       	sbc	r21, r25
    a510:	ca 01       	movw	r24, r20
    a512:	6e 8d       	ldd	r22, Y+30	; 0x1e
    a514:	70 e0       	ldi	r23, 0x00	; 0
    a516:	0e 94 a9 73 	call	0xe752	; 0xe752 <__udivmodhi4>
    a51a:	d6 2e       	mov	r13, r22
    a51c:	c2 cf       	rjmp	.-124    	; 0xa4a2 <Lcd_Text_Format+0x330>
    a51e:	ce 8c       	ldd	r12, Y+30	; 0x1e
    a520:	d1 2c       	mov	r13, r1
    a522:	6f 8d       	ldd	r22, Y+31	; 0x1f
    a524:	78 a1       	ldd	r23, Y+32	; 0x20
    a526:	89 a1       	ldd	r24, Y+33	; 0x21
    a528:	9a a1       	ldd	r25, Y+34	; 0x22
    a52a:	86 0f       	add	r24, r22
    a52c:	97 1f       	adc	r25, r23
    a52e:	8c 0d       	add	r24, r12
    a530:	9d 1d       	adc	r25, r13
    a532:	6c 8d       	ldd	r22, Y+28	; 0x1c
    a534:	7d 8d       	ldd	r23, Y+29	; 0x1d
    a536:	68 17       	cp	r22, r24
    a538:	79 07       	cpc	r23, r25
    a53a:	08 f4       	brcc	.+2      	; 0xa53e <Lcd_Text_Format+0x3cc>
    a53c:	9b cf       	rjmp	.-202    	; 0xa474 <Lcd_Text_Format+0x302>
    a53e:	8c a1       	ldd	r24, Y+36	; 0x24
    a540:	81 11       	cpse	r24, r1
    a542:	68 c0       	rjmp	.+208    	; 0xa614 <Lcd_Text_Format+0x4a2>
    a544:	61 e0       	ldi	r22, 0x01	; 1
    a546:	82 2f       	mov	r24, r18
    a548:	ee a1       	ldd	r30, Y+38	; 0x26
    a54a:	ff a1       	ldd	r31, Y+39	; 0x27
    a54c:	e8 0f       	add	r30, r24
    a54e:	f1 1d       	adc	r31, r1
    a550:	80 82       	st	Z, r8
    a552:	28 a5       	ldd	r18, Y+40	; 0x28
    a554:	2f 5f       	subi	r18, 0xFF	; 255
    a556:	82 2f       	mov	r24, r18
    a558:	28 a7       	std	Y+40, r18	; 0x28
    a55a:	61 50       	subi	r22, 0x01	; 1
    a55c:	a9 f7       	brne	.-22     	; 0xa548 <Lcd_Text_Format+0x3d6>
    a55e:	3b a1       	ldd	r19, Y+35	; 0x23
    a560:	ef 8d       	ldd	r30, Y+31	; 0x1f
    a562:	f8 a1       	ldd	r31, Y+32	; 0x20
    a564:	ec 0d       	add	r30, r12
    a566:	fd 1d       	adc	r31, r13
    a568:	f8 a3       	std	Y+32, r31	; 0x20
    a56a:	ef 8f       	std	Y+31, r30	; 0x1f
    a56c:	1d cf       	rjmp	.-454    	; 0xa3a8 <Lcd_Text_Format+0x236>
    a56e:	4d a1       	ldd	r20, Y+37	; 0x25
    a570:	40 32       	cpi	r20, 0x20	; 32
    a572:	09 f0       	breq	.+2      	; 0xa576 <Lcd_Text_Format+0x404>
    a574:	16 cf       	rjmp	.-468    	; 0xa3a2 <Lcd_Text_Format+0x230>
    a576:	dd 24       	eor	r13, r13
    a578:	d3 94       	inc	r13
    a57a:	1c cf       	rjmp	.-456    	; 0xa3b4 <Lcd_Text_Format+0x242>
    a57c:	8c a1       	ldd	r24, Y+36	; 0x24
    a57e:	81 11       	cpse	r24, r1
    a580:	92 c0       	rjmp	.+292    	; 0xa6a6 <Lcd_Text_Format+0x534>
    a582:	8a 89       	ldd	r24, Y+18	; 0x12
    a584:	9b 89       	ldd	r25, Y+19	; 0x13
    a586:	90 93 8d 01 	sts	0x018D, r25	; 0x80018d <sFont+0x2d>
    a58a:	80 93 8c 01 	sts	0x018C, r24	; 0x80018c <sFont+0x2c>
    a58e:	f0 92 8f 01 	sts	0x018F, r15	; 0x80018f <sFont+0x2f>
    a592:	e0 92 8e 01 	sts	0x018E, r14	; 0x80018e <sFont+0x2e>
    a596:	89 a1       	ldd	r24, Y+33	; 0x21
    a598:	9a a1       	ldd	r25, Y+34	; 0x22
    a59a:	90 93 91 01 	sts	0x0191, r25	; 0x800191 <sFont+0x31>
    a59e:	80 93 90 01 	sts	0x0190, r24	; 0x800190 <sFont+0x30>
    a5a2:	88 8d       	ldd	r24, Y+24	; 0x18
    a5a4:	99 8d       	ldd	r25, Y+25	; 0x19
    a5a6:	90 93 8b 01 	sts	0x018B, r25	; 0x80018b <sFont+0x2b>
    a5aa:	80 93 8a 01 	sts	0x018A, r24	; 0x80018a <sFont+0x2a>
    a5ae:	89 a5       	ldd	r24, Y+41	; 0x29
    a5b0:	9a a5       	ldd	r25, Y+42	; 0x2a
    a5b2:	0f b6       	in	r0, 0x3f	; 63
    a5b4:	f8 94       	cli
    a5b6:	9e bf       	out	0x3e, r25	; 62
    a5b8:	0f be       	out	0x3f, r0	; 63
    a5ba:	8d bf       	out	0x3d, r24	; 61
    a5bc:	aa 96       	adiw	r28, 0x2a	; 42
    a5be:	0f b6       	in	r0, 0x3f	; 63
    a5c0:	f8 94       	cli
    a5c2:	de bf       	out	0x3e, r29	; 62
    a5c4:	0f be       	out	0x3f, r0	; 63
    a5c6:	cd bf       	out	0x3d, r28	; 61
    a5c8:	df 91       	pop	r29
    a5ca:	cf 91       	pop	r28
    a5cc:	1f 91       	pop	r17
    a5ce:	0f 91       	pop	r16
    a5d0:	ff 90       	pop	r15
    a5d2:	ef 90       	pop	r14
    a5d4:	df 90       	pop	r13
    a5d6:	cf 90       	pop	r12
    a5d8:	bf 90       	pop	r11
    a5da:	af 90       	pop	r10
    a5dc:	9f 90       	pop	r9
    a5de:	8f 90       	pop	r8
    a5e0:	7f 90       	pop	r7
    a5e2:	6f 90       	pop	r6
    a5e4:	5f 90       	pop	r5
    a5e6:	4f 90       	pop	r4
    a5e8:	3f 90       	pop	r3
    a5ea:	2f 90       	pop	r2
    a5ec:	08 95       	ret
    a5ee:	3c a1       	ldd	r19, Y+36	; 0x24
    a5f0:	33 23       	and	r19, r19
    a5f2:	89 f1       	breq	.+98     	; 0xa656 <Lcd_Text_Format+0x4e4>
    a5f4:	ce 8c       	ldd	r12, Y+30	; 0x1e
    a5f6:	d1 2c       	mov	r13, r1
    a5f8:	6f 8d       	ldd	r22, Y+31	; 0x1f
    a5fa:	78 a1       	ldd	r23, Y+32	; 0x20
    a5fc:	89 a1       	ldd	r24, Y+33	; 0x21
    a5fe:	9a a1       	ldd	r25, Y+34	; 0x22
    a600:	86 0f       	add	r24, r22
    a602:	97 1f       	adc	r25, r23
    a604:	8c 0d       	add	r24, r12
    a606:	9d 1d       	adc	r25, r13
    a608:	6c 8d       	ldd	r22, Y+28	; 0x1c
    a60a:	7d 8d       	ldd	r23, Y+29	; 0x1d
    a60c:	68 17       	cp	r22, r24
    a60e:	79 07       	cpc	r23, r25
    a610:	08 f4       	brcc	.+2      	; 0xa614 <Lcd_Text_Format+0x4a2>
    a612:	30 cf       	rjmp	.-416    	; 0xa474 <Lcd_Text_Format+0x302>
    a614:	22 23       	and	r18, r18
    a616:	09 f4       	brne	.+2      	; 0xa61a <Lcd_Text_Format+0x4a8>
    a618:	3f cf       	rjmp	.-386    	; 0xa498 <Lcd_Text_Format+0x326>
    a61a:	61 e0       	ldi	r22, 0x01	; 1
    a61c:	94 cf       	rjmp	.-216    	; 0xa546 <Lcd_Text_Format+0x3d4>
    a61e:	81 e0       	ldi	r24, 0x01	; 1
    a620:	8e 8b       	std	Y+22, r24	; 0x16
    a622:	38 ce       	rjmp	.-912    	; 0xa294 <Lcd_Text_Format+0x122>
    a624:	80 91 92 01 	lds	r24, 0x0192	; 0x800192 <sFont+0x32>
    a628:	90 91 93 01 	lds	r25, 0x0193	; 0x800193 <sFont+0x33>
    a62c:	9b 8f       	std	Y+27, r25	; 0x1b
    a62e:	8a 8f       	std	Y+26, r24	; 0x1a
    a630:	f1 cd       	rjmp	.-1054   	; 0xa214 <Lcd_Text_Format+0xa2>
    a632:	80 91 90 01 	lds	r24, 0x0190	; 0x800190 <sFont+0x30>
    a636:	90 91 91 01 	lds	r25, 0x0191	; 0x800191 <sFont+0x31>
    a63a:	9a a3       	std	Y+34, r25	; 0x22
    a63c:	89 a3       	std	Y+33, r24	; 0x21
    a63e:	00 91 8a 01 	lds	r16, 0x018A	; 0x80018a <sFont+0x2a>
    a642:	10 91 8b 01 	lds	r17, 0x018B	; 0x80018b <sFont+0x2b>
    a646:	19 8f       	std	Y+25, r17	; 0x19
    a648:	08 8f       	std	Y+24, r16	; 0x18
    a64a:	db cd       	rjmp	.-1098   	; 0xa202 <Lcd_Text_Format+0x90>
    a64c:	dd 24       	eor	r13, r13
    a64e:	d3 94       	inc	r13
    a650:	ef 8d       	ldd	r30, Y+31	; 0x1f
    a652:	f8 a1       	ldd	r31, Y+32	; 0x20
    a654:	af ce       	rjmp	.-674    	; 0xa3b4 <Lcd_Text_Format+0x242>
    a656:	29 a0       	ldd	r2, Y+33	; 0x21
    a658:	3a a0       	ldd	r3, Y+34	; 0x22
    a65a:	ef 8d       	ldd	r30, Y+31	; 0x1f
    a65c:	f8 a1       	ldd	r31, Y+32	; 0x20
    a65e:	2e 0e       	add	r2, r30
    a660:	3f 1e       	adc	r3, r31
    a662:	ac 01       	movw	r20, r24
    a664:	42 0d       	add	r20, r2
    a666:	53 1d       	adc	r21, r3
    a668:	c8 8c       	ldd	r12, Y+24	; 0x18
    a66a:	d9 8c       	ldd	r13, Y+25	; 0x19
    a66c:	ca 01       	movw	r24, r20
    a66e:	8c 19       	sub	r24, r12
    a670:	9d 09       	sbc	r25, r13
    a672:	84 15       	cp	r24, r4
    a674:	95 05       	cpc	r25, r5
    a676:	08 f4       	brcc	.+2      	; 0xa67a <Lcd_Text_Format+0x508>
    a678:	4a c0       	rjmp	.+148    	; 0xa70e <Lcd_Text_Format+0x59c>
    a67a:	b2 01       	movw	r22, r4
    a67c:	0e 94 a9 73 	call	0xe752	; 0xe752 <__udivmodhi4>
    a680:	62 01       	movw	r12, r4
    a682:	c8 1a       	sub	r12, r24
    a684:	d9 0a       	sbc	r13, r25
    a686:	6e 8d       	ldd	r22, Y+30	; 0x1e
    a688:	2c 0c       	add	r2, r12
    a68a:	3d 1c       	adc	r3, r13
    a68c:	8c 8d       	ldd	r24, Y+28	; 0x1c
    a68e:	9d 8d       	ldd	r25, Y+29	; 0x1d
    a690:	82 15       	cp	r24, r2
    a692:	93 05       	cpc	r25, r3
    a694:	08 f4       	brcc	.+2      	; 0xa698 <Lcd_Text_Format+0x526>
    a696:	ee ce       	rjmp	.-548    	; 0xa474 <Lcd_Text_Format+0x302>
    a698:	70 e0       	ldi	r23, 0x00	; 0
    a69a:	c6 01       	movw	r24, r12
    a69c:	0e 94 a9 73 	call	0xe752	; 0xe752 <__udivmodhi4>
    a6a0:	61 11       	cpse	r22, r1
    a6a2:	51 cf       	rjmp	.-350    	; 0xa546 <Lcd_Text_Format+0x3d4>
    a6a4:	5f cf       	rjmp	.-322    	; 0xa564 <Lcd_Text_Format+0x3f2>
    a6a6:	80 91 88 01 	lds	r24, 0x0188	; 0x800188 <sFont+0x28>
    a6aa:	08 2e       	mov	r0, r24
    a6ac:	00 0c       	add	r0, r0
    a6ae:	99 0b       	sbc	r25, r25
    a6b0:	2a 89       	ldd	r18, Y+18	; 0x12
    a6b2:	3b 89       	ldd	r19, Y+19	; 0x13
    a6b4:	28 0f       	add	r18, r24
    a6b6:	39 1f       	adc	r19, r25
    a6b8:	30 93 8d 01 	sts	0x018D, r19	; 0x80018d <sFont+0x2d>
    a6bc:	20 93 8c 01 	sts	0x018C, r18	; 0x80018c <sFont+0x2c>
    a6c0:	e8 0e       	add	r14, r24
    a6c2:	f9 1e       	adc	r15, r25
    a6c4:	f0 92 8f 01 	sts	0x018F, r15	; 0x80018f <sFont+0x2f>
    a6c8:	e0 92 8e 01 	sts	0x018E, r14	; 0x80018e <sFont+0x2e>
    a6cc:	88 8d       	ldd	r24, Y+24	; 0x18
    a6ce:	99 8d       	ldd	r25, Y+25	; 0x19
    a6d0:	90 93 91 01 	sts	0x0191, r25	; 0x800191 <sFont+0x31>
    a6d4:	80 93 90 01 	sts	0x0190, r24	; 0x800190 <sFont+0x30>
    a6d8:	66 cf       	rjmp	.-308    	; 0xa5a6 <Lcd_Text_Format+0x434>
    a6da:	20 91 88 01 	lds	r18, 0x0188	; 0x800188 <sFont+0x28>
    a6de:	8c 89       	ldd	r24, Y+20	; 0x14
    a6e0:	90 e0       	ldi	r25, 0x00	; 0
    a6e2:	82 0f       	add	r24, r18
    a6e4:	91 1d       	adc	r25, r1
    a6e6:	27 fd       	sbrc	r18, 7
    a6e8:	9a 95       	dec	r25
    a6ea:	2a 89       	ldd	r18, Y+18	; 0x12
    a6ec:	3b 89       	ldd	r19, Y+19	; 0x13
    a6ee:	28 0f       	add	r18, r24
    a6f0:	39 1f       	adc	r19, r25
    a6f2:	3b 8b       	std	Y+19, r19	; 0x13
    a6f4:	2a 8b       	std	Y+18, r18	; 0x12
    a6f6:	e8 0e       	add	r14, r24
    a6f8:	f9 1e       	adc	r15, r25
    a6fa:	88 8d       	ldd	r24, Y+24	; 0x18
    a6fc:	99 8d       	ldd	r25, Y+25	; 0x19
    a6fe:	9a a3       	std	Y+34, r25	; 0x22
    a700:	89 a3       	std	Y+33, r24	; 0x21
    a702:	3b a1       	ldd	r19, Y+35	; 0x23
    a704:	28 a5       	ldd	r18, Y+40	; 0x28
    a706:	4f ef       	ldi	r20, 0xFF	; 255
    a708:	a4 1a       	sub	r10, r20
    a70a:	b4 0a       	sbc	r11, r20
    a70c:	db cd       	rjmp	.-1098   	; 0xa2c4 <Lcd_Text_Format+0x152>
    a70e:	c4 0c       	add	r12, r4
    a710:	d5 1c       	adc	r13, r5
    a712:	c4 1a       	sub	r12, r20
    a714:	d5 0a       	sbc	r13, r21
    a716:	b7 cf       	rjmp	.-146    	; 0xa686 <Lcd_Text_Format+0x514>
    a718:	92 01       	movw	r18, r4
    a71a:	28 1b       	sub	r18, r24
    a71c:	39 0b       	sbc	r19, r25
    a71e:	c9 01       	movw	r24, r18
    a720:	f8 ce       	rjmp	.-528    	; 0xa512 <Lcd_Text_Format+0x3a0>
    a722:	28 a5       	ldd	r18, Y+40	; 0x28
    a724:	4a ce       	rjmp	.-876    	; 0xa3ba <Lcd_Text_Format+0x248>

0000a726 <Lcd_Text_NumberF>:
    a726:	2f 92       	push	r2
    a728:	3f 92       	push	r3
    a72a:	4f 92       	push	r4
    a72c:	5f 92       	push	r5
    a72e:	6f 92       	push	r6
    a730:	7f 92       	push	r7
    a732:	8f 92       	push	r8
    a734:	9f 92       	push	r9
    a736:	af 92       	push	r10
    a738:	bf 92       	push	r11
    a73a:	cf 92       	push	r12
    a73c:	df 92       	push	r13
    a73e:	ef 92       	push	r14
    a740:	ff 92       	push	r15
    a742:	0f 93       	push	r16
    a744:	1f 93       	push	r17
    a746:	cf 93       	push	r28
    a748:	df 93       	push	r29
    a74a:	cd b7       	in	r28, 0x3d	; 61
    a74c:	de b7       	in	r29, 0x3e	; 62
    a74e:	66 97       	sbiw	r28, 0x16	; 22
    a750:	0f b6       	in	r0, 0x3f	; 63
    a752:	f8 94       	cli
    a754:	de bf       	out	0x3e, r29	; 62
    a756:	0f be       	out	0x3f, r0	; 63
    a758:	cd bf       	out	0x3d, r28	; 61
    a75a:	8e 8b       	std	Y+22, r24	; 0x16
    a75c:	b6 2e       	mov	r11, r22
    a75e:	29 01       	movw	r4, r18
    a760:	3a 01       	movw	r6, r20
    a762:	18 01       	movw	r2, r16
    a764:	2a 2d       	mov	r18, r10
    a766:	8d 8a       	std	Y+21, r8	; 0x15
    a768:	ac a4       	ldd	r10, Y+44	; 0x2c
    a76a:	22 23       	and	r18, r18
    a76c:	09 f4       	brne	.+2      	; 0xa770 <Lcd_Text_NumberF+0x4a>
    a76e:	5e c0       	rjmp	.+188    	; 0xa82c <Lcd_Text_NumberF+0x106>
    a770:	26 30       	cpi	r18, 0x06	; 6
    a772:	08 f0       	brcs	.+2      	; 0xa776 <Lcd_Text_NumberF+0x50>
    a774:	6b c0       	rjmp	.+214    	; 0xa84c <Lcd_Text_NumberF+0x126>
    a776:	ce 01       	movw	r24, r28
    a778:	01 96       	adiw	r24, 0x01	; 1
    a77a:	4c 01       	movw	r8, r24
    a77c:	8c 01       	movw	r16, r24
    a77e:	4b a5       	ldd	r20, Y+43	; 0x2b
    a780:	c3 01       	movw	r24, r6
    a782:	b2 01       	movw	r22, r4
    a784:	0e 94 11 74 	call	0xe822	; 0xe822 <dtostrf>
    a788:	9d 89       	ldd	r25, Y+21	; 0x15
    a78a:	9e 32       	cpi	r25, 0x2E	; 46
    a78c:	71 f0       	breq	.+28     	; 0xa7aa <Lcd_Text_NumberF+0x84>
    a78e:	ae 01       	movw	r20, r28
    a790:	4b 5e       	subi	r20, 0xEB	; 235
    a792:	5f 4f       	sbci	r21, 0xFF	; 255
    a794:	f4 01       	movw	r30, r8
    a796:	9f 01       	movw	r18, r30
    a798:	28 19       	sub	r18, r8
    a79a:	39 09       	sbc	r19, r9
    a79c:	81 91       	ld	r24, Z+
    a79e:	8e 32       	cpi	r24, 0x2E	; 46
    a7a0:	09 f4       	brne	.+2      	; 0xa7a4 <Lcd_Text_NumberF+0x7e>
    a7a2:	56 c0       	rjmp	.+172    	; 0xa850 <Lcd_Text_NumberF+0x12a>
    a7a4:	e4 17       	cp	r30, r20
    a7a6:	f5 07       	cpc	r31, r21
    a7a8:	b1 f7       	brne	.-20     	; 0xa796 <Lcd_Text_NumberF+0x70>
    a7aa:	90 e2       	ldi	r25, 0x20	; 32
    a7ac:	a9 16       	cp	r10, r25
    a7ae:	f9 f0       	breq	.+62     	; 0xa7ee <Lcd_Text_NumberF+0xc8>
    a7b0:	20 e0       	ldi	r18, 0x00	; 0
    a7b2:	30 e0       	ldi	r19, 0x00	; 0
    a7b4:	a9 01       	movw	r20, r18
    a7b6:	c3 01       	movw	r24, r6
    a7b8:	b2 01       	movw	r22, r4
    a7ba:	0e 94 76 71 	call	0xe2ec	; 0xe2ec <__cmpsf2>
    a7be:	87 ff       	sbrs	r24, 7
    a7c0:	37 c0       	rjmp	.+110    	; 0xa830 <Lcd_Text_NumberF+0x10a>
    a7c2:	8d e2       	ldi	r24, 0x2D	; 45
    a7c4:	89 83       	std	Y+1, r24	; 0x01
    a7c6:	fe 01       	movw	r30, r28
    a7c8:	32 96       	adiw	r30, 0x02	; 2
    a7ca:	9e 01       	movw	r18, r28
    a7cc:	2b 5e       	subi	r18, 0xEB	; 235
    a7ce:	3f 4f       	sbci	r19, 0xFF	; 255
    a7d0:	06 c0       	rjmp	.+12     	; 0xa7de <Lcd_Text_NumberF+0xb8>
    a7d2:	8d 32       	cpi	r24, 0x2D	; 45
    a7d4:	39 f0       	breq	.+14     	; 0xa7e4 <Lcd_Text_NumberF+0xbe>
    a7d6:	31 96       	adiw	r30, 0x01	; 1
    a7d8:	e2 17       	cp	r30, r18
    a7da:	f3 07       	cpc	r31, r19
    a7dc:	41 f0       	breq	.+16     	; 0xa7ee <Lcd_Text_NumberF+0xc8>
    a7de:	80 81       	ld	r24, Z
    a7e0:	80 32       	cpi	r24, 0x20	; 32
    a7e2:	b9 f7       	brne	.-18     	; 0xa7d2 <Lcd_Text_NumberF+0xac>
    a7e4:	a0 82       	st	Z, r10
    a7e6:	31 96       	adiw	r30, 0x01	; 1
    a7e8:	e2 17       	cp	r30, r18
    a7ea:	f3 07       	cpc	r31, r19
    a7ec:	c1 f7       	brne	.-16     	; 0xa7de <Lcd_Text_NumberF+0xb8>
    a7ee:	81 01       	movw	r16, r2
    a7f0:	20 e0       	ldi	r18, 0x00	; 0
    a7f2:	a4 01       	movw	r20, r8
    a7f4:	6b 2d       	mov	r22, r11
    a7f6:	8e 89       	ldd	r24, Y+22	; 0x16
    a7f8:	bc dc       	rcall	.-1672   	; 0xa172 <Lcd_Text_Format>
    a7fa:	66 96       	adiw	r28, 0x16	; 22
    a7fc:	0f b6       	in	r0, 0x3f	; 63
    a7fe:	f8 94       	cli
    a800:	de bf       	out	0x3e, r29	; 62
    a802:	0f be       	out	0x3f, r0	; 63
    a804:	cd bf       	out	0x3d, r28	; 61
    a806:	df 91       	pop	r29
    a808:	cf 91       	pop	r28
    a80a:	1f 91       	pop	r17
    a80c:	0f 91       	pop	r16
    a80e:	ff 90       	pop	r15
    a810:	ef 90       	pop	r14
    a812:	df 90       	pop	r13
    a814:	cf 90       	pop	r12
    a816:	bf 90       	pop	r11
    a818:	af 90       	pop	r10
    a81a:	9f 90       	pop	r9
    a81c:	8f 90       	pop	r8
    a81e:	7f 90       	pop	r7
    a820:	6f 90       	pop	r6
    a822:	5f 90       	pop	r5
    a824:	4f 90       	pop	r4
    a826:	3f 90       	pop	r3
    a828:	2f 90       	pop	r2
    a82a:	08 95       	ret
    a82c:	21 e0       	ldi	r18, 0x01	; 1
    a82e:	a3 cf       	rjmp	.-186    	; 0xa776 <Lcd_Text_NumberF+0x50>
    a830:	f4 01       	movw	r30, r8
    a832:	9e 01       	movw	r18, r28
    a834:	2b 5e       	subi	r18, 0xEB	; 235
    a836:	3f 4f       	sbci	r19, 0xFF	; 255
    a838:	04 c0       	rjmp	.+8      	; 0xa842 <Lcd_Text_NumberF+0x11c>
    a83a:	31 96       	adiw	r30, 0x01	; 1
    a83c:	e2 17       	cp	r30, r18
    a83e:	f3 07       	cpc	r31, r19
    a840:	b1 f2       	breq	.-84     	; 0xa7ee <Lcd_Text_NumberF+0xc8>
    a842:	80 81       	ld	r24, Z
    a844:	80 32       	cpi	r24, 0x20	; 32
    a846:	c9 f7       	brne	.-14     	; 0xa83a <Lcd_Text_NumberF+0x114>
    a848:	a0 82       	st	Z, r10
    a84a:	f7 cf       	rjmp	.-18     	; 0xa83a <Lcd_Text_NumberF+0x114>
    a84c:	25 e0       	ldi	r18, 0x05	; 5
    a84e:	93 cf       	rjmp	.-218    	; 0xa776 <Lcd_Text_NumberF+0x50>
    a850:	f4 01       	movw	r30, r8
    a852:	e2 0f       	add	r30, r18
    a854:	f3 1f       	adc	r31, r19
    a856:	8d 89       	ldd	r24, Y+21	; 0x15
    a858:	80 83       	st	Z, r24
    a85a:	a7 cf       	rjmp	.-178    	; 0xa7aa <Lcd_Text_NumberF+0x84>

0000a85c <colorsurface.2330>:
    a85c:	2f 92       	push	r2
    a85e:	3f 92       	push	r3
    a860:	f1 01       	movw	r30, r2
    a862:	e0 5a       	subi	r30, 0xA0	; 160
    a864:	ff 4f       	sbci	r31, 0xFF	; 255
    a866:	80 81       	ld	r24, Z
    a868:	90 e0       	ldi	r25, 0x00	; 0
    a86a:	ac 01       	movw	r20, r24
    a86c:	4f 5f       	subi	r20, 0xFF	; 255
    a86e:	5f 4f       	sbci	r21, 0xFF	; 255
    a870:	3f e1       	ldi	r19, 0x1F	; 31
    a872:	34 9f       	mul	r19, r20
    a874:	f0 01       	movw	r30, r0
    a876:	35 9f       	mul	r19, r21
    a878:	f0 0d       	add	r31, r0
    a87a:	11 24       	eor	r1, r1
    a87c:	e2 0d       	add	r30, r2
    a87e:	f3 1d       	adc	r31, r3
    a880:	20 81       	ld	r18, Z
    a882:	23 30       	cpi	r18, 0x03	; 3
    a884:	08 f4       	brcc	.+2      	; 0xa888 <colorsurface.2330+0x2c>
    a886:	60 c0       	rjmp	.+192    	; 0xa948 <colorsurface.2330+0xec>
    a888:	23 30       	cpi	r18, 0x03	; 3
    a88a:	09 f4       	brne	.+2      	; 0xa88e <colorsurface.2330+0x32>
    a88c:	b8 c0       	rjmp	.+368    	; 0xa9fe <colorsurface.2330+0x1a2>
    a88e:	26 30       	cpi	r18, 0x06	; 6
    a890:	09 f4       	brne	.+2      	; 0xa894 <colorsurface.2330+0x38>
    a892:	6a c0       	rjmp	.+212    	; 0xa968 <colorsurface.2330+0x10c>
    a894:	d1 01       	movw	r26, r2
    a896:	12 96       	adiw	r26, 0x02	; 2
    a898:	1c 92       	st	X, r1
    a89a:	24 30       	cpi	r18, 0x04	; 4
    a89c:	09 f0       	breq	.+2      	; 0xa8a0 <colorsurface.2330+0x44>
    a89e:	7a c0       	rjmp	.+244    	; 0xa994 <colorsurface.2330+0x138>
    a8a0:	2f e1       	ldi	r18, 0x1F	; 31
    a8a2:	28 9f       	mul	r18, r24
    a8a4:	f0 01       	movw	r30, r0
    a8a6:	29 9f       	mul	r18, r25
    a8a8:	f0 0d       	add	r31, r0
    a8aa:	11 24       	eor	r1, r1
    a8ac:	e2 0d       	add	r30, r2
    a8ae:	f3 1d       	adc	r31, r3
    a8b0:	27 85       	ldd	r18, Z+15	; 0x0f
    a8b2:	30 89       	ldd	r19, Z+16	; 0x10
    a8b4:	45 89       	ldd	r20, Z+21	; 0x15
    a8b6:	56 89       	ldd	r21, Z+22	; 0x16
    a8b8:	24 1b       	sub	r18, r20
    a8ba:	35 0b       	sbc	r19, r21
    a8bc:	30 8b       	std	Z+16, r19	; 0x10
    a8be:	27 87       	std	Z+15, r18	; 0x0f
    a8c0:	21 89       	ldd	r18, Z+17	; 0x11
    a8c2:	32 89       	ldd	r19, Z+18	; 0x12
    a8c4:	47 89       	ldd	r20, Z+23	; 0x17
    a8c6:	50 8d       	ldd	r21, Z+24	; 0x18
    a8c8:	24 1b       	sub	r18, r20
    a8ca:	35 0b       	sbc	r19, r21
    a8cc:	32 8b       	std	Z+18, r19	; 0x12
    a8ce:	21 8b       	std	Z+17, r18	; 0x11
    a8d0:	23 89       	ldd	r18, Z+19	; 0x13
    a8d2:	34 89       	ldd	r19, Z+20	; 0x14
    a8d4:	41 8d       	ldd	r20, Z+25	; 0x19
    a8d6:	52 8d       	ldd	r21, Z+26	; 0x1a
    a8d8:	24 1b       	sub	r18, r20
    a8da:	35 0b       	sbc	r19, r21
    a8dc:	34 8b       	std	Z+20, r19	; 0x14
    a8de:	23 8b       	std	Z+19, r18	; 0x13
    a8e0:	2f e1       	ldi	r18, 0x1F	; 31
    a8e2:	28 9f       	mul	r18, r24
    a8e4:	f0 01       	movw	r30, r0
    a8e6:	29 9f       	mul	r18, r25
    a8e8:	f0 0d       	add	r31, r0
    a8ea:	11 24       	eor	r1, r1
    a8ec:	e2 0d       	add	r30, r2
    a8ee:	f3 1d       	adc	r31, r3
    a8f0:	81 89       	ldd	r24, Z+17	; 0x11
    a8f2:	92 89       	ldd	r25, Z+18	; 0x12
    a8f4:	27 85       	ldd	r18, Z+15	; 0x0f
    a8f6:	30 89       	ldd	r19, Z+16	; 0x10
    a8f8:	22 27       	eor	r18, r18
    a8fa:	3c 77       	andi	r19, 0x7C	; 124
    a8fc:	22 0f       	add	r18, r18
    a8fe:	23 2f       	mov	r18, r19
    a900:	22 1f       	adc	r18, r18
    a902:	33 0b       	sbc	r19, r19
    a904:	ac 01       	movw	r20, r24
    a906:	44 27       	eor	r20, r20
    a908:	50 77       	andi	r21, 0x70	; 112
    a90a:	35 2f       	mov	r19, r21
    a90c:	35 95       	asr	r19
    a90e:	35 95       	asr	r19
    a910:	35 95       	asr	r19
    a912:	35 95       	asr	r19
    a914:	23 2b       	or	r18, r19
    a916:	20 93 11 01 	sts	0x0111, r18	; 0x800111 <KVB+0xa>
    a91a:	23 89       	ldd	r18, Z+19	; 0x13
    a91c:	34 89       	ldd	r19, Z+20	; 0x14
    a91e:	22 27       	eor	r18, r18
    a920:	3c 77       	andi	r19, 0x7C	; 124
    a922:	23 2f       	mov	r18, r19
    a924:	25 95       	asr	r18
    a926:	25 95       	asr	r18
    a928:	88 27       	eor	r24, r24
    a92a:	9e 70       	andi	r25, 0x0E	; 14
    a92c:	95 95       	asr	r25
    a92e:	87 95       	ror	r24
    a930:	95 95       	asr	r25
    a932:	87 95       	ror	r24
    a934:	95 95       	asr	r25
    a936:	87 95       	ror	r24
    a938:	95 95       	asr	r25
    a93a:	87 95       	ror	r24
    a93c:	82 2b       	or	r24, r18
    a93e:	80 93 10 01 	sts	0x0110, r24	; 0x800110 <KVB+0x9>
    a942:	3f 90       	pop	r3
    a944:	2f 90       	pop	r2
    a946:	08 95       	ret
    a948:	38 9f       	mul	r19, r24
    a94a:	f0 01       	movw	r30, r0
    a94c:	39 9f       	mul	r19, r25
    a94e:	f0 0d       	add	r31, r0
    a950:	11 24       	eor	r1, r1
    a952:	e2 0d       	add	r30, r2
    a954:	f3 1d       	adc	r31, r3
    a956:	87 85       	ldd	r24, Z+15	; 0x0f
    a958:	80 93 11 01 	sts	0x0111, r24	; 0x800111 <KVB+0xa>
    a95c:	81 89       	ldd	r24, Z+17	; 0x11
    a95e:	80 93 10 01 	sts	0x0110, r24	; 0x800110 <KVB+0x9>
    a962:	3f 90       	pop	r3
    a964:	2f 90       	pop	r2
    a966:	08 95       	ret
    a968:	21 e0       	ldi	r18, 0x01	; 1
    a96a:	d1 01       	movw	r26, r2
    a96c:	12 96       	adiw	r26, 0x02	; 2
    a96e:	2c 93       	st	X, r18
    a970:	12 97       	sbiw	r26, 0x02	; 2
    a972:	38 9f       	mul	r19, r24
    a974:	f0 01       	movw	r30, r0
    a976:	39 9f       	mul	r19, r25
    a978:	f0 0d       	add	r31, r0
    a97a:	11 24       	eor	r1, r1
    a97c:	e2 0d       	add	r30, r2
    a97e:	f3 1d       	adc	r31, r3
    a980:	40 a1       	ldd	r20, Z+32	; 0x20
    a982:	51 a1       	ldd	r21, Z+33	; 0x21
    a984:	2d 91       	ld	r18, X+
    a986:	3c 91       	ld	r19, X
    a988:	42 17       	cp	r20, r18
    a98a:	53 07       	cpc	r21, r19
    a98c:	b8 f4       	brcc	.+46     	; 0xa9bc <colorsurface.2330+0x160>
    a98e:	f1 01       	movw	r30, r2
    a990:	12 82       	std	Z+2, r1	; 0x02
    a992:	86 cf       	rjmp	.-244    	; 0xa8a0 <colorsurface.2330+0x44>
    a994:	38 9f       	mul	r19, r24
    a996:	f0 01       	movw	r30, r0
    a998:	39 9f       	mul	r19, r25
    a99a:	f0 0d       	add	r31, r0
    a99c:	11 24       	eor	r1, r1
    a99e:	e2 0d       	add	r30, r2
    a9a0:	f3 1d       	adc	r31, r3
    a9a2:	d1 01       	movw	r26, r2
    a9a4:	4d 91       	ld	r20, X+
    a9a6:	5c 91       	ld	r21, X
    a9a8:	20 a1       	ldd	r18, Z+32	; 0x20
    a9aa:	31 a1       	ldd	r19, Z+33	; 0x21
    a9ac:	24 17       	cp	r18, r20
    a9ae:	35 07       	cpc	r19, r21
    a9b0:	08 f0       	brcs	.+2      	; 0xa9b4 <colorsurface.2330+0x158>
    a9b2:	76 cf       	rjmp	.-276    	; 0xa8a0 <colorsurface.2330+0x44>
    a9b4:	21 e0       	ldi	r18, 0x01	; 1
    a9b6:	d1 01       	movw	r26, r2
    a9b8:	12 96       	adiw	r26, 0x02	; 2
    a9ba:	2c 93       	st	X, r18
    a9bc:	2f e1       	ldi	r18, 0x1F	; 31
    a9be:	28 9f       	mul	r18, r24
    a9c0:	f0 01       	movw	r30, r0
    a9c2:	29 9f       	mul	r18, r25
    a9c4:	f0 0d       	add	r31, r0
    a9c6:	11 24       	eor	r1, r1
    a9c8:	e2 0d       	add	r30, r2
    a9ca:	f3 1d       	adc	r31, r3
    a9cc:	47 85       	ldd	r20, Z+15	; 0x0f
    a9ce:	50 89       	ldd	r21, Z+16	; 0x10
    a9d0:	25 89       	ldd	r18, Z+21	; 0x15
    a9d2:	36 89       	ldd	r19, Z+22	; 0x16
    a9d4:	24 0f       	add	r18, r20
    a9d6:	35 1f       	adc	r19, r21
    a9d8:	30 8b       	std	Z+16, r19	; 0x10
    a9da:	27 87       	std	Z+15, r18	; 0x0f
    a9dc:	41 89       	ldd	r20, Z+17	; 0x11
    a9de:	52 89       	ldd	r21, Z+18	; 0x12
    a9e0:	27 89       	ldd	r18, Z+23	; 0x17
    a9e2:	30 8d       	ldd	r19, Z+24	; 0x18
    a9e4:	24 0f       	add	r18, r20
    a9e6:	35 1f       	adc	r19, r21
    a9e8:	32 8b       	std	Z+18, r19	; 0x12
    a9ea:	21 8b       	std	Z+17, r18	; 0x11
    a9ec:	43 89       	ldd	r20, Z+19	; 0x13
    a9ee:	54 89       	ldd	r21, Z+20	; 0x14
    a9f0:	21 8d       	ldd	r18, Z+25	; 0x19
    a9f2:	32 8d       	ldd	r19, Z+26	; 0x1a
    a9f4:	24 0f       	add	r18, r20
    a9f6:	35 1f       	adc	r19, r21
    a9f8:	34 8b       	std	Z+20, r19	; 0x14
    a9fa:	23 8b       	std	Z+19, r18	; 0x13
    a9fc:	71 cf       	rjmp	.-286    	; 0xa8e0 <colorsurface.2330+0x84>
    a9fe:	21 e0       	ldi	r18, 0x01	; 1
    aa00:	f1 01       	movw	r30, r2
    aa02:	22 83       	std	Z+2, r18	; 0x02
    aa04:	db cf       	rjmp	.-74     	; 0xa9bc <colorsurface.2330+0x160>

0000aa06 <lcd_Set_Grad_Color_MultiRoundPrintFlash>:
    aa06:	81 50       	subi	r24, 0x01	; 1
    aa08:	90 e0       	ldi	r25, 0x00	; 0
    aa0a:	fc 01       	movw	r30, r24
    aa0c:	ee 0f       	add	r30, r30
    aa0e:	ff 1f       	adc	r31, r31
    aa10:	8e 0f       	add	r24, r30
    aa12:	9f 1f       	adc	r25, r31
    aa14:	88 0f       	add	r24, r24
    aa16:	99 1f       	adc	r25, r25
    aa18:	fc 01       	movw	r30, r24
    aa1a:	e0 50       	subi	r30, 0x00	; 0
    aa1c:	ff 4b       	sbci	r31, 0xBF	; 191
    aa1e:	64 91       	lpm	r22, Z
    aa20:	fc 01       	movw	r30, r24
    aa22:	ef 5f       	subi	r30, 0xFF	; 255
    aa24:	fe 4b       	sbci	r31, 0xBE	; 190
    aa26:	34 91       	lpm	r19, Z
    aa28:	fc 01       	movw	r30, r24
    aa2a:	ee 5f       	subi	r30, 0xFE	; 254
    aa2c:	fe 4b       	sbci	r31, 0xBE	; 190
    aa2e:	44 91       	lpm	r20, Z
    aa30:	fc 01       	movw	r30, r24
    aa32:	ed 5f       	subi	r30, 0xFD	; 253
    aa34:	fe 4b       	sbci	r31, 0xBE	; 190
    aa36:	54 91       	lpm	r21, Z
    aa38:	fc 01       	movw	r30, r24
    aa3a:	ec 5f       	subi	r30, 0xFC	; 252
    aa3c:	fe 4b       	sbci	r31, 0xBE	; 190
    aa3e:	24 91       	lpm	r18, Z
    aa40:	fc 01       	movw	r30, r24
    aa42:	eb 5f       	subi	r30, 0xFB	; 251
    aa44:	fe 4b       	sbci	r31, 0xBE	; 190
    aa46:	84 91       	lpm	r24, Z
    aa48:	a0 e6       	ldi	r26, 0x60	; 96
    aa4a:	b1 e0       	ldi	r27, 0x01	; 1
    aa4c:	e6 2f       	mov	r30, r22
    aa4e:	e8 7f       	andi	r30, 0xF8	; 248
    aa50:	63 2f       	mov	r22, r19
    aa52:	62 95       	swap	r22
    aa54:	66 95       	lsr	r22
    aa56:	67 70       	andi	r22, 0x07	; 7
    aa58:	e6 2b       	or	r30, r22
    aa5a:	18 96       	adiw	r26, 0x08	; 8
    aa5c:	ec 93       	st	X, r30
    aa5e:	18 97       	sbiw	r26, 0x08	; 8
    aa60:	e3 2f       	mov	r30, r19
    aa62:	ec 71       	andi	r30, 0x1C	; 28
    aa64:	ee 0f       	add	r30, r30
    aa66:	ee 0f       	add	r30, r30
    aa68:	ee 0f       	add	r30, r30
    aa6a:	46 95       	lsr	r20
    aa6c:	46 95       	lsr	r20
    aa6e:	46 95       	lsr	r20
    aa70:	e4 2b       	or	r30, r20
    aa72:	19 96       	adiw	r26, 0x09	; 9
    aa74:	ec 93       	st	X, r30
    aa76:	19 97       	sbiw	r26, 0x09	; 9
    aa78:	e5 2f       	mov	r30, r21
    aa7a:	e8 7f       	andi	r30, 0xF8	; 248
    aa7c:	52 2f       	mov	r21, r18
    aa7e:	52 95       	swap	r21
    aa80:	56 95       	lsr	r21
    aa82:	57 70       	andi	r21, 0x07	; 7
    aa84:	e5 2b       	or	r30, r21
    aa86:	1a 96       	adiw	r26, 0x0a	; 10
    aa88:	ec 93       	st	X, r30
    aa8a:	1a 97       	sbiw	r26, 0x0a	; 10
    aa8c:	e2 2f       	mov	r30, r18
    aa8e:	ec 71       	andi	r30, 0x1C	; 28
    aa90:	ee 0f       	add	r30, r30
    aa92:	ee 0f       	add	r30, r30
    aa94:	ee 0f       	add	r30, r30
    aa96:	86 95       	lsr	r24
    aa98:	86 95       	lsr	r24
    aa9a:	86 95       	lsr	r24
    aa9c:	e8 2b       	or	r30, r24
    aa9e:	1b 96       	adiw	r26, 0x0b	; 11
    aaa0:	ec 93       	st	X, r30
    aaa2:	08 95       	ret

0000aaa4 <Lcd_Multi_three_Round>:
    aaa4:	2f 92       	push	r2
    aaa6:	3f 92       	push	r3
    aaa8:	4f 92       	push	r4
    aaaa:	5f 92       	push	r5
    aaac:	6f 92       	push	r6
    aaae:	7f 92       	push	r7
    aab0:	8f 92       	push	r8
    aab2:	9f 92       	push	r9
    aab4:	af 92       	push	r10
    aab6:	bf 92       	push	r11
    aab8:	cf 92       	push	r12
    aaba:	df 92       	push	r13
    aabc:	ef 92       	push	r14
    aabe:	ff 92       	push	r15
    aac0:	0f 93       	push	r16
    aac2:	1f 93       	push	r17
    aac4:	cf 93       	push	r28
    aac6:	df 93       	push	r29
    aac8:	cd b7       	in	r28, 0x3d	; 61
    aaca:	de b7       	in	r29, 0x3e	; 62
    aacc:	c2 57       	subi	r28, 0x72	; 114
    aace:	d1 09       	sbc	r29, r1
    aad0:	0f b6       	in	r0, 0x3f	; 63
    aad2:	f8 94       	cli
    aad4:	de bf       	out	0x3e, r29	; 62
    aad6:	0f be       	out	0x3f, r0	; 63
    aad8:	cd bf       	out	0x3d, r28	; 61
    aada:	ad 96       	adiw	r28, 0x2d	; 45
    aadc:	8f af       	std	Y+63, r24	; 0x3f
    aade:	ad 97       	sbiw	r28, 0x2d	; 45
    aae0:	96 2e       	mov	r9, r22
    aae2:	2a 01       	movw	r4, r20
    aae4:	39 01       	movw	r6, r18
    aae6:	18 01       	movw	r2, r16
    aae8:	aa 96       	adiw	r28, 0x2a	; 42
    aaea:	cf ae       	std	Y+63, r12	; 0x3f
    aaec:	aa 97       	sbiw	r28, 0x2a	; 42
    aaee:	1a 2d       	mov	r17, r10
    aaf0:	c6 57       	subi	r28, 0x76	; 118
    aaf2:	df 4f       	sbci	r29, 0xFF	; 255
    aaf4:	08 81       	ld	r16, Y
    aaf6:	ca 58       	subi	r28, 0x8A	; 138
    aaf8:	d0 40       	sbci	r29, 0x00	; 0
    aafa:	21 e0       	ldi	r18, 0x01	; 1
    aafc:	22 1a       	sub	r2, r18
    aafe:	31 08       	sbc	r3, r1
    ab00:	31 e0       	ldi	r19, 0x01	; 1
    ab02:	e3 1a       	sub	r14, r19
    ab04:	f1 08       	sbc	r15, r1
    ab06:	94 98       	cbi	0x12, 4	; 18
    ab08:	88 23       	and	r24, r24
    ab0a:	09 f4       	brne	.+2      	; 0xab0e <Lcd_Multi_three_Round+0x6a>
    ab0c:	90 c0       	rjmp	.+288    	; 0xac2e <Lcd_Multi_three_Round+0x18a>
    ab0e:	50 91 0d 01 	lds	r21, 0x010D	; 0x80010d <KVB+0x6>
    ab12:	ae 96       	adiw	r28, 0x2e	; 46
    ab14:	5f af       	std	Y+63, r21	; 0x3f
    ab16:	ae 97       	sbiw	r28, 0x2e	; 46
    ab18:	51 30       	cpi	r21, 0x01	; 1
    ab1a:	09 f4       	brne	.+2      	; 0xab1e <Lcd_Multi_three_Round+0x7a>
    ab1c:	8a c5       	rjmp	.+2836   	; 0xb632 <Lcd_Multi_three_Round+0xb8e>
    ab1e:	08 f4       	brcc	.+2      	; 0xab22 <Lcd_Multi_three_Round+0x7e>
    ab20:	b6 c5       	rjmp	.+2924   	; 0xb68e <Lcd_Multi_three_Round+0xbea>
    ab22:	52 30       	cpi	r21, 0x02	; 2
    ab24:	09 f4       	brne	.+2      	; 0xab28 <Lcd_Multi_three_Round+0x84>
    ab26:	a9 c5       	rjmp	.+2898   	; 0xb67a <Lcd_Multi_three_Round+0xbd6>
    ab28:	53 30       	cpi	r21, 0x03	; 3
    ab2a:	09 f0       	breq	.+2      	; 0xab2e <Lcd_Multi_three_Round+0x8a>
    ab2c:	8a c5       	rjmp	.+2836   	; 0xb642 <Lcd_Multi_three_Round+0xb9e>
    ab2e:	c0 90 0b 01 	lds	r12, 0x010B	; 0x80010b <KVB+0x4>
    ab32:	d0 90 0c 01 	lds	r13, 0x010C	; 0x80010c <KVB+0x5>
    ab36:	c6 18       	sub	r12, r6
    ab38:	d7 08       	sbc	r13, r7
    ab3a:	ce 18       	sub	r12, r14
    ab3c:	df 08       	sbc	r13, r15
    ab3e:	80 e0       	ldi	r24, 0x00	; 0
    ab40:	0e 94 1f 22 	call	0x443e	; 0x443e <LCD_SET_ORIENTATION>
    ab44:	92 2d       	mov	r25, r2
    ab46:	83 2d       	mov	r24, r3
    ab48:	17 01       	movw	r2, r14
    ab4a:	e9 2e       	mov	r14, r25
    ab4c:	f8 2e       	mov	r15, r24
    ab4e:	32 01       	movw	r6, r4
    ab50:	26 01       	movw	r4, r12
    ab52:	aa 96       	adiw	r28, 0x2a	; 42
    ab54:	6f ad       	ldd	r22, Y+63	; 0x3f
    ab56:	aa 97       	sbiw	r28, 0x2a	; 42
    ab58:	66 23       	and	r22, r22
    ab5a:	09 f4       	brne	.+2      	; 0xab5e <Lcd_Multi_three_Round+0xba>
    ab5c:	70 c0       	rjmp	.+224    	; 0xac3e <Lcd_Multi_three_Round+0x19a>
    ab5e:	aa 96       	adiw	r28, 0x2a	; 42
    ab60:	9f ad       	ldd	r25, Y+63	; 0x3f
    ab62:	aa 97       	sbiw	r28, 0x2a	; 42
    ab64:	89 2f       	mov	r24, r25
    ab66:	90 e0       	ldi	r25, 0x00	; 0
    ab68:	ac 96       	adiw	r28, 0x2c	; 44
    ab6a:	9f af       	std	Y+63, r25	; 0x3f
    ab6c:	8e af       	std	Y+62, r24	; 0x3e
    ab6e:	ac 97       	sbiw	r28, 0x2c	; 44
    ab70:	ac 01       	movw	r20, r24
    ab72:	a8 2d       	mov	r26, r8
    ab74:	b0 e0       	ldi	r27, 0x00	; 0
    ab76:	a0 2e       	mov	r10, r16
    ab78:	b1 2c       	mov	r11, r1
    ab7a:	6d 01       	movw	r12, r26
    ab7c:	ca 0c       	add	r12, r10
    ab7e:	db 1c       	adc	r13, r11
    ab80:	c6 01       	movw	r24, r12
    ab82:	01 96       	adiw	r24, 0x01	; 1
    ab84:	84 17       	cp	r24, r20
    ab86:	95 07       	cpc	r25, r21
    ab88:	0c f4       	brge	.+2      	; 0xab8c <Lcd_Multi_three_Round+0xe8>
    ab8a:	0c c4       	rjmp	.+2072   	; 0xb3a4 <Lcd_Multi_three_Round+0x900>
    ab8c:	82 e0       	ldi	r24, 0x02	; 2
    ab8e:	80 0f       	add	r24, r16
    ab90:	88 0d       	add	r24, r8
    ab92:	aa 96       	adiw	r28, 0x2a	; 42
    ab94:	8f af       	std	Y+63, r24	; 0x3f
    ab96:	aa 97       	sbiw	r28, 0x2a	; 42
    ab98:	48 2f       	mov	r20, r24
    ab9a:	50 e0       	ldi	r21, 0x00	; 0
    ab9c:	ac 96       	adiw	r28, 0x2c	; 44
    ab9e:	5f af       	std	Y+63, r21	; 0x3f
    aba0:	4e af       	std	Y+62, r20	; 0x3e
    aba2:	ac 97       	sbiw	r28, 0x2c	; 44
    aba4:	81 e0       	ldi	r24, 0x01	; 1
    aba6:	90 e0       	ldi	r25, 0x00	; 0
    aba8:	fc 01       	movw	r30, r24
    abaa:	e4 1b       	sub	r30, r20
    abac:	f5 0b       	sbc	r31, r21
    abae:	c8 57       	subi	r28, 0x78	; 120
    abb0:	df 4f       	sbci	r29, 0xFF	; 255
    abb2:	28 81       	ld	r18, Y
    abb4:	c8 58       	subi	r28, 0x88	; 136
    abb6:	d0 40       	sbci	r29, 0x00	; 0
    abb8:	21 11       	cpse	r18, r1
    abba:	58 c0       	rjmp	.+176    	; 0xac6c <Lcd_Multi_three_Round+0x1c8>
    abbc:	af 96       	adiw	r28, 0x2f	; 47
    abbe:	1f ae       	std	Y+63, r1	; 0x3f
    abc0:	af 97       	sbiw	r28, 0x2f	; 47
    abc2:	c7 57       	subi	r28, 0x77	; 119
    abc4:	df 4f       	sbci	r29, 0xFF	; 255
    abc6:	78 81       	ld	r23, Y
    abc8:	c9 58       	subi	r28, 0x89	; 137
    abca:	d0 40       	sbci	r29, 0x00	; 0
    abcc:	77 23       	and	r23, r23
    abce:	09 f4       	brne	.+2      	; 0xabd2 <Lcd_Multi_three_Round+0x12e>
    abd0:	63 c0       	rjmp	.+198    	; 0xac98 <Lcd_Multi_three_Round+0x1f4>
    abd2:	27 2f       	mov	r18, r23
    abd4:	77 0f       	add	r23, r23
    abd6:	33 0b       	sbc	r19, r19
    abd8:	a2 17       	cp	r26, r18
    abda:	b3 07       	cpc	r27, r19
    abdc:	0c f0       	brlt	.+2      	; 0xabe0 <Lcd_Multi_three_Round+0x13c>
    abde:	c9 c3       	rjmp	.+1938   	; 0xb372 <Lcd_Multi_three_Round+0x8ce>
    abe0:	c7 57       	subi	r28, 0x77	; 119
    abe2:	df 4f       	sbci	r29, 0xFF	; 255
    abe4:	88 82       	st	Y, r8
    abe6:	c9 58       	subi	r28, 0x89	; 137
    abe8:	d0 40       	sbci	r29, 0x00	; 0
    abea:	88 2d       	mov	r24, r8
    abec:	08 2c       	mov	r0, r8
    abee:	00 0c       	add	r0, r0
    abf0:	99 0b       	sbc	r25, r25
    abf2:	e1 96       	adiw	r28, 0x31	; 49
    abf4:	9f af       	std	Y+63, r25	; 0x3f
    abf6:	8e af       	std	Y+62, r24	; 0x3e
    abf8:	e1 97       	sbiw	r28, 0x31	; 49
    abfa:	88 2d       	mov	r24, r8
    abfc:	c4 57       	subi	r28, 0x74	; 116
    abfe:	df 4f       	sbci	r29, 0xFF	; 255
    ac00:	38 81       	ld	r19, Y
    ac02:	cc 58       	subi	r28, 0x8C	; 140
    ac04:	d0 40       	sbci	r29, 0x00	; 0
    ac06:	31 11       	cpse	r19, r1
    ac08:	54 c0       	rjmp	.+168    	; 0xacb2 <Lcd_Multi_three_Round+0x20e>
    ac0a:	90 e0       	ldi	r25, 0x00	; 0
    ac0c:	c3 57       	subi	r28, 0x73	; 115
    ac0e:	df 4f       	sbci	r29, 0xFF	; 255
    ac10:	68 81       	ld	r22, Y
    ac12:	cd 58       	subi	r28, 0x8D	; 141
    ac14:	d0 40       	sbci	r29, 0x00	; 0
    ac16:	66 23       	and	r22, r22
    ac18:	09 f4       	brne	.+2      	; 0xac1c <Lcd_Multi_three_Round+0x178>
    ac1a:	5e c0       	rjmp	.+188    	; 0xacd8 <Lcd_Multi_three_Round+0x234>
    ac1c:	26 2f       	mov	r18, r22
    ac1e:	66 0f       	add	r22, r22
    ac20:	33 0b       	sbc	r19, r19
    ac22:	a2 16       	cp	r10, r18
    ac24:	b3 06       	cpc	r11, r19
    ac26:	0c f0       	brlt	.+2      	; 0xac2a <Lcd_Multi_three_Round+0x186>
    ac28:	ce c3       	rjmp	.+1948   	; 0xb3c6 <Lcd_Multi_three_Round+0x922>
    ac2a:	20 2f       	mov	r18, r16
    ac2c:	56 c0       	rjmp	.+172    	; 0xacda <Lcd_Multi_three_Round+0x236>
    ac2e:	ae 96       	adiw	r28, 0x2e	; 46
    ac30:	1f ae       	std	Y+63, r1	; 0x3f
    ac32:	ae 97       	sbiw	r28, 0x2e	; 46
    ac34:	aa 96       	adiw	r28, 0x2a	; 42
    ac36:	6f ad       	ldd	r22, Y+63	; 0x3f
    ac38:	aa 97       	sbiw	r28, 0x2a	; 42
    ac3a:	61 11       	cpse	r22, r1
    ac3c:	90 cf       	rjmp	.-224    	; 0xab5e <Lcd_Multi_three_Round+0xba>
    ac3e:	a8 2d       	mov	r26, r8
    ac40:	b0 e0       	ldi	r27, 0x00	; 0
    ac42:	a0 2e       	mov	r10, r16
    ac44:	b1 2c       	mov	r11, r1
    ac46:	6d 01       	movw	r12, r26
    ac48:	ca 0c       	add	r12, r10
    ac4a:	db 1c       	adc	r13, r11
    ac4c:	e1 e0       	ldi	r30, 0x01	; 1
    ac4e:	f0 e0       	ldi	r31, 0x00	; 0
    ac50:	ac 96       	adiw	r28, 0x2c	; 44
    ac52:	1f ae       	std	Y+63, r1	; 0x3f
    ac54:	1e ae       	std	Y+62, r1	; 0x3e
    ac56:	ac 97       	sbiw	r28, 0x2c	; 44
    ac58:	40 e0       	ldi	r20, 0x00	; 0
    ac5a:	50 e0       	ldi	r21, 0x00	; 0
    ac5c:	c8 57       	subi	r28, 0x78	; 120
    ac5e:	df 4f       	sbci	r29, 0xFF	; 255
    ac60:	28 81       	ld	r18, Y
    ac62:	c8 58       	subi	r28, 0x88	; 136
    ac64:	d0 40       	sbci	r29, 0x00	; 0
    ac66:	22 23       	and	r18, r18
    ac68:	09 f4       	brne	.+2      	; 0xac6c <Lcd_Multi_three_Round+0x1c8>
    ac6a:	a8 cf       	rjmp	.-176    	; 0xabbc <Lcd_Multi_three_Round+0x118>
    ac6c:	82 2f       	mov	r24, r18
    ac6e:	22 0f       	add	r18, r18
    ac70:	99 0b       	sbc	r25, r25
    ac72:	a8 17       	cp	r26, r24
    ac74:	b9 07       	cpc	r27, r25
    ac76:	0c f0       	brlt	.+2      	; 0xac7a <Lcd_Multi_three_Round+0x1d6>
    ac78:	69 c3       	rjmp	.+1746   	; 0xb34c <Lcd_Multi_three_Round+0x8a8>
    ac7a:	c8 57       	subi	r28, 0x78	; 120
    ac7c:	df 4f       	sbci	r29, 0xFF	; 255
    ac7e:	88 82       	st	Y, r8
    ac80:	c8 58       	subi	r28, 0x88	; 136
    ac82:	d0 40       	sbci	r29, 0x00	; 0
    ac84:	af 96       	adiw	r28, 0x2f	; 47
    ac86:	8f ae       	std	Y+63, r8	; 0x3f
    ac88:	af 97       	sbiw	r28, 0x2f	; 47
    ac8a:	c7 57       	subi	r28, 0x77	; 119
    ac8c:	df 4f       	sbci	r29, 0xFF	; 255
    ac8e:	78 81       	ld	r23, Y
    ac90:	c9 58       	subi	r28, 0x89	; 137
    ac92:	d0 40       	sbci	r29, 0x00	; 0
    ac94:	71 11       	cpse	r23, r1
    ac96:	9d cf       	rjmp	.-198    	; 0xabd2 <Lcd_Multi_three_Round+0x12e>
    ac98:	e1 96       	adiw	r28, 0x31	; 49
    ac9a:	1f ae       	std	Y+63, r1	; 0x3f
    ac9c:	1e ae       	std	Y+62, r1	; 0x3e
    ac9e:	e1 97       	sbiw	r28, 0x31	; 49
    aca0:	80 e0       	ldi	r24, 0x00	; 0
    aca2:	c4 57       	subi	r28, 0x74	; 116
    aca4:	df 4f       	sbci	r29, 0xFF	; 255
    aca6:	38 81       	ld	r19, Y
    aca8:	cc 58       	subi	r28, 0x8C	; 140
    acaa:	d0 40       	sbci	r29, 0x00	; 0
    acac:	33 23       	and	r19, r19
    acae:	09 f4       	brne	.+2      	; 0xacb2 <Lcd_Multi_three_Round+0x20e>
    acb0:	ac cf       	rjmp	.-168    	; 0xac0a <Lcd_Multi_three_Round+0x166>
    acb2:	63 2f       	mov	r22, r19
    acb4:	33 0f       	add	r19, r19
    acb6:	77 0b       	sbc	r23, r23
    acb8:	22 27       	eor	r18, r18
    acba:	33 27       	eor	r19, r19
    acbc:	2a 19       	sub	r18, r10
    acbe:	3b 09       	sbc	r19, r11
    acc0:	62 17       	cp	r22, r18
    acc2:	73 07       	cpc	r23, r19
    acc4:	0c f0       	brlt	.+2      	; 0xacc8 <Lcd_Multi_three_Round+0x224>
    acc6:	8a c3       	rjmp	.+1812   	; 0xb3dc <Lcd_Multi_three_Round+0x938>
    acc8:	90 2f       	mov	r25, r16
    acca:	c3 57       	subi	r28, 0x73	; 115
    accc:	df 4f       	sbci	r29, 0xFF	; 255
    acce:	68 81       	ld	r22, Y
    acd0:	cd 58       	subi	r28, 0x8D	; 141
    acd2:	d0 40       	sbci	r29, 0x00	; 0
    acd4:	61 11       	cpse	r22, r1
    acd6:	a2 cf       	rjmp	.-188    	; 0xac1c <Lcd_Multi_three_Round+0x178>
    acd8:	20 e0       	ldi	r18, 0x00	; 0
    acda:	b3 01       	movw	r22, r6
    acdc:	6e 0d       	add	r22, r14
    acde:	7f 1d       	adc	r23, r15
    ace0:	a4 96       	adiw	r28, 0x24	; 36
    ace2:	7f af       	std	Y+63, r23	; 0x3f
    ace4:	6e af       	std	Y+62, r22	; 0x3e
    ace6:	a4 97       	sbiw	r28, 0x24	; 36
    ace8:	b2 01       	movw	r22, r4
    acea:	64 0f       	add	r22, r20
    acec:	75 1f       	adc	r23, r21
    acee:	a7 96       	adiw	r28, 0x27	; 39
    acf0:	7f af       	std	Y+63, r23	; 0x3f
    acf2:	6e af       	std	Y+62, r22	; 0x3e
    acf4:	a7 97       	sbiw	r28, 0x27	; 39
    acf6:	42 0c       	add	r4, r2
    acf8:	53 1c       	adc	r5, r3
    acfa:	b2 01       	movw	r22, r4
    acfc:	64 1b       	sub	r22, r20
    acfe:	75 0b       	sbc	r23, r21
    ad00:	a9 96       	adiw	r28, 0x29	; 41
    ad02:	7f af       	std	Y+63, r23	; 0x3f
    ad04:	6e af       	std	Y+62, r22	; 0x3e
    ad06:	a9 97       	sbiw	r28, 0x29	; 41
    ad08:	a4 96       	adiw	r28, 0x24	; 36
    ad0a:	6e ad       	ldd	r22, Y+62	; 0x3e
    ad0c:	7f ad       	ldd	r23, Y+63	; 0x3f
    ad0e:	a4 97       	sbiw	r28, 0x24	; 36
    ad10:	64 1b       	sub	r22, r20
    ad12:	75 0b       	sbc	r23, r21
    ad14:	e3 96       	adiw	r28, 0x33	; 51
    ad16:	7f af       	std	Y+63, r23	; 0x3f
    ad18:	6e af       	std	Y+62, r22	; 0x3e
    ad1a:	e3 97       	sbiw	r28, 0x33	; 51
    ad1c:	1e 86       	std	Y+14, r1	; 0x0e
    ad1e:	1f 86       	std	Y+15, r1	; 0x0f
    ad20:	c8 57       	subi	r28, 0x78	; 120
    ad22:	df 4f       	sbci	r29, 0xFF	; 255
    ad24:	78 81       	ld	r23, Y
    ad26:	c8 58       	subi	r28, 0x88	; 136
    ad28:	d0 40       	sbci	r29, 0x00	; 0
    ad2a:	7d a7       	std	Y+45, r23	; 0x2d
    ad2c:	c7 57       	subi	r28, 0x77	; 119
    ad2e:	df 4f       	sbci	r29, 0xFF	; 255
    ad30:	38 81       	ld	r19, Y
    ad32:	c9 58       	subi	r28, 0x89	; 137
    ad34:	d0 40       	sbci	r29, 0x00	; 0
    ad36:	3e a7       	std	Y+46, r19	; 0x2e
    ad38:	af 96       	adiw	r28, 0x2f	; 47
    ad3a:	5f ad       	ldd	r21, Y+63	; 0x3f
    ad3c:	af 97       	sbiw	r28, 0x2f	; 47
    ad3e:	95 0f       	add	r25, r21
    ad40:	2d 96       	adiw	r28, 0x0d	; 13
    ad42:	9f af       	std	Y+63, r25	; 0x3f
    ad44:	2d 97       	sbiw	r28, 0x0d	; 13
    ad46:	82 0f       	add	r24, r18
    ad48:	2e 96       	adiw	r28, 0x0e	; 14
    ad4a:	8f af       	std	Y+63, r24	; 0x3f
    ad4c:	2e 97       	sbiw	r28, 0x0e	; 14
    ad4e:	7a 82       	std	Y+2, r7	; 0x02
    ad50:	69 82       	std	Y+1, r6	; 0x01
    ad52:	1b 82       	std	Y+3, r1	; 0x03
    ad54:	fd 83       	std	Y+5, r31	; 0x05
    ad56:	ec 83       	std	Y+4, r30	; 0x04
    ad58:	aa 96       	adiw	r28, 0x2a	; 42
    ad5a:	6f ad       	ldd	r22, Y+63	; 0x3f
    ad5c:	aa 97       	sbiw	r28, 0x2a	; 42
    ad5e:	6f 83       	std	Y+7, r22	; 0x07
    ad60:	1e 82       	std	Y+6, r1	; 0x06
    ad62:	18 86       	std	Y+8, r1	; 0x08
    ad64:	1d 86       	std	Y+13, r1	; 0x0d
    ad66:	fd 8e       	std	Y+29, r15	; 0x1d
    ad68:	ec 8e       	std	Y+28, r14	; 0x1c
    ad6a:	97 01       	movw	r18, r14
    ad6c:	35 95       	asr	r19
    ad6e:	27 95       	ror	r18
    ad70:	3f 8f       	std	Y+31, r19	; 0x1f
    ad72:	2e 8f       	std	Y+30, r18	; 0x1e
    ad74:	18 a3       	std	Y+32, r17	; 0x20
    ad76:	f9 01       	movw	r30, r18
    ad78:	e6 0d       	add	r30, r6
    ad7a:	f7 1d       	adc	r31, r7
    ad7c:	fa a3       	std	Y+34, r31	; 0x22
    ad7e:	e9 a3       	std	Y+33, r30	; 0x21
    ad80:	ac 96       	adiw	r28, 0x2c	; 44
    ad82:	6e ad       	ldd	r22, Y+62	; 0x3e
    ad84:	7f ad       	ldd	r23, Y+63	; 0x3f
    ad86:	ac 97       	sbiw	r28, 0x2c	; 44
    ad88:	6a 1b       	sub	r22, r26
    ad8a:	7b 0b       	sbc	r23, r27
    ad8c:	41 e0       	ldi	r20, 0x01	; 1
    ad8e:	50 e0       	ldi	r21, 0x00	; 0
    ad90:	9a 01       	movw	r18, r20
    ad92:	26 1b       	sub	r18, r22
    ad94:	37 0b       	sbc	r19, r23
    ad96:	3c a3       	std	Y+36, r19	; 0x24
    ad98:	2b a3       	std	Y+35, r18	; 0x23
    ad9a:	aa 96       	adiw	r28, 0x2a	; 42
    ad9c:	9f ad       	ldd	r25, Y+63	; 0x3f
    ad9e:	aa 97       	sbiw	r28, 0x2a	; 42
    ada0:	98 19       	sub	r25, r8
    ada2:	9e a3       	std	Y+38, r25	; 0x26
    ada4:	1d a2       	std	Y+37, r1	; 0x25
    ada6:	1f a2       	std	Y+39, r1	; 0x27
    ada8:	8c a6       	std	Y+44, r8	; 0x2c
    adaa:	9d 01       	movw	r18, r26
    adac:	22 0f       	add	r18, r18
    adae:	33 1f       	adc	r19, r19
    adb0:	d7 01       	movw	r26, r14
    adb2:	a2 1b       	sub	r26, r18
    adb4:	b3 0b       	sbc	r27, r19
    adb6:	9d 01       	movw	r18, r26
    adb8:	bc af       	std	Y+60, r27	; 0x3c
    adba:	ab af       	std	Y+59, r26	; 0x3b
    adbc:	35 95       	asr	r19
    adbe:	27 95       	ror	r18
    adc0:	3e af       	std	Y+62, r19	; 0x3e
    adc2:	2d af       	std	Y+61, r18	; 0x3d
    adc4:	c9 57       	subi	r28, 0x79	; 121
    adc6:	df 4f       	sbci	r29, 0xFF	; 255
    adc8:	28 81       	ld	r18, Y
    adca:	c7 58       	subi	r28, 0x87	; 135
    adcc:	d0 40       	sbci	r29, 0x00	; 0
    adce:	2f af       	std	Y+63, r18	; 0x3f
    add0:	e1 96       	adiw	r28, 0x31	; 49
    add2:	2e ad       	ldd	r18, Y+62	; 0x3e
    add4:	3f ad       	ldd	r19, Y+63	; 0x3f
    add6:	e1 97       	sbiw	r28, 0x31	; 49
    add8:	2e 0f       	add	r18, r30
    adda:	3f 1f       	adc	r19, r31
    addc:	22 96       	adiw	r28, 0x02	; 2
    adde:	3f af       	std	Y+63, r19	; 0x3f
    ade0:	2e af       	std	Y+62, r18	; 0x3e
    ade2:	22 97       	sbiw	r28, 0x02	; 2
    ade4:	6a 19       	sub	r22, r10
    ade6:	7b 09       	sbc	r23, r11
    ade8:	46 1b       	sub	r20, r22
    adea:	57 0b       	sbc	r21, r23
    adec:	24 96       	adiw	r28, 0x04	; 4
    adee:	5f af       	std	Y+63, r21	; 0x3f
    adf0:	4e af       	std	Y+62, r20	; 0x3e
    adf2:	24 97       	sbiw	r28, 0x04	; 4
    adf4:	90 1b       	sub	r25, r16
    adf6:	26 96       	adiw	r28, 0x06	; 6
    adf8:	9f af       	std	Y+63, r25	; 0x3f
    adfa:	26 97       	sbiw	r28, 0x06	; 6
    adfc:	25 96       	adiw	r28, 0x05	; 5
    adfe:	1f ae       	std	Y+63, r1	; 0x3f
    ae00:	25 97       	sbiw	r28, 0x05	; 5
    ae02:	27 96       	adiw	r28, 0x07	; 7
    ae04:	1f ae       	std	Y+63, r1	; 0x3f
    ae06:	27 97       	sbiw	r28, 0x07	; 7
    ae08:	80 0e       	add	r8, r16
    ae0a:	2c 96       	adiw	r28, 0x0c	; 12
    ae0c:	8f ae       	std	Y+63, r8	; 0x3f
    ae0e:	2c 97       	sbiw	r28, 0x0c	; 12
    ae10:	cc 0c       	add	r12, r12
    ae12:	dd 1c       	adc	r13, r13
    ae14:	ec 18       	sub	r14, r12
    ae16:	fd 08       	sbc	r15, r13
    ae18:	6c 96       	adiw	r28, 0x1c	; 28
    ae1a:	ff ae       	std	Y+63, r15	; 0x3f
    ae1c:	ee ae       	std	Y+62, r14	; 0x3e
    ae1e:	6c 97       	sbiw	r28, 0x1c	; 28
    ae20:	f5 94       	asr	r15
    ae22:	e7 94       	ror	r14
    ae24:	6e 96       	adiw	r28, 0x1e	; 30
    ae26:	ff ae       	std	Y+63, r15	; 0x3f
    ae28:	ee ae       	std	Y+62, r14	; 0x3e
    ae2a:	6e 97       	sbiw	r28, 0x1e	; 30
    ae2c:	2e 01       	movw	r4, r28
    ae2e:	be e5       	ldi	r27, 0x5E	; 94
    ae30:	4b 0e       	add	r4, r27
    ae32:	51 1c       	adc	r5, r1
    ae34:	c5 57       	subi	r28, 0x75	; 117
    ae36:	df 4f       	sbci	r29, 0xFF	; 255
    ae38:	98 81       	ld	r25, Y
    ae3a:	cb 58       	subi	r28, 0x8B	; 139
    ae3c:	d0 40       	sbci	r29, 0x00	; 0
    ae3e:	f2 01       	movw	r30, r4
    ae40:	90 83       	st	Z, r25
    ae42:	28 0f       	add	r18, r24
    ae44:	31 1d       	adc	r19, r1
    ae46:	87 fd       	sbrc	r24, 7
    ae48:	3a 95       	dec	r19
    ae4a:	a1 96       	adiw	r28, 0x21	; 33
    ae4c:	3f af       	std	Y+63, r19	; 0x3f
    ae4e:	2e af       	std	Y+62, r18	; 0x3e
    ae50:	a1 97       	sbiw	r28, 0x21	; 33
    ae52:	f2 e1       	ldi	r31, 0x12	; 18
    ae54:	9f 9e       	mul	r9, r31
    ae56:	c0 01       	movw	r24, r0
    ae58:	11 24       	eor	r1, r1
    ae5a:	9c 01       	movw	r18, r24
    ae5c:	2c 5a       	subi	r18, 0xAC	; 172
    ae5e:	3e 4b       	sbci	r19, 0xBE	; 190
    ae60:	19 01       	movw	r2, r18
    ae62:	27 e0       	ldi	r18, 0x07	; 7
    ae64:	a2 2e       	mov	r10, r18
    ae66:	21 e0       	ldi	r18, 0x01	; 1
    ae68:	b2 2e       	mov	r11, r18
    ae6a:	be 01       	movw	r22, r28
    ae6c:	6f 5f       	subi	r22, 0xFF	; 255
    ae6e:	7f 4f       	sbci	r23, 0xFF	; 255
    ae70:	7b 01       	movw	r14, r22
    ae72:	c1 2c       	mov	r12, r1
    ae74:	d1 2c       	mov	r13, r1
    ae76:	81 2c       	mov	r8, r1
    ae78:	11 23       	and	r17, r17
    ae7a:	09 f4       	brne	.+2      	; 0xae7e <Lcd_Multi_three_Round+0x3da>
    ae7c:	82 c0       	rjmp	.+260    	; 0xaf82 <Lcd_Multi_three_Round+0x4de>
    ae7e:	81 e0       	ldi	r24, 0x01	; 1
    ae80:	90 e0       	ldi	r25, 0x00	; 0
    ae82:	0c 2c       	mov	r0, r12
    ae84:	01 c0       	rjmp	.+2      	; 0xae88 <Lcd_Multi_three_Round+0x3e4>
    ae86:	88 0f       	add	r24, r24
    ae88:	0a 94       	dec	r0
    ae8a:	ea f7       	brpl	.-6      	; 0xae86 <Lcd_Multi_three_Round+0x3e2>
    ae8c:	88 2a       	or	r8, r24
    ae8e:	11 30       	cpi	r17, 0x01	; 1
    ae90:	09 f4       	brne	.+2      	; 0xae94 <Lcd_Multi_three_Round+0x3f0>
    ae92:	b5 c2       	rjmp	.+1386   	; 0xb3fe <Lcd_Multi_three_Round+0x95a>
    ae94:	12 30       	cpi	r17, 0x02	; 2
    ae96:	09 f4       	brne	.+2      	; 0xae9a <Lcd_Multi_three_Round+0x3f6>
    ae98:	d6 c2       	rjmp	.+1452   	; 0xb446 <Lcd_Multi_three_Round+0x9a2>
    ae9a:	91 10       	cpse	r9, r1
    ae9c:	1d c3       	rjmp	.+1594   	; 0xb4d8 <Lcd_Multi_three_Round+0xa34>
    ae9e:	d5 01       	movw	r26, r10
    aea0:	13 30       	cpi	r17, 0x03	; 3
    aea2:	09 f4       	brne	.+2      	; 0xaea6 <Lcd_Multi_three_Round+0x402>
    aea4:	fc c3       	rjmp	.+2040   	; 0xb69e <Lcd_Multi_three_Round+0xbfa>
    aea6:	16 30       	cpi	r17, 0x06	; 6
    aea8:	09 f4       	brne	.+2      	; 0xaeac <Lcd_Multi_three_Round+0x408>
    aeaa:	f9 c3       	rjmp	.+2034   	; 0xb69e <Lcd_Multi_three_Round+0xbfa>
    aeac:	57 96       	adiw	r26, 0x17	; 23
    aeae:	4c 91       	ld	r20, X
    aeb0:	57 97       	sbiw	r26, 0x17	; 23
    aeb2:	50 e0       	ldi	r21, 0x00	; 0
    aeb4:	ca 01       	movw	r24, r20
    aeb6:	96 95       	lsr	r25
    aeb8:	98 2f       	mov	r25, r24
    aeba:	88 27       	eor	r24, r24
    aebc:	97 95       	ror	r25
    aebe:	87 95       	ror	r24
    aec0:	f7 01       	movw	r30, r14
    aec2:	90 8b       	std	Z+16, r25	; 0x10
    aec4:	87 87       	std	Z+15, r24	; 0x0f
    aec6:	58 96       	adiw	r26, 0x18	; 24
    aec8:	2c 91       	ld	r18, X
    aeca:	58 97       	sbiw	r26, 0x18	; 24
    aecc:	30 e0       	ldi	r19, 0x00	; 0
    aece:	c9 01       	movw	r24, r18
    aed0:	96 95       	lsr	r25
    aed2:	98 2f       	mov	r25, r24
    aed4:	88 27       	eor	r24, r24
    aed6:	97 95       	ror	r25
    aed8:	87 95       	ror	r24
    aeda:	92 8b       	std	Z+18, r25	; 0x12
    aedc:	81 8b       	std	Z+17, r24	; 0x11
    aede:	59 96       	adiw	r26, 0x19	; 25
    aee0:	8c 91       	ld	r24, X
    aee2:	59 97       	sbiw	r26, 0x19	; 25
    aee4:	90 e0       	ldi	r25, 0x00	; 0
    aee6:	bc 01       	movw	r22, r24
    aee8:	76 95       	lsr	r23
    aeea:	76 2f       	mov	r23, r22
    aeec:	66 27       	eor	r22, r22
    aeee:	77 95       	ror	r23
    aef0:	67 95       	ror	r22
    aef2:	74 8b       	std	Z+20, r23	; 0x14
    aef4:	63 8b       	std	Z+19, r22	; 0x13
    aef6:	5a 96       	adiw	r26, 0x1a	; 26
    aef8:	ec 91       	ld	r30, X
    aefa:	5a 97       	sbiw	r26, 0x1a	; 26
    aefc:	0e 2f       	mov	r16, r30
    aefe:	10 e0       	ldi	r17, 0x00	; 0
    af00:	5b 96       	adiw	r26, 0x1b	; 27
    af02:	6c 91       	ld	r22, X
    af04:	5b 97       	sbiw	r26, 0x1b	; 27
    af06:	70 e0       	ldi	r23, 0x00	; 0
    af08:	5c 96       	adiw	r26, 0x1c	; 28
    af0a:	ac 91       	ld	r26, X
    af0c:	b0 e0       	ldi	r27, 0x00	; 0
    af0e:	40 1b       	sub	r20, r16
    af10:	51 0b       	sbc	r21, r17
    af12:	56 95       	lsr	r21
    af14:	54 2f       	mov	r21, r20
    af16:	44 27       	eor	r20, r20
    af18:	57 95       	ror	r21
    af1a:	47 95       	ror	r20
    af1c:	f7 01       	movw	r30, r14
    af1e:	56 8b       	std	Z+22, r21	; 0x16
    af20:	45 8b       	std	Z+21, r20	; 0x15
    af22:	26 1b       	sub	r18, r22
    af24:	37 0b       	sbc	r19, r23
    af26:	36 95       	lsr	r19
    af28:	32 2f       	mov	r19, r18
    af2a:	22 27       	eor	r18, r18
    af2c:	37 95       	ror	r19
    af2e:	27 95       	ror	r18
    af30:	30 8f       	std	Z+24, r19	; 0x18
    af32:	27 8b       	std	Z+23, r18	; 0x17
    af34:	8a 1b       	sub	r24, r26
    af36:	9b 0b       	sbc	r25, r27
    af38:	96 95       	lsr	r25
    af3a:	98 2f       	mov	r25, r24
    af3c:	88 27       	eor	r24, r24
    af3e:	97 95       	ror	r25
    af40:	87 95       	ror	r24
    af42:	92 8f       	std	Z+26, r25	; 0x1a
    af44:	81 8f       	std	Z+25, r24	; 0x19
    af46:	f7 01       	movw	r30, r14
    af48:	87 8d       	ldd	r24, Z+31	; 0x1f
    af4a:	85 30       	cpi	r24, 0x05	; 5
    af4c:	08 f0       	brcs	.+2      	; 0xaf50 <Lcd_Multi_three_Round+0x4ac>
    af4e:	2f c3       	rjmp	.+1630   	; 0xb5ae <Lcd_Multi_three_Round+0xb0a>
    af50:	23 8d       	ldd	r18, Z+27	; 0x1b
    af52:	34 8d       	ldd	r19, Z+28	; 0x1c
    af54:	2f 5f       	subi	r18, 0xFF	; 255
    af56:	3f 4f       	sbci	r19, 0xFF	; 255
    af58:	85 89       	ldd	r24, Z+21	; 0x15
    af5a:	96 89       	ldd	r25, Z+22	; 0x16
    af5c:	b9 01       	movw	r22, r18
    af5e:	0e 94 bd 73 	call	0xe77a	; 0xe77a <__divmodhi4>
    af62:	76 8b       	std	Z+22, r23	; 0x16
    af64:	65 8b       	std	Z+21, r22	; 0x15
    af66:	87 89       	ldd	r24, Z+23	; 0x17
    af68:	90 8d       	ldd	r25, Z+24	; 0x18
    af6a:	b9 01       	movw	r22, r18
    af6c:	0e 94 bd 73 	call	0xe77a	; 0xe77a <__divmodhi4>
    af70:	70 8f       	std	Z+24, r23	; 0x18
    af72:	67 8b       	std	Z+23, r22	; 0x17
    af74:	81 8d       	ldd	r24, Z+25	; 0x19
    af76:	92 8d       	ldd	r25, Z+26	; 0x1a
    af78:	b9 01       	movw	r22, r18
    af7a:	0e 94 bd 73 	call	0xe77a	; 0xe77a <__divmodhi4>
    af7e:	72 8f       	std	Z+26, r23	; 0x1a
    af80:	61 8f       	std	Z+25, r22	; 0x19
    af82:	ff ef       	ldi	r31, 0xFF	; 255
    af84:	cf 1a       	sub	r12, r31
    af86:	df 0a       	sbc	r13, r31
    af88:	2f e1       	ldi	r18, 0x1F	; 31
    af8a:	e2 0e       	add	r14, r18
    af8c:	f1 1c       	adc	r15, r1
    af8e:	36 e0       	ldi	r19, 0x06	; 6
    af90:	23 0e       	add	r2, r19
    af92:	31 1c       	adc	r3, r1
    af94:	56 e0       	ldi	r21, 0x06	; 6
    af96:	a5 0e       	add	r10, r21
    af98:	b1 1c       	adc	r11, r1
    af9a:	63 e0       	ldi	r22, 0x03	; 3
    af9c:	c6 16       	cp	r12, r22
    af9e:	d1 04       	cpc	r13, r1
    afa0:	21 f0       	breq	.+8      	; 0xafaa <Lcd_Multi_three_Round+0x506>
    afa2:	d7 01       	movw	r26, r14
    afa4:	5f 96       	adiw	r26, 0x1f	; 31
    afa6:	1c 91       	ld	r17, X
    afa8:	67 cf       	rjmp	.-306    	; 0xae78 <Lcd_Multi_three_Round+0x3d4>
    afaa:	8c a5       	ldd	r24, Y+44	; 0x2c
    afac:	88 23       	and	r24, r24
    afae:	19 f0       	breq	.+6      	; 0xafb6 <Lcd_Multi_three_Round+0x512>
    afb0:	b8 2d       	mov	r27, r8
    afb2:	b8 60       	ori	r27, 0x08	; 8
    afb4:	8b 2e       	mov	r8, r27
    afb6:	69 81       	ldd	r22, Y+1	; 0x01
    afb8:	7a 81       	ldd	r23, Y+2	; 0x02
    afba:	ab 01       	movw	r20, r22
    afbc:	a4 96       	adiw	r28, 0x24	; 36
    afbe:	ee ad       	ldd	r30, Y+62	; 0x3e
    afc0:	ff ad       	ldd	r31, Y+63	; 0x3f
    afc2:	a4 97       	sbiw	r28, 0x24	; 36
    afc4:	e6 17       	cp	r30, r22
    afc6:	f7 07       	cpc	r31, r23
    afc8:	08 f4       	brcc	.+2      	; 0xafcc <Lcd_Multi_three_Round+0x528>
    afca:	a8 c0       	rjmp	.+336    	; 0xb11c <Lcd_Multi_three_Round+0x678>
    afcc:	a5 96       	adiw	r28, 0x25	; 37
    afce:	8f ae       	std	Y+63, r8	; 0x3f
    afd0:	a5 97       	sbiw	r28, 0x25	; 37
    afd2:	aa 96       	adiw	r28, 0x2a	; 42
    afd4:	af ac       	ldd	r10, Y+63	; 0x3f
    afd6:	aa 97       	sbiw	r28, 0x2a	; 42
    afd8:	fe 01       	movw	r30, r28
    afda:	31 96       	adiw	r30, 0x01	; 1
    afdc:	d4 84       	ldd	r13, Z+12	; 0x0c
    afde:	0d 2d       	mov	r16, r13
    afe0:	10 e0       	ldi	r17, 0x00	; 0
    afe2:	c6 84       	ldd	r12, Z+14	; 0x0e
    afe4:	8c 2d       	mov	r24, r12
    afe6:	0c 2c       	mov	r0, r12
    afe8:	00 0c       	add	r0, r0
    afea:	99 0b       	sbc	r25, r25
    afec:	98 01       	movw	r18, r16
    afee:	28 0f       	add	r18, r24
    aff0:	39 1f       	adc	r19, r25
    aff2:	26 0d       	add	r18, r6
    aff4:	37 1d       	adc	r19, r7
    aff6:	42 17       	cp	r20, r18
    aff8:	53 07       	cpc	r21, r19
    affa:	08 f4       	brcc	.+2      	; 0xaffe <Lcd_Multi_three_Round+0x55a>
    affc:	59 c0       	rjmp	.+178    	; 0xb0b0 <Lcd_Multi_three_Round+0x60c>
    affe:	a4 96       	adiw	r28, 0x24	; 36
    b000:	2e ad       	ldd	r18, Y+62	; 0x3e
    b002:	3f ad       	ldd	r19, Y+63	; 0x3f
    b004:	a4 97       	sbiw	r28, 0x24	; 36
    b006:	82 0f       	add	r24, r18
    b008:	93 1f       	adc	r25, r19
    b00a:	80 1b       	sub	r24, r16
    b00c:	91 0b       	sbc	r25, r17
    b00e:	84 17       	cp	r24, r20
    b010:	95 07       	cpc	r25, r21
    b012:	08 f4       	brcc	.+2      	; 0xb016 <Lcd_Multi_three_Round+0x572>
    b014:	4d c0       	rjmp	.+154    	; 0xb0b0 <Lcd_Multi_three_Round+0x60c>
    b016:	25 84       	ldd	r2, Z+13	; 0x0d
    b018:	02 2c       	mov	r0, r2
    b01a:	00 0c       	add	r0, r0
    b01c:	33 08       	sbc	r3, r3
    b01e:	a7 96       	adiw	r28, 0x27	; 39
    b020:	ae ad       	ldd	r26, Y+62	; 0x3e
    b022:	bf ad       	ldd	r27, Y+63	; 0x3f
    b024:	a7 97       	sbiw	r28, 0x27	; 39
    b026:	a2 0d       	add	r26, r2
    b028:	b3 1d       	adc	r27, r3
    b02a:	a9 96       	adiw	r28, 0x29	; 41
    b02c:	8e ad       	ldd	r24, Y+62	; 0x3e
    b02e:	9f ad       	ldd	r25, Y+63	; 0x3f
    b030:	a9 97       	sbiw	r28, 0x29	; 41
    b032:	28 0e       	add	r2, r24
    b034:	39 1e       	adc	r3, r25
    b036:	aa 20       	and	r10, r10
    b038:	09 f4       	brne	.+2      	; 0xb03c <Lcd_Multi_three_Round+0x598>
    b03a:	a6 c0       	rjmp	.+332    	; 0xb188 <Lcd_Multi_three_Round+0x6e4>
    b03c:	47 81       	ldd	r20, Z+7	; 0x07
    b03e:	40 fd       	sbrc	r20, 0
    b040:	df c0       	rjmp	.+446    	; 0xb200 <Lcd_Multi_three_Round+0x75c>
    b042:	55 81       	ldd	r21, Z+5	; 0x05
    b044:	85 2f       	mov	r24, r21
    b046:	90 e0       	ldi	r25, 0x00	; 0
    b048:	24 2f       	mov	r18, r20
    b04a:	22 70       	andi	r18, 0x02	; 2
    b04c:	b2 2e       	mov	r11, r18
    b04e:	1a c0       	rjmp	.+52     	; 0xb084 <Lcd_Multi_three_Round+0x5e0>
    b050:	23 81       	ldd	r18, Z+3	; 0x03
    b052:	34 81       	ldd	r19, Z+4	; 0x04
    b054:	37 fd       	sbrc	r19, 7
    b056:	07 c0       	rjmp	.+14     	; 0xb066 <Lcd_Multi_three_Round+0x5c2>
    b058:	ea 94       	dec	r14
    b05a:	e6 82       	std	Z+6, r14	; 0x06
    b05c:	f1 2c       	mov	r15, r1
    b05e:	ee 0c       	add	r14, r14
    b060:	ff 1c       	adc	r15, r15
    b062:	2e 19       	sub	r18, r14
    b064:	3f 09       	sbc	r19, r15
    b066:	5f 5f       	subi	r21, 0xFF	; 255
    b068:	55 83       	std	Z+5, r21	; 0x05
    b06a:	85 2f       	mov	r24, r21
    b06c:	90 e0       	ldi	r25, 0x00	; 0
    b06e:	8c 01       	movw	r16, r24
    b070:	00 0f       	add	r16, r16
    b072:	11 1f       	adc	r17, r17
    b074:	20 0f       	add	r18, r16
    b076:	31 1f       	adc	r19, r17
    b078:	34 83       	std	Z+4, r19	; 0x04
    b07a:	23 83       	std	Z+3, r18	; 0x03
    b07c:	37 ff       	sbrs	r19, 7
    b07e:	fa c0       	rjmp	.+500    	; 0xb274 <Lcd_Multi_three_Round+0x7d0>
    b080:	b1 10       	cpse	r11, r1
    b082:	fa c0       	rjmp	.+500    	; 0xb278 <Lcd_Multi_three_Round+0x7d4>
    b084:	e6 80       	ldd	r14, Z+6	; 0x06
    b086:	2e 2d       	mov	r18, r14
    b088:	30 e0       	ldi	r19, 0x00	; 0
    b08a:	89 01       	movw	r16, r18
    b08c:	01 50       	subi	r16, 0x01	; 1
    b08e:	11 09       	sbc	r17, r1
    b090:	80 17       	cp	r24, r16
    b092:	91 07       	cpc	r25, r17
    b094:	ec f2       	brlt	.-70     	; 0xb050 <Lcd_Multi_three_Round+0x5ac>
    b096:	14 2f       	mov	r17, r20
    b098:	11 60       	ori	r17, 0x01	; 1
    b09a:	17 83       	std	Z+7, r17	; 0x07
    b09c:	e5 16       	cp	r14, r21
    b09e:	09 f4       	brne	.+2      	; 0xb0a2 <Lcd_Multi_three_Round+0x5fe>
    b0a0:	ae c0       	rjmp	.+348    	; 0xb1fe <Lcd_Multi_three_Round+0x75a>
    b0a2:	41 fd       	sbrc	r20, 1
    b0a4:	e2 c0       	rjmp	.+452    	; 0xb26a <Lcd_Multi_three_Round+0x7c6>
    b0a6:	a2 1b       	sub	r26, r18
    b0a8:	b3 0b       	sbc	r27, r19
    b0aa:	22 0e       	add	r2, r18
    b0ac:	33 1e       	adc	r3, r19
    b0ae:	ea c0       	rjmp	.+468    	; 0xb284 <Lcd_Multi_three_Round+0x7e0>
    b0b0:	11 86       	std	Z+9, r1	; 0x09
    b0b2:	10 86       	std	Z+8, r1	; 0x08
    b0b4:	13 86       	std	Z+11, r1	; 0x0b
    b0b6:	12 86       	std	Z+10, r1	; 0x0a
    b0b8:	7f 96       	adiw	r30, 0x1f	; 31
    b0ba:	4e 16       	cp	r4, r30
    b0bc:	5f 06       	cpc	r5, r31
    b0be:	11 f0       	breq	.+4      	; 0xb0c4 <Lcd_Multi_three_Round+0x620>
    b0c0:	ab 01       	movw	r20, r22
    b0c2:	8c cf       	rjmp	.-232    	; 0xafdc <Lcd_Multi_three_Round+0x538>
    b0c4:	88 a1       	ldd	r24, Y+32	; 0x20
    b0c6:	81 11       	cpse	r24, r1
    b0c8:	68 c0       	rjmp	.+208    	; 0xb19a <Lcd_Multi_three_Round+0x6f6>
    b0ca:	a5 96       	adiw	r28, 0x25	; 37
    b0cc:	3f ad       	ldd	r19, Y+63	; 0x3f
    b0ce:	a5 97       	sbiw	r28, 0x25	; 37
    b0d0:	31 30       	cpi	r19, 0x01	; 1
    b0d2:	09 f4       	brne	.+2      	; 0xb0d6 <Lcd_Multi_three_Round+0x632>
    b0d4:	4e c0       	rjmp	.+156    	; 0xb172 <Lcd_Multi_three_Round+0x6ce>
    b0d6:	8f ad       	ldd	r24, Y+63	; 0x3f
    b0d8:	88 23       	and	r24, r24
    b0da:	29 f0       	breq	.+10     	; 0xb0e6 <Lcd_Multi_three_Round+0x642>
    b0dc:	8a a5       	ldd	r24, Y+42	; 0x2a
    b0de:	9b a5       	ldd	r25, Y+43	; 0x2b
    b0e0:	89 2b       	or	r24, r25
    b0e2:	09 f0       	breq	.+2      	; 0xb0e6 <Lcd_Multi_three_Round+0x642>
    b0e4:	d4 c0       	rjmp	.+424    	; 0xb28e <Lcd_Multi_three_Round+0x7ea>
    b0e6:	d2 01       	movw	r26, r4
    b0e8:	8c 91       	ld	r24, X
    b0ea:	88 23       	and	r24, r24
    b0ec:	39 f0       	breq	.+14     	; 0xb0fc <Lcd_Multi_three_Round+0x658>
    b0ee:	2b 96       	adiw	r28, 0x0b	; 11
    b0f0:	8e ad       	ldd	r24, Y+62	; 0x3e
    b0f2:	9f ad       	ldd	r25, Y+63	; 0x3f
    b0f4:	2b 97       	sbiw	r28, 0x0b	; 11
    b0f6:	89 2b       	or	r24, r25
    b0f8:	09 f0       	breq	.+2      	; 0xb0fc <Lcd_Multi_three_Round+0x658>
    b0fa:	ed c0       	rjmp	.+474    	; 0xb2d6 <Lcd_Multi_three_Round+0x832>
    b0fc:	69 81       	ldd	r22, Y+1	; 0x01
    b0fe:	7a 81       	ldd	r23, Y+2	; 0x02
    b100:	ab 01       	movw	r20, r22
    b102:	4f 5f       	subi	r20, 0xFF	; 255
    b104:	5f 4f       	sbci	r21, 0xFF	; 255
    b106:	ba 01       	movw	r22, r20
    b108:	5a 83       	std	Y+2, r21	; 0x02
    b10a:	49 83       	std	Y+1, r20	; 0x01
    b10c:	a4 96       	adiw	r28, 0x24	; 36
    b10e:	2e ad       	ldd	r18, Y+62	; 0x3e
    b110:	3f ad       	ldd	r19, Y+63	; 0x3f
    b112:	a4 97       	sbiw	r28, 0x24	; 36
    b114:	24 17       	cp	r18, r20
    b116:	35 07       	cpc	r19, r21
    b118:	08 f0       	brcs	.+2      	; 0xb11c <Lcd_Multi_three_Round+0x678>
    b11a:	5e cf       	rjmp	.-324    	; 0xafd8 <Lcd_Multi_three_Round+0x534>
    b11c:	ad 96       	adiw	r28, 0x2d	; 45
    b11e:	ff ad       	ldd	r31, Y+63	; 0x3f
    b120:	ad 97       	sbiw	r28, 0x2d	; 45
    b122:	ff 23       	and	r31, r31
    b124:	29 f0       	breq	.+10     	; 0xb130 <Lcd_Multi_three_Round+0x68c>
    b126:	ae 96       	adiw	r28, 0x2e	; 46
    b128:	8f ad       	ldd	r24, Y+63	; 0x3f
    b12a:	ae 97       	sbiw	r28, 0x2e	; 46
    b12c:	0e 94 1f 22 	call	0x443e	; 0x443e <LCD_SET_ORIENTATION>
    b130:	94 9a       	sbi	0x12, 4	; 18
    b132:	ce 58       	subi	r28, 0x8E	; 142
    b134:	df 4f       	sbci	r29, 0xFF	; 255
    b136:	0f b6       	in	r0, 0x3f	; 63
    b138:	f8 94       	cli
    b13a:	de bf       	out	0x3e, r29	; 62
    b13c:	0f be       	out	0x3f, r0	; 63
    b13e:	cd bf       	out	0x3d, r28	; 61
    b140:	df 91       	pop	r29
    b142:	cf 91       	pop	r28
    b144:	1f 91       	pop	r17
    b146:	0f 91       	pop	r16
    b148:	ff 90       	pop	r15
    b14a:	ef 90       	pop	r14
    b14c:	df 90       	pop	r13
    b14e:	cf 90       	pop	r12
    b150:	bf 90       	pop	r11
    b152:	af 90       	pop	r10
    b154:	9f 90       	pop	r9
    b156:	8f 90       	pop	r8
    b158:	7f 90       	pop	r7
    b15a:	6f 90       	pop	r6
    b15c:	5f 90       	pop	r5
    b15e:	4f 90       	pop	r4
    b160:	3f 90       	pop	r3
    b162:	2f 90       	pop	r2
    b164:	08 95       	ret
    b166:	a5 96       	adiw	r28, 0x25	; 37
    b168:	5f ad       	ldd	r21, Y+63	; 0x3f
    b16a:	a5 97       	sbiw	r28, 0x25	; 37
    b16c:	51 30       	cpi	r21, 0x01	; 1
    b16e:	09 f0       	breq	.+2      	; 0xb172 <Lcd_Multi_three_Round+0x6ce>
    b170:	b2 cf       	rjmp	.-156    	; 0xb0d6 <Lcd_Multi_three_Round+0x632>
    b172:	69 81       	ldd	r22, Y+1	; 0x01
    b174:	7a 81       	ldd	r23, Y+2	; 0x02
    b176:	4b 85       	ldd	r20, Y+11	; 0x0b
    b178:	5c 85       	ldd	r21, Y+12	; 0x0c
    b17a:	01 e0       	ldi	r16, 0x01	; 1
    b17c:	9b 01       	movw	r18, r22
    b17e:	89 85       	ldd	r24, Y+9	; 0x09
    b180:	9a 85       	ldd	r25, Y+10	; 0x0a
    b182:	0e 94 52 24 	call	0x48a4	; 0x48a4 <LCD_Fast_Fill_Rect>
    b186:	ba cf       	rjmp	.-140    	; 0xb0fc <Lcd_Multi_three_Round+0x658>
    b188:	a0 0f       	add	r26, r16
    b18a:	b1 1f       	adc	r27, r17
    b18c:	b1 87       	std	Z+9, r27	; 0x09
    b18e:	a0 87       	std	Z+8, r26	; 0x08
    b190:	20 1a       	sub	r2, r16
    b192:	31 0a       	sbc	r3, r17
    b194:	33 86       	std	Z+11, r3	; 0x0b
    b196:	22 86       	std	Z+10, r2	; 0x0a
    b198:	8f cf       	rjmp	.-226    	; 0xb0b8 <Lcd_Multi_three_Round+0x614>
    b19a:	a2 96       	adiw	r28, 0x22	; 34
    b19c:	1f ae       	std	Y+63, r1	; 0x3f
    b19e:	a2 97       	sbiw	r28, 0x22	; 34
    b1a0:	be 01       	movw	r22, r28
    b1a2:	6f 5f       	subi	r22, 0xFF	; 255
    b1a4:	7f 4f       	sbci	r23, 0xFF	; 255
    b1a6:	1b 01       	movw	r2, r22
    b1a8:	59 db       	rcall	.-2382   	; 0xa85c <colorsurface.2330>
    b1aa:	88 a1       	ldd	r24, Y+32	; 0x20
    b1ac:	88 23       	and	r24, r24
    b1ae:	d9 f2       	breq	.-74     	; 0xb166 <Lcd_Multi_three_Round+0x6c2>
    b1b0:	ea a5       	ldd	r30, Y+42	; 0x2a
    b1b2:	fb a5       	ldd	r31, Y+43	; 0x2b
    b1b4:	30 97       	sbiw	r30, 0x00	; 0
    b1b6:	e9 f2       	breq	.-70     	; 0xb172 <Lcd_Multi_three_Round+0x6ce>
    b1b8:	a5 96       	adiw	r28, 0x25	; 37
    b1ba:	6f ad       	ldd	r22, Y+63	; 0x3f
    b1bc:	a5 97       	sbiw	r28, 0x25	; 37
    b1be:	61 30       	cpi	r22, 0x01	; 1
    b1c0:	c1 f2       	breq	.-80     	; 0xb172 <Lcd_Multi_three_Round+0x6ce>
    b1c2:	8f ad       	ldd	r24, Y+63	; 0x3f
    b1c4:	81 11       	cpse	r24, r1
    b1c6:	04 c0       	rjmp	.+8      	; 0xb1d0 <Lcd_Multi_three_Round+0x72c>
    b1c8:	8c a5       	ldd	r24, Y+44	; 0x2c
    b1ca:	88 23       	and	r24, r24
    b1cc:	09 f4       	brne	.+2      	; 0xb1d0 <Lcd_Multi_three_Round+0x72c>
    b1ce:	8b cf       	rjmp	.-234    	; 0xb0e6 <Lcd_Multi_three_Round+0x642>
    b1d0:	89 85       	ldd	r24, Y+9	; 0x09
    b1d2:	9a 85       	ldd	r25, Y+10	; 0x0a
    b1d4:	48 a5       	ldd	r20, Y+40	; 0x28
    b1d6:	59 a5       	ldd	r21, Y+41	; 0x29
    b1d8:	84 17       	cp	r24, r20
    b1da:	95 07       	cpc	r25, r21
    b1dc:	08 f4       	brcc	.+2      	; 0xb1e0 <Lcd_Multi_three_Round+0x73c>
    b1de:	04 c1       	rjmp	.+520    	; 0xb3e8 <Lcd_Multi_three_Round+0x944>
    b1e0:	4b 85       	ldd	r20, Y+11	; 0x0b
    b1e2:	5c 85       	ldd	r21, Y+12	; 0x0c
    b1e4:	e4 17       	cp	r30, r20
    b1e6:	f5 07       	cpc	r31, r21
    b1e8:	08 f0       	brcs	.+2      	; 0xb1ec <Lcd_Multi_three_Round+0x748>
    b1ea:	75 cf       	rjmp	.-278    	; 0xb0d6 <Lcd_Multi_three_Round+0x632>
    b1ec:	69 81       	ldd	r22, Y+1	; 0x01
    b1ee:	7a 81       	ldd	r23, Y+2	; 0x02
    b1f0:	01 e0       	ldi	r16, 0x01	; 1
    b1f2:	9b 01       	movw	r18, r22
    b1f4:	cf 01       	movw	r24, r30
    b1f6:	01 96       	adiw	r24, 0x01	; 1
    b1f8:	0e 94 cb 23 	call	0x4796	; 0x4796 <LCD_Fast_Short_Fill_Rect>
    b1fc:	6c cf       	rjmp	.-296    	; 0xb0d6 <Lcd_Multi_three_Round+0x632>
    b1fe:	41 2f       	mov	r20, r17
    b200:	85 81       	ldd	r24, Z+5	; 0x05
    b202:	0d c0       	rjmp	.+26     	; 0xb21e <Lcd_Multi_three_Round+0x77a>
    b204:	14 83       	std	Z+4, r17	; 0x04
    b206:	03 83       	std	Z+3, r16	; 0x03
    b208:	9f 5f       	subi	r25, 0xFF	; 255
    b20a:	96 83       	std	Z+6, r25	; 0x06
    b20c:	44 60       	ori	r20, 0x04	; 4
    b20e:	47 83       	std	Z+7, r20	; 0x07
    b210:	81 50       	subi	r24, 0x01	; 1
    b212:	85 83       	std	Z+5, r24	; 0x05
    b214:	42 fd       	sbrc	r20, 2
    b216:	26 c0       	rjmp	.+76     	; 0xb264 <Lcd_Multi_three_Round+0x7c0>
    b218:	41 ff       	sbrs	r20, 1
    b21a:	2e c0       	rjmp	.+92     	; 0xb278 <Lcd_Multi_three_Round+0x7d4>
    b21c:	47 81       	ldd	r20, Z+7	; 0x07
    b21e:	88 23       	and	r24, r24
    b220:	09 f4       	brne	.+2      	; 0xb224 <Lcd_Multi_three_Round+0x780>
    b222:	70 c0       	rjmp	.+224    	; 0xb304 <Lcd_Multi_three_Round+0x860>
    b224:	23 81       	ldd	r18, Z+3	; 0x03
    b226:	34 81       	ldd	r19, Z+4	; 0x04
    b228:	96 81       	ldd	r25, Z+6	; 0x06
    b22a:	09 2f       	mov	r16, r25
    b22c:	10 e0       	ldi	r17, 0x00	; 0
    b22e:	00 0f       	add	r16, r16
    b230:	11 1f       	adc	r17, r17
    b232:	02 0f       	add	r16, r18
    b234:	13 1f       	adc	r17, r19
    b236:	e8 2e       	mov	r14, r24
    b238:	f1 2c       	mov	r15, r1
    b23a:	ee 0c       	add	r14, r14
    b23c:	ff 1c       	adc	r15, r15
    b23e:	0e 19       	sub	r16, r14
    b240:	1f 09       	sbc	r17, r15
    b242:	48 01       	movw	r8, r16
    b244:	5f ef       	ldi	r21, 0xFF	; 255
    b246:	85 1a       	sub	r8, r21
    b248:	95 0a       	sbc	r9, r21
    b24a:	8e 14       	cp	r8, r14
    b24c:	9f 04       	cpc	r9, r15
    b24e:	d4 f2       	brlt	.-76     	; 0xb204 <Lcd_Multi_three_Round+0x760>
    b250:	2e 19       	sub	r18, r14
    b252:	3f 09       	sbc	r19, r15
    b254:	34 83       	std	Z+4, r19	; 0x04
    b256:	23 83       	std	Z+3, r18	; 0x03
    b258:	4b 7f       	andi	r20, 0xFB	; 251
    b25a:	47 83       	std	Z+7, r20	; 0x07
    b25c:	81 50       	subi	r24, 0x01	; 1
    b25e:	85 83       	std	Z+5, r24	; 0x05
    b260:	42 ff       	sbrs	r20, 2
    b262:	da cf       	rjmp	.-76     	; 0xb218 <Lcd_Multi_three_Round+0x774>
    b264:	41 ff       	sbrs	r20, 1
    b266:	08 c0       	rjmp	.+16     	; 0xb278 <Lcd_Multi_three_Round+0x7d4>
    b268:	90 e0       	ldi	r25, 0x00	; 0
    b26a:	a8 1b       	sub	r26, r24
    b26c:	b9 0b       	sbc	r27, r25
    b26e:	28 0e       	add	r2, r24
    b270:	39 1e       	adc	r3, r25
    b272:	08 c0       	rjmp	.+16     	; 0xb284 <Lcd_Multi_three_Round+0x7e0>
    b274:	41 ff       	sbrs	r20, 1
    b276:	f9 cf       	rjmp	.-14     	; 0xb26a <Lcd_Multi_three_Round+0x7c6>
    b278:	86 81       	ldd	r24, Z+6	; 0x06
    b27a:	90 e0       	ldi	r25, 0x00	; 0
    b27c:	a8 1b       	sub	r26, r24
    b27e:	b9 0b       	sbc	r27, r25
    b280:	28 0e       	add	r2, r24
    b282:	39 1e       	adc	r3, r25
    b284:	b1 87       	std	Z+9, r27	; 0x09
    b286:	a0 87       	std	Z+8, r26	; 0x08
    b288:	33 86       	std	Z+11, r3	; 0x0b
    b28a:	22 86       	std	Z+10, r2	; 0x0a
    b28c:	15 cf       	rjmp	.-470    	; 0xb0b8 <Lcd_Multi_three_Round+0x614>
    b28e:	81 e0       	ldi	r24, 0x01	; 1
    b290:	a2 96       	adiw	r28, 0x22	; 34
    b292:	8f af       	std	Y+63, r24	; 0x3f
    b294:	a2 97       	sbiw	r28, 0x22	; 34
    b296:	ce 01       	movw	r24, r28
    b298:	01 96       	adiw	r24, 0x01	; 1
    b29a:	1c 01       	movw	r2, r24
    b29c:	df da       	rcall	.-2626   	; 0xa85c <colorsurface.2330>
    b29e:	2b 96       	adiw	r28, 0x0b	; 11
    b2a0:	ee ad       	ldd	r30, Y+62	; 0x3e
    b2a2:	ff ad       	ldd	r31, Y+63	; 0x3f
    b2a4:	2b 97       	sbiw	r28, 0x0b	; 11
    b2a6:	30 97       	sbiw	r30, 0x00	; 0
    b2a8:	09 f4       	brne	.+2      	; 0xb2ac <Lcd_Multi_three_Round+0x808>
    b2aa:	8f c1       	rjmp	.+798    	; 0xb5ca <Lcd_Multi_three_Round+0xb26>
    b2ac:	88 a5       	ldd	r24, Y+40	; 0x28
    b2ae:	99 a5       	ldd	r25, Y+41	; 0x29
    b2b0:	29 96       	adiw	r28, 0x09	; 9
    b2b2:	4e ad       	ldd	r20, Y+62	; 0x3e
    b2b4:	5f ad       	ldd	r21, Y+63	; 0x3f
    b2b6:	29 97       	sbiw	r28, 0x09	; 9
    b2b8:	84 17       	cp	r24, r20
    b2ba:	95 07       	cpc	r25, r21
    b2bc:	08 f4       	brcc	.+2      	; 0xb2c0 <Lcd_Multi_three_Round+0x81c>
    b2be:	d0 c1       	rjmp	.+928    	; 0xb660 <Lcd_Multi_three_Round+0xbbc>
    b2c0:	4a a5       	ldd	r20, Y+42	; 0x2a
    b2c2:	5b a5       	ldd	r21, Y+43	; 0x2b
    b2c4:	e4 17       	cp	r30, r20
    b2c6:	f5 07       	cpc	r31, r21
    b2c8:	08 f4       	brcc	.+2      	; 0xb2cc <Lcd_Multi_three_Round+0x828>
    b2ca:	c1 c1       	rjmp	.+898    	; 0xb64e <Lcd_Multi_three_Round+0xbaa>
    b2cc:	d2 01       	movw	r26, r4
    b2ce:	8c 91       	ld	r24, X
    b2d0:	88 23       	and	r24, r24
    b2d2:	09 f4       	brne	.+2      	; 0xb2d6 <Lcd_Multi_three_Round+0x832>
    b2d4:	13 cf       	rjmp	.-474    	; 0xb0fc <Lcd_Multi_three_Round+0x658>
    b2d6:	b2 e0       	ldi	r27, 0x02	; 2
    b2d8:	a2 96       	adiw	r28, 0x22	; 34
    b2da:	bf af       	std	Y+63, r27	; 0x3f
    b2dc:	a2 97       	sbiw	r28, 0x22	; 34
    b2de:	fe 01       	movw	r30, r28
    b2e0:	31 96       	adiw	r30, 0x01	; 1
    b2e2:	1f 01       	movw	r2, r30
    b2e4:	bb da       	rcall	.-2698   	; 0xa85c <colorsurface.2330>
    b2e6:	69 81       	ldd	r22, Y+1	; 0x01
    b2e8:	7a 81       	ldd	r23, Y+2	; 0x02
    b2ea:	2b 96       	adiw	r28, 0x0b	; 11
    b2ec:	4e ad       	ldd	r20, Y+62	; 0x3e
    b2ee:	5f ad       	ldd	r21, Y+63	; 0x3f
    b2f0:	2b 97       	sbiw	r28, 0x0b	; 11
    b2f2:	01 e0       	ldi	r16, 0x01	; 1
    b2f4:	9b 01       	movw	r18, r22
    b2f6:	29 96       	adiw	r28, 0x09	; 9
    b2f8:	8e ad       	ldd	r24, Y+62	; 0x3e
    b2fa:	9f ad       	ldd	r25, Y+63	; 0x3f
    b2fc:	29 97       	sbiw	r28, 0x09	; 9
    b2fe:	0e 94 52 24 	call	0x48a4	; 0x48a4 <LCD_Fast_Fill_Rect>
    b302:	fc ce       	rjmp	.-520    	; 0xb0fc <Lcd_Multi_three_Round+0x658>
    b304:	54 2f       	mov	r21, r20
    b306:	52 70       	andi	r21, 0x02	; 2
    b308:	41 fd       	sbrc	r20, 1
    b30a:	d6 ce       	rjmp	.-596    	; 0xb0b8 <Lcd_Multi_three_Round+0x614>
    b30c:	e3 96       	adiw	r28, 0x33	; 51
    b30e:	8e ad       	ldd	r24, Y+62	; 0x3e
    b310:	9f ad       	ldd	r25, Y+63	; 0x3f
    b312:	e3 97       	sbiw	r28, 0x33	; 51
    b314:	8c 0d       	add	r24, r12
    b316:	91 1d       	adc	r25, r1
    b318:	c7 fc       	sbrc	r12, 7
    b31a:	9a 95       	dec	r25
    b31c:	86 17       	cp	r24, r22
    b31e:	97 07       	cpc	r25, r23
    b320:	08 f0       	brcs	.+2      	; 0xb324 <Lcd_Multi_three_Round+0x880>
    b322:	ca ce       	rjmp	.-620    	; 0xb0b8 <Lcd_Multi_three_Round+0x614>
    b324:	4e 7f       	andi	r20, 0xFE	; 254
    b326:	42 60       	ori	r20, 0x02	; 2
    b328:	47 83       	std	Z+7, r20	; 0x07
    b32a:	ac 96       	adiw	r28, 0x2c	; 44
    b32c:	8e ad       	ldd	r24, Y+62	; 0x3e
    b32e:	9f ad       	ldd	r25, Y+63	; 0x3f
    b330:	ac 97       	sbiw	r28, 0x2c	; 44
    b332:	8d 19       	sub	r24, r13
    b334:	91 09       	sbc	r25, r1
    b336:	21 e0       	ldi	r18, 0x01	; 1
    b338:	30 e0       	ldi	r19, 0x00	; 0
    b33a:	28 1b       	sub	r18, r24
    b33c:	39 0b       	sbc	r19, r25
    b33e:	34 83       	std	Z+4, r19	; 0x04
    b340:	23 83       	std	Z+3, r18	; 0x03
    b342:	8a 2d       	mov	r24, r10
    b344:	8d 19       	sub	r24, r13
    b346:	86 83       	std	Z+6, r24	; 0x06
    b348:	15 82       	std	Z+5, r1	; 0x05
    b34a:	7c ce       	rjmp	.-776    	; 0xb044 <Lcd_Multi_three_Round+0x5a0>
    b34c:	22 27       	eor	r18, r18
    b34e:	33 27       	eor	r19, r19
    b350:	2a 1b       	sub	r18, r26
    b352:	3b 0b       	sbc	r19, r27
    b354:	82 17       	cp	r24, r18
    b356:	93 07       	cpc	r25, r19
    b358:	0c f0       	brlt	.+2      	; 0xb35c <Lcd_Multi_three_Round+0x8b8>
    b35a:	45 c1       	rjmp	.+650    	; 0xb5e6 <Lcd_Multi_three_Round+0xb42>
    b35c:	68 2d       	mov	r22, r8
    b35e:	61 95       	neg	r22
    b360:	c8 57       	subi	r28, 0x78	; 120
    b362:	df 4f       	sbci	r29, 0xFF	; 255
    b364:	68 83       	st	Y, r22
    b366:	c8 58       	subi	r28, 0x88	; 136
    b368:	d0 40       	sbci	r29, 0x00	; 0
    b36a:	af 96       	adiw	r28, 0x2f	; 47
    b36c:	6f af       	std	Y+63, r22	; 0x3f
    b36e:	af 97       	sbiw	r28, 0x2f	; 47
    b370:	28 cc       	rjmp	.-1968   	; 0xabc2 <Lcd_Multi_three_Round+0x11e>
    b372:	88 27       	eor	r24, r24
    b374:	99 27       	eor	r25, r25
    b376:	8a 1b       	sub	r24, r26
    b378:	9b 0b       	sbc	r25, r27
    b37a:	28 17       	cp	r18, r24
    b37c:	39 07       	cpc	r19, r25
    b37e:	0c f0       	brlt	.+2      	; 0xb382 <Lcd_Multi_three_Round+0x8de>
    b380:	47 c1       	rjmp	.+654    	; 0xb610 <Lcd_Multi_three_Round+0xb6c>
    b382:	98 2d       	mov	r25, r8
    b384:	91 95       	neg	r25
    b386:	c7 57       	subi	r28, 0x77	; 119
    b388:	df 4f       	sbci	r29, 0xFF	; 255
    b38a:	98 83       	st	Y, r25
    b38c:	c9 58       	subi	r28, 0x89	; 137
    b38e:	d0 40       	sbci	r29, 0x00	; 0
    b390:	89 2f       	mov	r24, r25
    b392:	29 2f       	mov	r18, r25
    b394:	02 2e       	mov	r0, r18
    b396:	00 0c       	add	r0, r0
    b398:	33 0b       	sbc	r19, r19
    b39a:	e1 96       	adiw	r28, 0x31	; 49
    b39c:	3f af       	std	Y+63, r19	; 0x3f
    b39e:	2e af       	std	Y+62, r18	; 0x3e
    b3a0:	e1 97       	sbiw	r28, 0x31	; 49
    b3a2:	7f cc       	rjmp	.-1794   	; 0xaca2 <Lcd_Multi_three_Round+0x1fe>
    b3a4:	ca 01       	movw	r24, r20
    b3a6:	88 0f       	add	r24, r24
    b3a8:	99 1f       	adc	r25, r25
    b3aa:	28 16       	cp	r2, r24
    b3ac:	39 06       	cpc	r3, r25
    b3ae:	08 f4       	brcc	.+2      	; 0xb3b2 <Lcd_Multi_three_Round+0x90e>
    b3b0:	29 c1       	rjmp	.+594    	; 0xb604 <Lcd_Multi_three_Round+0xb60>
    b3b2:	e8 16       	cp	r14, r24
    b3b4:	f9 06       	cpc	r15, r25
    b3b6:	08 f4       	brcc	.+2      	; 0xb3ba <Lcd_Multi_three_Round+0x916>
    b3b8:	35 c1       	rjmp	.+618    	; 0xb624 <Lcd_Multi_three_Round+0xb80>
    b3ba:	81 e0       	ldi	r24, 0x01	; 1
    b3bc:	90 e0       	ldi	r25, 0x00	; 0
    b3be:	fc 01       	movw	r30, r24
    b3c0:	e4 1b       	sub	r30, r20
    b3c2:	f5 0b       	sbc	r31, r21
    b3c4:	4b cc       	rjmp	.-1898   	; 0xac5c <Lcd_Multi_three_Round+0x1b8>
    b3c6:	66 27       	eor	r22, r22
    b3c8:	77 27       	eor	r23, r23
    b3ca:	6a 19       	sub	r22, r10
    b3cc:	7b 09       	sbc	r23, r11
    b3ce:	26 17       	cp	r18, r22
    b3d0:	37 07       	cpc	r19, r23
    b3d2:	0c f0       	brlt	.+2      	; 0xb3d6 <Lcd_Multi_three_Round+0x932>
    b3d4:	11 c1       	rjmp	.+546    	; 0xb5f8 <Lcd_Multi_three_Round+0xb54>
    b3d6:	20 2f       	mov	r18, r16
    b3d8:	21 95       	neg	r18
    b3da:	7f cc       	rjmp	.-1794   	; 0xacda <Lcd_Multi_three_Round+0x236>
    b3dc:	c4 57       	subi	r28, 0x74	; 116
    b3de:	df 4f       	sbci	r29, 0xFF	; 255
    b3e0:	98 81       	ld	r25, Y
    b3e2:	cc 58       	subi	r28, 0x8C	; 140
    b3e4:	d0 40       	sbci	r29, 0x00	; 0
    b3e6:	12 cc       	rjmp	.-2012   	; 0xac0c <Lcd_Multi_three_Round+0x168>
    b3e8:	69 81       	ldd	r22, Y+1	; 0x01
    b3ea:	7a 81       	ldd	r23, Y+2	; 0x02
    b3ec:	41 50       	subi	r20, 0x01	; 1
    b3ee:	51 09       	sbc	r21, r1
    b3f0:	01 e0       	ldi	r16, 0x01	; 1
    b3f2:	9b 01       	movw	r18, r22
    b3f4:	0e 94 cb 23 	call	0x4796	; 0x4796 <LCD_Fast_Short_Fill_Rect>
    b3f8:	ea a5       	ldd	r30, Y+42	; 0x2a
    b3fa:	fb a5       	ldd	r31, Y+43	; 0x2b
    b3fc:	f1 ce       	rjmp	.-542    	; 0xb1e0 <Lcd_Multi_three_Round+0x73c>
    b3fe:	91 10       	cpse	r9, r1
    b400:	46 c0       	rjmp	.+140    	; 0xb48e <Lcd_Multi_three_Round+0x9ea>
    b402:	d5 01       	movw	r26, r10
    b404:	58 96       	adiw	r26, 0x18	; 24
    b406:	8c 91       	ld	r24, X
    b408:	58 97       	sbiw	r26, 0x18	; 24
    b40a:	57 96       	adiw	r26, 0x17	; 23
    b40c:	2c 91       	ld	r18, X
    b40e:	57 97       	sbiw	r26, 0x17	; 23
    b410:	28 7f       	andi	r18, 0xF8	; 248
    b412:	98 2f       	mov	r25, r24
    b414:	92 95       	swap	r25
    b416:	96 95       	lsr	r25
    b418:	97 70       	andi	r25, 0x07	; 7
    b41a:	29 2b       	or	r18, r25
    b41c:	30 e0       	ldi	r19, 0x00	; 0
    b41e:	f7 01       	movw	r30, r14
    b420:	30 8b       	std	Z+16, r19	; 0x10
    b422:	27 87       	std	Z+15, r18	; 0x0f
    b424:	8c 71       	andi	r24, 0x1C	; 28
    b426:	90 e0       	ldi	r25, 0x00	; 0
    b428:	88 0f       	add	r24, r24
    b42a:	99 1f       	adc	r25, r25
    b42c:	88 0f       	add	r24, r24
    b42e:	99 1f       	adc	r25, r25
    b430:	88 0f       	add	r24, r24
    b432:	99 1f       	adc	r25, r25
    b434:	59 96       	adiw	r26, 0x19	; 25
    b436:	2c 91       	ld	r18, X
    b438:	26 95       	lsr	r18
    b43a:	26 95       	lsr	r18
    b43c:	26 95       	lsr	r18
    b43e:	82 2b       	or	r24, r18
    b440:	92 8b       	std	Z+18, r25	; 0x12
    b442:	81 8b       	std	Z+17, r24	; 0x11
    b444:	9e cd       	rjmp	.-1220   	; 0xaf82 <Lcd_Multi_three_Round+0x4de>
    b446:	91 10       	cpse	r9, r1
    b448:	cb c0       	rjmp	.+406    	; 0xb5e0 <Lcd_Multi_three_Round+0xb3c>
    b44a:	d5 01       	movw	r26, r10
    b44c:	5b 96       	adiw	r26, 0x1b	; 27
    b44e:	8c 91       	ld	r24, X
    b450:	5b 97       	sbiw	r26, 0x1b	; 27
    b452:	5a 96       	adiw	r26, 0x1a	; 26
    b454:	2c 91       	ld	r18, X
    b456:	5a 97       	sbiw	r26, 0x1a	; 26
    b458:	28 7f       	andi	r18, 0xF8	; 248
    b45a:	98 2f       	mov	r25, r24
    b45c:	92 95       	swap	r25
    b45e:	96 95       	lsr	r25
    b460:	97 70       	andi	r25, 0x07	; 7
    b462:	29 2b       	or	r18, r25
    b464:	30 e0       	ldi	r19, 0x00	; 0
    b466:	f7 01       	movw	r30, r14
    b468:	30 8b       	std	Z+16, r19	; 0x10
    b46a:	27 87       	std	Z+15, r18	; 0x0f
    b46c:	8c 71       	andi	r24, 0x1C	; 28
    b46e:	90 e0       	ldi	r25, 0x00	; 0
    b470:	88 0f       	add	r24, r24
    b472:	99 1f       	adc	r25, r25
    b474:	88 0f       	add	r24, r24
    b476:	99 1f       	adc	r25, r25
    b478:	88 0f       	add	r24, r24
    b47a:	99 1f       	adc	r25, r25
    b47c:	5c 96       	adiw	r26, 0x1c	; 28
    b47e:	2c 91       	ld	r18, X
    b480:	26 95       	lsr	r18
    b482:	26 95       	lsr	r18
    b484:	26 95       	lsr	r18
    b486:	82 2b       	or	r24, r18
    b488:	92 8b       	std	Z+18, r25	; 0x12
    b48a:	81 8b       	std	Z+17, r24	; 0x11
    b48c:	7a cd       	rjmp	.-1292   	; 0xaf82 <Lcd_Multi_three_Round+0x4de>
    b48e:	f1 01       	movw	r30, r2
    b490:	72 97       	sbiw	r30, 0x12	; 18
    b492:	84 91       	lpm	r24, Z
    b494:	31 96       	adiw	r30, 0x01	; 1
    b496:	94 91       	lpm	r25, Z
    b498:	28 2f       	mov	r18, r24
    b49a:	28 7f       	andi	r18, 0xF8	; 248
    b49c:	89 2f       	mov	r24, r25
    b49e:	82 95       	swap	r24
    b4a0:	86 95       	lsr	r24
    b4a2:	87 70       	andi	r24, 0x07	; 7
    b4a4:	82 2b       	or	r24, r18
    b4a6:	90 e0       	ldi	r25, 0x00	; 0
    b4a8:	d7 01       	movw	r26, r14
    b4aa:	50 96       	adiw	r26, 0x10	; 16
    b4ac:	9c 93       	st	X, r25
    b4ae:	8e 93       	st	-X, r24
    b4b0:	1f 97       	sbiw	r26, 0x0f	; 15
    b4b2:	84 91       	lpm	r24, Z
    b4b4:	31 96       	adiw	r30, 0x01	; 1
    b4b6:	e4 91       	lpm	r30, Z
    b4b8:	8c 71       	andi	r24, 0x1C	; 28
    b4ba:	90 e0       	ldi	r25, 0x00	; 0
    b4bc:	88 0f       	add	r24, r24
    b4be:	99 1f       	adc	r25, r25
    b4c0:	88 0f       	add	r24, r24
    b4c2:	99 1f       	adc	r25, r25
    b4c4:	88 0f       	add	r24, r24
    b4c6:	99 1f       	adc	r25, r25
    b4c8:	e6 95       	lsr	r30
    b4ca:	e6 95       	lsr	r30
    b4cc:	e6 95       	lsr	r30
    b4ce:	8e 2b       	or	r24, r30
    b4d0:	f7 01       	movw	r30, r14
    b4d2:	92 8b       	std	Z+18, r25	; 0x12
    b4d4:	81 8b       	std	Z+17, r24	; 0x11
    b4d6:	55 cd       	rjmp	.-1366   	; 0xaf82 <Lcd_Multi_three_Round+0x4de>
    b4d8:	13 30       	cpi	r17, 0x03	; 3
    b4da:	09 f4       	brne	.+2      	; 0xb4de <Lcd_Multi_three_Round+0xa3a>
    b4dc:	0e c1       	rjmp	.+540    	; 0xb6fa <Lcd_Multi_three_Round+0xc56>
    b4de:	16 30       	cpi	r17, 0x06	; 6
    b4e0:	09 f4       	brne	.+2      	; 0xb4e4 <Lcd_Multi_three_Round+0xa40>
    b4e2:	0b c1       	rjmp	.+534    	; 0xb6fa <Lcd_Multi_three_Round+0xc56>
    b4e4:	a1 01       	movw	r20, r2
    b4e6:	42 51       	subi	r20, 0x12	; 18
    b4e8:	51 09       	sbc	r21, r1
    b4ea:	fa 01       	movw	r30, r20
    b4ec:	84 91       	lpm	r24, Z
    b4ee:	f0 e8       	ldi	r31, 0x80	; 128
    b4f0:	8f 9f       	mul	r24, r31
    b4f2:	c0 01       	movw	r24, r0
    b4f4:	11 24       	eor	r1, r1
    b4f6:	d7 01       	movw	r26, r14
    b4f8:	50 96       	adiw	r26, 0x10	; 16
    b4fa:	9c 93       	st	X, r25
    b4fc:	8e 93       	st	-X, r24
    b4fe:	1f 97       	sbiw	r26, 0x0f	; 15
    b500:	91 01       	movw	r18, r2
    b502:	21 51       	subi	r18, 0x11	; 17
    b504:	31 09       	sbc	r19, r1
    b506:	f9 01       	movw	r30, r18
    b508:	84 91       	lpm	r24, Z
    b50a:	f0 e8       	ldi	r31, 0x80	; 128
    b50c:	8f 9f       	mul	r24, r31
    b50e:	c0 01       	movw	r24, r0
    b510:	11 24       	eor	r1, r1
    b512:	52 96       	adiw	r26, 0x12	; 18
    b514:	9c 93       	st	X, r25
    b516:	8e 93       	st	-X, r24
    b518:	51 97       	sbiw	r26, 0x11	; 17
    b51a:	c1 01       	movw	r24, r2
    b51c:	40 97       	sbiw	r24, 0x10	; 16
    b51e:	fc 01       	movw	r30, r24
    b520:	64 91       	lpm	r22, Z
    b522:	f0 e8       	ldi	r31, 0x80	; 128
    b524:	6f 9f       	mul	r22, r31
    b526:	b0 01       	movw	r22, r0
    b528:	11 24       	eor	r1, r1
    b52a:	54 96       	adiw	r26, 0x14	; 20
    b52c:	7c 93       	st	X, r23
    b52e:	6e 93       	st	-X, r22
    b530:	53 97       	sbiw	r26, 0x13	; 19
    b532:	d1 01       	movw	r26, r2
    b534:	1f 97       	sbiw	r26, 0x0f	; 15
    b536:	b1 01       	movw	r22, r2
    b538:	6e 50       	subi	r22, 0x0E	; 14
    b53a:	71 09       	sbc	r23, r1
    b53c:	81 01       	movw	r16, r2
    b53e:	0d 50       	subi	r16, 0x0D	; 13
    b540:	11 09       	sbc	r17, r1
    b542:	fa 01       	movw	r30, r20
    b544:	44 91       	lpm	r20, Z
    b546:	fd 01       	movw	r30, r26
    b548:	a4 91       	lpm	r26, Z
    b54a:	50 e0       	ldi	r21, 0x00	; 0
    b54c:	4a 1b       	sub	r20, r26
    b54e:	51 09       	sbc	r21, r1
    b550:	56 95       	lsr	r21
    b552:	54 2f       	mov	r21, r20
    b554:	44 27       	eor	r20, r20
    b556:	57 95       	ror	r21
    b558:	47 95       	ror	r20
    b55a:	d7 01       	movw	r26, r14
    b55c:	56 96       	adiw	r26, 0x16	; 22
    b55e:	5c 93       	st	X, r21
    b560:	4e 93       	st	-X, r20
    b562:	55 97       	sbiw	r26, 0x15	; 21
    b564:	f9 01       	movw	r30, r18
    b566:	24 91       	lpm	r18, Z
    b568:	fb 01       	movw	r30, r22
    b56a:	64 91       	lpm	r22, Z
    b56c:	30 e0       	ldi	r19, 0x00	; 0
    b56e:	26 1b       	sub	r18, r22
    b570:	31 09       	sbc	r19, r1
    b572:	36 95       	lsr	r19
    b574:	32 2f       	mov	r19, r18
    b576:	22 27       	eor	r18, r18
    b578:	37 95       	ror	r19
    b57a:	27 95       	ror	r18
    b57c:	58 96       	adiw	r26, 0x18	; 24
    b57e:	3c 93       	st	X, r19
    b580:	2e 93       	st	-X, r18
    b582:	57 97       	sbiw	r26, 0x17	; 23
    b584:	fc 01       	movw	r30, r24
    b586:	84 91       	lpm	r24, Z
    b588:	f8 01       	movw	r30, r16
    b58a:	04 91       	lpm	r16, Z
    b58c:	90 e0       	ldi	r25, 0x00	; 0
    b58e:	80 1b       	sub	r24, r16
    b590:	91 09       	sbc	r25, r1
    b592:	96 95       	lsr	r25
    b594:	98 2f       	mov	r25, r24
    b596:	88 27       	eor	r24, r24
    b598:	97 95       	ror	r25
    b59a:	87 95       	ror	r24
    b59c:	5a 96       	adiw	r26, 0x1a	; 26
    b59e:	9c 93       	st	X, r25
    b5a0:	8e 93       	st	-X, r24
    b5a2:	59 97       	sbiw	r26, 0x19	; 25
    b5a4:	f7 01       	movw	r30, r14
    b5a6:	87 8d       	ldd	r24, Z+31	; 0x1f
    b5a8:	85 30       	cpi	r24, 0x05	; 5
    b5aa:	08 f4       	brcc	.+2      	; 0xb5ae <Lcd_Multi_three_Round+0xb0a>
    b5ac:	d1 cc       	rjmp	.-1630   	; 0xaf50 <Lcd_Multi_three_Round+0x4ac>
    b5ae:	87 30       	cpi	r24, 0x07	; 7
    b5b0:	08 f0       	brcs	.+2      	; 0xb5b4 <Lcd_Multi_three_Round+0xb10>
    b5b2:	e7 cc       	rjmp	.-1586   	; 0xaf82 <Lcd_Multi_three_Round+0x4de>
    b5b4:	25 8d       	ldd	r18, Z+29	; 0x1d
    b5b6:	36 8d       	ldd	r19, Z+30	; 0x1e
    b5b8:	2f 5f       	subi	r18, 0xFF	; 255
    b5ba:	3f 4f       	sbci	r19, 0xFF	; 255
    b5bc:	85 89       	ldd	r24, Z+21	; 0x15
    b5be:	96 89       	ldd	r25, Z+22	; 0x16
    b5c0:	b9 01       	movw	r22, r18
    b5c2:	0e 94 bd 73 	call	0xe77a	; 0xe77a <__divmodhi4>
    b5c6:	f7 01       	movw	r30, r14
    b5c8:	cc cc       	rjmp	.-1640   	; 0xaf62 <Lcd_Multi_three_Round+0x4be>
    b5ca:	69 81       	ldd	r22, Y+1	; 0x01
    b5cc:	7a 81       	ldd	r23, Y+2	; 0x02
    b5ce:	4a a5       	ldd	r20, Y+42	; 0x2a
    b5d0:	5b a5       	ldd	r21, Y+43	; 0x2b
    b5d2:	01 e0       	ldi	r16, 0x01	; 1
    b5d4:	9b 01       	movw	r18, r22
    b5d6:	88 a5       	ldd	r24, Y+40	; 0x28
    b5d8:	99 a5       	ldd	r25, Y+41	; 0x29
    b5da:	0e 94 52 24 	call	0x48a4	; 0x48a4 <LCD_Fast_Fill_Rect>
    b5de:	8e cd       	rjmp	.-1252   	; 0xb0fc <Lcd_Multi_three_Round+0x658>
    b5e0:	f1 01       	movw	r30, r2
    b5e2:	3f 97       	sbiw	r30, 0x0f	; 15
    b5e4:	56 cf       	rjmp	.-340    	; 0xb492 <Lcd_Multi_three_Round+0x9ee>
    b5e6:	c8 57       	subi	r28, 0x78	; 120
    b5e8:	df 4f       	sbci	r29, 0xFF	; 255
    b5ea:	38 81       	ld	r19, Y
    b5ec:	c8 58       	subi	r28, 0x88	; 136
    b5ee:	d0 40       	sbci	r29, 0x00	; 0
    b5f0:	af 96       	adiw	r28, 0x2f	; 47
    b5f2:	3f af       	std	Y+63, r19	; 0x3f
    b5f4:	af 97       	sbiw	r28, 0x2f	; 47
    b5f6:	e5 ca       	rjmp	.-2614   	; 0xabc2 <Lcd_Multi_three_Round+0x11e>
    b5f8:	c3 57       	subi	r28, 0x73	; 115
    b5fa:	df 4f       	sbci	r29, 0xFF	; 255
    b5fc:	28 81       	ld	r18, Y
    b5fe:	cd 58       	subi	r28, 0x8D	; 141
    b600:	d0 40       	sbci	r29, 0x00	; 0
    b602:	6b cb       	rjmp	.-2346   	; 0xacda <Lcd_Multi_three_Round+0x236>
    b604:	1c 01       	movw	r2, r24
    b606:	e8 16       	cp	r14, r24
    b608:	f9 06       	cpc	r15, r25
    b60a:	08 f0       	brcs	.+2      	; 0xb60e <Lcd_Multi_three_Round+0xb6a>
    b60c:	d6 ce       	rjmp	.-596    	; 0xb3ba <Lcd_Multi_three_Round+0x916>
    b60e:	0a c0       	rjmp	.+20     	; 0xb624 <Lcd_Multi_three_Round+0xb80>
    b610:	c7 57       	subi	r28, 0x77	; 119
    b612:	df 4f       	sbci	r29, 0xFF	; 255
    b614:	88 81       	ld	r24, Y
    b616:	c9 58       	subi	r28, 0x89	; 137
    b618:	d0 40       	sbci	r29, 0x00	; 0
    b61a:	e1 96       	adiw	r28, 0x31	; 49
    b61c:	3f af       	std	Y+63, r19	; 0x3f
    b61e:	2e af       	std	Y+62, r18	; 0x3e
    b620:	e1 97       	sbiw	r28, 0x31	; 49
    b622:	3f cb       	rjmp	.-2434   	; 0xaca2 <Lcd_Multi_three_Round+0x1fe>
    b624:	7c 01       	movw	r14, r24
    b626:	81 e0       	ldi	r24, 0x01	; 1
    b628:	90 e0       	ldi	r25, 0x00	; 0
    b62a:	fc 01       	movw	r30, r24
    b62c:	e4 1b       	sub	r30, r20
    b62e:	f5 0b       	sbc	r31, r21
    b630:	15 cb       	rjmp	.-2518   	; 0xac5c <Lcd_Multi_three_Round+0x1b8>
    b632:	80 91 07 01 	lds	r24, 0x0107	; 0x800107 <KVB>
    b636:	81 30       	cpi	r24, 0x01	; 1
    b638:	09 f4       	brne	.+2      	; 0xb63c <Lcd_Multi_three_Round+0xb98>
    b63a:	8b c0       	rjmp	.+278    	; 0xb752 <Lcd_Multi_three_Round+0xcae>
    b63c:	63 01       	movw	r12, r6
    b63e:	83 e0       	ldi	r24, 0x03	; 3
    b640:	7f ca       	rjmp	.-2818   	; 0xab40 <Lcd_Multi_three_Round+0x9c>
    b642:	94 2d       	mov	r25, r4
    b644:	85 2d       	mov	r24, r5
    b646:	23 01       	movw	r4, r6
    b648:	69 2e       	mov	r6, r25
    b64a:	78 2e       	mov	r7, r24
    b64c:	f3 ca       	rjmp	.-2586   	; 0xac34 <Lcd_Multi_three_Round+0x190>
    b64e:	69 81       	ldd	r22, Y+1	; 0x01
    b650:	7a 81       	ldd	r23, Y+2	; 0x02
    b652:	01 e0       	ldi	r16, 0x01	; 1
    b654:	9b 01       	movw	r18, r22
    b656:	cf 01       	movw	r24, r30
    b658:	01 96       	adiw	r24, 0x01	; 1
    b65a:	0e 94 cb 23 	call	0x4796	; 0x4796 <LCD_Fast_Short_Fill_Rect>
    b65e:	36 ce       	rjmp	.-916    	; 0xb2cc <Lcd_Multi_three_Round+0x828>
    b660:	69 81       	ldd	r22, Y+1	; 0x01
    b662:	7a 81       	ldd	r23, Y+2	; 0x02
    b664:	41 50       	subi	r20, 0x01	; 1
    b666:	51 09       	sbc	r21, r1
    b668:	01 e0       	ldi	r16, 0x01	; 1
    b66a:	9b 01       	movw	r18, r22
    b66c:	0e 94 cb 23 	call	0x4796	; 0x4796 <LCD_Fast_Short_Fill_Rect>
    b670:	2b 96       	adiw	r28, 0x0b	; 11
    b672:	ee ad       	ldd	r30, Y+62	; 0x3e
    b674:	ff ad       	ldd	r31, Y+63	; 0x3f
    b676:	2b 97       	sbiw	r28, 0x0b	; 11
    b678:	23 ce       	rjmp	.-954    	; 0xb2c0 <Lcd_Multi_three_Round+0x81c>
    b67a:	c0 90 0b 01 	lds	r12, 0x010B	; 0x80010b <KVB+0x4>
    b67e:	d0 90 0c 01 	lds	r13, 0x010C	; 0x80010c <KVB+0x5>
    b682:	c6 18       	sub	r12, r6
    b684:	d7 08       	sbc	r13, r7
    b686:	ce 18       	sub	r12, r14
    b688:	df 08       	sbc	r13, r15
    b68a:	81 e0       	ldi	r24, 0x01	; 1
    b68c:	59 ca       	rjmp	.-2894   	; 0xab40 <Lcd_Multi_three_Round+0x9c>
    b68e:	80 91 07 01 	lds	r24, 0x0107	; 0x800107 <KVB>
    b692:	81 30       	cpi	r24, 0x01	; 1
    b694:	09 f4       	brne	.+2      	; 0xb698 <Lcd_Multi_three_Round+0xbf4>
    b696:	67 c0       	rjmp	.+206    	; 0xb766 <Lcd_Multi_three_Round+0xcc2>
    b698:	63 01       	movw	r12, r6
    b69a:	82 e0       	ldi	r24, 0x02	; 2
    b69c:	51 ca       	rjmp	.-2910   	; 0xab40 <Lcd_Multi_three_Round+0x9c>
    b69e:	5a 96       	adiw	r26, 0x1a	; 26
    b6a0:	ec 91       	ld	r30, X
    b6a2:	5a 97       	sbiw	r26, 0x1a	; 26
    b6a4:	0e 2f       	mov	r16, r30
    b6a6:	10 e0       	ldi	r17, 0x00	; 0
    b6a8:	c8 01       	movw	r24, r16
    b6aa:	96 95       	lsr	r25
    b6ac:	98 2f       	mov	r25, r24
    b6ae:	88 27       	eor	r24, r24
    b6b0:	97 95       	ror	r25
    b6b2:	87 95       	ror	r24
    b6b4:	f7 01       	movw	r30, r14
    b6b6:	90 8b       	std	Z+16, r25	; 0x10
    b6b8:	87 87       	std	Z+15, r24	; 0x0f
    b6ba:	5b 96       	adiw	r26, 0x1b	; 27
    b6bc:	6c 91       	ld	r22, X
    b6be:	5b 97       	sbiw	r26, 0x1b	; 27
    b6c0:	70 e0       	ldi	r23, 0x00	; 0
    b6c2:	cb 01       	movw	r24, r22
    b6c4:	96 95       	lsr	r25
    b6c6:	98 2f       	mov	r25, r24
    b6c8:	88 27       	eor	r24, r24
    b6ca:	97 95       	ror	r25
    b6cc:	87 95       	ror	r24
    b6ce:	92 8b       	std	Z+18, r25	; 0x12
    b6d0:	81 8b       	std	Z+17, r24	; 0x11
    b6d2:	5c 96       	adiw	r26, 0x1c	; 28
    b6d4:	8c 91       	ld	r24, X
    b6d6:	a8 2f       	mov	r26, r24
    b6d8:	b0 e0       	ldi	r27, 0x00	; 0
    b6da:	cd 01       	movw	r24, r26
    b6dc:	96 95       	lsr	r25
    b6de:	98 2f       	mov	r25, r24
    b6e0:	88 27       	eor	r24, r24
    b6e2:	97 95       	ror	r25
    b6e4:	87 95       	ror	r24
    b6e6:	94 8b       	std	Z+20, r25	; 0x14
    b6e8:	83 8b       	std	Z+19, r24	; 0x13
    b6ea:	f5 01       	movw	r30, r10
    b6ec:	47 89       	ldd	r20, Z+23	; 0x17
    b6ee:	50 e0       	ldi	r21, 0x00	; 0
    b6f0:	20 8d       	ldd	r18, Z+24	; 0x18
    b6f2:	30 e0       	ldi	r19, 0x00	; 0
    b6f4:	81 8d       	ldd	r24, Z+25	; 0x19
    b6f6:	90 e0       	ldi	r25, 0x00	; 0
    b6f8:	0a cc       	rjmp	.-2028   	; 0xaf0e <Lcd_Multi_three_Round+0x46a>
    b6fa:	d1 01       	movw	r26, r2
    b6fc:	1f 97       	sbiw	r26, 0x0f	; 15
    b6fe:	fd 01       	movw	r30, r26
    b700:	84 91       	lpm	r24, Z
    b702:	f0 e8       	ldi	r31, 0x80	; 128
    b704:	8f 9f       	mul	r24, r31
    b706:	c0 01       	movw	r24, r0
    b708:	11 24       	eor	r1, r1
    b70a:	f7 01       	movw	r30, r14
    b70c:	90 8b       	std	Z+16, r25	; 0x10
    b70e:	87 87       	std	Z+15, r24	; 0x0f
    b710:	b1 01       	movw	r22, r2
    b712:	6e 50       	subi	r22, 0x0E	; 14
    b714:	71 09       	sbc	r23, r1
    b716:	fb 01       	movw	r30, r22
    b718:	84 91       	lpm	r24, Z
    b71a:	f0 e8       	ldi	r31, 0x80	; 128
    b71c:	8f 9f       	mul	r24, r31
    b71e:	c0 01       	movw	r24, r0
    b720:	11 24       	eor	r1, r1
    b722:	f7 01       	movw	r30, r14
    b724:	92 8b       	std	Z+18, r25	; 0x12
    b726:	81 8b       	std	Z+17, r24	; 0x11
    b728:	81 01       	movw	r16, r2
    b72a:	0d 50       	subi	r16, 0x0D	; 13
    b72c:	11 09       	sbc	r17, r1
    b72e:	f8 01       	movw	r30, r16
    b730:	84 91       	lpm	r24, Z
    b732:	f0 e8       	ldi	r31, 0x80	; 128
    b734:	8f 9f       	mul	r24, r31
    b736:	c0 01       	movw	r24, r0
    b738:	11 24       	eor	r1, r1
    b73a:	f7 01       	movw	r30, r14
    b73c:	94 8b       	std	Z+20, r25	; 0x14
    b73e:	83 8b       	std	Z+19, r24	; 0x13
    b740:	a1 01       	movw	r20, r2
    b742:	42 51       	subi	r20, 0x12	; 18
    b744:	51 09       	sbc	r21, r1
    b746:	91 01       	movw	r18, r2
    b748:	21 51       	subi	r18, 0x11	; 17
    b74a:	31 09       	sbc	r19, r1
    b74c:	c1 01       	movw	r24, r2
    b74e:	40 97       	sbiw	r24, 0x10	; 16
    b750:	f8 ce       	rjmp	.-528    	; 0xb542 <Lcd_Multi_three_Round+0xa9e>
    b752:	c0 90 0b 01 	lds	r12, 0x010B	; 0x80010b <KVB+0x4>
    b756:	d0 90 0c 01 	lds	r13, 0x010C	; 0x80010c <KVB+0x5>
    b75a:	c6 18       	sub	r12, r6
    b75c:	d7 08       	sbc	r13, r7
    b75e:	ce 18       	sub	r12, r14
    b760:	df 08       	sbc	r13, r15
    b762:	83 e0       	ldi	r24, 0x03	; 3
    b764:	ed c9       	rjmp	.-3110   	; 0xab40 <Lcd_Multi_three_Round+0x9c>
    b766:	c0 90 0b 01 	lds	r12, 0x010B	; 0x80010b <KVB+0x4>
    b76a:	d0 90 0c 01 	lds	r13, 0x010C	; 0x80010c <KVB+0x5>
    b76e:	c6 18       	sub	r12, r6
    b770:	d7 08       	sbc	r13, r7
    b772:	ce 18       	sub	r12, r14
    b774:	df 08       	sbc	r13, r15
    b776:	82 e0       	ldi	r24, 0x02	; 2
    b778:	e3 c9       	rjmp	.-3130   	; 0xab40 <Lcd_Multi_three_Round+0x9c>

0000b77a <Measure_Speed_function>:
    b77a:	cf 92       	push	r12
    b77c:	df 92       	push	r13
    b77e:	ef 92       	push	r14
    b780:	ff 92       	push	r15
    b782:	0f 93       	push	r16
    b784:	1f 93       	push	r17
    b786:	94 98       	cbi	0x12, 4	; 18
    b788:	1f bc       	out	0x2f, r1	; 47
    b78a:	1e bc       	out	0x2e, r1	; 46
    b78c:	1d bc       	out	0x2d, r1	; 45
    b78e:	1c bc       	out	0x2c, r1	; 44
    b790:	8e b5       	in	r24, 0x2e	; 46
    b792:	81 60       	ori	r24, 0x01	; 1
    b794:	8e bd       	out	0x2e, r24	; 46
    b796:	86 ed       	ldi	r24, 0xD6	; 214
    b798:	c8 2e       	mov	r12, r24
    b79a:	dd 24       	eor	r13, r13
    b79c:	d3 94       	inc	r13
    b79e:	9c e8       	ldi	r25, 0x8C	; 140
    b7a0:	e9 2e       	mov	r14, r25
    b7a2:	f1 2c       	mov	r15, r1
    b7a4:	05 e0       	ldi	r16, 0x05	; 5
    b7a6:	10 e0       	ldi	r17, 0x00	; 0
    b7a8:	20 e0       	ldi	r18, 0x00	; 0
    b7aa:	40 e0       	ldi	r20, 0x00	; 0
    b7ac:	51 e0       	ldi	r21, 0x01	; 1
    b7ae:	61 e0       	ldi	r22, 0x01	; 1
    b7b0:	80 e0       	ldi	r24, 0x00	; 0
    b7b2:	0e 94 b9 50 	call	0xa172	; 0xa172 <Lcd_Text_Format>
    b7b6:	c1 2c       	mov	r12, r1
    b7b8:	ee 24       	eor	r14, r14
    b7ba:	ea 94       	dec	r14
    b7bc:	00 e0       	ldi	r16, 0x00	; 0
    b7be:	20 e0       	ldi	r18, 0x00	; 0
    b7c0:	4f ef       	ldi	r20, 0xFF	; 255
    b7c2:	60 e0       	ldi	r22, 0x00	; 0
    b7c4:	80 e0       	ldi	r24, 0x00	; 0
    b7c6:	0e 94 c2 45 	call	0x8b84	; 0x8b84 <lcd_Set_Color_Font_RGB>
    b7ca:	80 e0       	ldi	r24, 0x00	; 0
    b7cc:	0e 94 f8 45 	call	0x8bf0	; 0x8bf0 <lcd_Set_Edging_Font>
    b7d0:	26 ed       	ldi	r18, 0xD6	; 214
    b7d2:	c2 2e       	mov	r12, r18
    b7d4:	dd 24       	eor	r13, r13
    b7d6:	d3 94       	inc	r13
    b7d8:	3c e8       	ldi	r19, 0x8C	; 140
    b7da:	e3 2e       	mov	r14, r19
    b7dc:	f1 2c       	mov	r15, r1
    b7de:	05 e0       	ldi	r16, 0x05	; 5
    b7e0:	10 e0       	ldi	r17, 0x00	; 0
    b7e2:	20 e0       	ldi	r18, 0x00	; 0
    b7e4:	40 e0       	ldi	r20, 0x00	; 0
    b7e6:	51 e0       	ldi	r21, 0x01	; 1
    b7e8:	61 e0       	ldi	r22, 0x01	; 1
    b7ea:	80 e0       	ldi	r24, 0x00	; 0
    b7ec:	0e 94 b9 50 	call	0xa172	; 0xa172 <Lcd_Text_Format>
    b7f0:	8e b5       	in	r24, 0x2e	; 46
    b7f2:	8e 7f       	andi	r24, 0xFE	; 254
    b7f4:	8e bd       	out	0x2e, r24	; 46
    b7f6:	8c b5       	in	r24, 0x2c	; 44
    b7f8:	9d b5       	in	r25, 0x2d	; 45
    b7fa:	90 93 05 01 	sts	0x0105, r25	; 0x800105 <__data_end+0x1>
    b7fe:	80 93 04 01 	sts	0x0104, r24	; 0x800104 <__data_end>
    b802:	94 9a       	sbi	0x12, 4	; 18
    b804:	1f 91       	pop	r17
    b806:	0f 91       	pop	r16
    b808:	ff 90       	pop	r15
    b80a:	ef 90       	pop	r14
    b80c:	df 90       	pop	r13
    b80e:	cf 90       	pop	r12
    b810:	08 95       	ret

0000b812 <lcd_Test480x320Landscape>:
    b812:	4f 92       	push	r4
    b814:	5f 92       	push	r5
    b816:	6f 92       	push	r6
    b818:	7f 92       	push	r7
    b81a:	8f 92       	push	r8
    b81c:	9f 92       	push	r9
    b81e:	af 92       	push	r10
    b820:	bf 92       	push	r11
    b822:	cf 92       	push	r12
    b824:	df 92       	push	r13
    b826:	ef 92       	push	r14
    b828:	ff 92       	push	r15
    b82a:	0f 93       	push	r16
    b82c:	1f 93       	push	r17
    b82e:	cf 93       	push	r28
    b830:	df 93       	push	r29
    b832:	cd b7       	in	r28, 0x3d	; 61
    b834:	de b7       	in	r29, 0x3e	; 62
    b836:	cc 5b       	subi	r28, 0xBC	; 188
    b838:	d3 40       	sbci	r29, 0x03	; 3
    b83a:	0f b6       	in	r0, 0x3f	; 63
    b83c:	f8 94       	cli
    b83e:	de bf       	out	0x3e, r29	; 62
    b840:	0f be       	out	0x3f, r0	; 63
    b842:	cd bf       	out	0x3d, r28	; 61
    b844:	20 e0       	ldi	r18, 0x00	; 0
    b846:	40 e0       	ldi	r20, 0x00	; 0
    b848:	60 e0       	ldi	r22, 0x00	; 0
    b84a:	80 e0       	ldi	r24, 0x00	; 0
    b84c:	0e 94 8e 27 	call	0x4f1c	; 0x4f1c <lcd_Set_TColor_RGB>
    b850:	21 e0       	ldi	r18, 0x01	; 1
    b852:	4f ef       	ldi	r20, 0xFF	; 255
    b854:	6f ef       	ldi	r22, 0xFF	; 255
    b856:	8f ef       	ldi	r24, 0xFF	; 255
    b858:	0e 94 8e 27 	call	0x4f1c	; 0x4f1c <lcd_Set_TColor_RGB>
    b85c:	22 e0       	ldi	r18, 0x02	; 2
    b85e:	40 e0       	ldi	r20, 0x00	; 0
    b860:	60 e0       	ldi	r22, 0x00	; 0
    b862:	8f ef       	ldi	r24, 0xFF	; 255
    b864:	0e 94 8e 27 	call	0x4f1c	; 0x4f1c <lcd_Set_TColor_RGB>
    b868:	23 e0       	ldi	r18, 0x03	; 3
    b86a:	40 e0       	ldi	r20, 0x00	; 0
    b86c:	6f ef       	ldi	r22, 0xFF	; 255
    b86e:	80 e0       	ldi	r24, 0x00	; 0
    b870:	0e 94 8e 27 	call	0x4f1c	; 0x4f1c <lcd_Set_TColor_RGB>
    b874:	24 e0       	ldi	r18, 0x04	; 4
    b876:	4f ef       	ldi	r20, 0xFF	; 255
    b878:	60 e0       	ldi	r22, 0x00	; 0
    b87a:	80 e0       	ldi	r24, 0x00	; 0
    b87c:	0e 94 8e 27 	call	0x4f1c	; 0x4f1c <lcd_Set_TColor_RGB>
    b880:	25 e0       	ldi	r18, 0x05	; 5
    b882:	40 e0       	ldi	r20, 0x00	; 0
    b884:	6f ef       	ldi	r22, 0xFF	; 255
    b886:	8f ef       	ldi	r24, 0xFF	; 255
    b888:	0e 94 8e 27 	call	0x4f1c	; 0x4f1c <lcd_Set_TColor_RGB>
    b88c:	26 e0       	ldi	r18, 0x06	; 6
    b88e:	4f ef       	ldi	r20, 0xFF	; 255
    b890:	6f ef       	ldi	r22, 0xFF	; 255
    b892:	80 e0       	ldi	r24, 0x00	; 0
    b894:	0e 94 8e 27 	call	0x4f1c	; 0x4f1c <lcd_Set_TColor_RGB>
    b898:	27 e0       	ldi	r18, 0x07	; 7
    b89a:	4f ef       	ldi	r20, 0xFF	; 255
    b89c:	60 e0       	ldi	r22, 0x00	; 0
    b89e:	8f ef       	ldi	r24, 0xFF	; 255
    b8a0:	0e 94 8e 27 	call	0x4f1c	; 0x4f1c <lcd_Set_TColor_RGB>
    b8a4:	8a ee       	ldi	r24, 0xEA	; 234
    b8a6:	99 e0       	ldi	r25, 0x09	; 9
    b8a8:	0e 94 9b 45 	call	0x8b36	; 0x8b36 <lcd_Set_Font>
    b8ac:	84 e0       	ldi	r24, 0x04	; 4
    b8ae:	0e 94 98 45 	call	0x8b30	; 0x8b30 <lcd_Set_Nsymtab_Font>
    b8b2:	81 e0       	ldi	r24, 0x01	; 1
    b8b4:	0e 94 fb 45 	call	0x8bf6	; 0x8bf6 <lcd_Set_Transparent_Font>
    b8b8:	85 e0       	ldi	r24, 0x05	; 5
    b8ba:	0e 94 f8 45 	call	0x8bf0	; 0x8bf0 <lcd_Set_Edging_Font>
    b8be:	80 e0       	ldi	r24, 0x00	; 0
    b8c0:	0e 94 0a 46 	call	0x8c14	; 0x8c14 <lcd_Set_Scale_Font>
    b8c4:	84 e0       	ldi	r24, 0x04	; 4
    b8c6:	0e 94 04 46 	call	0x8c08	; 0x8c08 <lcd_Set_Kerning_Font>
    b8ca:	80 e0       	ldi	r24, 0x00	; 0
    b8cc:	0e 94 07 46 	call	0x8c0e	; 0x8c0e <lcd_Set_Spacing_Font>
    b8d0:	81 e0       	ldi	r24, 0x01	; 1
    b8d2:	0e 94 fe 45 	call	0x8bfc	; 0x8bfc <lcd_Set_Aligning_Font>
    b8d6:	c1 2c       	mov	r12, r1
    b8d8:	ee 24       	eor	r14, r14
    b8da:	ea 94       	dec	r14
    b8dc:	00 e0       	ldi	r16, 0x00	; 0
    b8de:	20 e0       	ldi	r18, 0x00	; 0
    b8e0:	40 e0       	ldi	r20, 0x00	; 0
    b8e2:	60 e0       	ldi	r22, 0x00	; 0
    b8e4:	8f ef       	ldi	r24, 0xFF	; 255
    b8e6:	0e 94 c2 45 	call	0x8b84	; 0x8b84 <lcd_Set_Color_Font_RGB>
    b8ea:	82 e0       	ldi	r24, 0x02	; 2
    b8ec:	c8 2e       	mov	r12, r24
    b8ee:	0f ef       	ldi	r16, 0xFF	; 255
    b8f0:	2f ef       	ldi	r18, 0xFF	; 255
    b8f2:	4f ef       	ldi	r20, 0xFF	; 255
    b8f4:	6f ef       	ldi	r22, 0xFF	; 255
    b8f6:	8f ef       	ldi	r24, 0xFF	; 255
    b8f8:	0e 94 c2 45 	call	0x8b84	; 0x8b84 <lcd_Set_Color_Font_RGB>
    b8fc:	3e df       	rcall	.-388    	; 0xb77a <Measure_Speed_function>
    b8fe:	80 e0       	ldi	r24, 0x00	; 0
    b900:	0e 94 ca 27 	call	0x4f94	; 0x4f94 <Lcd_Fill_Screen>
    b904:	2f ef       	ldi	r18, 0xFF	; 255
    b906:	33 ed       	ldi	r19, 0xD3	; 211
    b908:	80 e3       	ldi	r24, 0x30	; 48
    b90a:	21 50       	subi	r18, 0x01	; 1
    b90c:	30 40       	sbci	r19, 0x00	; 0
    b90e:	80 40       	sbci	r24, 0x00	; 0
    b910:	e1 f7       	brne	.-8      	; 0xb90a <lcd_Test480x320Landscape+0xf8>
    b912:	00 c0       	rjmp	.+0      	; 0xb914 <lcd_Test480x320Landscape+0x102>
    b914:	00 00       	nop
    b916:	80 ec       	ldi	r24, 0xC0	; 192
    b918:	9f e3       	ldi	r25, 0x3F	; 63
    b91a:	0e 94 9b 45 	call	0x8b36	; 0x8b36 <lcd_Set_Font>
    b91e:	82 e0       	ldi	r24, 0x02	; 2
    b920:	0e 94 0a 46 	call	0x8c14	; 0x8c14 <lcd_Set_Scale_Font>
    b924:	80 e0       	ldi	r24, 0x00	; 0
    b926:	0e 94 f8 45 	call	0x8bf0	; 0x8bf0 <lcd_Set_Edging_Font>
    b92a:	80 e0       	ldi	r24, 0x00	; 0
    b92c:	0e 94 04 46 	call	0x8c08	; 0x8c08 <lcd_Set_Kerning_Font>
    b930:	1f 92       	push	r1
    b932:	1f 92       	push	r1
    b934:	86 e0       	ldi	r24, 0x06	; 6
    b936:	8f 93       	push	r24
    b938:	94 e0       	ldi	r25, 0x04	; 4
    b93a:	b9 2e       	mov	r11, r25
    b93c:	bf 92       	push	r11
    b93e:	1f 92       	push	r1
    b940:	1f 92       	push	r1
    b942:	8f 93       	push	r24
    b944:	24 e0       	ldi	r18, 0x04	; 4
    b946:	82 2e       	mov	r8, r18
    b948:	35 e0       	ldi	r19, 0x05	; 5
    b94a:	a3 2e       	mov	r10, r19
    b94c:	4e e1       	ldi	r20, 0x1E	; 30
    b94e:	c4 2e       	mov	r12, r20
    b950:	58 e7       	ldi	r21, 0x78	; 120
    b952:	e5 2e       	mov	r14, r21
    b954:	f1 2c       	mov	r15, r1
    b956:	00 ef       	ldi	r16, 0xF0	; 240
    b958:	10 e0       	ldi	r17, 0x00	; 0
    b95a:	2a e0       	ldi	r18, 0x0A	; 10
    b95c:	30 e0       	ldi	r19, 0x00	; 0
    b95e:	47 e7       	ldi	r20, 0x77	; 119
    b960:	50 e0       	ldi	r21, 0x00	; 0
    b962:	61 e0       	ldi	r22, 0x01	; 1
    b964:	80 e0       	ldi	r24, 0x00	; 0
    b966:	9e d8       	rcall	.-3780   	; 0xaaa4 <Lcd_Multi_three_Round>
    b968:	c1 2c       	mov	r12, r1
    b96a:	60 ea       	ldi	r22, 0xA0	; 160
    b96c:	e6 2e       	mov	r14, r22
    b96e:	00 ea       	ldi	r16, 0xA0	; 160
    b970:	20 e0       	ldi	r18, 0x00	; 0
    b972:	4c ef       	ldi	r20, 0xFC	; 252
    b974:	6c ef       	ldi	r22, 0xFC	; 252
    b976:	80 e0       	ldi	r24, 0x00	; 0
    b978:	0e 94 c2 45 	call	0x8b84	; 0x8b84 <lcd_Set_Color_Font_RGB>
    b97c:	72 e0       	ldi	r23, 0x02	; 2
    b97e:	c7 2e       	mov	r12, r23
    b980:	e0 e5       	ldi	r30, 0x50	; 80
    b982:	ee 2e       	mov	r14, r30
    b984:	00 e5       	ldi	r16, 0x50	; 80
    b986:	20 e5       	ldi	r18, 0x50	; 80
    b988:	40 e5       	ldi	r20, 0x50	; 80
    b98a:	60 e5       	ldi	r22, 0x50	; 80
    b98c:	80 e5       	ldi	r24, 0x50	; 80
    b98e:	0e 94 c2 45 	call	0x8b84	; 0x8b84 <lcd_Set_Color_Font_RGB>
    b992:	f4 eb       	ldi	r31, 0xB4	; 180
    b994:	cf 2e       	mov	r12, r31
    b996:	d1 2c       	mov	r13, r1
    b998:	ac e6       	ldi	r26, 0x6C	; 108
    b99a:	ea 2e       	mov	r14, r26
    b99c:	f1 2c       	mov	r15, r1
    b99e:	05 e9       	ldi	r16, 0x95	; 149
    b9a0:	10 e0       	ldi	r17, 0x00	; 0
    b9a2:	21 e0       	ldi	r18, 0x01	; 1
    b9a4:	47 ef       	ldi	r20, 0xF7	; 247
    b9a6:	53 e4       	ldi	r21, 0x43	; 67
    b9a8:	66 e0       	ldi	r22, 0x06	; 6
    b9aa:	80 e0       	ldi	r24, 0x00	; 0
    b9ac:	0e 94 b9 50 	call	0xa172	; 0xa172 <Lcd_Text_Format>
    b9b0:	9f ef       	ldi	r25, 0xFF	; 255
    b9b2:	23 ed       	ldi	r18, 0xD3	; 211
    b9b4:	30 e3       	ldi	r19, 0x30	; 48
    b9b6:	91 50       	subi	r25, 0x01	; 1
    b9b8:	20 40       	sbci	r18, 0x00	; 0
    b9ba:	30 40       	sbci	r19, 0x00	; 0
    b9bc:	e1 f7       	brne	.-8      	; 0xb9b6 <lcd_Test480x320Landscape+0x1a4>
    b9be:	00 c0       	rjmp	.+0      	; 0xb9c0 <lcd_Test480x320Landscape+0x1ae>
    b9c0:	00 00       	nop
    b9c2:	1f 92       	push	r1
    b9c4:	1f 92       	push	r1
    b9c6:	1f 92       	push	r1
    b9c8:	bf 92       	push	r11
    b9ca:	1f 92       	push	r1
    b9cc:	1f 92       	push	r1
    b9ce:	1f 92       	push	r1
    b9d0:	be e1       	ldi	r27, 0x1E	; 30
    b9d2:	cb 2e       	mov	r12, r27
    b9d4:	18 e7       	ldi	r17, 0x78	; 120
    b9d6:	e1 2e       	mov	r14, r17
    b9d8:	f1 2c       	mov	r15, r1
    b9da:	00 ef       	ldi	r16, 0xF0	; 240
    b9dc:	10 e0       	ldi	r17, 0x00	; 0
    b9de:	2a e0       	ldi	r18, 0x0A	; 10
    b9e0:	30 e0       	ldi	r19, 0x00	; 0
    b9e2:	47 e7       	ldi	r20, 0x77	; 119
    b9e4:	50 e0       	ldi	r21, 0x00	; 0
    b9e6:	6c e0       	ldi	r22, 0x0C	; 12
    b9e8:	80 e0       	ldi	r24, 0x00	; 0
    b9ea:	5c d8       	rcall	.-3912   	; 0xaaa4 <Lcd_Multi_three_Round>
    b9ec:	8c e0       	ldi	r24, 0x0C	; 12
    b9ee:	0b d8       	rcall	.-4074   	; 0xaa06 <lcd_Set_Grad_Color_MultiRoundPrintFlash>
    b9f0:	c1 2c       	mov	r12, r1
    b9f2:	e1 2c       	mov	r14, r1
    b9f4:	04 ee       	ldi	r16, 0xE4	; 228
    b9f6:	24 ee       	ldi	r18, 0xE4	; 228
    b9f8:	40 e0       	ldi	r20, 0x00	; 0
    b9fa:	6f ef       	ldi	r22, 0xFF	; 255
    b9fc:	8f ef       	ldi	r24, 0xFF	; 255
    b9fe:	0e 94 c2 45 	call	0x8b84	; 0x8b84 <lcd_Set_Color_Font_RGB>
    ba02:	02 e0       	ldi	r16, 0x02	; 2
    ba04:	c0 2e       	mov	r12, r16
    ba06:	8c e3       	ldi	r24, 0x3C	; 60
    ba08:	e8 2e       	mov	r14, r24
    ba0a:	0c e3       	ldi	r16, 0x3C	; 60
    ba0c:	2c e3       	ldi	r18, 0x3C	; 60
    ba0e:	4c e3       	ldi	r20, 0x3C	; 60
    ba10:	6c e3       	ldi	r22, 0x3C	; 60
    ba12:	8c e3       	ldi	r24, 0x3C	; 60
    ba14:	0e 94 c2 45 	call	0x8b84	; 0x8b84 <lcd_Set_Color_Font_RGB>
    ba18:	94 eb       	ldi	r25, 0xB4	; 180
    ba1a:	c9 2e       	mov	r12, r25
    ba1c:	d1 2c       	mov	r13, r1
    ba1e:	2c e6       	ldi	r18, 0x6C	; 108
    ba20:	e2 2e       	mov	r14, r18
    ba22:	f1 2c       	mov	r15, r1
    ba24:	05 e9       	ldi	r16, 0x95	; 149
    ba26:	10 e0       	ldi	r17, 0x00	; 0
    ba28:	21 e0       	ldi	r18, 0x01	; 1
    ba2a:	47 ef       	ldi	r20, 0xF7	; 247
    ba2c:	53 e4       	ldi	r21, 0x43	; 67
    ba2e:	66 e0       	ldi	r22, 0x06	; 6
    ba30:	80 e0       	ldi	r24, 0x00	; 0
    ba32:	0e 94 b9 50 	call	0xa172	; 0xa172 <Lcd_Text_Format>
    ba36:	8f ef       	ldi	r24, 0xFF	; 255
    ba38:	94 e3       	ldi	r25, 0x34	; 52
    ba3a:	2c e0       	ldi	r18, 0x0C	; 12
    ba3c:	81 50       	subi	r24, 0x01	; 1
    ba3e:	90 40       	sbci	r25, 0x00	; 0
    ba40:	20 40       	sbci	r18, 0x00	; 0
    ba42:	e1 f7       	brne	.-8      	; 0xba3c <lcd_Test480x320Landscape+0x22a>
    ba44:	00 c0       	rjmp	.+0      	; 0xba46 <lcd_Test480x320Landscape+0x234>
    ba46:	00 00       	nop
    ba48:	c1 2c       	mov	r12, r1
    ba4a:	e1 2c       	mov	r14, r1
    ba4c:	00 e0       	ldi	r16, 0x00	; 0
    ba4e:	24 ee       	ldi	r18, 0xE4	; 228
    ba50:	40 e0       	ldi	r20, 0x00	; 0
    ba52:	60 e0       	ldi	r22, 0x00	; 0
    ba54:	8f ef       	ldi	r24, 0xFF	; 255
    ba56:	0e 94 c2 45 	call	0x8b84	; 0x8b84 <lcd_Set_Color_Font_RGB>
    ba5a:	32 e0       	ldi	r19, 0x02	; 2
    ba5c:	c3 2e       	mov	r12, r19
    ba5e:	4c e3       	ldi	r20, 0x3C	; 60
    ba60:	e4 2e       	mov	r14, r20
    ba62:	0c e3       	ldi	r16, 0x3C	; 60
    ba64:	2c e3       	ldi	r18, 0x3C	; 60
    ba66:	4c e3       	ldi	r20, 0x3C	; 60
    ba68:	6c e3       	ldi	r22, 0x3C	; 60
    ba6a:	8c e3       	ldi	r24, 0x3C	; 60
    ba6c:	0e 94 c2 45 	call	0x8b84	; 0x8b84 <lcd_Set_Color_Font_RGB>
    ba70:	1f 92       	push	r1
    ba72:	1f 92       	push	r1
    ba74:	1f 92       	push	r1
    ba76:	bf 92       	push	r11
    ba78:	1f 92       	push	r1
    ba7a:	1f 92       	push	r1
    ba7c:	1f 92       	push	r1
    ba7e:	5e e1       	ldi	r21, 0x1E	; 30
    ba80:	c5 2e       	mov	r12, r21
    ba82:	68 e7       	ldi	r22, 0x78	; 120
    ba84:	e6 2e       	mov	r14, r22
    ba86:	f1 2c       	mov	r15, r1
    ba88:	00 ef       	ldi	r16, 0xF0	; 240
    ba8a:	10 e0       	ldi	r17, 0x00	; 0
    ba8c:	2a e0       	ldi	r18, 0x0A	; 10
    ba8e:	30 e0       	ldi	r19, 0x00	; 0
    ba90:	47 e7       	ldi	r20, 0x77	; 119
    ba92:	50 e0       	ldi	r21, 0x00	; 0
    ba94:	69 e0       	ldi	r22, 0x09	; 9
    ba96:	80 e0       	ldi	r24, 0x00	; 0
    ba98:	05 d8       	rcall	.-4086   	; 0xaaa4 <Lcd_Multi_three_Round>
    ba9a:	74 eb       	ldi	r23, 0xB4	; 180
    ba9c:	c7 2e       	mov	r12, r23
    ba9e:	d1 2c       	mov	r13, r1
    baa0:	ec e6       	ldi	r30, 0x6C	; 108
    baa2:	ee 2e       	mov	r14, r30
    baa4:	f1 2c       	mov	r15, r1
    baa6:	05 e9       	ldi	r16, 0x95	; 149
    baa8:	10 e0       	ldi	r17, 0x00	; 0
    baaa:	21 e0       	ldi	r18, 0x01	; 1
    baac:	47 ef       	ldi	r20, 0xF7	; 247
    baae:	53 e4       	ldi	r21, 0x43	; 67
    bab0:	66 e0       	ldi	r22, 0x06	; 6
    bab2:	80 e0       	ldi	r24, 0x00	; 0
    bab4:	0e 94 b9 50 	call	0xa172	; 0xa172 <Lcd_Text_Format>
    bab8:	3f ef       	ldi	r19, 0xFF	; 255
    baba:	82 e5       	ldi	r24, 0x52	; 82
    babc:	97 e0       	ldi	r25, 0x07	; 7
    babe:	31 50       	subi	r19, 0x01	; 1
    bac0:	80 40       	sbci	r24, 0x00	; 0
    bac2:	90 40       	sbci	r25, 0x00	; 0
    bac4:	e1 f7       	brne	.-8      	; 0xbabe <lcd_Test480x320Landscape+0x2ac>
    bac6:	00 c0       	rjmp	.+0      	; 0xbac8 <lcd_Test480x320Landscape+0x2b6>
    bac8:	00 00       	nop
    baca:	c1 2c       	mov	r12, r1
    bacc:	f0 ea       	ldi	r31, 0xA0	; 160
    bace:	ef 2e       	mov	r14, r31
    bad0:	00 ea       	ldi	r16, 0xA0	; 160
    bad2:	20 e0       	ldi	r18, 0x00	; 0
    bad4:	4c ef       	ldi	r20, 0xFC	; 252
    bad6:	6c ef       	ldi	r22, 0xFC	; 252
    bad8:	80 e0       	ldi	r24, 0x00	; 0
    bada:	0e 94 c2 45 	call	0x8b84	; 0x8b84 <lcd_Set_Color_Font_RGB>
    bade:	a2 e0       	ldi	r26, 0x02	; 2
    bae0:	ca 2e       	mov	r12, r26
    bae2:	b0 e5       	ldi	r27, 0x50	; 80
    bae4:	eb 2e       	mov	r14, r27
    bae6:	00 e5       	ldi	r16, 0x50	; 80
    bae8:	20 e5       	ldi	r18, 0x50	; 80
    baea:	40 e5       	ldi	r20, 0x50	; 80
    baec:	60 e5       	ldi	r22, 0x50	; 80
    baee:	80 e5       	ldi	r24, 0x50	; 80
    baf0:	0e 94 c2 45 	call	0x8b84	; 0x8b84 <lcd_Set_Color_Font_RGB>
    baf4:	1f 92       	push	r1
    baf6:	1f 92       	push	r1
    baf8:	1f 92       	push	r1
    bafa:	bf 92       	push	r11
    bafc:	1f 92       	push	r1
    bafe:	1f 92       	push	r1
    bb00:	1f 92       	push	r1
    bb02:	1e e1       	ldi	r17, 0x1E	; 30
    bb04:	c1 2e       	mov	r12, r17
    bb06:	08 e7       	ldi	r16, 0x78	; 120
    bb08:	e0 2e       	mov	r14, r16
    bb0a:	f1 2c       	mov	r15, r1
    bb0c:	00 ef       	ldi	r16, 0xF0	; 240
    bb0e:	10 e0       	ldi	r17, 0x00	; 0
    bb10:	2a e0       	ldi	r18, 0x0A	; 10
    bb12:	30 e0       	ldi	r19, 0x00	; 0
    bb14:	47 e7       	ldi	r20, 0x77	; 119
    bb16:	50 e0       	ldi	r21, 0x00	; 0
    bb18:	61 e0       	ldi	r22, 0x01	; 1
    bb1a:	80 e0       	ldi	r24, 0x00	; 0
    bb1c:	0e 94 52 55 	call	0xaaa4	; 0xaaa4 <Lcd_Multi_three_Round>
    bb20:	84 eb       	ldi	r24, 0xB4	; 180
    bb22:	c8 2e       	mov	r12, r24
    bb24:	d1 2c       	mov	r13, r1
    bb26:	9c e6       	ldi	r25, 0x6C	; 108
    bb28:	e9 2e       	mov	r14, r25
    bb2a:	f1 2c       	mov	r15, r1
    bb2c:	05 e9       	ldi	r16, 0x95	; 149
    bb2e:	10 e0       	ldi	r17, 0x00	; 0
    bb30:	21 e0       	ldi	r18, 0x01	; 1
    bb32:	47 ef       	ldi	r20, 0xF7	; 247
    bb34:	53 e4       	ldi	r21, 0x43	; 67
    bb36:	66 e0       	ldi	r22, 0x06	; 6
    bb38:	80 e0       	ldi	r24, 0x00	; 0
    bb3a:	0e 94 b9 50 	call	0xa172	; 0xa172 <Lcd_Text_Format>
    bb3e:	8a ee       	ldi	r24, 0xEA	; 234
    bb40:	99 e0       	ldi	r25, 0x09	; 9
    bb42:	0e 94 9b 45 	call	0x8b36	; 0x8b36 <lcd_Set_Font>
    bb46:	80 e0       	ldi	r24, 0x00	; 0
    bb48:	0e 94 f8 45 	call	0x8bf0	; 0x8bf0 <lcd_Set_Edging_Font>
    bb4c:	81 e0       	ldi	r24, 0x01	; 1
    bb4e:	0e 94 0a 46 	call	0x8c14	; 0x8c14 <lcd_Set_Scale_Font>
    bb52:	81 e0       	ldi	r24, 0x01	; 1
    bb54:	0e 94 04 46 	call	0x8c08	; 0x8c08 <lcd_Set_Kerning_Font>
    bb58:	80 e0       	ldi	r24, 0x00	; 0
    bb5a:	0e 94 fb 45 	call	0x8bf6	; 0x8bf6 <lcd_Set_Transparent_Font>
    bb5e:	cc 24       	eor	r12, r12
    bb60:	c3 94       	inc	r12
    bb62:	e1 2c       	mov	r14, r1
    bb64:	00 e0       	ldi	r16, 0x00	; 0
    bb66:	20 e0       	ldi	r18, 0x00	; 0
    bb68:	40 e0       	ldi	r20, 0x00	; 0
    bb6a:	60 e0       	ldi	r22, 0x00	; 0
    bb6c:	80 e0       	ldi	r24, 0x00	; 0
    bb6e:	0e 94 c2 45 	call	0x8b84	; 0x8b84 <lcd_Set_Color_Font_RGB>
    bb72:	c1 2c       	mov	r12, r1
    bb74:	21 ee       	ldi	r18, 0xE1	; 225
    bb76:	e2 2e       	mov	r14, r18
    bb78:	01 ee       	ldi	r16, 0xE1	; 225
    bb7a:	20 e0       	ldi	r18, 0x00	; 0
    bb7c:	40 e0       	ldi	r20, 0x00	; 0
    bb7e:	66 e9       	ldi	r22, 0x96	; 150
    bb80:	8b ee       	ldi	r24, 0xEB	; 235
    bb82:	0e 94 c2 45 	call	0x8b84	; 0x8b84 <lcd_Set_Color_Font_RGB>
    bb86:	30 ee       	ldi	r19, 0xE0	; 224
    bb88:	c3 2e       	mov	r12, r19
    bb8a:	dd 24       	eor	r13, r13
    bb8c:	d3 94       	inc	r13
    bb8e:	4a ea       	ldi	r20, 0xAA	; 170
    bb90:	e4 2e       	mov	r14, r20
    bb92:	f1 2c       	mov	r15, r1
    bb94:	01 e0       	ldi	r16, 0x01	; 1
    bb96:	10 e0       	ldi	r17, 0x00	; 0
    bb98:	21 e0       	ldi	r18, 0x01	; 1
    bb9a:	40 e8       	ldi	r20, 0x80	; 128
    bb9c:	53 e4       	ldi	r21, 0x43	; 67
    bb9e:	61 e0       	ldi	r22, 0x01	; 1
    bba0:	81 e0       	ldi	r24, 0x01	; 1
    bba2:	0e 94 b9 50 	call	0xa172	; 0xa172 <Lcd_Text_Format>
    bba6:	82 ef       	ldi	r24, 0xF2	; 242
    bba8:	98 e2       	ldi	r25, 0x28	; 40
    bbaa:	0e 94 9b 45 	call	0x8b36	; 0x8b36 <lcd_Set_Font>
    bbae:	56 ed       	ldi	r21, 0xD6	; 214
    bbb0:	c5 2e       	mov	r12, r21
    bbb2:	dd 24       	eor	r13, r13
    bbb4:	d3 94       	inc	r13
    bbb6:	6d e1       	ldi	r22, 0x1D	; 29
    bbb8:	e6 2e       	mov	r14, r22
    bbba:	ff 24       	eor	r15, r15
    bbbc:	f3 94       	inc	r15
    bbbe:	05 e0       	ldi	r16, 0x05	; 5
    bbc0:	10 e0       	ldi	r17, 0x00	; 0
    bbc2:	21 e0       	ldi	r18, 0x01	; 1
    bbc4:	46 e5       	ldi	r20, 0x56	; 86
    bbc6:	53 e4       	ldi	r21, 0x43	; 67
    bbc8:	62 e0       	ldi	r22, 0x02	; 2
    bbca:	81 e0       	ldi	r24, 0x01	; 1
    bbcc:	0e 94 b9 50 	call	0xa172	; 0xa172 <Lcd_Text_Format>
    bbd0:	24 e5       	ldi	r18, 0x54	; 84
    bbd2:	35 e8       	ldi	r19, 0x85	; 133
    bbd4:	85 e4       	ldi	r24, 0x45	; 69
    bbd6:	91 e0       	ldi	r25, 0x01	; 1
    bbd8:	21 50       	subi	r18, 0x01	; 1
    bbda:	30 40       	sbci	r19, 0x00	; 0
    bbdc:	80 40       	sbci	r24, 0x00	; 0
    bbde:	90 40       	sbci	r25, 0x00	; 0
    bbe0:	d9 f7       	brne	.-10     	; 0xbbd8 <lcd_Test480x320Landscape+0x3c6>
    bbe2:	00 c0       	rjmp	.+0      	; 0xbbe4 <lcd_Test480x320Landscape+0x3d2>
    bbe4:	00 c0       	rjmp	.+0      	; 0xbbe6 <lcd_Test480x320Landscape+0x3d4>
    bbe6:	00 00       	nop
    bbe8:	60 e0       	ldi	r22, 0x00	; 0
    bbea:	80 e0       	ldi	r24, 0x00	; 0
    bbec:	0e 94 34 28 	call	0x5068	; 0x5068 <Lcd_Fill_Screen_Ver_Scroll>
    bbf0:	2f ef       	ldi	r18, 0xFF	; 255
    bbf2:	35 ea       	ldi	r19, 0xA5	; 165
    bbf4:	8e e0       	ldi	r24, 0x0E	; 14
    bbf6:	21 50       	subi	r18, 0x01	; 1
    bbf8:	30 40       	sbci	r19, 0x00	; 0
    bbfa:	80 40       	sbci	r24, 0x00	; 0
    bbfc:	e1 f7       	brne	.-8      	; 0xbbf6 <lcd_Test480x320Landscape+0x3e4>
    bbfe:	00 c0       	rjmp	.+0      	; 0xbc00 <lcd_Test480x320Landscape+0x3ee>
    bc00:	00 00       	nop
    bc02:	22 e0       	ldi	r18, 0x02	; 2
    bc04:	40 e0       	ldi	r20, 0x00	; 0
    bc06:	60 e0       	ldi	r22, 0x00	; 0
    bc08:	81 e0       	ldi	r24, 0x01	; 1
    bc0a:	0e 94 db 27 	call	0x4fb6	; 0x4fb6 <Lcd_Grad_Fill_Screen>
    bc0e:	9f ef       	ldi	r25, 0xFF	; 255
    bc10:	27 e9       	ldi	r18, 0x97	; 151
    bc12:	3a e3       	ldi	r19, 0x3A	; 58
    bc14:	91 50       	subi	r25, 0x01	; 1
    bc16:	20 40       	sbci	r18, 0x00	; 0
    bc18:	30 40       	sbci	r19, 0x00	; 0
    bc1a:	e1 f7       	brne	.-8      	; 0xbc14 <lcd_Test480x320Landscape+0x402>
    bc1c:	00 c0       	rjmp	.+0      	; 0xbc1e <lcd_Test480x320Landscape+0x40c>
    bc1e:	00 00       	nop
    bc20:	21 e0       	ldi	r18, 0x01	; 1
    bc22:	40 e0       	ldi	r20, 0x00	; 0
    bc24:	61 e0       	ldi	r22, 0x01	; 1
    bc26:	81 e0       	ldi	r24, 0x01	; 1
    bc28:	0e 94 db 27 	call	0x4fb6	; 0x4fb6 <Lcd_Grad_Fill_Screen>
    bc2c:	8f ef       	ldi	r24, 0xFF	; 255
    bc2e:	97 e9       	ldi	r25, 0x97	; 151
    bc30:	2a e3       	ldi	r18, 0x3A	; 58
    bc32:	81 50       	subi	r24, 0x01	; 1
    bc34:	90 40       	sbci	r25, 0x00	; 0
    bc36:	20 40       	sbci	r18, 0x00	; 0
    bc38:	e1 f7       	brne	.-8      	; 0xbc32 <lcd_Test480x320Landscape+0x420>
    bc3a:	00 c0       	rjmp	.+0      	; 0xbc3c <lcd_Test480x320Landscape+0x42a>
    bc3c:	00 00       	nop
    bc3e:	22 e0       	ldi	r18, 0x02	; 2
    bc40:	40 e0       	ldi	r20, 0x00	; 0
    bc42:	61 e0       	ldi	r22, 0x01	; 1
    bc44:	81 e0       	ldi	r24, 0x01	; 1
    bc46:	0e 94 db 27 	call	0x4fb6	; 0x4fb6 <Lcd_Grad_Fill_Screen>
    bc4a:	3f ef       	ldi	r19, 0xFF	; 255
    bc4c:	87 e9       	ldi	r24, 0x97	; 151
    bc4e:	9a e3       	ldi	r25, 0x3A	; 58
    bc50:	31 50       	subi	r19, 0x01	; 1
    bc52:	80 40       	sbci	r24, 0x00	; 0
    bc54:	90 40       	sbci	r25, 0x00	; 0
    bc56:	e1 f7       	brne	.-8      	; 0xbc50 <lcd_Test480x320Landscape+0x43e>
    bc58:	00 c0       	rjmp	.+0      	; 0xbc5a <lcd_Test480x320Landscape+0x448>
    bc5a:	00 00       	nop
    bc5c:	23 e0       	ldi	r18, 0x03	; 3
    bc5e:	40 e0       	ldi	r20, 0x00	; 0
    bc60:	61 e0       	ldi	r22, 0x01	; 1
    bc62:	81 e0       	ldi	r24, 0x01	; 1
    bc64:	0e 94 db 27 	call	0x4fb6	; 0x4fb6 <Lcd_Grad_Fill_Screen>
    bc68:	2f ef       	ldi	r18, 0xFF	; 255
    bc6a:	37 e9       	ldi	r19, 0x97	; 151
    bc6c:	8a e3       	ldi	r24, 0x3A	; 58
    bc6e:	21 50       	subi	r18, 0x01	; 1
    bc70:	30 40       	sbci	r19, 0x00	; 0
    bc72:	80 40       	sbci	r24, 0x00	; 0
    bc74:	e1 f7       	brne	.-8      	; 0xbc6e <lcd_Test480x320Landscape+0x45c>
    bc76:	00 c0       	rjmp	.+0      	; 0xbc78 <lcd_Test480x320Landscape+0x466>
    bc78:	00 00       	nop
    bc7a:	21 e0       	ldi	r18, 0x01	; 1
    bc7c:	40 e0       	ldi	r20, 0x00	; 0
    bc7e:	67 e0       	ldi	r22, 0x07	; 7
    bc80:	81 e0       	ldi	r24, 0x01	; 1
    bc82:	0e 94 db 27 	call	0x4fb6	; 0x4fb6 <Lcd_Grad_Fill_Screen>
    bc86:	9f ef       	ldi	r25, 0xFF	; 255
    bc88:	27 e9       	ldi	r18, 0x97	; 151
    bc8a:	3a e3       	ldi	r19, 0x3A	; 58
    bc8c:	91 50       	subi	r25, 0x01	; 1
    bc8e:	20 40       	sbci	r18, 0x00	; 0
    bc90:	30 40       	sbci	r19, 0x00	; 0
    bc92:	e1 f7       	brne	.-8      	; 0xbc8c <lcd_Test480x320Landscape+0x47a>
    bc94:	00 c0       	rjmp	.+0      	; 0xbc96 <lcd_Test480x320Landscape+0x484>
    bc96:	00 00       	nop
    bc98:	22 e0       	ldi	r18, 0x02	; 2
    bc9a:	40 e0       	ldi	r20, 0x00	; 0
    bc9c:	67 e0       	ldi	r22, 0x07	; 7
    bc9e:	81 e0       	ldi	r24, 0x01	; 1
    bca0:	0e 94 db 27 	call	0x4fb6	; 0x4fb6 <Lcd_Grad_Fill_Screen>
    bca4:	8f ef       	ldi	r24, 0xFF	; 255
    bca6:	97 e9       	ldi	r25, 0x97	; 151
    bca8:	2a e3       	ldi	r18, 0x3A	; 58
    bcaa:	81 50       	subi	r24, 0x01	; 1
    bcac:	90 40       	sbci	r25, 0x00	; 0
    bcae:	20 40       	sbci	r18, 0x00	; 0
    bcb0:	e1 f7       	brne	.-8      	; 0xbcaa <lcd_Test480x320Landscape+0x498>
    bcb2:	00 c0       	rjmp	.+0      	; 0xbcb4 <lcd_Test480x320Landscape+0x4a2>
    bcb4:	00 00       	nop
    bcb6:	23 e0       	ldi	r18, 0x03	; 3
    bcb8:	40 e0       	ldi	r20, 0x00	; 0
    bcba:	67 e0       	ldi	r22, 0x07	; 7
    bcbc:	81 e0       	ldi	r24, 0x01	; 1
    bcbe:	0e 94 db 27 	call	0x4fb6	; 0x4fb6 <Lcd_Grad_Fill_Screen>
    bcc2:	3f ef       	ldi	r19, 0xFF	; 255
    bcc4:	87 e9       	ldi	r24, 0x97	; 151
    bcc6:	9a e3       	ldi	r25, 0x3A	; 58
    bcc8:	31 50       	subi	r19, 0x01	; 1
    bcca:	80 40       	sbci	r24, 0x00	; 0
    bccc:	90 40       	sbci	r25, 0x00	; 0
    bcce:	e1 f7       	brne	.-8      	; 0xbcc8 <lcd_Test480x320Landscape+0x4b6>
    bcd0:	00 c0       	rjmp	.+0      	; 0xbcd2 <lcd_Test480x320Landscape+0x4c0>
    bcd2:	00 00       	nop
    bcd4:	21 e0       	ldi	r18, 0x01	; 1
    bcd6:	40 e0       	ldi	r20, 0x00	; 0
    bcd8:	68 e0       	ldi	r22, 0x08	; 8
    bcda:	81 e0       	ldi	r24, 0x01	; 1
    bcdc:	0e 94 db 27 	call	0x4fb6	; 0x4fb6 <Lcd_Grad_Fill_Screen>
    bce0:	2f ef       	ldi	r18, 0xFF	; 255
    bce2:	37 e9       	ldi	r19, 0x97	; 151
    bce4:	8a e3       	ldi	r24, 0x3A	; 58
    bce6:	21 50       	subi	r18, 0x01	; 1
    bce8:	30 40       	sbci	r19, 0x00	; 0
    bcea:	80 40       	sbci	r24, 0x00	; 0
    bcec:	e1 f7       	brne	.-8      	; 0xbce6 <lcd_Test480x320Landscape+0x4d4>
    bcee:	00 c0       	rjmp	.+0      	; 0xbcf0 <lcd_Test480x320Landscape+0x4de>
    bcf0:	00 00       	nop
    bcf2:	22 e0       	ldi	r18, 0x02	; 2
    bcf4:	40 e0       	ldi	r20, 0x00	; 0
    bcf6:	68 e0       	ldi	r22, 0x08	; 8
    bcf8:	81 e0       	ldi	r24, 0x01	; 1
    bcfa:	0e 94 db 27 	call	0x4fb6	; 0x4fb6 <Lcd_Grad_Fill_Screen>
    bcfe:	9f ef       	ldi	r25, 0xFF	; 255
    bd00:	27 e9       	ldi	r18, 0x97	; 151
    bd02:	3a e3       	ldi	r19, 0x3A	; 58
    bd04:	91 50       	subi	r25, 0x01	; 1
    bd06:	20 40       	sbci	r18, 0x00	; 0
    bd08:	30 40       	sbci	r19, 0x00	; 0
    bd0a:	e1 f7       	brne	.-8      	; 0xbd04 <lcd_Test480x320Landscape+0x4f2>
    bd0c:	00 c0       	rjmp	.+0      	; 0xbd0e <lcd_Test480x320Landscape+0x4fc>
    bd0e:	00 00       	nop
    bd10:	23 e0       	ldi	r18, 0x03	; 3
    bd12:	40 e0       	ldi	r20, 0x00	; 0
    bd14:	68 e0       	ldi	r22, 0x08	; 8
    bd16:	81 e0       	ldi	r24, 0x01	; 1
    bd18:	0e 94 db 27 	call	0x4fb6	; 0x4fb6 <Lcd_Grad_Fill_Screen>
    bd1c:	8f ef       	ldi	r24, 0xFF	; 255
    bd1e:	97 e9       	ldi	r25, 0x97	; 151
    bd20:	2a e3       	ldi	r18, 0x3A	; 58
    bd22:	81 50       	subi	r24, 0x01	; 1
    bd24:	90 40       	sbci	r25, 0x00	; 0
    bd26:	20 40       	sbci	r18, 0x00	; 0
    bd28:	e1 f7       	brne	.-8      	; 0xbd22 <lcd_Test480x320Landscape+0x510>
    bd2a:	00 c0       	rjmp	.+0      	; 0xbd2c <lcd_Test480x320Landscape+0x51a>
    bd2c:	00 00       	nop
    bd2e:	21 e0       	ldi	r18, 0x01	; 1
    bd30:	40 e0       	ldi	r20, 0x00	; 0
    bd32:	69 e0       	ldi	r22, 0x09	; 9
    bd34:	81 e0       	ldi	r24, 0x01	; 1
    bd36:	0e 94 db 27 	call	0x4fb6	; 0x4fb6 <Lcd_Grad_Fill_Screen>
    bd3a:	3f ef       	ldi	r19, 0xFF	; 255
    bd3c:	87 e9       	ldi	r24, 0x97	; 151
    bd3e:	9a e3       	ldi	r25, 0x3A	; 58
    bd40:	31 50       	subi	r19, 0x01	; 1
    bd42:	80 40       	sbci	r24, 0x00	; 0
    bd44:	90 40       	sbci	r25, 0x00	; 0
    bd46:	e1 f7       	brne	.-8      	; 0xbd40 <lcd_Test480x320Landscape+0x52e>
    bd48:	00 c0       	rjmp	.+0      	; 0xbd4a <lcd_Test480x320Landscape+0x538>
    bd4a:	00 00       	nop
    bd4c:	22 e0       	ldi	r18, 0x02	; 2
    bd4e:	40 e0       	ldi	r20, 0x00	; 0
    bd50:	69 e0       	ldi	r22, 0x09	; 9
    bd52:	81 e0       	ldi	r24, 0x01	; 1
    bd54:	0e 94 db 27 	call	0x4fb6	; 0x4fb6 <Lcd_Grad_Fill_Screen>
    bd58:	2f ef       	ldi	r18, 0xFF	; 255
    bd5a:	37 e9       	ldi	r19, 0x97	; 151
    bd5c:	8a e3       	ldi	r24, 0x3A	; 58
    bd5e:	21 50       	subi	r18, 0x01	; 1
    bd60:	30 40       	sbci	r19, 0x00	; 0
    bd62:	80 40       	sbci	r24, 0x00	; 0
    bd64:	e1 f7       	brne	.-8      	; 0xbd5e <lcd_Test480x320Landscape+0x54c>
    bd66:	00 c0       	rjmp	.+0      	; 0xbd68 <lcd_Test480x320Landscape+0x556>
    bd68:	00 00       	nop
    bd6a:	23 e0       	ldi	r18, 0x03	; 3
    bd6c:	40 e0       	ldi	r20, 0x00	; 0
    bd6e:	69 e0       	ldi	r22, 0x09	; 9
    bd70:	81 e0       	ldi	r24, 0x01	; 1
    bd72:	0e 94 db 27 	call	0x4fb6	; 0x4fb6 <Lcd_Grad_Fill_Screen>
    bd76:	9f ef       	ldi	r25, 0xFF	; 255
    bd78:	27 e9       	ldi	r18, 0x97	; 151
    bd7a:	3a e3       	ldi	r19, 0x3A	; 58
    bd7c:	91 50       	subi	r25, 0x01	; 1
    bd7e:	20 40       	sbci	r18, 0x00	; 0
    bd80:	30 40       	sbci	r19, 0x00	; 0
    bd82:	e1 f7       	brne	.-8      	; 0xbd7c <lcd_Test480x320Landscape+0x56a>
    bd84:	00 c0       	rjmp	.+0      	; 0xbd86 <lcd_Test480x320Landscape+0x574>
    bd86:	00 00       	nop
    bd88:	80 e0       	ldi	r24, 0x00	; 0
    bd8a:	0e 94 ca 27 	call	0x4f94	; 0x4f94 <Lcd_Fill_Screen>
    bd8e:	94 98       	cbi	0x12, 4	; 18
    bd90:	04 e0       	ldi	r16, 0x04	; 4
    bd92:	20 e3       	ldi	r18, 0x30	; 48
    bd94:	31 e0       	ldi	r19, 0x01	; 1
    bd96:	4f ee       	ldi	r20, 0xEF	; 239
    bd98:	50 e0       	ldi	r21, 0x00	; 0
    bd9a:	6f e0       	ldi	r22, 0x0F	; 15
    bd9c:	70 e0       	ldi	r23, 0x00	; 0
    bd9e:	8f ee       	ldi	r24, 0xEF	; 239
    bda0:	90 e0       	ldi	r25, 0x00	; 0
    bda2:	0e 94 52 24 	call	0x48a4	; 0x48a4 <LCD_Fast_Fill_Rect>
    bda6:	2f e9       	ldi	r18, 0x9F	; 159
    bda8:	30 e0       	ldi	r19, 0x00	; 0
    bdaa:	4e ed       	ldi	r20, 0xDE	; 222
    bdac:	51 e0       	ldi	r21, 0x01	; 1
    bdae:	6f e9       	ldi	r22, 0x9F	; 159
    bdb0:	70 e0       	ldi	r23, 0x00	; 0
    bdb2:	81 e0       	ldi	r24, 0x01	; 1
    bdb4:	90 e0       	ldi	r25, 0x00	; 0
    bdb6:	0e 94 52 24 	call	0x48a4	; 0x48a4 <LCD_Fast_Fill_Rect>
    bdba:	0f b6       	in	r0, 0x3f	; 63
    bdbc:	f8 94       	cli
    bdbe:	de bf       	out	0x3e, r29	; 62
    bdc0:	0f be       	out	0x3f, r0	; 63
    bdc2:	cd bf       	out	0x3d, r28	; 61
    bdc4:	79 e0       	ldi	r23, 0x09	; 9
    bdc6:	e7 2e       	mov	r14, r23
    bdc8:	f1 2c       	mov	r15, r1
    bdca:	04 e0       	ldi	r16, 0x04	; 4
    bdcc:	21 ea       	ldi	r18, 0xA1	; 161
    bdce:	30 e0       	ldi	r19, 0x00	; 0
    bdd0:	a7 01       	movw	r20, r14
    bdd2:	6d e9       	ldi	r22, 0x9D	; 157
    bdd4:	70 e0       	ldi	r23, 0x00	; 0
    bdd6:	c7 01       	movw	r24, r14
    bdd8:	0e 94 52 24 	call	0x48a4	; 0x48a4 <LCD_Fast_Fill_Rect>
    bddc:	9a e0       	ldi	r25, 0x0A	; 10
    bdde:	e9 0e       	add	r14, r25
    bde0:	f1 1c       	adc	r15, r1
    bde2:	2f ed       	ldi	r18, 0xDF	; 223
    bde4:	e2 16       	cp	r14, r18
    bde6:	21 e0       	ldi	r18, 0x01	; 1
    bde8:	f2 06       	cpc	r15, r18
    bdea:	79 f7       	brne	.-34     	; 0xbdca <lcd_Test480x320Landscape+0x5b8>
    bdec:	03 e1       	ldi	r16, 0x13	; 19
    bdee:	e0 2e       	mov	r14, r16
    bdf0:	f1 2c       	mov	r15, r1
    bdf2:	04 e0       	ldi	r16, 0x04	; 4
    bdf4:	97 01       	movw	r18, r14
    bdf6:	41 ef       	ldi	r20, 0xF1	; 241
    bdf8:	50 e0       	ldi	r21, 0x00	; 0
    bdfa:	b7 01       	movw	r22, r14
    bdfc:	8d ee       	ldi	r24, 0xED	; 237
    bdfe:	90 e0       	ldi	r25, 0x00	; 0
    be00:	0e 94 52 24 	call	0x48a4	; 0x48a4 <LCD_Fast_Fill_Rect>
    be04:	3a e0       	ldi	r19, 0x0A	; 10
    be06:	e3 0e       	add	r14, r19
    be08:	f1 1c       	adc	r15, r1
    be0a:	85 e3       	ldi	r24, 0x35	; 53
    be0c:	e8 16       	cp	r14, r24
    be0e:	81 e0       	ldi	r24, 0x01	; 1
    be10:	f8 06       	cpc	r15, r24
    be12:	79 f7       	brne	.-34     	; 0xbdf2 <lcd_Test480x320Landscape+0x5e0>
    be14:	b5 e4       	ldi	r27, 0x45	; 69
    be16:	cb 2e       	mov	r12, r27
    be18:	b3 ef       	ldi	r27, 0xF3	; 243
    be1a:	db 2e       	mov	r13, r27
    be1c:	bf e7       	ldi	r27, 0x7F	; 127
    be1e:	eb 2e       	mov	r14, r27
    be20:	bf e3       	ldi	r27, 0x3F	; 63
    be22:	fb 2e       	mov	r15, r27
    be24:	1a ed       	ldi	r17, 0xDA	; 218
    be26:	81 2e       	mov	r8, r17
    be28:	18 e7       	ldi	r17, 0x78	; 120
    be2a:	91 2e       	mov	r9, r17
    be2c:	11 ea       	ldi	r17, 0xA1	; 161
    be2e:	a1 2e       	mov	r10, r17
    be30:	1c e3       	ldi	r17, 0x3C	; 60
    be32:	b1 2e       	mov	r11, r17
    be34:	01 e0       	ldi	r16, 0x01	; 1
    be36:	10 e0       	ldi	r17, 0x00	; 0
    be38:	23 c0       	rjmp	.+70     	; 0xbe80 <lcd_Test480x320Landscape+0x66e>
    be3a:	b8 01       	movw	r22, r16
    be3c:	80 e0       	ldi	r24, 0x00	; 0
    be3e:	90 e0       	ldi	r25, 0x00	; 0
    be40:	0e 94 11 72 	call	0xe422	; 0xe422 <__floatunsisf>
    be44:	27 ed       	ldi	r18, 0xD7	; 215
    be46:	33 ea       	ldi	r19, 0xA3	; 163
    be48:	40 e9       	ldi	r20, 0x90	; 144
    be4a:	5f e3       	ldi	r21, 0x3F	; 63
    be4c:	0e 94 fc 72 	call	0xe5f8	; 0xe5f8 <__mulsf3>
    be50:	23 ec       	ldi	r18, 0xC3	; 195
    be52:	35 ef       	ldi	r19, 0xF5	; 245
    be54:	48 e4       	ldi	r20, 0x48	; 72
    be56:	50 e4       	ldi	r21, 0x40	; 64
    be58:	0e 94 fc 72 	call	0xe5f8	; 0xe5f8 <__mulsf3>
    be5c:	20 e0       	ldi	r18, 0x00	; 0
    be5e:	30 e0       	ldi	r19, 0x00	; 0
    be60:	44 e3       	ldi	r20, 0x34	; 52
    be62:	53 e4       	ldi	r21, 0x43	; 67
    be64:	0e 94 7d 71 	call	0xe2fa	; 0xe2fa <__divsf3>
    be68:	6b 01       	movw	r12, r22
    be6a:	7c 01       	movw	r14, r24
    be6c:	0e 94 5f 73 	call	0xe6be	; 0xe6be <sin>
    be70:	4b 01       	movw	r8, r22
    be72:	5c 01       	movw	r10, r24
    be74:	c7 01       	movw	r24, r14
    be76:	b6 01       	movw	r22, r12
    be78:	0e 94 7a 71 	call	0xe2f4	; 0xe2f4 <cos>
    be7c:	6b 01       	movw	r12, r22
    be7e:	7c 01       	movw	r14, r24
    be80:	20 e0       	ldi	r18, 0x00	; 0
    be82:	30 e0       	ldi	r19, 0x00	; 0
    be84:	4e eb       	ldi	r20, 0xBE	; 190
    be86:	52 e4       	ldi	r21, 0x42	; 66
    be88:	c5 01       	movw	r24, r10
    be8a:	b4 01       	movw	r22, r8
    be8c:	0e 94 fc 72 	call	0xe5f8	; 0xe5f8 <__mulsf3>
    be90:	20 e0       	ldi	r18, 0x00	; 0
    be92:	30 e0       	ldi	r19, 0x00	; 0
    be94:	4f e1       	ldi	r20, 0x1F	; 31
    be96:	53 e4       	ldi	r21, 0x43	; 67
    be98:	0e 94 12 71 	call	0xe224	; 0xe224 <__addsf3>
    be9c:	0e 94 e5 71 	call	0xe3ca	; 0xe3ca <__fixunssfsi>
    bea0:	42 e0       	ldi	r20, 0x02	; 2
    bea2:	c8 01       	movw	r24, r16
    bea4:	0e 94 8f 23 	call	0x471e	; 0x471e <LCD_Fast_Point>
    bea8:	20 e0       	ldi	r18, 0x00	; 0
    beaa:	30 e0       	ldi	r19, 0x00	; 0
    beac:	4e eb       	ldi	r20, 0xBE	; 190
    beae:	52 e4       	ldi	r21, 0x42	; 66
    beb0:	c7 01       	movw	r24, r14
    beb2:	b6 01       	movw	r22, r12
    beb4:	0e 94 fc 72 	call	0xe5f8	; 0xe5f8 <__mulsf3>
    beb8:	20 e0       	ldi	r18, 0x00	; 0
    beba:	30 e0       	ldi	r19, 0x00	; 0
    bebc:	4f e1       	ldi	r20, 0x1F	; 31
    bebe:	53 e4       	ldi	r21, 0x43	; 67
    bec0:	0e 94 12 71 	call	0xe224	; 0xe224 <__addsf3>
    bec4:	0e 94 e5 71 	call	0xe3ca	; 0xe3ca <__fixunssfsi>
    bec8:	43 e0       	ldi	r20, 0x03	; 3
    beca:	c8 01       	movw	r24, r16
    becc:	0e 94 8f 23 	call	0x471e	; 0x471e <LCD_Fast_Point>
    bed0:	0f 5f       	subi	r16, 0xFF	; 255
    bed2:	1f 4f       	sbci	r17, 0xFF	; 255
    bed4:	0e 3d       	cpi	r16, 0xDE	; 222
    bed6:	91 e0       	ldi	r25, 0x01	; 1
    bed8:	19 07       	cpc	r17, r25
    beda:	09 f0       	breq	.+2      	; 0xbede <lcd_Test480x320Landscape+0x6cc>
    bedc:	ae cf       	rjmp	.-164    	; 0xbe3a <lcd_Test480x320Landscape+0x628>
    bede:	94 9a       	sbi	0x12, 4	; 18
    bee0:	2f ef       	ldi	r18, 0xFF	; 255
    bee2:	37 ea       	ldi	r19, 0xA7	; 167
    bee4:	81 e6       	ldi	r24, 0x61	; 97
    bee6:	21 50       	subi	r18, 0x01	; 1
    bee8:	30 40       	sbci	r19, 0x00	; 0
    beea:	80 40       	sbci	r24, 0x00	; 0
    beec:	e1 f7       	brne	.-8      	; 0xbee6 <lcd_Test480x320Landscape+0x6d4>
    beee:	00 c0       	rjmp	.+0      	; 0xbef0 <lcd_Test480x320Landscape+0x6de>
    bef0:	00 00       	nop
    bef2:	80 e0       	ldi	r24, 0x00	; 0
    bef4:	0e 94 ca 27 	call	0x4f94	; 0x4f94 <Lcd_Fill_Screen>
    bef8:	94 98       	cbi	0x12, 4	; 18
    befa:	04 e0       	ldi	r16, 0x04	; 4
    befc:	20 e3       	ldi	r18, 0x30	; 48
    befe:	31 e0       	ldi	r19, 0x01	; 1
    bf00:	4f ee       	ldi	r20, 0xEF	; 239
    bf02:	50 e0       	ldi	r21, 0x00	; 0
    bf04:	6f e0       	ldi	r22, 0x0F	; 15
    bf06:	70 e0       	ldi	r23, 0x00	; 0
    bf08:	8f ee       	ldi	r24, 0xEF	; 239
    bf0a:	90 e0       	ldi	r25, 0x00	; 0
    bf0c:	0e 94 52 24 	call	0x48a4	; 0x48a4 <LCD_Fast_Fill_Rect>
    bf10:	2f e9       	ldi	r18, 0x9F	; 159
    bf12:	30 e0       	ldi	r19, 0x00	; 0
    bf14:	4e ed       	ldi	r20, 0xDE	; 222
    bf16:	51 e0       	ldi	r21, 0x01	; 1
    bf18:	6f e9       	ldi	r22, 0x9F	; 159
    bf1a:	70 e0       	ldi	r23, 0x00	; 0
    bf1c:	81 e0       	ldi	r24, 0x01	; 1
    bf1e:	90 e0       	ldi	r25, 0x00	; 0
    bf20:	0e 94 52 24 	call	0x48a4	; 0x48a4 <LCD_Fast_Fill_Rect>
    bf24:	a9 e0       	ldi	r26, 0x09	; 9
    bf26:	ea 2e       	mov	r14, r26
    bf28:	f1 2c       	mov	r15, r1
    bf2a:	04 e0       	ldi	r16, 0x04	; 4
    bf2c:	21 ea       	ldi	r18, 0xA1	; 161
    bf2e:	30 e0       	ldi	r19, 0x00	; 0
    bf30:	a7 01       	movw	r20, r14
    bf32:	6d e9       	ldi	r22, 0x9D	; 157
    bf34:	70 e0       	ldi	r23, 0x00	; 0
    bf36:	c7 01       	movw	r24, r14
    bf38:	0e 94 52 24 	call	0x48a4	; 0x48a4 <LCD_Fast_Fill_Rect>
    bf3c:	9a e0       	ldi	r25, 0x0A	; 10
    bf3e:	e9 0e       	add	r14, r25
    bf40:	f1 1c       	adc	r15, r1
    bf42:	2f ed       	ldi	r18, 0xDF	; 223
    bf44:	e2 16       	cp	r14, r18
    bf46:	21 e0       	ldi	r18, 0x01	; 1
    bf48:	f2 06       	cpc	r15, r18
    bf4a:	79 f7       	brne	.-34     	; 0xbf2a <lcd_Test480x320Landscape+0x718>
    bf4c:	f3 e1       	ldi	r31, 0x13	; 19
    bf4e:	ef 2e       	mov	r14, r31
    bf50:	f1 2c       	mov	r15, r1
    bf52:	04 e0       	ldi	r16, 0x04	; 4
    bf54:	97 01       	movw	r18, r14
    bf56:	41 ef       	ldi	r20, 0xF1	; 241
    bf58:	50 e0       	ldi	r21, 0x00	; 0
    bf5a:	b7 01       	movw	r22, r14
    bf5c:	8d ee       	ldi	r24, 0xED	; 237
    bf5e:	90 e0       	ldi	r25, 0x00	; 0
    bf60:	0e 94 52 24 	call	0x48a4	; 0x48a4 <LCD_Fast_Fill_Rect>
    bf64:	3a e0       	ldi	r19, 0x0A	; 10
    bf66:	e3 0e       	add	r14, r19
    bf68:	f1 1c       	adc	r15, r1
    bf6a:	85 e3       	ldi	r24, 0x35	; 53
    bf6c:	e8 16       	cp	r14, r24
    bf6e:	81 e0       	ldi	r24, 0x01	; 1
    bf70:	f8 06       	cpc	r15, r24
    bf72:	79 f7       	brne	.-34     	; 0xbf52 <lcd_Test480x320Landscape+0x740>
    bf74:	aa 24       	eor	r10, r10
    bf76:	a3 94       	inc	r10
    bf78:	b1 2c       	mov	r11, r1
    bf7a:	ee 24       	eor	r14, r14
    bf7c:	e3 94       	inc	r14
    bf7e:	f1 2c       	mov	r15, r1
    bf80:	ea e5       	ldi	r30, 0x5A	; 90
    bf82:	8e 2e       	mov	r8, r30
    bf84:	91 2c       	mov	r9, r1
    bf86:	55 c0       	rjmp	.+170    	; 0xc032 <lcd_Test480x320Landscape+0x820>
    bf88:	40 e0       	ldi	r20, 0x00	; 0
    bf8a:	c6 01       	movw	r24, r12
    bf8c:	0e 94 8f 23 	call	0x471e	; 0x471e <LCD_Fast_Point>
    bf90:	56 01       	movw	r10, r12
    bf92:	b7 01       	movw	r22, r14
    bf94:	80 e0       	ldi	r24, 0x00	; 0
    bf96:	90 e0       	ldi	r25, 0x00	; 0
    bf98:	0e 94 11 72 	call	0xe422	; 0xe422 <__floatunsisf>
    bf9c:	23 e3       	ldi	r18, 0x33	; 51
    bf9e:	33 e3       	ldi	r19, 0x33	; 51
    bfa0:	43 e3       	ldi	r20, 0x33	; 51
    bfa2:	5f e3       	ldi	r21, 0x3F	; 63
    bfa4:	0e 94 fc 72 	call	0xe5f8	; 0xe5f8 <__mulsf3>
    bfa8:	23 ec       	ldi	r18, 0xC3	; 195
    bfaa:	35 ef       	ldi	r19, 0xF5	; 245
    bfac:	48 e4       	ldi	r20, 0x48	; 72
    bfae:	50 e4       	ldi	r21, 0x40	; 64
    bfb0:	0e 94 fc 72 	call	0xe5f8	; 0xe5f8 <__mulsf3>
    bfb4:	20 e0       	ldi	r18, 0x00	; 0
    bfb6:	30 e0       	ldi	r19, 0x00	; 0
    bfb8:	44 e3       	ldi	r20, 0x34	; 52
    bfba:	53 e4       	ldi	r21, 0x43	; 67
    bfbc:	0e 94 7d 71 	call	0xe2fa	; 0xe2fa <__divsf3>
    bfc0:	0e 94 5f 73 	call	0xe6be	; 0xe6be <sin>
    bfc4:	2b 01       	movw	r4, r22
    bfc6:	3c 01       	movw	r6, r24
    bfc8:	97 01       	movw	r18, r14
    bfca:	36 95       	lsr	r19
    bfcc:	27 95       	ror	r18
    bfce:	36 95       	lsr	r19
    bfd0:	27 95       	ror	r18
    bfd2:	ab e7       	ldi	r26, 0x7B	; 123
    bfd4:	b4 e1       	ldi	r27, 0x14	; 20
    bfd6:	0e 94 f2 73 	call	0xe7e4	; 0xe7e4 <__umulhisi3>
    bfda:	96 95       	lsr	r25
    bfdc:	87 95       	ror	r24
    bfde:	b4 01       	movw	r22, r8
    bfe0:	68 1b       	sub	r22, r24
    bfe2:	79 0b       	sbc	r23, r25
    bfe4:	80 e0       	ldi	r24, 0x00	; 0
    bfe6:	90 e0       	ldi	r25, 0x00	; 0
    bfe8:	0e 94 11 72 	call	0xe422	; 0xe422 <__floatunsisf>
    bfec:	a3 01       	movw	r20, r6
    bfee:	92 01       	movw	r18, r4
    bff0:	0e 94 fc 72 	call	0xe5f8	; 0xe5f8 <__mulsf3>
    bff4:	20 e0       	ldi	r18, 0x00	; 0
    bff6:	30 e0       	ldi	r19, 0x00	; 0
    bff8:	4f e1       	ldi	r20, 0x1F	; 31
    bffa:	53 e4       	ldi	r21, 0x43	; 67
    bffc:	0e 94 12 71 	call	0xe224	; 0xe224 <__addsf3>
    c000:	0e 94 e5 71 	call	0xe3ca	; 0xe3ca <__fixunssfsi>
    c004:	2b 01       	movw	r4, r22
    c006:	3c 01       	movw	r6, r24
    c008:	43 e0       	ldi	r20, 0x03	; 3
    c00a:	c5 01       	movw	r24, r10
    c00c:	0e 94 8f 23 	call	0x471e	; 0x471e <LCD_Fast_Point>
    c010:	e1 e0       	ldi	r30, 0x01	; 1
    c012:	f0 e0       	ldi	r31, 0x00	; 0
    c014:	ec 0f       	add	r30, r28
    c016:	fd 1f       	adc	r31, r29
    c018:	e0 0f       	add	r30, r16
    c01a:	f1 1f       	adc	r31, r17
    c01c:	51 82       	std	Z+1, r5	; 0x01
    c01e:	40 82       	st	Z, r4
    c020:	9f ef       	ldi	r25, 0xFF	; 255
    c022:	e9 1a       	sub	r14, r25
    c024:	f9 0a       	sbc	r15, r25
    c026:	22 e0       	ldi	r18, 0x02	; 2
    c028:	e2 16       	cp	r14, r18
    c02a:	2c e1       	ldi	r18, 0x1C	; 28
    c02c:	f2 06       	cpc	r15, r18
    c02e:	09 f4       	brne	.+2      	; 0xc032 <lcd_Test480x320Landscape+0x820>
    c030:	4b c0       	rjmp	.+150    	; 0xc0c8 <lcd_Test480x320Landscape+0x8b6>
    c032:	65 01       	movw	r12, r10
    c034:	9f ef       	ldi	r25, 0xFF	; 255
    c036:	c9 1a       	sub	r12, r25
    c038:	d9 0a       	sbc	r13, r25
    c03a:	2f ed       	ldi	r18, 0xDF	; 223
    c03c:	c2 16       	cp	r12, r18
    c03e:	21 e0       	ldi	r18, 0x01	; 1
    c040:	d2 06       	cpc	r13, r18
    c042:	f1 f0       	breq	.+60     	; 0xc080 <lcd_Test480x320Landscape+0x86e>
    c044:	30 ee       	ldi	r19, 0xE0	; 224
    c046:	e3 16       	cp	r14, r19
    c048:	31 e0       	ldi	r19, 0x01	; 1
    c04a:	f3 06       	cpc	r15, r19
    c04c:	90 f1       	brcs	.+100    	; 0xc0b2 <lcd_Test480x320Landscape+0x8a0>
    c04e:	8f ee       	ldi	r24, 0xEF	; 239
    c050:	c8 16       	cp	r12, r24
    c052:	d1 04       	cpc	r13, r1
    c054:	01 f1       	breq	.+64     	; 0xc096 <lcd_Test480x320Landscape+0x884>
    c056:	85 01       	movw	r16, r10
    c058:	00 0f       	add	r16, r16
    c05a:	11 1f       	adc	r17, r17
    c05c:	e1 e0       	ldi	r30, 0x01	; 1
    c05e:	f0 e0       	ldi	r31, 0x00	; 0
    c060:	ec 0f       	add	r30, r28
    c062:	fd 1f       	adc	r31, r29
    c064:	e0 0f       	add	r30, r16
    c066:	f1 1f       	adc	r31, r17
    c068:	60 81       	ld	r22, Z
    c06a:	71 81       	ldd	r23, Z+1	; 0x01
    c06c:	6f 39       	cpi	r22, 0x9F	; 159
    c06e:	71 05       	cpc	r23, r1
    c070:	09 f0       	breq	.+2      	; 0xc074 <lcd_Test480x320Landscape+0x862>
    c072:	8a cf       	rjmp	.-236    	; 0xbf88 <lcd_Test480x320Landscape+0x776>
    c074:	44 e0       	ldi	r20, 0x04	; 4
    c076:	c6 01       	movw	r24, r12
    c078:	0e 94 8f 23 	call	0x471e	; 0x471e <LCD_Fast_Point>
    c07c:	56 01       	movw	r10, r12
    c07e:	89 cf       	rjmp	.-238    	; 0xbf92 <lcd_Test480x320Landscape+0x780>
    c080:	20 ee       	ldi	r18, 0xE0	; 224
    c082:	e2 16       	cp	r14, r18
    c084:	21 e0       	ldi	r18, 0x01	; 1
    c086:	f2 06       	cpc	r15, r18
    c088:	c8 f0       	brcs	.+50     	; 0xc0bc <lcd_Test480x320Landscape+0x8aa>
    c08a:	00 e0       	ldi	r16, 0x00	; 0
    c08c:	10 e0       	ldi	r17, 0x00	; 0
    c08e:	cc 24       	eor	r12, r12
    c090:	c3 94       	inc	r12
    c092:	d1 2c       	mov	r13, r1
    c094:	e1 cf       	rjmp	.-62     	; 0xc058 <lcd_Test480x320Landscape+0x846>
    c096:	c3 52       	subi	r28, 0x23	; 35
    c098:	de 4f       	sbci	r29, 0xFE	; 254
    c09a:	68 81       	ld	r22, Y
    c09c:	79 81       	ldd	r23, Y+1	; 0x01
    c09e:	cd 5d       	subi	r28, 0xDD	; 221
    c0a0:	d1 40       	sbci	r29, 0x01	; 1
    c0a2:	0c ed       	ldi	r16, 0xDC	; 220
    c0a4:	11 e0       	ldi	r17, 0x01	; 1
    c0a6:	44 e0       	ldi	r20, 0x04	; 4
    c0a8:	c6 01       	movw	r24, r12
    c0aa:	0e 94 8f 23 	call	0x471e	; 0x471e <LCD_Fast_Point>
    c0ae:	56 01       	movw	r10, r12
    c0b0:	70 cf       	rjmp	.-288    	; 0xbf92 <lcd_Test480x320Landscape+0x780>
    c0b2:	85 01       	movw	r16, r10
    c0b4:	56 01       	movw	r10, r12
    c0b6:	00 0f       	add	r16, r16
    c0b8:	11 1f       	adc	r17, r17
    c0ba:	6b cf       	rjmp	.-298    	; 0xbf92 <lcd_Test480x320Landscape+0x780>
    c0bc:	aa 24       	eor	r10, r10
    c0be:	a3 94       	inc	r10
    c0c0:	b1 2c       	mov	r11, r1
    c0c2:	00 e0       	ldi	r16, 0x00	; 0
    c0c4:	10 e0       	ldi	r17, 0x00	; 0
    c0c6:	65 cf       	rjmp	.-310    	; 0xbf92 <lcd_Test480x320Landscape+0x780>
    c0c8:	94 9a       	sbi	0x12, 4	; 18
    c0ca:	3f ef       	ldi	r19, 0xFF	; 255
    c0cc:	87 ea       	ldi	r24, 0xA7	; 167
    c0ce:	91 e6       	ldi	r25, 0x61	; 97
    c0d0:	31 50       	subi	r19, 0x01	; 1
    c0d2:	80 40       	sbci	r24, 0x00	; 0
    c0d4:	90 40       	sbci	r25, 0x00	; 0
    c0d6:	e1 f7       	brne	.-8      	; 0xc0d0 <lcd_Test480x320Landscape+0x8be>
    c0d8:	00 c0       	rjmp	.+0      	; 0xc0da <lcd_Test480x320Landscape+0x8c8>
    c0da:	00 00       	nop
    c0dc:	80 ec       	ldi	r24, 0xC0	; 192
    c0de:	9f e3       	ldi	r25, 0x3F	; 63
    c0e0:	0e 94 9b 45 	call	0x8b36	; 0x8b36 <lcd_Set_Font>
    c0e4:	80 e0       	ldi	r24, 0x00	; 0
    c0e6:	0e 94 0a 46 	call	0x8c14	; 0x8c14 <lcd_Set_Scale_Font>
    c0ea:	80 e0       	ldi	r24, 0x00	; 0
    c0ec:	0e 94 f8 45 	call	0x8bf0	; 0x8bf0 <lcd_Set_Edging_Font>
    c0f0:	80 e0       	ldi	r24, 0x00	; 0
    c0f2:	0e 94 04 46 	call	0x8c08	; 0x8c08 <lcd_Set_Kerning_Font>
    c0f6:	80 e0       	ldi	r24, 0x00	; 0
    c0f8:	0e 94 fb 45 	call	0x8bf6	; 0x8bf6 <lcd_Set_Transparent_Font>
    c0fc:	c1 2c       	mov	r12, r1
    c0fe:	ee 24       	eor	r14, r14
    c100:	ea 94       	dec	r14
    c102:	0f ef       	ldi	r16, 0xFF	; 255
    c104:	20 e0       	ldi	r18, 0x00	; 0
    c106:	4f ef       	ldi	r20, 0xFF	; 255
    c108:	6f ef       	ldi	r22, 0xFF	; 255
    c10a:	80 e0       	ldi	r24, 0x00	; 0
    c10c:	0e 94 c2 45 	call	0x8b84	; 0x8b84 <lcd_Set_Color_Font_RGB>
    c110:	cc 24       	eor	r12, r12
    c112:	c3 94       	inc	r12
    c114:	e1 2c       	mov	r14, r1
    c116:	00 e0       	ldi	r16, 0x00	; 0
    c118:	2f ef       	ldi	r18, 0xFF	; 255
    c11a:	4f ef       	ldi	r20, 0xFF	; 255
    c11c:	60 e0       	ldi	r22, 0x00	; 0
    c11e:	80 e0       	ldi	r24, 0x00	; 0
    c120:	0e 94 c2 45 	call	0x8b84	; 0x8b84 <lcd_Set_Color_Font_RGB>
    c124:	22 e0       	ldi	r18, 0x02	; 2
    c126:	40 e0       	ldi	r20, 0x00	; 0
    c128:	61 e0       	ldi	r22, 0x01	; 1
    c12a:	81 e0       	ldi	r24, 0x01	; 1
    c12c:	0e 94 db 27 	call	0x4fb6	; 0x4fb6 <Lcd_Grad_Fill_Screen>
    c130:	a1 2c       	mov	r10, r1
    c132:	ee 24       	eor	r14, r14
    c134:	e3 94       	inc	r14
    c136:	0f e0       	ldi	r16, 0x0F	; 15
    c138:	10 e0       	ldi	r17, 0x00	; 0
    c13a:	20 ee       	ldi	r18, 0xE0	; 224
    c13c:	31 e0       	ldi	r19, 0x01	; 1
    c13e:	40 e0       	ldi	r20, 0x00	; 0
    c140:	50 e0       	ldi	r21, 0x00	; 0
    c142:	60 e0       	ldi	r22, 0x00	; 0
    c144:	70 e0       	ldi	r23, 0x00	; 0
    c146:	81 e0       	ldi	r24, 0x01	; 1
    c148:	0e 94 f9 27 	call	0x4ff2	; 0x4ff2 <Lcd_Grad_FillRect>
    c14c:	aa 24       	eor	r10, r10
    c14e:	a3 94       	inc	r10
    c150:	20 ee       	ldi	r18, 0xE0	; 224
    c152:	31 e0       	ldi	r19, 0x01	; 1
    c154:	41 e3       	ldi	r20, 0x31	; 49
    c156:	51 e0       	ldi	r21, 0x01	; 1
    c158:	60 e0       	ldi	r22, 0x00	; 0
    c15a:	70 e0       	ldi	r23, 0x00	; 0
    c15c:	81 e0       	ldi	r24, 0x01	; 1
    c15e:	0e 94 f9 27 	call	0x4ff2	; 0x4ff2 <Lcd_Grad_FillRect>
    c162:	02 e0       	ldi	r16, 0x02	; 2
    c164:	20 e0       	ldi	r18, 0x00	; 0
    c166:	40 e5       	ldi	r20, 0x50	; 80
    c168:	50 e0       	ldi	r21, 0x00	; 0
    c16a:	60 ea       	ldi	r22, 0xA0	; 160
    c16c:	70 e0       	ldi	r23, 0x00	; 0
    c16e:	80 ef       	ldi	r24, 0xF0	; 240
    c170:	90 e0       	ldi	r25, 0x00	; 0
    c172:	0e 94 8d 3a 	call	0x751a	; 0x751a <Lcd_FillEquilateralTriangle>
    c176:	21 e0       	ldi	r18, 0x01	; 1
    c178:	40 e5       	ldi	r20, 0x50	; 80
    c17a:	50 e0       	ldi	r21, 0x00	; 0
    c17c:	60 ea       	ldi	r22, 0xA0	; 160
    c17e:	70 e0       	ldi	r23, 0x00	; 0
    c180:	80 ef       	ldi	r24, 0xF0	; 240
    c182:	90 e0       	ldi	r25, 0x00	; 0
    c184:	0e 94 8d 3a 	call	0x751a	; 0x751a <Lcd_FillEquilateralTriangle>
    c188:	22 e0       	ldi	r18, 0x02	; 2
    c18a:	40 e5       	ldi	r20, 0x50	; 80
    c18c:	50 e0       	ldi	r21, 0x00	; 0
    c18e:	60 ea       	ldi	r22, 0xA0	; 160
    c190:	70 e0       	ldi	r23, 0x00	; 0
    c192:	80 ef       	ldi	r24, 0xF0	; 240
    c194:	90 e0       	ldi	r25, 0x00	; 0
    c196:	0e 94 8d 3a 	call	0x751a	; 0x751a <Lcd_FillEquilateralTriangle>
    c19a:	23 e0       	ldi	r18, 0x03	; 3
    c19c:	40 e5       	ldi	r20, 0x50	; 80
    c19e:	50 e0       	ldi	r21, 0x00	; 0
    c1a0:	60 ea       	ldi	r22, 0xA0	; 160
    c1a2:	70 e0       	ldi	r23, 0x00	; 0
    c1a4:	80 ef       	ldi	r24, 0xF0	; 240
    c1a6:	90 e0       	ldi	r25, 0x00	; 0
    c1a8:	0e 94 8d 3a 	call	0x751a	; 0x751a <Lcd_FillEquilateralTriangle>
    c1ac:	06 e0       	ldi	r16, 0x06	; 6
    c1ae:	10 e0       	ldi	r17, 0x00	; 0
    c1b0:	20 e0       	ldi	r18, 0x00	; 0
    c1b2:	44 e6       	ldi	r20, 0x64	; 100
    c1b4:	50 e0       	ldi	r21, 0x00	; 0
    c1b6:	6f e9       	ldi	r22, 0x9F	; 159
    c1b8:	70 e0       	ldi	r23, 0x00	; 0
    c1ba:	8f ee       	ldi	r24, 0xEF	; 239
    c1bc:	90 e0       	ldi	r25, 0x00	; 0
    c1be:	0e 94 f6 31 	call	0x63ec	; 0x63ec <Lcd_LineEquilateralTriangle>
    c1c2:	21 e0       	ldi	r18, 0x01	; 1
    c1c4:	44 e6       	ldi	r20, 0x64	; 100
    c1c6:	50 e0       	ldi	r21, 0x00	; 0
    c1c8:	6f e9       	ldi	r22, 0x9F	; 159
    c1ca:	70 e0       	ldi	r23, 0x00	; 0
    c1cc:	8f ee       	ldi	r24, 0xEF	; 239
    c1ce:	90 e0       	ldi	r25, 0x00	; 0
    c1d0:	0e 94 f6 31 	call	0x63ec	; 0x63ec <Lcd_LineEquilateralTriangle>
    c1d4:	22 e0       	ldi	r18, 0x02	; 2
    c1d6:	44 e6       	ldi	r20, 0x64	; 100
    c1d8:	50 e0       	ldi	r21, 0x00	; 0
    c1da:	6f e9       	ldi	r22, 0x9F	; 159
    c1dc:	70 e0       	ldi	r23, 0x00	; 0
    c1de:	8f ee       	ldi	r24, 0xEF	; 239
    c1e0:	90 e0       	ldi	r25, 0x00	; 0
    c1e2:	0e 94 f6 31 	call	0x63ec	; 0x63ec <Lcd_LineEquilateralTriangle>
    c1e6:	23 e0       	ldi	r18, 0x03	; 3
    c1e8:	44 e6       	ldi	r20, 0x64	; 100
    c1ea:	50 e0       	ldi	r21, 0x00	; 0
    c1ec:	6f e9       	ldi	r22, 0x9F	; 159
    c1ee:	70 e0       	ldi	r23, 0x00	; 0
    c1f0:	8f ee       	ldi	r24, 0xEF	; 239
    c1f2:	90 e0       	ldi	r25, 0x00	; 0
    c1f4:	0e 94 f6 31 	call	0x63ec	; 0x63ec <Lcd_LineEquilateralTriangle>
    c1f8:	e4 e6       	ldi	r30, 0x64	; 100
    c1fa:	ce 2e       	mov	r12, r30
    c1fc:	d1 2c       	mov	r13, r1
    c1fe:	f2 eb       	ldi	r31, 0xB2	; 178
    c200:	ef 2e       	mov	r14, r31
    c202:	f1 2c       	mov	r15, r1
    c204:	0e eb       	ldi	r16, 0xBE	; 190
    c206:	10 e0       	ldi	r17, 0x00	; 0
    c208:	21 e0       	ldi	r18, 0x01	; 1
    c20a:	47 ef       	ldi	r20, 0xF7	; 247
    c20c:	53 e4       	ldi	r21, 0x43	; 67
    c20e:	62 e0       	ldi	r22, 0x02	; 2
    c210:	81 e0       	ldi	r24, 0x01	; 1
    c212:	0e 94 b9 50 	call	0xa172	; 0xa172 <Lcd_Text_Format>
    c216:	ae e0       	ldi	r26, 0x0E	; 14
    c218:	ea 2e       	mov	r14, r26
    c21a:	f1 2c       	mov	r15, r1
    c21c:	b7 01       	movw	r22, r14
    c21e:	80 e0       	ldi	r24, 0x00	; 0
    c220:	90 e0       	ldi	r25, 0x00	; 0
    c222:	0e 94 11 72 	call	0xe422	; 0xe422 <__floatunsisf>
    c226:	2d ec       	ldi	r18, 0xCD	; 205
    c228:	3c ec       	ldi	r19, 0xCC	; 204
    c22a:	4c ec       	ldi	r20, 0xCC	; 204
    c22c:	5f e3       	ldi	r21, 0x3F	; 63
    c22e:	0e 94 fc 72 	call	0xe5f8	; 0xe5f8 <__mulsf3>
    c232:	20 e0       	ldi	r18, 0x00	; 0
    c234:	30 e0       	ldi	r19, 0x00	; 0
    c236:	40 e7       	ldi	r20, 0x70	; 112
    c238:	51 e4       	ldi	r21, 0x41	; 65
    c23a:	0e 94 11 71 	call	0xe222	; 0xe222 <__subsf3>
    c23e:	0e 94 e5 71 	call	0xe3ca	; 0xe3ca <__fixunssfsi>
    c242:	05 e0       	ldi	r16, 0x05	; 5
    c244:	21 e3       	ldi	r18, 0x31	; 49
    c246:	31 e0       	ldi	r19, 0x01	; 1
    c248:	ab 01       	movw	r20, r22
    c24a:	b7 01       	movw	r22, r14
    c24c:	80 e0       	ldi	r24, 0x00	; 0
    c24e:	90 e0       	ldi	r25, 0x00	; 0
    c250:	0e 94 6a 29 	call	0x52d4	; 0x52d4 <Lcd_Line1>
    c254:	25 e0       	ldi	r18, 0x05	; 5
    c256:	e2 0e       	add	r14, r18
    c258:	f1 1c       	adc	r15, r1
    c25a:	35 e3       	ldi	r19, 0x35	; 53
    c25c:	e3 16       	cp	r14, r19
    c25e:	31 e0       	ldi	r19, 0x01	; 1
    c260:	f3 06       	cpc	r15, r19
    c262:	e1 f6       	brne	.-72     	; 0xc21c <lcd_Test480x320Landscape+0xa0a>
    c264:	71 e3       	ldi	r23, 0x31	; 49
    c266:	e7 2e       	mov	r14, r23
    c268:	ff 24       	eor	r15, r15
    c26a:	f3 94       	inc	r15
    c26c:	b7 01       	movw	r22, r14
    c26e:	80 e0       	ldi	r24, 0x00	; 0
    c270:	90 e0       	ldi	r25, 0x00	; 0
    c272:	0e 94 11 72 	call	0xe422	; 0xe422 <__floatunsisf>
    c276:	2d ec       	ldi	r18, 0xCD	; 205
    c278:	3c ec       	ldi	r19, 0xCC	; 204
    c27a:	4c ec       	ldi	r20, 0xCC	; 204
    c27c:	5f e3       	ldi	r21, 0x3F	; 63
    c27e:	0e 94 fc 72 	call	0xe5f8	; 0xe5f8 <__mulsf3>
    c282:	20 e0       	ldi	r18, 0x00	; 0
    c284:	30 e0       	ldi	r19, 0x00	; 0
    c286:	40 e7       	ldi	r20, 0x70	; 112
    c288:	51 e4       	ldi	r21, 0x41	; 65
    c28a:	0e 94 11 71 	call	0xe222	; 0xe222 <__subsf3>
    c28e:	0e 94 e5 71 	call	0xe3ca	; 0xe3ca <__fixunssfsi>
    c292:	05 e0       	ldi	r16, 0x05	; 5
    c294:	2f e0       	ldi	r18, 0x0F	; 15
    c296:	30 e0       	ldi	r19, 0x00	; 0
    c298:	ab 01       	movw	r20, r22
    c29a:	b7 01       	movw	r22, r14
    c29c:	8f ed       	ldi	r24, 0xDF	; 223
    c29e:	91 e0       	ldi	r25, 0x01	; 1
    c2a0:	0e 94 6a 29 	call	0x52d4	; 0x52d4 <Lcd_Line1>
    c2a4:	85 e0       	ldi	r24, 0x05	; 5
    c2a6:	e8 1a       	sub	r14, r24
    c2a8:	f1 08       	sbc	r15, r1
    c2aa:	9a e0       	ldi	r25, 0x0A	; 10
    c2ac:	e9 16       	cp	r14, r25
    c2ae:	f1 04       	cpc	r15, r1
    c2b0:	e9 f6       	brne	.-70     	; 0xc26c <lcd_Test480x320Landscape+0xa5a>
    c2b2:	61 e3       	ldi	r22, 0x31	; 49
    c2b4:	e6 2e       	mov	r14, r22
    c2b6:	ff 24       	eor	r15, r15
    c2b8:	f3 94       	inc	r15
    c2ba:	b7 01       	movw	r22, r14
    c2bc:	80 e0       	ldi	r24, 0x00	; 0
    c2be:	90 e0       	ldi	r25, 0x00	; 0
    c2c0:	0e 94 11 72 	call	0xe422	; 0xe422 <__floatunsisf>
    c2c4:	2d ec       	ldi	r18, 0xCD	; 205
    c2c6:	3c ec       	ldi	r19, 0xCC	; 204
    c2c8:	4c ec       	ldi	r20, 0xCC	; 204
    c2ca:	5f e3       	ldi	r21, 0x3F	; 63
    c2cc:	0e 94 fc 72 	call	0xe5f8	; 0xe5f8 <__mulsf3>
    c2d0:	9b 01       	movw	r18, r22
    c2d2:	ac 01       	movw	r20, r24
    c2d4:	60 e0       	ldi	r22, 0x00	; 0
    c2d6:	70 e0       	ldi	r23, 0x00	; 0
    c2d8:	84 ef       	ldi	r24, 0xF4	; 244
    c2da:	93 e4       	ldi	r25, 0x43	; 67
    c2dc:	0e 94 11 71 	call	0xe222	; 0xe222 <__subsf3>
    c2e0:	0e 94 e5 71 	call	0xe3ca	; 0xe3ca <__fixunssfsi>
    c2e4:	03 e0       	ldi	r16, 0x03	; 3
    c2e6:	2f e0       	ldi	r18, 0x0F	; 15
    c2e8:	30 e0       	ldi	r19, 0x00	; 0
    c2ea:	ab 01       	movw	r20, r22
    c2ec:	b7 01       	movw	r22, r14
    c2ee:	80 e0       	ldi	r24, 0x00	; 0
    c2f0:	90 e0       	ldi	r25, 0x00	; 0
    c2f2:	0e 94 6a 29 	call	0x52d4	; 0x52d4 <Lcd_Line1>
    c2f6:	25 e0       	ldi	r18, 0x05	; 5
    c2f8:	e2 1a       	sub	r14, r18
    c2fa:	f1 08       	sbc	r15, r1
    c2fc:	3a e0       	ldi	r19, 0x0A	; 10
    c2fe:	e3 16       	cp	r14, r19
    c300:	f1 04       	cpc	r15, r1
    c302:	d9 f6       	brne	.-74     	; 0xc2ba <lcd_Test480x320Landscape+0xaa8>
    c304:	5e e0       	ldi	r21, 0x0E	; 14
    c306:	e5 2e       	mov	r14, r21
    c308:	f1 2c       	mov	r15, r1
    c30a:	b7 01       	movw	r22, r14
    c30c:	80 e0       	ldi	r24, 0x00	; 0
    c30e:	90 e0       	ldi	r25, 0x00	; 0
    c310:	0e 94 11 72 	call	0xe422	; 0xe422 <__floatunsisf>
    c314:	2d ec       	ldi	r18, 0xCD	; 205
    c316:	3c ec       	ldi	r19, 0xCC	; 204
    c318:	4c ec       	ldi	r20, 0xCC	; 204
    c31a:	5f e3       	ldi	r21, 0x3F	; 63
    c31c:	0e 94 fc 72 	call	0xe5f8	; 0xe5f8 <__mulsf3>
    c320:	9b 01       	movw	r18, r22
    c322:	ac 01       	movw	r20, r24
    c324:	60 e0       	ldi	r22, 0x00	; 0
    c326:	70 e0       	ldi	r23, 0x00	; 0
    c328:	8b ef       	ldi	r24, 0xFB	; 251
    c32a:	93 e4       	ldi	r25, 0x43	; 67
    c32c:	0e 94 11 71 	call	0xe222	; 0xe222 <__subsf3>
    c330:	0e 94 e5 71 	call	0xe3ca	; 0xe3ca <__fixunssfsi>
    c334:	03 e0       	ldi	r16, 0x03	; 3
    c336:	20 e3       	ldi	r18, 0x30	; 48
    c338:	31 e0       	ldi	r19, 0x01	; 1
    c33a:	ab 01       	movw	r20, r22
    c33c:	b7 01       	movw	r22, r14
    c33e:	8f ed       	ldi	r24, 0xDF	; 223
    c340:	91 e0       	ldi	r25, 0x01	; 1
    c342:	0e 94 6a 29 	call	0x52d4	; 0x52d4 <Lcd_Line1>
    c346:	85 e0       	ldi	r24, 0x05	; 5
    c348:	e8 0e       	add	r14, r24
    c34a:	f1 1c       	adc	r15, r1
    c34c:	95 e3       	ldi	r25, 0x35	; 53
    c34e:	e9 16       	cp	r14, r25
    c350:	91 e0       	ldi	r25, 0x01	; 1
    c352:	f9 06       	cpc	r15, r25
    c354:	d1 f6       	brne	.-76     	; 0xc30a <lcd_Test480x320Landscape+0xaf8>
    c356:	2f ef       	ldi	r18, 0xFF	; 255
    c358:	3f e4       	ldi	r19, 0x4F	; 79
    c35a:	83 ec       	ldi	r24, 0xC3	; 195
    c35c:	21 50       	subi	r18, 0x01	; 1
    c35e:	30 40       	sbci	r19, 0x00	; 0
    c360:	80 40       	sbci	r24, 0x00	; 0
    c362:	e1 f7       	brne	.-8      	; 0xc35c <lcd_Test480x320Landscape+0xb4a>
    c364:	00 c0       	rjmp	.+0      	; 0xc366 <lcd_Test480x320Landscape+0xb54>
    c366:	00 00       	nop
    c368:	22 e0       	ldi	r18, 0x02	; 2
    c36a:	40 e0       	ldi	r20, 0x00	; 0
    c36c:	64 e0       	ldi	r22, 0x04	; 4
    c36e:	81 e0       	ldi	r24, 0x01	; 1
    c370:	0e 94 db 27 	call	0x4fb6	; 0x4fb6 <Lcd_Grad_Fill_Screen>
    c374:	a1 2c       	mov	r10, r1
    c376:	cc 24       	eor	r12, r12
    c378:	c3 94       	inc	r12
    c37a:	9a e0       	ldi	r25, 0x0A	; 10
    c37c:	e9 2e       	mov	r14, r25
    c37e:	0f e0       	ldi	r16, 0x0F	; 15
    c380:	10 e0       	ldi	r17, 0x00	; 0
    c382:	20 ee       	ldi	r18, 0xE0	; 224
    c384:	31 e0       	ldi	r19, 0x01	; 1
    c386:	40 e0       	ldi	r20, 0x00	; 0
    c388:	50 e0       	ldi	r21, 0x00	; 0
    c38a:	60 e0       	ldi	r22, 0x00	; 0
    c38c:	70 e0       	ldi	r23, 0x00	; 0
    c38e:	81 e0       	ldi	r24, 0x01	; 1
    c390:	0e 94 f9 27 	call	0x4ff2	; 0x4ff2 <Lcd_Grad_FillRect>
    c394:	aa 24       	eor	r10, r10
    c396:	a3 94       	inc	r10
    c398:	20 ee       	ldi	r18, 0xE0	; 224
    c39a:	31 e0       	ldi	r19, 0x01	; 1
    c39c:	41 e3       	ldi	r20, 0x31	; 49
    c39e:	51 e0       	ldi	r21, 0x01	; 1
    c3a0:	60 e0       	ldi	r22, 0x00	; 0
    c3a2:	70 e0       	ldi	r23, 0x00	; 0
    c3a4:	81 e0       	ldi	r24, 0x01	; 1
    c3a6:	0e 94 f9 27 	call	0x4ff2	; 0x4ff2 <Lcd_Grad_FillRect>
    c3aa:	04 e0       	ldi	r16, 0x04	; 4
    c3ac:	20 e0       	ldi	r18, 0x00	; 0
    c3ae:	40 e5       	ldi	r20, 0x50	; 80
    c3b0:	50 e0       	ldi	r21, 0x00	; 0
    c3b2:	60 ea       	ldi	r22, 0xA0	; 160
    c3b4:	70 e0       	ldi	r23, 0x00	; 0
    c3b6:	80 ef       	ldi	r24, 0xF0	; 240
    c3b8:	90 e0       	ldi	r25, 0x00	; 0
    c3ba:	0e 94 8d 3a 	call	0x751a	; 0x751a <Lcd_FillEquilateralTriangle>
    c3be:	21 e0       	ldi	r18, 0x01	; 1
    c3c0:	40 e5       	ldi	r20, 0x50	; 80
    c3c2:	50 e0       	ldi	r21, 0x00	; 0
    c3c4:	60 ea       	ldi	r22, 0xA0	; 160
    c3c6:	70 e0       	ldi	r23, 0x00	; 0
    c3c8:	80 ef       	ldi	r24, 0xF0	; 240
    c3ca:	90 e0       	ldi	r25, 0x00	; 0
    c3cc:	0e 94 8d 3a 	call	0x751a	; 0x751a <Lcd_FillEquilateralTriangle>
    c3d0:	22 e0       	ldi	r18, 0x02	; 2
    c3d2:	40 e5       	ldi	r20, 0x50	; 80
    c3d4:	50 e0       	ldi	r21, 0x00	; 0
    c3d6:	60 ea       	ldi	r22, 0xA0	; 160
    c3d8:	70 e0       	ldi	r23, 0x00	; 0
    c3da:	80 ef       	ldi	r24, 0xF0	; 240
    c3dc:	90 e0       	ldi	r25, 0x00	; 0
    c3de:	0e 94 8d 3a 	call	0x751a	; 0x751a <Lcd_FillEquilateralTriangle>
    c3e2:	23 e0       	ldi	r18, 0x03	; 3
    c3e4:	40 e5       	ldi	r20, 0x50	; 80
    c3e6:	50 e0       	ldi	r21, 0x00	; 0
    c3e8:	60 ea       	ldi	r22, 0xA0	; 160
    c3ea:	70 e0       	ldi	r23, 0x00	; 0
    c3ec:	80 ef       	ldi	r24, 0xF0	; 240
    c3ee:	90 e0       	ldi	r25, 0x00	; 0
    c3f0:	0e 94 8d 3a 	call	0x751a	; 0x751a <Lcd_FillEquilateralTriangle>
    c3f4:	ee 24       	eor	r14, r14
    c3f6:	e3 94       	inc	r14
    c3f8:	05 e0       	ldi	r16, 0x05	; 5
    c3fa:	10 e0       	ldi	r17, 0x00	; 0
    c3fc:	20 e0       	ldi	r18, 0x00	; 0
    c3fe:	44 e6       	ldi	r20, 0x64	; 100
    c400:	50 e0       	ldi	r21, 0x00	; 0
    c402:	6f e9       	ldi	r22, 0x9F	; 159
    c404:	70 e0       	ldi	r23, 0x00	; 0
    c406:	8f ee       	ldi	r24, 0xEF	; 239
    c408:	90 e0       	ldi	r25, 0x00	; 0
    c40a:	0e 94 f6 31 	call	0x63ec	; 0x63ec <Lcd_LineEquilateralTriangle>
    c40e:	21 e0       	ldi	r18, 0x01	; 1
    c410:	44 e6       	ldi	r20, 0x64	; 100
    c412:	50 e0       	ldi	r21, 0x00	; 0
    c414:	6f e9       	ldi	r22, 0x9F	; 159
    c416:	70 e0       	ldi	r23, 0x00	; 0
    c418:	8f ee       	ldi	r24, 0xEF	; 239
    c41a:	90 e0       	ldi	r25, 0x00	; 0
    c41c:	0e 94 f6 31 	call	0x63ec	; 0x63ec <Lcd_LineEquilateralTriangle>
    c420:	22 e0       	ldi	r18, 0x02	; 2
    c422:	44 e6       	ldi	r20, 0x64	; 100
    c424:	50 e0       	ldi	r21, 0x00	; 0
    c426:	6f e9       	ldi	r22, 0x9F	; 159
    c428:	70 e0       	ldi	r23, 0x00	; 0
    c42a:	8f ee       	ldi	r24, 0xEF	; 239
    c42c:	90 e0       	ldi	r25, 0x00	; 0
    c42e:	0e 94 f6 31 	call	0x63ec	; 0x63ec <Lcd_LineEquilateralTriangle>
    c432:	23 e0       	ldi	r18, 0x03	; 3
    c434:	44 e6       	ldi	r20, 0x64	; 100
    c436:	50 e0       	ldi	r21, 0x00	; 0
    c438:	6f e9       	ldi	r22, 0x9F	; 159
    c43a:	70 e0       	ldi	r23, 0x00	; 0
    c43c:	8f ee       	ldi	r24, 0xEF	; 239
    c43e:	90 e0       	ldi	r25, 0x00	; 0
    c440:	0e 94 f6 31 	call	0x63ec	; 0x63ec <Lcd_LineEquilateralTriangle>
    c444:	24 e6       	ldi	r18, 0x64	; 100
    c446:	c2 2e       	mov	r12, r18
    c448:	d1 2c       	mov	r13, r1
    c44a:	32 eb       	ldi	r19, 0xB2	; 178
    c44c:	e3 2e       	mov	r14, r19
    c44e:	f1 2c       	mov	r15, r1
    c450:	0e eb       	ldi	r16, 0xBE	; 190
    c452:	10 e0       	ldi	r17, 0x00	; 0
    c454:	21 e0       	ldi	r18, 0x01	; 1
    c456:	47 ef       	ldi	r20, 0xF7	; 247
    c458:	53 e4       	ldi	r21, 0x43	; 67
    c45a:	61 e0       	ldi	r22, 0x01	; 1
    c45c:	81 e0       	ldi	r24, 0x01	; 1
    c45e:	0e 94 b9 50 	call	0xa172	; 0xa172 <Lcd_Text_Format>
    c462:	4e e0       	ldi	r20, 0x0E	; 14
    c464:	e4 2e       	mov	r14, r20
    c466:	f1 2c       	mov	r15, r1
    c468:	b7 01       	movw	r22, r14
    c46a:	80 e0       	ldi	r24, 0x00	; 0
    c46c:	90 e0       	ldi	r25, 0x00	; 0
    c46e:	0e 94 11 72 	call	0xe422	; 0xe422 <__floatunsisf>
    c472:	2d ec       	ldi	r18, 0xCD	; 205
    c474:	3c ec       	ldi	r19, 0xCC	; 204
    c476:	4c ec       	ldi	r20, 0xCC	; 204
    c478:	5f e3       	ldi	r21, 0x3F	; 63
    c47a:	0e 94 fc 72 	call	0xe5f8	; 0xe5f8 <__mulsf3>
    c47e:	20 e0       	ldi	r18, 0x00	; 0
    c480:	30 e0       	ldi	r19, 0x00	; 0
    c482:	40 e7       	ldi	r20, 0x70	; 112
    c484:	51 e4       	ldi	r21, 0x41	; 65
    c486:	0e 94 11 71 	call	0xe222	; 0xe222 <__subsf3>
    c48a:	0e 94 e5 71 	call	0xe3ca	; 0xe3ca <__fixunssfsi>
    c48e:	05 e0       	ldi	r16, 0x05	; 5
    c490:	21 e3       	ldi	r18, 0x31	; 49
    c492:	31 e0       	ldi	r19, 0x01	; 1
    c494:	ab 01       	movw	r20, r22
    c496:	b7 01       	movw	r22, r14
    c498:	80 e0       	ldi	r24, 0x00	; 0
    c49a:	90 e0       	ldi	r25, 0x00	; 0
    c49c:	0e 94 6a 29 	call	0x52d4	; 0x52d4 <Lcd_Line1>
    c4a0:	95 e0       	ldi	r25, 0x05	; 5
    c4a2:	e9 0e       	add	r14, r25
    c4a4:	f1 1c       	adc	r15, r1
    c4a6:	25 e3       	ldi	r18, 0x35	; 53
    c4a8:	e2 16       	cp	r14, r18
    c4aa:	21 e0       	ldi	r18, 0x01	; 1
    c4ac:	f2 06       	cpc	r15, r18
    c4ae:	e1 f6       	brne	.-72     	; 0xc468 <lcd_Test480x320Landscape+0xc56>
    c4b0:	81 e3       	ldi	r24, 0x31	; 49
    c4b2:	e8 2e       	mov	r14, r24
    c4b4:	ff 24       	eor	r15, r15
    c4b6:	f3 94       	inc	r15
    c4b8:	b7 01       	movw	r22, r14
    c4ba:	80 e0       	ldi	r24, 0x00	; 0
    c4bc:	90 e0       	ldi	r25, 0x00	; 0
    c4be:	0e 94 11 72 	call	0xe422	; 0xe422 <__floatunsisf>
    c4c2:	2d ec       	ldi	r18, 0xCD	; 205
    c4c4:	3c ec       	ldi	r19, 0xCC	; 204
    c4c6:	4c ec       	ldi	r20, 0xCC	; 204
    c4c8:	5f e3       	ldi	r21, 0x3F	; 63
    c4ca:	0e 94 fc 72 	call	0xe5f8	; 0xe5f8 <__mulsf3>
    c4ce:	20 e0       	ldi	r18, 0x00	; 0
    c4d0:	30 e0       	ldi	r19, 0x00	; 0
    c4d2:	40 e7       	ldi	r20, 0x70	; 112
    c4d4:	51 e4       	ldi	r21, 0x41	; 65
    c4d6:	0e 94 11 71 	call	0xe222	; 0xe222 <__subsf3>
    c4da:	0e 94 e5 71 	call	0xe3ca	; 0xe3ca <__fixunssfsi>
    c4de:	05 e0       	ldi	r16, 0x05	; 5
    c4e0:	2f e0       	ldi	r18, 0x0F	; 15
    c4e2:	30 e0       	ldi	r19, 0x00	; 0
    c4e4:	ab 01       	movw	r20, r22
    c4e6:	b7 01       	movw	r22, r14
    c4e8:	8f ed       	ldi	r24, 0xDF	; 223
    c4ea:	91 e0       	ldi	r25, 0x01	; 1
    c4ec:	0e 94 6a 29 	call	0x52d4	; 0x52d4 <Lcd_Line1>
    c4f0:	35 e0       	ldi	r19, 0x05	; 5
    c4f2:	e3 1a       	sub	r14, r19
    c4f4:	f1 08       	sbc	r15, r1
    c4f6:	8a e0       	ldi	r24, 0x0A	; 10
    c4f8:	e8 16       	cp	r14, r24
    c4fa:	f1 04       	cpc	r15, r1
    c4fc:	e9 f6       	brne	.-70     	; 0xc4b8 <lcd_Test480x320Landscape+0xca6>
    c4fe:	01 e3       	ldi	r16, 0x31	; 49
    c500:	e0 2e       	mov	r14, r16
    c502:	ff 24       	eor	r15, r15
    c504:	f3 94       	inc	r15
    c506:	b7 01       	movw	r22, r14
    c508:	80 e0       	ldi	r24, 0x00	; 0
    c50a:	90 e0       	ldi	r25, 0x00	; 0
    c50c:	0e 94 11 72 	call	0xe422	; 0xe422 <__floatunsisf>
    c510:	2d ec       	ldi	r18, 0xCD	; 205
    c512:	3c ec       	ldi	r19, 0xCC	; 204
    c514:	4c ec       	ldi	r20, 0xCC	; 204
    c516:	5f e3       	ldi	r21, 0x3F	; 63
    c518:	0e 94 fc 72 	call	0xe5f8	; 0xe5f8 <__mulsf3>
    c51c:	9b 01       	movw	r18, r22
    c51e:	ac 01       	movw	r20, r24
    c520:	60 e0       	ldi	r22, 0x00	; 0
    c522:	70 e0       	ldi	r23, 0x00	; 0
    c524:	84 ef       	ldi	r24, 0xF4	; 244
    c526:	93 e4       	ldi	r25, 0x43	; 67
    c528:	0e 94 11 71 	call	0xe222	; 0xe222 <__subsf3>
    c52c:	0e 94 e5 71 	call	0xe3ca	; 0xe3ca <__fixunssfsi>
    c530:	03 e0       	ldi	r16, 0x03	; 3
    c532:	2f e0       	ldi	r18, 0x0F	; 15
    c534:	30 e0       	ldi	r19, 0x00	; 0
    c536:	ab 01       	movw	r20, r22
    c538:	b7 01       	movw	r22, r14
    c53a:	80 e0       	ldi	r24, 0x00	; 0
    c53c:	90 e0       	ldi	r25, 0x00	; 0
    c53e:	0e 94 6a 29 	call	0x52d4	; 0x52d4 <Lcd_Line1>
    c542:	95 e0       	ldi	r25, 0x05	; 5
    c544:	e9 1a       	sub	r14, r25
    c546:	f1 08       	sbc	r15, r1
    c548:	2a e0       	ldi	r18, 0x0A	; 10
    c54a:	e2 16       	cp	r14, r18
    c54c:	f1 04       	cpc	r15, r1
    c54e:	d9 f6       	brne	.-74     	; 0xc506 <lcd_Test480x320Landscape+0xcf4>
    c550:	1e e0       	ldi	r17, 0x0E	; 14
    c552:	e1 2e       	mov	r14, r17
    c554:	f1 2c       	mov	r15, r1
    c556:	b7 01       	movw	r22, r14
    c558:	80 e0       	ldi	r24, 0x00	; 0
    c55a:	90 e0       	ldi	r25, 0x00	; 0
    c55c:	0e 94 11 72 	call	0xe422	; 0xe422 <__floatunsisf>
    c560:	2d ec       	ldi	r18, 0xCD	; 205
    c562:	3c ec       	ldi	r19, 0xCC	; 204
    c564:	4c ec       	ldi	r20, 0xCC	; 204
    c566:	5f e3       	ldi	r21, 0x3F	; 63
    c568:	0e 94 fc 72 	call	0xe5f8	; 0xe5f8 <__mulsf3>
    c56c:	9b 01       	movw	r18, r22
    c56e:	ac 01       	movw	r20, r24
    c570:	60 e0       	ldi	r22, 0x00	; 0
    c572:	70 e0       	ldi	r23, 0x00	; 0
    c574:	8b ef       	ldi	r24, 0xFB	; 251
    c576:	93 e4       	ldi	r25, 0x43	; 67
    c578:	0e 94 11 71 	call	0xe222	; 0xe222 <__subsf3>
    c57c:	0e 94 e5 71 	call	0xe3ca	; 0xe3ca <__fixunssfsi>
    c580:	03 e0       	ldi	r16, 0x03	; 3
    c582:	20 e3       	ldi	r18, 0x30	; 48
    c584:	31 e0       	ldi	r19, 0x01	; 1
    c586:	ab 01       	movw	r20, r22
    c588:	b7 01       	movw	r22, r14
    c58a:	8f ed       	ldi	r24, 0xDF	; 223
    c58c:	91 e0       	ldi	r25, 0x01	; 1
    c58e:	0e 94 6a 29 	call	0x52d4	; 0x52d4 <Lcd_Line1>
    c592:	35 e0       	ldi	r19, 0x05	; 5
    c594:	e3 0e       	add	r14, r19
    c596:	f1 1c       	adc	r15, r1
    c598:	85 e3       	ldi	r24, 0x35	; 53
    c59a:	e8 16       	cp	r14, r24
    c59c:	81 e0       	ldi	r24, 0x01	; 1
    c59e:	f8 06       	cpc	r15, r24
    c5a0:	d1 f6       	brne	.-76     	; 0xc556 <lcd_Test480x320Landscape+0xd44>
    c5a2:	9f ef       	ldi	r25, 0xFF	; 255
    c5a4:	2f e4       	ldi	r18, 0x4F	; 79
    c5a6:	33 ec       	ldi	r19, 0xC3	; 195
    c5a8:	91 50       	subi	r25, 0x01	; 1
    c5aa:	20 40       	sbci	r18, 0x00	; 0
    c5ac:	30 40       	sbci	r19, 0x00	; 0
    c5ae:	e1 f7       	brne	.-8      	; 0xc5a8 <lcd_Test480x320Landscape+0xd96>
    c5b0:	00 c0       	rjmp	.+0      	; 0xc5b2 <lcd_Test480x320Landscape+0xda0>
    c5b2:	00 00       	nop
    c5b4:	21 e0       	ldi	r18, 0x01	; 1
    c5b6:	41 e0       	ldi	r20, 0x01	; 1
    c5b8:	67 e0       	ldi	r22, 0x07	; 7
    c5ba:	81 e0       	ldi	r24, 0x01	; 1
    c5bc:	0e 94 db 27 	call	0x4fb6	; 0x4fb6 <Lcd_Grad_Fill_Screen>
    c5c0:	e1 2c       	mov	r14, r1
    c5c2:	f1 2c       	mov	r15, r1
    c5c4:	05 e0       	ldi	r16, 0x05	; 5
    c5c6:	20 e4       	ldi	r18, 0x40	; 64
    c5c8:	31 e0       	ldi	r19, 0x01	; 1
    c5ca:	a7 01       	movw	r20, r14
    c5cc:	60 e0       	ldi	r22, 0x00	; 0
    c5ce:	70 e0       	ldi	r23, 0x00	; 0
    c5d0:	80 e0       	ldi	r24, 0x00	; 0
    c5d2:	90 e0       	ldi	r25, 0x00	; 0
    c5d4:	0e 94 6a 29 	call	0x52d4	; 0x52d4 <Lcd_Line1>
    c5d8:	8f e0       	ldi	r24, 0x0F	; 15
    c5da:	e8 0e       	add	r14, r24
    c5dc:	f1 1c       	adc	r15, r1
    c5de:	9f ee       	ldi	r25, 0xEF	; 239
    c5e0:	e9 16       	cp	r14, r25
    c5e2:	91 e0       	ldi	r25, 0x01	; 1
    c5e4:	f9 06       	cpc	r15, r25
    c5e6:	71 f7       	brne	.-36     	; 0xc5c4 <lcd_Test480x320Landscape+0xdb2>
    c5e8:	b6 e3       	ldi	r27, 0x36	; 54
    c5ea:	eb 2e       	mov	r14, r27
    c5ec:	ff 24       	eor	r15, r15
    c5ee:	f3 94       	inc	r15
    c5f0:	05 e0       	ldi	r16, 0x05	; 5
    c5f2:	97 01       	movw	r18, r14
    c5f4:	40 ee       	ldi	r20, 0xE0	; 224
    c5f6:	51 e0       	ldi	r21, 0x01	; 1
    c5f8:	60 e0       	ldi	r22, 0x00	; 0
    c5fa:	70 e0       	ldi	r23, 0x00	; 0
    c5fc:	80 e0       	ldi	r24, 0x00	; 0
    c5fe:	90 e0       	ldi	r25, 0x00	; 0
    c600:	0e 94 6a 29 	call	0x52d4	; 0x52d4 <Lcd_Line1>
    c604:	2a e0       	ldi	r18, 0x0A	; 10
    c606:	e2 1a       	sub	r14, r18
    c608:	f1 08       	sbc	r15, r1
    c60a:	36 ef       	ldi	r19, 0xF6	; 246
    c60c:	e3 16       	cp	r14, r19
    c60e:	3f ef       	ldi	r19, 0xFF	; 255
    c610:	f3 06       	cpc	r15, r19
    c612:	71 f7       	brne	.-36     	; 0xc5f0 <lcd_Test480x320Landscape+0xdde>
    c614:	a0 ee       	ldi	r26, 0xE0	; 224
    c616:	ea 2e       	mov	r14, r26
    c618:	ff 24       	eor	r15, r15
    c61a:	f3 94       	inc	r15
    c61c:	06 e0       	ldi	r16, 0x06	; 6
    c61e:	20 e0       	ldi	r18, 0x00	; 0
    c620:	30 e0       	ldi	r19, 0x00	; 0
    c622:	a7 01       	movw	r20, r14
    c624:	60 e4       	ldi	r22, 0x40	; 64
    c626:	71 e0       	ldi	r23, 0x01	; 1
    c628:	80 ee       	ldi	r24, 0xE0	; 224
    c62a:	91 e0       	ldi	r25, 0x01	; 1
    c62c:	0e 94 6a 29 	call	0x52d4	; 0x52d4 <Lcd_Line1>
    c630:	8f e0       	ldi	r24, 0x0F	; 15
    c632:	e8 1a       	sub	r14, r24
    c634:	f1 08       	sbc	r15, r1
    c636:	91 f7       	brne	.-28     	; 0xc61c <lcd_Test480x320Landscape+0xe0a>
    c638:	06 e0       	ldi	r16, 0x06	; 6
    c63a:	97 01       	movw	r18, r14
    c63c:	40 e0       	ldi	r20, 0x00	; 0
    c63e:	50 e0       	ldi	r21, 0x00	; 0
    c640:	60 e4       	ldi	r22, 0x40	; 64
    c642:	71 e0       	ldi	r23, 0x01	; 1
    c644:	80 ee       	ldi	r24, 0xE0	; 224
    c646:	91 e0       	ldi	r25, 0x01	; 1
    c648:	0e 94 6a 29 	call	0x52d4	; 0x52d4 <Lcd_Line1>
    c64c:	9a e0       	ldi	r25, 0x0A	; 10
    c64e:	e9 0e       	add	r14, r25
    c650:	f1 1c       	adc	r15, r1
    c652:	2a e4       	ldi	r18, 0x4A	; 74
    c654:	e2 16       	cp	r14, r18
    c656:	21 e0       	ldi	r18, 0x01	; 1
    c658:	f2 06       	cpc	r15, r18
    c65a:	71 f7       	brne	.-36     	; 0xc638 <lcd_Test480x320Landscape+0xe26>
    c65c:	3f ef       	ldi	r19, 0xFF	; 255
    c65e:	8b e7       	ldi	r24, 0x7B	; 123
    c660:	92 e9       	ldi	r25, 0x92	; 146
    c662:	31 50       	subi	r19, 0x01	; 1
    c664:	80 40       	sbci	r24, 0x00	; 0
    c666:	90 40       	sbci	r25, 0x00	; 0
    c668:	e1 f7       	brne	.-8      	; 0xc662 <lcd_Test480x320Landscape+0xe50>
    c66a:	00 c0       	rjmp	.+0      	; 0xc66c <lcd_Test480x320Landscape+0xe5a>
    c66c:	00 00       	nop
    c66e:	20 e0       	ldi	r18, 0x00	; 0
    c670:	41 e0       	ldi	r20, 0x01	; 1
    c672:	69 e0       	ldi	r22, 0x09	; 9
    c674:	81 e0       	ldi	r24, 0x01	; 1
    c676:	0e 94 db 27 	call	0x4fb6	; 0x4fb6 <Lcd_Grad_Fill_Screen>
    c67a:	f0 ee       	ldi	r31, 0xE0	; 224
    c67c:	ef 2e       	mov	r14, r31
    c67e:	ff 24       	eor	r15, r15
    c680:	f3 94       	inc	r15
    c682:	05 e0       	ldi	r16, 0x05	; 5
    c684:	20 e0       	ldi	r18, 0x00	; 0
    c686:	30 e0       	ldi	r19, 0x00	; 0
    c688:	a7 01       	movw	r20, r14
    c68a:	60 e4       	ldi	r22, 0x40	; 64
    c68c:	71 e0       	ldi	r23, 0x01	; 1
    c68e:	80 ee       	ldi	r24, 0xE0	; 224
    c690:	91 e0       	ldi	r25, 0x01	; 1
    c692:	0e 94 6a 29 	call	0x52d4	; 0x52d4 <Lcd_Line1>
    c696:	2f e0       	ldi	r18, 0x0F	; 15
    c698:	e2 1a       	sub	r14, r18
    c69a:	f1 08       	sbc	r15, r1
    c69c:	91 f7       	brne	.-28     	; 0xc682 <lcd_Test480x320Landscape+0xe70>
    c69e:	c1 2c       	mov	r12, r1
    c6a0:	d1 2c       	mov	r13, r1
    c6a2:	05 e0       	ldi	r16, 0x05	; 5
    c6a4:	96 01       	movw	r18, r12
    c6a6:	40 e0       	ldi	r20, 0x00	; 0
    c6a8:	50 e0       	ldi	r21, 0x00	; 0
    c6aa:	60 e4       	ldi	r22, 0x40	; 64
    c6ac:	71 e0       	ldi	r23, 0x01	; 1
    c6ae:	80 ee       	ldi	r24, 0xE0	; 224
    c6b0:	91 e0       	ldi	r25, 0x01	; 1
    c6b2:	0e 94 6a 29 	call	0x52d4	; 0x52d4 <Lcd_Line1>
    c6b6:	3a e0       	ldi	r19, 0x0A	; 10
    c6b8:	c3 0e       	add	r12, r19
    c6ba:	d1 1c       	adc	r13, r1
    c6bc:	8a e4       	ldi	r24, 0x4A	; 74
    c6be:	c8 16       	cp	r12, r24
    c6c0:	81 e0       	ldi	r24, 0x01	; 1
    c6c2:	d8 06       	cpc	r13, r24
    c6c4:	71 f7       	brne	.-36     	; 0xc6a2 <lcd_Test480x320Landscape+0xe90>
    c6c6:	06 e0       	ldi	r16, 0x06	; 6
    c6c8:	20 e4       	ldi	r18, 0x40	; 64
    c6ca:	31 e0       	ldi	r19, 0x01	; 1
    c6cc:	a7 01       	movw	r20, r14
    c6ce:	60 e0       	ldi	r22, 0x00	; 0
    c6d0:	70 e0       	ldi	r23, 0x00	; 0
    c6d2:	80 e0       	ldi	r24, 0x00	; 0
    c6d4:	90 e0       	ldi	r25, 0x00	; 0
    c6d6:	0e 94 6a 29 	call	0x52d4	; 0x52d4 <Lcd_Line1>
    c6da:	9f e0       	ldi	r25, 0x0F	; 15
    c6dc:	e9 0e       	add	r14, r25
    c6de:	f1 1c       	adc	r15, r1
    c6e0:	2f ee       	ldi	r18, 0xEF	; 239
    c6e2:	e2 16       	cp	r14, r18
    c6e4:	21 e0       	ldi	r18, 0x01	; 1
    c6e6:	f2 06       	cpc	r15, r18
    c6e8:	71 f7       	brne	.-36     	; 0xc6c6 <lcd_Test480x320Landscape+0xeb4>
    c6ea:	e6 e3       	ldi	r30, 0x36	; 54
    c6ec:	ee 2e       	mov	r14, r30
    c6ee:	ff 24       	eor	r15, r15
    c6f0:	f3 94       	inc	r15
    c6f2:	06 e0       	ldi	r16, 0x06	; 6
    c6f4:	97 01       	movw	r18, r14
    c6f6:	40 ee       	ldi	r20, 0xE0	; 224
    c6f8:	51 e0       	ldi	r21, 0x01	; 1
    c6fa:	60 e0       	ldi	r22, 0x00	; 0
    c6fc:	70 e0       	ldi	r23, 0x00	; 0
    c6fe:	80 e0       	ldi	r24, 0x00	; 0
    c700:	90 e0       	ldi	r25, 0x00	; 0
    c702:	0e 94 6a 29 	call	0x52d4	; 0x52d4 <Lcd_Line1>
    c706:	3a e0       	ldi	r19, 0x0A	; 10
    c708:	e3 1a       	sub	r14, r19
    c70a:	f1 08       	sbc	r15, r1
    c70c:	86 ef       	ldi	r24, 0xF6	; 246
    c70e:	e8 16       	cp	r14, r24
    c710:	8f ef       	ldi	r24, 0xFF	; 255
    c712:	f8 06       	cpc	r15, r24
    c714:	71 f7       	brne	.-36     	; 0xc6f2 <lcd_Test480x320Landscape+0xee0>
    c716:	9f ef       	ldi	r25, 0xFF	; 255
    c718:	2b e7       	ldi	r18, 0x7B	; 123
    c71a:	32 e9       	ldi	r19, 0x92	; 146
    c71c:	91 50       	subi	r25, 0x01	; 1
    c71e:	20 40       	sbci	r18, 0x00	; 0
    c720:	30 40       	sbci	r19, 0x00	; 0
    c722:	e1 f7       	brne	.-8      	; 0xc71c <lcd_Test480x320Landscape+0xf0a>
    c724:	00 c0       	rjmp	.+0      	; 0xc726 <lcd_Test480x320Landscape+0xf14>
    c726:	00 00       	nop
    c728:	22 e0       	ldi	r18, 0x02	; 2
    c72a:	42 e0       	ldi	r20, 0x02	; 2
    c72c:	69 e0       	ldi	r22, 0x09	; 9
    c72e:	81 e0       	ldi	r24, 0x01	; 1
    c730:	0e 94 db 27 	call	0x4fb6	; 0x4fb6 <Lcd_Grad_Fill_Screen>
    c734:	05 e0       	ldi	r16, 0x05	; 5
    c736:	20 ea       	ldi	r18, 0xA0	; 160
    c738:	30 e0       	ldi	r19, 0x00	; 0
    c73a:	40 e9       	ldi	r20, 0x90	; 144
    c73c:	51 e0       	ldi	r21, 0x01	; 1
    c73e:	60 ea       	ldi	r22, 0xA0	; 160
    c740:	70 e0       	ldi	r23, 0x00	; 0
    c742:	80 e5       	ldi	r24, 0x50	; 80
    c744:	90 e0       	ldi	r25, 0x00	; 0
    c746:	0e 94 6a 29 	call	0x52d4	; 0x52d4 <Lcd_Line1>
    c74a:	e1 2c       	mov	r14, r1
    c74c:	f1 2c       	mov	r15, r1
    c74e:	70 e4       	ldi	r23, 0x40	; 64
    c750:	67 2e       	mov	r6, r23
    c752:	77 24       	eor	r7, r7
    c754:	73 94       	inc	r7
    c756:	43 01       	movw	r8, r6
    c758:	8e 18       	sub	r8, r14
    c75a:	9f 08       	sbc	r9, r15
    c75c:	57 01       	movw	r10, r14
    c75e:	80 ef       	ldi	r24, 0xF0	; 240
    c760:	a8 0e       	add	r10, r24
    c762:	b1 1c       	adc	r11, r1
    c764:	05 e0       	ldi	r16, 0x05	; 5
    c766:	94 01       	movw	r18, r8
    c768:	40 ef       	ldi	r20, 0xF0	; 240
    c76a:	50 e0       	ldi	r21, 0x00	; 0
    c76c:	60 ea       	ldi	r22, 0xA0	; 160
    c76e:	70 e0       	ldi	r23, 0x00	; 0
    c770:	c5 01       	movw	r24, r10
    c772:	0e 94 6a 29 	call	0x52d4	; 0x52d4 <Lcd_Line1>
    c776:	80 ef       	ldi	r24, 0xF0	; 240
    c778:	90 e0       	ldi	r25, 0x00	; 0
    c77a:	6c 01       	movw	r12, r24
    c77c:	ce 18       	sub	r12, r14
    c77e:	df 08       	sbc	r13, r15
    c780:	94 01       	movw	r18, r8
    c782:	40 ef       	ldi	r20, 0xF0	; 240
    c784:	50 e0       	ldi	r21, 0x00	; 0
    c786:	60 ea       	ldi	r22, 0xA0	; 160
    c788:	70 e0       	ldi	r23, 0x00	; 0
    c78a:	c6 01       	movw	r24, r12
    c78c:	0e 94 6a 29 	call	0x52d4	; 0x52d4 <Lcd_Line1>
    c790:	97 01       	movw	r18, r14
    c792:	40 ef       	ldi	r20, 0xF0	; 240
    c794:	50 e0       	ldi	r21, 0x00	; 0
    c796:	60 ea       	ldi	r22, 0xA0	; 160
    c798:	70 e0       	ldi	r23, 0x00	; 0
    c79a:	c5 01       	movw	r24, r10
    c79c:	0e 94 6a 29 	call	0x52d4	; 0x52d4 <Lcd_Line1>
    c7a0:	97 01       	movw	r18, r14
    c7a2:	40 ef       	ldi	r20, 0xF0	; 240
    c7a4:	50 e0       	ldi	r21, 0x00	; 0
    c7a6:	60 ea       	ldi	r22, 0xA0	; 160
    c7a8:	70 e0       	ldi	r23, 0x00	; 0
    c7aa:	c6 01       	movw	r24, r12
    c7ac:	0e 94 6a 29 	call	0x52d4	; 0x52d4 <Lcd_Line1>
    c7b0:	98 e0       	ldi	r25, 0x08	; 8
    c7b2:	e9 0e       	add	r14, r25
    c7b4:	f1 1c       	adc	r15, r1
    c7b6:	20 ea       	ldi	r18, 0xA0	; 160
    c7b8:	e2 16       	cp	r14, r18
    c7ba:	f1 04       	cpc	r15, r1
    c7bc:	61 f6       	brne	.-104    	; 0xc756 <lcd_Test480x320Landscape+0xf44>
    c7be:	e1 2c       	mov	r14, r1
    c7c0:	f1 2c       	mov	r15, r1
    c7c2:	60 e4       	ldi	r22, 0x40	; 64
    c7c4:	66 2e       	mov	r6, r22
    c7c6:	77 24       	eor	r7, r7
    c7c8:	73 94       	inc	r7
    c7ca:	53 01       	movw	r10, r6
    c7cc:	ae 18       	sub	r10, r14
    c7ce:	bf 08       	sbc	r11, r15
    c7d0:	47 01       	movw	r8, r14
    c7d2:	30 e5       	ldi	r19, 0x50	; 80
    c7d4:	83 0e       	add	r8, r19
    c7d6:	91 1c       	adc	r9, r1
    c7d8:	06 e0       	ldi	r16, 0x06	; 6
    c7da:	97 01       	movw	r18, r14
    c7dc:	40 e9       	ldi	r20, 0x90	; 144
    c7de:	51 e0       	ldi	r21, 0x01	; 1
    c7e0:	60 e0       	ldi	r22, 0x00	; 0
    c7e2:	70 e0       	ldi	r23, 0x00	; 0
    c7e4:	c4 01       	movw	r24, r8
    c7e6:	0e 94 6a 29 	call	0x52d4	; 0x52d4 <Lcd_Line1>
    c7ea:	80 e9       	ldi	r24, 0x90	; 144
    c7ec:	91 e0       	ldi	r25, 0x01	; 1
    c7ee:	6c 01       	movw	r12, r24
    c7f0:	ce 18       	sub	r12, r14
    c7f2:	df 08       	sbc	r13, r15
    c7f4:	20 e4       	ldi	r18, 0x40	; 64
    c7f6:	31 e0       	ldi	r19, 0x01	; 1
    c7f8:	a6 01       	movw	r20, r12
    c7fa:	b7 01       	movw	r22, r14
    c7fc:	0e 94 6a 29 	call	0x52d4	; 0x52d4 <Lcd_Line1>
    c800:	95 01       	movw	r18, r10
    c802:	40 e5       	ldi	r20, 0x50	; 80
    c804:	50 e0       	ldi	r21, 0x00	; 0
    c806:	60 e4       	ldi	r22, 0x40	; 64
    c808:	71 e0       	ldi	r23, 0x01	; 1
    c80a:	c6 01       	movw	r24, r12
    c80c:	0e 94 6a 29 	call	0x52d4	; 0x52d4 <Lcd_Line1>
    c810:	20 e0       	ldi	r18, 0x00	; 0
    c812:	30 e0       	ldi	r19, 0x00	; 0
    c814:	a4 01       	movw	r20, r8
    c816:	b5 01       	movw	r22, r10
    c818:	80 e5       	ldi	r24, 0x50	; 80
    c81a:	90 e0       	ldi	r25, 0x00	; 0
    c81c:	0e 94 6a 29 	call	0x52d4	; 0x52d4 <Lcd_Line1>
    c820:	88 e0       	ldi	r24, 0x08	; 8
    c822:	e8 0e       	add	r14, r24
    c824:	f1 1c       	adc	r15, r1
    c826:	98 e4       	ldi	r25, 0x48	; 72
    c828:	e9 16       	cp	r14, r25
    c82a:	91 e0       	ldi	r25, 0x01	; 1
    c82c:	f9 06       	cpc	r15, r25
    c82e:	69 f6       	brne	.-102    	; 0xc7ca <lcd_Test480x320Landscape+0xfb8>
    c830:	2f ef       	ldi	r18, 0xFF	; 255
    c832:	3f e4       	ldi	r19, 0x4F	; 79
    c834:	83 ec       	ldi	r24, 0xC3	; 195
    c836:	21 50       	subi	r18, 0x01	; 1
    c838:	30 40       	sbci	r19, 0x00	; 0
    c83a:	80 40       	sbci	r24, 0x00	; 0
    c83c:	e1 f7       	brne	.-8      	; 0xc836 <lcd_Test480x320Landscape+0x1024>
    c83e:	00 c0       	rjmp	.+0      	; 0xc840 <lcd_Test480x320Landscape+0x102e>
    c840:	00 00       	nop
    c842:	23 e0       	ldi	r18, 0x03	; 3
    c844:	40 e0       	ldi	r20, 0x00	; 0
    c846:	60 e0       	ldi	r22, 0x00	; 0
    c848:	81 e0       	ldi	r24, 0x01	; 1
    c84a:	0e 94 db 27 	call	0x4fb6	; 0x4fb6 <Lcd_Grad_Fill_Screen>
    c84e:	02 e0       	ldi	r16, 0x02	; 2
    c850:	20 e5       	ldi	r18, 0x50	; 80
    c852:	30 e0       	ldi	r19, 0x00	; 0
    c854:	48 e7       	ldi	r20, 0x78	; 120
    c856:	50 e0       	ldi	r21, 0x00	; 0
    c858:	68 e2       	ldi	r22, 0x28	; 40
    c85a:	70 e0       	ldi	r23, 0x00	; 0
    c85c:	84 e1       	ldi	r24, 0x14	; 20
    c85e:	90 e0       	ldi	r25, 0x00	; 0
    c860:	0e 94 a1 32 	call	0x6542	; 0x6542 <Lcd_FillRect>
    c864:	96 e0       	ldi	r25, 0x06	; 6
    c866:	a9 2e       	mov	r10, r25
    c868:	22 e0       	ldi	r18, 0x02	; 2
    c86a:	c2 2e       	mov	r12, r18
    c86c:	35 e0       	ldi	r19, 0x05	; 5
    c86e:	e3 2e       	mov	r14, r19
    c870:	f1 2c       	mov	r15, r1
    c872:	00 e5       	ldi	r16, 0x50	; 80
    c874:	10 e0       	ldi	r17, 0x00	; 0
    c876:	28 e7       	ldi	r18, 0x78	; 120
    c878:	30 e0       	ldi	r19, 0x00	; 0
    c87a:	48 e2       	ldi	r20, 0x28	; 40
    c87c:	50 e0       	ldi	r21, 0x00	; 0
    c87e:	64 eb       	ldi	r22, 0xB4	; 180
    c880:	70 e0       	ldi	r23, 0x00	; 0
    c882:	81 e0       	ldi	r24, 0x01	; 1
    c884:	0e 94 cb 32 	call	0x6596	; 0x6596 <Lcd_BorderRect>
    c888:	28 e7       	ldi	r18, 0x78	; 120
    c88a:	30 e0       	ldi	r19, 0x00	; 0
    c88c:	48 e2       	ldi	r20, 0x28	; 40
    c88e:	50 e0       	ldi	r21, 0x00	; 0
    c890:	64 e5       	ldi	r22, 0x54	; 84
    c892:	71 e0       	ldi	r23, 0x01	; 1
    c894:	80 e0       	ldi	r24, 0x00	; 0
    c896:	0e 94 cb 32 	call	0x6596	; 0x6596 <Lcd_BorderRect>
    c89a:	22 e0       	ldi	r18, 0x02	; 2
    c89c:	42 e3       	ldi	r20, 0x32	; 50
    c89e:	50 e0       	ldi	r21, 0x00	; 0
    c8a0:	60 ef       	ldi	r22, 0xF0	; 240
    c8a2:	70 e0       	ldi	r23, 0x00	; 0
    c8a4:	80 e5       	ldi	r24, 0x50	; 80
    c8a6:	90 e0       	ldi	r25, 0x00	; 0
    c8a8:	0e 94 63 33 	call	0x66c6	; 0x66c6 <Lcd_FillCircle>
    c8ac:	46 e0       	ldi	r20, 0x06	; 6
    c8ae:	c4 2e       	mov	r12, r20
    c8b0:	52 e0       	ldi	r21, 0x02	; 2
    c8b2:	e5 2e       	mov	r14, r21
    c8b4:	05 e0       	ldi	r16, 0x05	; 5
    c8b6:	10 e0       	ldi	r17, 0x00	; 0
    c8b8:	22 e3       	ldi	r18, 0x32	; 50
    c8ba:	30 e0       	ldi	r19, 0x00	; 0
    c8bc:	40 ef       	ldi	r20, 0xF0	; 240
    c8be:	50 e0       	ldi	r21, 0x00	; 0
    c8c0:	60 ef       	ldi	r22, 0xF0	; 240
    c8c2:	70 e0       	ldi	r23, 0x00	; 0
    c8c4:	81 e0       	ldi	r24, 0x01	; 1
    c8c6:	0e 94 55 34 	call	0x68aa	; 0x68aa <Lcd_BorderCircle>
    c8ca:	22 e3       	ldi	r18, 0x32	; 50
    c8cc:	30 e0       	ldi	r19, 0x00	; 0
    c8ce:	40 ef       	ldi	r20, 0xF0	; 240
    c8d0:	50 e0       	ldi	r21, 0x00	; 0
    c8d2:	60 e9       	ldi	r22, 0x90	; 144
    c8d4:	71 e0       	ldi	r23, 0x01	; 1
    c8d6:	80 e0       	ldi	r24, 0x00	; 0
    c8d8:	0e 94 55 34 	call	0x68aa	; 0x68aa <Lcd_BorderCircle>
    c8dc:	9f ef       	ldi	r25, 0xFF	; 255
    c8de:	27 ea       	ldi	r18, 0xA7	; 167
    c8e0:	31 e6       	ldi	r19, 0x61	; 97
    c8e2:	91 50       	subi	r25, 0x01	; 1
    c8e4:	20 40       	sbci	r18, 0x00	; 0
    c8e6:	30 40       	sbci	r19, 0x00	; 0
    c8e8:	e1 f7       	brne	.-8      	; 0xc8e2 <lcd_Test480x320Landscape+0x10d0>
    c8ea:	00 c0       	rjmp	.+0      	; 0xc8ec <lcd_Test480x320Landscape+0x10da>
    c8ec:	00 00       	nop
    c8ee:	23 e0       	ldi	r18, 0x03	; 3
    c8f0:	40 e0       	ldi	r20, 0x00	; 0
    c8f2:	60 e0       	ldi	r22, 0x00	; 0
    c8f4:	81 e0       	ldi	r24, 0x01	; 1
    c8f6:	0e 94 db 27 	call	0x4fb6	; 0x4fb6 <Lcd_Grad_Fill_Screen>
    c8fa:	04 e1       	ldi	r16, 0x14	; 20
    c8fc:	10 e0       	ldi	r17, 0x00	; 0
    c8fe:	20 e5       	ldi	r18, 0x50	; 80
    c900:	30 e0       	ldi	r19, 0x00	; 0
    c902:	48 e7       	ldi	r20, 0x78	; 120
    c904:	50 e0       	ldi	r21, 0x00	; 0
    c906:	68 e2       	ldi	r22, 0x28	; 40
    c908:	70 e0       	ldi	r23, 0x00	; 0
    c90a:	84 e1       	ldi	r24, 0x14	; 20
    c90c:	90 e0       	ldi	r25, 0x00	; 0
    c90e:	0e 94 8b 36 	call	0x6d16	; 0x6d16 <Lcd_FillRoundRect>
    c912:	66 e0       	ldi	r22, 0x06	; 6
    c914:	86 2e       	mov	r8, r22
    c916:	72 e0       	ldi	r23, 0x02	; 2
    c918:	a7 2e       	mov	r10, r23
    c91a:	e5 e0       	ldi	r30, 0x05	; 5
    c91c:	ce 2e       	mov	r12, r30
    c91e:	d1 2c       	mov	r13, r1
    c920:	f4 e1       	ldi	r31, 0x14	; 20
    c922:	ef 2e       	mov	r14, r31
    c924:	f1 2c       	mov	r15, r1
    c926:	00 e5       	ldi	r16, 0x50	; 80
    c928:	10 e0       	ldi	r17, 0x00	; 0
    c92a:	28 e7       	ldi	r18, 0x78	; 120
    c92c:	30 e0       	ldi	r19, 0x00	; 0
    c92e:	48 e2       	ldi	r20, 0x28	; 40
    c930:	50 e0       	ldi	r21, 0x00	; 0
    c932:	64 eb       	ldi	r22, 0xB4	; 180
    c934:	70 e0       	ldi	r23, 0x00	; 0
    c936:	81 e0       	ldi	r24, 0x01	; 1
    c938:	0e 94 97 37 	call	0x6f2e	; 0x6f2e <Lcd_BorderRoundRect>
    c93c:	28 e7       	ldi	r18, 0x78	; 120
    c93e:	30 e0       	ldi	r19, 0x00	; 0
    c940:	48 e2       	ldi	r20, 0x28	; 40
    c942:	50 e0       	ldi	r21, 0x00	; 0
    c944:	64 e5       	ldi	r22, 0x54	; 84
    c946:	71 e0       	ldi	r23, 0x01	; 1
    c948:	80 e0       	ldi	r24, 0x00	; 0
    c94a:	0e 94 97 37 	call	0x6f2e	; 0x6f2e <Lcd_BorderRoundRect>
    c94e:	02 e0       	ldi	r16, 0x02	; 2
    c950:	20 e0       	ldi	r18, 0x00	; 0
    c952:	4c e3       	ldi	r20, 0x3C	; 60
    c954:	50 e0       	ldi	r21, 0x00	; 0
    c956:	60 ef       	ldi	r22, 0xF0	; 240
    c958:	70 e0       	ldi	r23, 0x00	; 0
    c95a:	80 e5       	ldi	r24, 0x50	; 80
    c95c:	90 e0       	ldi	r25, 0x00	; 0
    c95e:	0e 94 8d 3a 	call	0x751a	; 0x751a <Lcd_FillEquilateralTriangle>
    c962:	a6 e0       	ldi	r26, 0x06	; 6
    c964:	aa 2e       	mov	r10, r26
    c966:	b2 e0       	ldi	r27, 0x02	; 2
    c968:	cb 2e       	mov	r12, r27
    c96a:	e1 2c       	mov	r14, r1
    c96c:	05 e0       	ldi	r16, 0x05	; 5
    c96e:	2c e3       	ldi	r18, 0x3C	; 60
    c970:	30 e0       	ldi	r19, 0x00	; 0
    c972:	40 ef       	ldi	r20, 0xF0	; 240
    c974:	50 e0       	ldi	r21, 0x00	; 0
    c976:	60 ef       	ldi	r22, 0xF0	; 240
    c978:	70 e0       	ldi	r23, 0x00	; 0
    c97a:	81 e0       	ldi	r24, 0x01	; 1
    c97c:	0e 94 97 3b 	call	0x772e	; 0x772e <Lcd_BorderEquilateralTriangle>
    c980:	2c e3       	ldi	r18, 0x3C	; 60
    c982:	30 e0       	ldi	r19, 0x00	; 0
    c984:	40 ef       	ldi	r20, 0xF0	; 240
    c986:	50 e0       	ldi	r21, 0x00	; 0
    c988:	60 e9       	ldi	r22, 0x90	; 144
    c98a:	71 e0       	ldi	r23, 0x01	; 1
    c98c:	80 e0       	ldi	r24, 0x00	; 0
    c98e:	0e 94 97 3b 	call	0x772e	; 0x772e <Lcd_BorderEquilateralTriangle>
    c992:	8f ef       	ldi	r24, 0xFF	; 255
    c994:	97 ea       	ldi	r25, 0xA7	; 167
    c996:	21 e6       	ldi	r18, 0x61	; 97
    c998:	81 50       	subi	r24, 0x01	; 1
    c99a:	90 40       	sbci	r25, 0x00	; 0
    c99c:	20 40       	sbci	r18, 0x00	; 0
    c99e:	e1 f7       	brne	.-8      	; 0xc998 <lcd_Test480x320Landscape+0x1186>
    c9a0:	00 c0       	rjmp	.+0      	; 0xc9a2 <lcd_Test480x320Landscape+0x1190>
    c9a2:	00 00       	nop
    c9a4:	23 e0       	ldi	r18, 0x03	; 3
    c9a6:	40 e0       	ldi	r20, 0x00	; 0
    c9a8:	60 e0       	ldi	r22, 0x00	; 0
    c9aa:	81 e0       	ldi	r24, 0x01	; 1
    c9ac:	0e 94 db 27 	call	0x4fb6	; 0x4fb6 <Lcd_Grad_Fill_Screen>
    c9b0:	02 e0       	ldi	r16, 0x02	; 2
    c9b2:	28 e2       	ldi	r18, 0x28	; 40
    c9b4:	30 e0       	ldi	r19, 0x00	; 0
    c9b6:	4c e3       	ldi	r20, 0x3C	; 60
    c9b8:	50 e0       	ldi	r21, 0x00	; 0
    c9ba:	60 e5       	ldi	r22, 0x50	; 80
    c9bc:	70 e0       	ldi	r23, 0x00	; 0
    c9be:	80 e5       	ldi	r24, 0x50	; 80
    c9c0:	90 e0       	ldi	r25, 0x00	; 0
    c9c2:	0e 94 f4 3d 	call	0x7be8	; 0x7be8 <Lcd_FillEllipse>
    c9c6:	15 e0       	ldi	r17, 0x05	; 5
    c9c8:	e1 2e       	mov	r14, r17
    c9ca:	f1 2c       	mov	r15, r1
    c9cc:	08 e2       	ldi	r16, 0x28	; 40
    c9ce:	10 e0       	ldi	r17, 0x00	; 0
    c9d0:	2c e3       	ldi	r18, 0x3C	; 60
    c9d2:	30 e0       	ldi	r19, 0x00	; 0
    c9d4:	40 e5       	ldi	r20, 0x50	; 80
    c9d6:	50 e0       	ldi	r21, 0x00	; 0
    c9d8:	60 ef       	ldi	r22, 0xF0	; 240
    c9da:	70 e0       	ldi	r23, 0x00	; 0
    c9dc:	81 e0       	ldi	r24, 0x01	; 1
    c9de:	0e 94 21 3f 	call	0x7e42	; 0x7e42 <Lcd_BorderEllipse>
    c9e2:	2c e3       	ldi	r18, 0x3C	; 60
    c9e4:	30 e0       	ldi	r19, 0x00	; 0
    c9e6:	40 e5       	ldi	r20, 0x50	; 80
    c9e8:	50 e0       	ldi	r21, 0x00	; 0
    c9ea:	60 e9       	ldi	r22, 0x90	; 144
    c9ec:	71 e0       	ldi	r23, 0x01	; 1
    c9ee:	80 e0       	ldi	r24, 0x00	; 0
    c9f0:	0e 94 21 3f 	call	0x7e42	; 0x7e42 <Lcd_BorderEllipse>
    c9f4:	8c e1       	ldi	r24, 0x1C	; 28
    c9f6:	e8 2e       	mov	r14, r24
    c9f8:	f1 2c       	mov	r15, r1
    c9fa:	20 e5       	ldi	r18, 0x50	; 80
    c9fc:	30 e0       	ldi	r19, 0x00	; 0
    c9fe:	48 e7       	ldi	r20, 0x78	; 120
    ca00:	50 e0       	ldi	r21, 0x00	; 0
    ca02:	68 ec       	ldi	r22, 0xC8	; 200
    ca04:	70 e0       	ldi	r23, 0x00	; 0
    ca06:	84 e1       	ldi	r24, 0x14	; 20
    ca08:	90 e0       	ldi	r25, 0x00	; 0
    ca0a:	0e 94 7d 41 	call	0x82fa	; 0x82fa <Lcd_FillEllipseRect>
    ca0e:	96 e0       	ldi	r25, 0x06	; 6
    ca10:	69 2e       	mov	r6, r25
    ca12:	6f 92       	push	r6
    ca14:	22 e0       	ldi	r18, 0x02	; 2
    ca16:	82 2e       	mov	r8, r18
    ca18:	35 e0       	ldi	r19, 0x05	; 5
    ca1a:	a3 2e       	mov	r10, r19
    ca1c:	b1 2c       	mov	r11, r1
    ca1e:	4c e1       	ldi	r20, 0x1C	; 28
    ca20:	c4 2e       	mov	r12, r20
    ca22:	d1 2c       	mov	r13, r1
    ca24:	58 e2       	ldi	r21, 0x28	; 40
    ca26:	e5 2e       	mov	r14, r21
    ca28:	f1 2c       	mov	r15, r1
    ca2a:	00 e5       	ldi	r16, 0x50	; 80
    ca2c:	10 e0       	ldi	r17, 0x00	; 0
    ca2e:	28 e7       	ldi	r18, 0x78	; 120
    ca30:	30 e0       	ldi	r19, 0x00	; 0
    ca32:	48 ec       	ldi	r20, 0xC8	; 200
    ca34:	50 e0       	ldi	r21, 0x00	; 0
    ca36:	64 eb       	ldi	r22, 0xB4	; 180
    ca38:	70 e0       	ldi	r23, 0x00	; 0
    ca3a:	81 e0       	ldi	r24, 0x01	; 1
    ca3c:	0e 94 c8 42 	call	0x8590	; 0x8590 <Lcd_BorderEllipseRect>
    ca40:	6f 92       	push	r6
    ca42:	28 e7       	ldi	r18, 0x78	; 120
    ca44:	30 e0       	ldi	r19, 0x00	; 0
    ca46:	48 ec       	ldi	r20, 0xC8	; 200
    ca48:	50 e0       	ldi	r21, 0x00	; 0
    ca4a:	64 e5       	ldi	r22, 0x54	; 84
    ca4c:	71 e0       	ldi	r23, 0x01	; 1
    ca4e:	80 e0       	ldi	r24, 0x00	; 0
    ca50:	0e 94 c8 42 	call	0x8590	; 0x8590 <Lcd_BorderEllipseRect>
    ca54:	3f ef       	ldi	r19, 0xFF	; 255
    ca56:	87 ea       	ldi	r24, 0xA7	; 167
    ca58:	91 e6       	ldi	r25, 0x61	; 97
    ca5a:	31 50       	subi	r19, 0x01	; 1
    ca5c:	80 40       	sbci	r24, 0x00	; 0
    ca5e:	90 40       	sbci	r25, 0x00	; 0
    ca60:	e1 f7       	brne	.-8      	; 0xca5a <lcd_Test480x320Landscape+0x1248>
    ca62:	00 c0       	rjmp	.+0      	; 0xca64 <lcd_Test480x320Landscape+0x1252>
    ca64:	00 00       	nop
    ca66:	80 e0       	ldi	r24, 0x00	; 0
    ca68:	0e 94 ca 27 	call	0x4f94	; 0x4f94 <Lcd_Fill_Screen>
    ca6c:	84 ea       	ldi	r24, 0xA4	; 164
    ca6e:	91 e0       	ldi	r25, 0x01	; 1
    ca70:	0e 94 9b 45 	call	0x8b36	; 0x8b36 <lcd_Set_Font>
    ca74:	84 e0       	ldi	r24, 0x04	; 4
    ca76:	0e 94 98 45 	call	0x8b30	; 0x8b30 <lcd_Set_Nsymtab_Font>
    ca7a:	81 e0       	ldi	r24, 0x01	; 1
    ca7c:	0e 94 fb 45 	call	0x8bf6	; 0x8bf6 <lcd_Set_Transparent_Font>
    ca80:	81 e0       	ldi	r24, 0x01	; 1
    ca82:	0e 94 f8 45 	call	0x8bf0	; 0x8bf0 <lcd_Set_Edging_Font>
    ca86:	81 e0       	ldi	r24, 0x01	; 1
    ca88:	0e 94 0a 46 	call	0x8c14	; 0x8c14 <lcd_Set_Scale_Font>
    ca8c:	80 e0       	ldi	r24, 0x00	; 0
    ca8e:	0e 94 04 46 	call	0x8c08	; 0x8c08 <lcd_Set_Kerning_Font>
    ca92:	80 e0       	ldi	r24, 0x00	; 0
    ca94:	0e 94 07 46 	call	0x8c0e	; 0x8c0e <lcd_Set_Spacing_Font>
    ca98:	81 e0       	ldi	r24, 0x01	; 1
    ca9a:	0e 94 fe 45 	call	0x8bfc	; 0x8bfc <lcd_Set_Aligning_Font>
    ca9e:	1f 92       	push	r1
    caa0:	1f 92       	push	r1
    caa2:	6f 92       	push	r6
    caa4:	63 e0       	ldi	r22, 0x03	; 3
    caa6:	b6 2e       	mov	r11, r22
    caa8:	bf 92       	push	r11
    caaa:	1f 92       	push	r1
    caac:	1f 92       	push	r1
    caae:	72 e0       	ldi	r23, 0x02	; 2
    cab0:	97 2e       	mov	r9, r23
    cab2:	9f 92       	push	r9
    cab4:	e3 e0       	ldi	r30, 0x03	; 3
    cab6:	8e 2e       	mov	r8, r30
    cab8:	f3 e2       	ldi	r31, 0x23	; 35
    caba:	cf 2e       	mov	r12, r31
    cabc:	a6 e4       	ldi	r26, 0x46	; 70
    cabe:	ea 2e       	mov	r14, r26
    cac0:	f1 2c       	mov	r15, r1
    cac2:	06 e4       	ldi	r16, 0x46	; 70
    cac4:	10 e0       	ldi	r17, 0x00	; 0
    cac6:	28 e0       	ldi	r18, 0x08	; 8
    cac8:	30 e0       	ldi	r19, 0x00	; 0
    caca:	4f e7       	ldi	r20, 0x7F	; 127
    cacc:	50 e0       	ldi	r21, 0x00	; 0
    cace:	61 e0       	ldi	r22, 0x01	; 1
    cad0:	80 e0       	ldi	r24, 0x00	; 0
    cad2:	0e 94 52 55 	call	0xaaa4	; 0xaaa4 <Lcd_Multi_three_Round>
    cad6:	1f 92       	push	r1
    cad8:	1f 92       	push	r1
    cada:	6f 92       	push	r6
    cadc:	bf 92       	push	r11
    cade:	1f 92       	push	r1
    cae0:	1f 92       	push	r1
    cae2:	9f 92       	push	r9
    cae4:	28 e0       	ldi	r18, 0x08	; 8
    cae6:	30 e0       	ldi	r19, 0x00	; 0
    cae8:	4d ec       	ldi	r20, 0xCD	; 205
    caea:	50 e0       	ldi	r21, 0x00	; 0
    caec:	61 e0       	ldi	r22, 0x01	; 1
    caee:	80 e0       	ldi	r24, 0x00	; 0
    caf0:	0e 94 52 55 	call	0xaaa4	; 0xaaa4 <Lcd_Multi_three_Round>
    caf4:	1f 92       	push	r1
    caf6:	1f 92       	push	r1
    caf8:	6f 92       	push	r6
    cafa:	bf 92       	push	r11
    cafc:	1f 92       	push	r1
    cafe:	1f 92       	push	r1
    cb00:	9f 92       	push	r9
    cb02:	28 e0       	ldi	r18, 0x08	; 8
    cb04:	30 e0       	ldi	r19, 0x00	; 0
    cb06:	4b e1       	ldi	r20, 0x1B	; 27
    cb08:	51 e0       	ldi	r21, 0x01	; 1
    cb0a:	61 e0       	ldi	r22, 0x01	; 1
    cb0c:	80 e0       	ldi	r24, 0x00	; 0
    cb0e:	0e 94 52 55 	call	0xaaa4	; 0xaaa4 <Lcd_Multi_three_Round>
    cb12:	88 e0       	ldi	r24, 0x08	; 8
    cb14:	0e 94 03 55 	call	0xaa06	; 0xaa06 <lcd_Set_Grad_Color_MultiRoundPrintFlash>
    cb18:	b6 e4       	ldi	r27, 0x46	; 70
    cb1a:	cb 2e       	mov	r12, r27
    cb1c:	d1 2c       	mov	r13, r1
    cb1e:	14 e3       	ldi	r17, 0x34	; 52
    cb20:	e1 2e       	mov	r14, r17
    cb22:	f1 2c       	mov	r15, r1
    cb24:	0f e7       	ldi	r16, 0x7F	; 127
    cb26:	10 e0       	ldi	r17, 0x00	; 0
    cb28:	21 e0       	ldi	r18, 0x01	; 1
    cb2a:	46 e6       	ldi	r20, 0x66	; 102
    cb2c:	52 e4       	ldi	r21, 0x42	; 66
    cb2e:	66 e0       	ldi	r22, 0x06	; 6
    cb30:	80 e0       	ldi	r24, 0x00	; 0
    cb32:	0e 94 b9 50 	call	0xa172	; 0xa172 <Lcd_Text_Format>
    cb36:	0d ec       	ldi	r16, 0xCD	; 205
    cb38:	10 e0       	ldi	r17, 0x00	; 0
    cb3a:	21 e0       	ldi	r18, 0x01	; 1
    cb3c:	44 e6       	ldi	r20, 0x64	; 100
    cb3e:	52 e4       	ldi	r21, 0x42	; 66
    cb40:	66 e0       	ldi	r22, 0x06	; 6
    cb42:	80 e0       	ldi	r24, 0x00	; 0
    cb44:	0e 94 b9 50 	call	0xa172	; 0xa172 <Lcd_Text_Format>
    cb48:	0b e1       	ldi	r16, 0x1B	; 27
    cb4a:	11 e0       	ldi	r17, 0x01	; 1
    cb4c:	21 e0       	ldi	r18, 0x01	; 1
    cb4e:	42 e6       	ldi	r20, 0x62	; 98
    cb50:	52 e4       	ldi	r21, 0x42	; 66
    cb52:	66 e0       	ldi	r22, 0x06	; 6
    cb54:	80 e0       	ldi	r24, 0x00	; 0
    cb56:	0e 94 b9 50 	call	0xa172	; 0xa172 <Lcd_Text_Format>
    cb5a:	1f 92       	push	r1
    cb5c:	1f 92       	push	r1
    cb5e:	6f 92       	push	r6
    cb60:	bf 92       	push	r11
    cb62:	1f 92       	push	r1
    cb64:	1f 92       	push	r1
    cb66:	9f 92       	push	r9
    cb68:	03 e2       	ldi	r16, 0x23	; 35
    cb6a:	c0 2e       	mov	r12, r16
    cb6c:	86 e4       	ldi	r24, 0x46	; 70
    cb6e:	e8 2e       	mov	r14, r24
    cb70:	f1 2c       	mov	r15, r1
    cb72:	06 e4       	ldi	r16, 0x46	; 70
    cb74:	10 e0       	ldi	r17, 0x00	; 0
    cb76:	26 e5       	ldi	r18, 0x56	; 86
    cb78:	30 e0       	ldi	r19, 0x00	; 0
    cb7a:	4f e7       	ldi	r20, 0x7F	; 127
    cb7c:	50 e0       	ldi	r21, 0x00	; 0
    cb7e:	62 e0       	ldi	r22, 0x02	; 2
    cb80:	80 e0       	ldi	r24, 0x00	; 0
    cb82:	0e 94 52 55 	call	0xaaa4	; 0xaaa4 <Lcd_Multi_three_Round>
    cb86:	1f 92       	push	r1
    cb88:	1f 92       	push	r1
    cb8a:	6f 92       	push	r6
    cb8c:	bf 92       	push	r11
    cb8e:	1f 92       	push	r1
    cb90:	1f 92       	push	r1
    cb92:	9f 92       	push	r9
    cb94:	26 e5       	ldi	r18, 0x56	; 86
    cb96:	30 e0       	ldi	r19, 0x00	; 0
    cb98:	4d ec       	ldi	r20, 0xCD	; 205
    cb9a:	50 e0       	ldi	r21, 0x00	; 0
    cb9c:	63 e0       	ldi	r22, 0x03	; 3
    cb9e:	80 e0       	ldi	r24, 0x00	; 0
    cba0:	0e 94 52 55 	call	0xaaa4	; 0xaaa4 <Lcd_Multi_three_Round>
    cba4:	0f b6       	in	r0, 0x3f	; 63
    cba6:	f8 94       	cli
    cba8:	de bf       	out	0x3e, r29	; 62
    cbaa:	0f be       	out	0x3f, r0	; 63
    cbac:	cd bf       	out	0x3d, r28	; 61
    cbae:	1f 92       	push	r1
    cbb0:	1f 92       	push	r1
    cbb2:	6f 92       	push	r6
    cbb4:	bf 92       	push	r11
    cbb6:	1f 92       	push	r1
    cbb8:	1f 92       	push	r1
    cbba:	9f 92       	push	r9
    cbbc:	26 e5       	ldi	r18, 0x56	; 86
    cbbe:	30 e0       	ldi	r19, 0x00	; 0
    cbc0:	4b e1       	ldi	r20, 0x1B	; 27
    cbc2:	51 e0       	ldi	r21, 0x01	; 1
    cbc4:	64 e0       	ldi	r22, 0x04	; 4
    cbc6:	80 e0       	ldi	r24, 0x00	; 0
    cbc8:	0e 94 52 55 	call	0xaaa4	; 0xaaa4 <Lcd_Multi_three_Round>
    cbcc:	89 e0       	ldi	r24, 0x09	; 9
    cbce:	0e 94 03 55 	call	0xaa06	; 0xaa06 <lcd_Set_Grad_Color_MultiRoundPrintFlash>
    cbd2:	96 e4       	ldi	r25, 0x46	; 70
    cbd4:	c9 2e       	mov	r12, r25
    cbd6:	d1 2c       	mov	r13, r1
    cbd8:	22 e8       	ldi	r18, 0x82	; 130
    cbda:	e2 2e       	mov	r14, r18
    cbdc:	f1 2c       	mov	r15, r1
    cbde:	0f e7       	ldi	r16, 0x7F	; 127
    cbe0:	10 e0       	ldi	r17, 0x00	; 0
    cbe2:	21 e0       	ldi	r18, 0x01	; 1
    cbe4:	40 e6       	ldi	r20, 0x60	; 96
    cbe6:	52 e4       	ldi	r21, 0x42	; 66
    cbe8:	66 e0       	ldi	r22, 0x06	; 6
    cbea:	80 e0       	ldi	r24, 0x00	; 0
    cbec:	0e 94 b9 50 	call	0xa172	; 0xa172 <Lcd_Text_Format>
    cbf0:	8a e0       	ldi	r24, 0x0A	; 10
    cbf2:	0e 94 03 55 	call	0xaa06	; 0xaa06 <lcd_Set_Grad_Color_MultiRoundPrintFlash>
    cbf6:	0d ec       	ldi	r16, 0xCD	; 205
    cbf8:	10 e0       	ldi	r17, 0x00	; 0
    cbfa:	21 e0       	ldi	r18, 0x01	; 1
    cbfc:	4e e5       	ldi	r20, 0x5E	; 94
    cbfe:	52 e4       	ldi	r21, 0x42	; 66
    cc00:	66 e0       	ldi	r22, 0x06	; 6
    cc02:	80 e0       	ldi	r24, 0x00	; 0
    cc04:	0e 94 b9 50 	call	0xa172	; 0xa172 <Lcd_Text_Format>
    cc08:	8b e0       	ldi	r24, 0x0B	; 11
    cc0a:	0e 94 03 55 	call	0xaa06	; 0xaa06 <lcd_Set_Grad_Color_MultiRoundPrintFlash>
    cc0e:	0b e1       	ldi	r16, 0x1B	; 27
    cc10:	11 e0       	ldi	r17, 0x01	; 1
    cc12:	21 e0       	ldi	r18, 0x01	; 1
    cc14:	4c e5       	ldi	r20, 0x5C	; 92
    cc16:	52 e4       	ldi	r21, 0x42	; 66
    cc18:	66 e0       	ldi	r22, 0x06	; 6
    cc1a:	80 e0       	ldi	r24, 0x00	; 0
    cc1c:	0e 94 b9 50 	call	0xa172	; 0xa172 <Lcd_Text_Format>
    cc20:	1f 92       	push	r1
    cc22:	1f 92       	push	r1
    cc24:	6f 92       	push	r6
    cc26:	bf 92       	push	r11
    cc28:	1f 92       	push	r1
    cc2a:	1f 92       	push	r1
    cc2c:	9f 92       	push	r9
    cc2e:	33 e2       	ldi	r19, 0x23	; 35
    cc30:	c3 2e       	mov	r12, r19
    cc32:	46 e4       	ldi	r20, 0x46	; 70
    cc34:	e4 2e       	mov	r14, r20
    cc36:	f1 2c       	mov	r15, r1
    cc38:	06 e4       	ldi	r16, 0x46	; 70
    cc3a:	10 e0       	ldi	r17, 0x00	; 0
    cc3c:	24 ea       	ldi	r18, 0xA4	; 164
    cc3e:	30 e0       	ldi	r19, 0x00	; 0
    cc40:	4f e7       	ldi	r20, 0x7F	; 127
    cc42:	50 e0       	ldi	r21, 0x00	; 0
    cc44:	65 e0       	ldi	r22, 0x05	; 5
    cc46:	80 e0       	ldi	r24, 0x00	; 0
    cc48:	0e 94 52 55 	call	0xaaa4	; 0xaaa4 <Lcd_Multi_three_Round>
    cc4c:	1f 92       	push	r1
    cc4e:	1f 92       	push	r1
    cc50:	6f 92       	push	r6
    cc52:	bf 92       	push	r11
    cc54:	1f 92       	push	r1
    cc56:	1f 92       	push	r1
    cc58:	9f 92       	push	r9
    cc5a:	24 ea       	ldi	r18, 0xA4	; 164
    cc5c:	30 e0       	ldi	r19, 0x00	; 0
    cc5e:	4d ec       	ldi	r20, 0xCD	; 205
    cc60:	50 e0       	ldi	r21, 0x00	; 0
    cc62:	66 e0       	ldi	r22, 0x06	; 6
    cc64:	80 e0       	ldi	r24, 0x00	; 0
    cc66:	0e 94 52 55 	call	0xaaa4	; 0xaaa4 <Lcd_Multi_three_Round>
    cc6a:	1f 92       	push	r1
    cc6c:	1f 92       	push	r1
    cc6e:	6f 92       	push	r6
    cc70:	bf 92       	push	r11
    cc72:	1f 92       	push	r1
    cc74:	1f 92       	push	r1
    cc76:	9f 92       	push	r9
    cc78:	24 ea       	ldi	r18, 0xA4	; 164
    cc7a:	30 e0       	ldi	r19, 0x00	; 0
    cc7c:	4b e1       	ldi	r20, 0x1B	; 27
    cc7e:	51 e0       	ldi	r21, 0x01	; 1
    cc80:	67 e0       	ldi	r22, 0x07	; 7
    cc82:	80 e0       	ldi	r24, 0x00	; 0
    cc84:	0e 94 52 55 	call	0xaaa4	; 0xaaa4 <Lcd_Multi_three_Round>
    cc88:	8c e0       	ldi	r24, 0x0C	; 12
    cc8a:	0e 94 03 55 	call	0xaa06	; 0xaa06 <lcd_Set_Grad_Color_MultiRoundPrintFlash>
    cc8e:	56 e4       	ldi	r21, 0x46	; 70
    cc90:	c5 2e       	mov	r12, r21
    cc92:	d1 2c       	mov	r13, r1
    cc94:	60 ed       	ldi	r22, 0xD0	; 208
    cc96:	e6 2e       	mov	r14, r22
    cc98:	f1 2c       	mov	r15, r1
    cc9a:	0f e7       	ldi	r16, 0x7F	; 127
    cc9c:	10 e0       	ldi	r17, 0x00	; 0
    cc9e:	21 e0       	ldi	r18, 0x01	; 1
    cca0:	4a e5       	ldi	r20, 0x5A	; 90
    cca2:	52 e4       	ldi	r21, 0x42	; 66
    cca4:	66 e0       	ldi	r22, 0x06	; 6
    cca6:	80 e0       	ldi	r24, 0x00	; 0
    cca8:	0e 94 b9 50 	call	0xa172	; 0xa172 <Lcd_Text_Format>
    ccac:	8d e0       	ldi	r24, 0x0D	; 13
    ccae:	0e 94 03 55 	call	0xaa06	; 0xaa06 <lcd_Set_Grad_Color_MultiRoundPrintFlash>
    ccb2:	0d ec       	ldi	r16, 0xCD	; 205
    ccb4:	10 e0       	ldi	r17, 0x00	; 0
    ccb6:	21 e0       	ldi	r18, 0x01	; 1
    ccb8:	48 e5       	ldi	r20, 0x58	; 88
    ccba:	52 e4       	ldi	r21, 0x42	; 66
    ccbc:	66 e0       	ldi	r22, 0x06	; 6
    ccbe:	80 e0       	ldi	r24, 0x00	; 0
    ccc0:	0e 94 b9 50 	call	0xa172	; 0xa172 <Lcd_Text_Format>
    ccc4:	8e e0       	ldi	r24, 0x0E	; 14
    ccc6:	0e 94 03 55 	call	0xaa06	; 0xaa06 <lcd_Set_Grad_Color_MultiRoundPrintFlash>
    ccca:	0b e1       	ldi	r16, 0x1B	; 27
    cccc:	11 e0       	ldi	r17, 0x01	; 1
    ccce:	21 e0       	ldi	r18, 0x01	; 1
    ccd0:	46 e5       	ldi	r20, 0x56	; 86
    ccd2:	52 e4       	ldi	r21, 0x42	; 66
    ccd4:	66 e0       	ldi	r22, 0x06	; 6
    ccd6:	80 e0       	ldi	r24, 0x00	; 0
    ccd8:	0e 94 b9 50 	call	0xa172	; 0xa172 <Lcd_Text_Format>
    ccdc:	1f 92       	push	r1
    ccde:	1f 92       	push	r1
    cce0:	6f 92       	push	r6
    cce2:	bf 92       	push	r11
    cce4:	1f 92       	push	r1
    cce6:	1f 92       	push	r1
    cce8:	9f 92       	push	r9
    ccea:	73 e2       	ldi	r23, 0x23	; 35
    ccec:	c7 2e       	mov	r12, r23
    ccee:	e6 e4       	ldi	r30, 0x46	; 70
    ccf0:	ee 2e       	mov	r14, r30
    ccf2:	f1 2c       	mov	r15, r1
    ccf4:	06 e4       	ldi	r16, 0x46	; 70
    ccf6:	10 e0       	ldi	r17, 0x00	; 0
    ccf8:	22 ef       	ldi	r18, 0xF2	; 242
    ccfa:	30 e0       	ldi	r19, 0x00	; 0
    ccfc:	4f e7       	ldi	r20, 0x7F	; 127
    ccfe:	50 e0       	ldi	r21, 0x00	; 0
    cd00:	61 e0       	ldi	r22, 0x01	; 1
    cd02:	80 e0       	ldi	r24, 0x00	; 0
    cd04:	0e 94 52 55 	call	0xaaa4	; 0xaaa4 <Lcd_Multi_three_Round>
    cd08:	0f b6       	in	r0, 0x3f	; 63
    cd0a:	f8 94       	cli
    cd0c:	de bf       	out	0x3e, r29	; 62
    cd0e:	0f be       	out	0x3f, r0	; 63
    cd10:	cd bf       	out	0x3d, r28	; 61
    cd12:	1f 92       	push	r1
    cd14:	1f 92       	push	r1
    cd16:	6f 92       	push	r6
    cd18:	bf 92       	push	r11
    cd1a:	1f 92       	push	r1
    cd1c:	1f 92       	push	r1
    cd1e:	9f 92       	push	r9
    cd20:	22 ef       	ldi	r18, 0xF2	; 242
    cd22:	30 e0       	ldi	r19, 0x00	; 0
    cd24:	4d ec       	ldi	r20, 0xCD	; 205
    cd26:	50 e0       	ldi	r21, 0x00	; 0
    cd28:	61 e0       	ldi	r22, 0x01	; 1
    cd2a:	80 e0       	ldi	r24, 0x00	; 0
    cd2c:	0e 94 52 55 	call	0xaaa4	; 0xaaa4 <Lcd_Multi_three_Round>
    cd30:	1f 92       	push	r1
    cd32:	1f 92       	push	r1
    cd34:	6f 92       	push	r6
    cd36:	bf 92       	push	r11
    cd38:	1f 92       	push	r1
    cd3a:	1f 92       	push	r1
    cd3c:	9f 92       	push	r9
    cd3e:	22 ef       	ldi	r18, 0xF2	; 242
    cd40:	30 e0       	ldi	r19, 0x00	; 0
    cd42:	4b e1       	ldi	r20, 0x1B	; 27
    cd44:	51 e0       	ldi	r21, 0x01	; 1
    cd46:	61 e0       	ldi	r22, 0x01	; 1
    cd48:	80 e0       	ldi	r24, 0x00	; 0
    cd4a:	0e 94 52 55 	call	0xaaa4	; 0xaaa4 <Lcd_Multi_three_Round>
    cd4e:	88 e0       	ldi	r24, 0x08	; 8
    cd50:	0e 94 03 55 	call	0xaa06	; 0xaa06 <lcd_Set_Grad_Color_MultiRoundPrintFlash>
    cd54:	f6 e4       	ldi	r31, 0x46	; 70
    cd56:	cf 2e       	mov	r12, r31
    cd58:	d1 2c       	mov	r13, r1
    cd5a:	ae e1       	ldi	r26, 0x1E	; 30
    cd5c:	ea 2e       	mov	r14, r26
    cd5e:	ff 24       	eor	r15, r15
    cd60:	f3 94       	inc	r15
    cd62:	0f e7       	ldi	r16, 0x7F	; 127
    cd64:	10 e0       	ldi	r17, 0x00	; 0
    cd66:	21 e0       	ldi	r18, 0x01	; 1
    cd68:	44 e5       	ldi	r20, 0x54	; 84
    cd6a:	52 e4       	ldi	r21, 0x42	; 66
    cd6c:	66 e0       	ldi	r22, 0x06	; 6
    cd6e:	80 e0       	ldi	r24, 0x00	; 0
    cd70:	0e 94 b9 50 	call	0xa172	; 0xa172 <Lcd_Text_Format>
    cd74:	0d ec       	ldi	r16, 0xCD	; 205
    cd76:	10 e0       	ldi	r17, 0x00	; 0
    cd78:	21 e0       	ldi	r18, 0x01	; 1
    cd7a:	42 e5       	ldi	r20, 0x52	; 82
    cd7c:	52 e4       	ldi	r21, 0x42	; 66
    cd7e:	66 e0       	ldi	r22, 0x06	; 6
    cd80:	80 e0       	ldi	r24, 0x00	; 0
    cd82:	0e 94 b9 50 	call	0xa172	; 0xa172 <Lcd_Text_Format>
    cd86:	0b e1       	ldi	r16, 0x1B	; 27
    cd88:	11 e0       	ldi	r17, 0x01	; 1
    cd8a:	21 e0       	ldi	r18, 0x01	; 1
    cd8c:	40 e5       	ldi	r20, 0x50	; 80
    cd8e:	52 e4       	ldi	r21, 0x42	; 66
    cd90:	66 e0       	ldi	r22, 0x06	; 6
    cd92:	80 e0       	ldi	r24, 0x00	; 0
    cd94:	0e 94 b9 50 	call	0xa172	; 0xa172 <Lcd_Text_Format>
    cd98:	9f ef       	ldi	r25, 0xFF	; 255
    cd9a:	29 e6       	ldi	r18, 0x69	; 105
    cd9c:	38 e1       	ldi	r19, 0x18	; 24
    cd9e:	91 50       	subi	r25, 0x01	; 1
    cda0:	20 40       	sbci	r18, 0x00	; 0
    cda2:	30 40       	sbci	r19, 0x00	; 0
    cda4:	e1 f7       	brne	.-8      	; 0xcd9e <lcd_Test480x320Landscape+0x158c>
    cda6:	00 c0       	rjmp	.+0      	; 0xcda8 <lcd_Test480x320Landscape+0x1596>
    cda8:	00 00       	nop
    cdaa:	1f 92       	push	r1
    cdac:	1f 92       	push	r1
    cdae:	1f 92       	push	r1
    cdb0:	bf 92       	push	r11
    cdb2:	1f 92       	push	r1
    cdb4:	1f 92       	push	r1
    cdb6:	1f 92       	push	r1
    cdb8:	b3 e2       	ldi	r27, 0x23	; 35
    cdba:	cb 2e       	mov	r12, r27
    cdbc:	16 e4       	ldi	r17, 0x46	; 70
    cdbe:	e1 2e       	mov	r14, r17
    cdc0:	f1 2c       	mov	r15, r1
    cdc2:	06 e4       	ldi	r16, 0x46	; 70
    cdc4:	10 e0       	ldi	r17, 0x00	; 0
    cdc6:	28 e0       	ldi	r18, 0x08	; 8
    cdc8:	30 e0       	ldi	r19, 0x00	; 0
    cdca:	4f e7       	ldi	r20, 0x7F	; 127
    cdcc:	50 e0       	ldi	r21, 0x00	; 0
    cdce:	68 e0       	ldi	r22, 0x08	; 8
    cdd0:	80 e0       	ldi	r24, 0x00	; 0
    cdd2:	0e 94 52 55 	call	0xaaa4	; 0xaaa4 <Lcd_Multi_three_Round>
    cdd6:	8f ef       	ldi	r24, 0xFF	; 255
    cdd8:	95 ea       	ldi	r25, 0xA5	; 165
    cdda:	2e e0       	ldi	r18, 0x0E	; 14
    cddc:	81 50       	subi	r24, 0x01	; 1
    cdde:	90 40       	sbci	r25, 0x00	; 0
    cde0:	20 40       	sbci	r18, 0x00	; 0
    cde2:	e1 f7       	brne	.-8      	; 0xcddc <lcd_Test480x320Landscape+0x15ca>
    cde4:	00 c0       	rjmp	.+0      	; 0xcde6 <lcd_Test480x320Landscape+0x15d4>
    cde6:	00 00       	nop
    cde8:	1f 92       	push	r1
    cdea:	1f 92       	push	r1
    cdec:	1f 92       	push	r1
    cdee:	bf 92       	push	r11
    cdf0:	1f 92       	push	r1
    cdf2:	1f 92       	push	r1
    cdf4:	1f 92       	push	r1
    cdf6:	28 e0       	ldi	r18, 0x08	; 8
    cdf8:	30 e0       	ldi	r19, 0x00	; 0
    cdfa:	4f e7       	ldi	r20, 0x7F	; 127
    cdfc:	50 e0       	ldi	r21, 0x00	; 0
    cdfe:	69 e0       	ldi	r22, 0x09	; 9
    ce00:	80 e0       	ldi	r24, 0x00	; 0
    ce02:	0e 94 52 55 	call	0xaaa4	; 0xaaa4 <Lcd_Multi_three_Round>
    ce06:	3f ef       	ldi	r19, 0xFF	; 255
    ce08:	82 e5       	ldi	r24, 0x52	; 82
    ce0a:	97 e0       	ldi	r25, 0x07	; 7
    ce0c:	31 50       	subi	r19, 0x01	; 1
    ce0e:	80 40       	sbci	r24, 0x00	; 0
    ce10:	90 40       	sbci	r25, 0x00	; 0
    ce12:	e1 f7       	brne	.-8      	; 0xce0c <lcd_Test480x320Landscape+0x15fa>
    ce14:	00 c0       	rjmp	.+0      	; 0xce16 <lcd_Test480x320Landscape+0x1604>
    ce16:	00 00       	nop
    ce18:	1f 92       	push	r1
    ce1a:	1f 92       	push	r1
    ce1c:	1f 92       	push	r1
    ce1e:	bf 92       	push	r11
    ce20:	1f 92       	push	r1
    ce22:	1f 92       	push	r1
    ce24:	1f 92       	push	r1
    ce26:	28 e0       	ldi	r18, 0x08	; 8
    ce28:	30 e0       	ldi	r19, 0x00	; 0
    ce2a:	4f e7       	ldi	r20, 0x7F	; 127
    ce2c:	50 e0       	ldi	r21, 0x00	; 0
    ce2e:	61 e0       	ldi	r22, 0x01	; 1
    ce30:	80 e0       	ldi	r24, 0x00	; 0
    ce32:	0e 94 52 55 	call	0xaaa4	; 0xaaa4 <Lcd_Multi_three_Round>
    ce36:	2f ef       	ldi	r18, 0xFF	; 255
    ce38:	39 e6       	ldi	r19, 0x69	; 105
    ce3a:	88 e1       	ldi	r24, 0x18	; 24
    ce3c:	21 50       	subi	r18, 0x01	; 1
    ce3e:	30 40       	sbci	r19, 0x00	; 0
    ce40:	80 40       	sbci	r24, 0x00	; 0
    ce42:	e1 f7       	brne	.-8      	; 0xce3c <lcd_Test480x320Landscape+0x162a>
    ce44:	00 c0       	rjmp	.+0      	; 0xce46 <lcd_Test480x320Landscape+0x1634>
    ce46:	00 00       	nop
    ce48:	0f b6       	in	r0, 0x3f	; 63
    ce4a:	f8 94       	cli
    ce4c:	de bf       	out	0x3e, r29	; 62
    ce4e:	0f be       	out	0x3f, r0	; 63
    ce50:	cd bf       	out	0x3d, r28	; 61
    ce52:	1f 92       	push	r1
    ce54:	1f 92       	push	r1
    ce56:	1f 92       	push	r1
    ce58:	bf 92       	push	r11
    ce5a:	1f 92       	push	r1
    ce5c:	1f 92       	push	r1
    ce5e:	1f 92       	push	r1
    ce60:	28 e0       	ldi	r18, 0x08	; 8
    ce62:	30 e0       	ldi	r19, 0x00	; 0
    ce64:	4d ec       	ldi	r20, 0xCD	; 205
    ce66:	50 e0       	ldi	r21, 0x00	; 0
    ce68:	68 e0       	ldi	r22, 0x08	; 8
    ce6a:	80 e0       	ldi	r24, 0x00	; 0
    ce6c:	0e 94 52 55 	call	0xaaa4	; 0xaaa4 <Lcd_Multi_three_Round>
    ce70:	3f ef       	ldi	r19, 0xFF	; 255
    ce72:	85 ea       	ldi	r24, 0xA5	; 165
    ce74:	9e e0       	ldi	r25, 0x0E	; 14
    ce76:	31 50       	subi	r19, 0x01	; 1
    ce78:	80 40       	sbci	r24, 0x00	; 0
    ce7a:	90 40       	sbci	r25, 0x00	; 0
    ce7c:	e1 f7       	brne	.-8      	; 0xce76 <lcd_Test480x320Landscape+0x1664>
    ce7e:	00 c0       	rjmp	.+0      	; 0xce80 <lcd_Test480x320Landscape+0x166e>
    ce80:	00 00       	nop
    ce82:	1f 92       	push	r1
    ce84:	1f 92       	push	r1
    ce86:	1f 92       	push	r1
    ce88:	bf 92       	push	r11
    ce8a:	1f 92       	push	r1
    ce8c:	1f 92       	push	r1
    ce8e:	1f 92       	push	r1
    ce90:	28 e0       	ldi	r18, 0x08	; 8
    ce92:	30 e0       	ldi	r19, 0x00	; 0
    ce94:	4d ec       	ldi	r20, 0xCD	; 205
    ce96:	50 e0       	ldi	r21, 0x00	; 0
    ce98:	69 e0       	ldi	r22, 0x09	; 9
    ce9a:	80 e0       	ldi	r24, 0x00	; 0
    ce9c:	0e 94 52 55 	call	0xaaa4	; 0xaaa4 <Lcd_Multi_three_Round>
    cea0:	2f ef       	ldi	r18, 0xFF	; 255
    cea2:	32 e5       	ldi	r19, 0x52	; 82
    cea4:	87 e0       	ldi	r24, 0x07	; 7
    cea6:	21 50       	subi	r18, 0x01	; 1
    cea8:	30 40       	sbci	r19, 0x00	; 0
    ceaa:	80 40       	sbci	r24, 0x00	; 0
    ceac:	e1 f7       	brne	.-8      	; 0xcea6 <lcd_Test480x320Landscape+0x1694>
    ceae:	00 c0       	rjmp	.+0      	; 0xceb0 <lcd_Test480x320Landscape+0x169e>
    ceb0:	00 00       	nop
    ceb2:	1f 92       	push	r1
    ceb4:	1f 92       	push	r1
    ceb6:	1f 92       	push	r1
    ceb8:	bf 92       	push	r11
    ceba:	1f 92       	push	r1
    cebc:	1f 92       	push	r1
    cebe:	1f 92       	push	r1
    cec0:	28 e0       	ldi	r18, 0x08	; 8
    cec2:	30 e0       	ldi	r19, 0x00	; 0
    cec4:	4d ec       	ldi	r20, 0xCD	; 205
    cec6:	50 e0       	ldi	r21, 0x00	; 0
    cec8:	61 e0       	ldi	r22, 0x01	; 1
    ceca:	80 e0       	ldi	r24, 0x00	; 0
    cecc:	0e 94 52 55 	call	0xaaa4	; 0xaaa4 <Lcd_Multi_three_Round>
    ced0:	9f ef       	ldi	r25, 0xFF	; 255
    ced2:	29 e6       	ldi	r18, 0x69	; 105
    ced4:	38 e1       	ldi	r19, 0x18	; 24
    ced6:	91 50       	subi	r25, 0x01	; 1
    ced8:	20 40       	sbci	r18, 0x00	; 0
    ceda:	30 40       	sbci	r19, 0x00	; 0
    cedc:	e1 f7       	brne	.-8      	; 0xced6 <lcd_Test480x320Landscape+0x16c4>
    cede:	00 c0       	rjmp	.+0      	; 0xcee0 <lcd_Test480x320Landscape+0x16ce>
    cee0:	00 00       	nop
    cee2:	1f 92       	push	r1
    cee4:	1f 92       	push	r1
    cee6:	1f 92       	push	r1
    cee8:	bf 92       	push	r11
    ceea:	1f 92       	push	r1
    ceec:	1f 92       	push	r1
    ceee:	1f 92       	push	r1
    cef0:	28 e0       	ldi	r18, 0x08	; 8
    cef2:	30 e0       	ldi	r19, 0x00	; 0
    cef4:	4b e1       	ldi	r20, 0x1B	; 27
    cef6:	51 e0       	ldi	r21, 0x01	; 1
    cef8:	68 e0       	ldi	r22, 0x08	; 8
    cefa:	80 e0       	ldi	r24, 0x00	; 0
    cefc:	0e 94 52 55 	call	0xaaa4	; 0xaaa4 <Lcd_Multi_three_Round>
    cf00:	8f ef       	ldi	r24, 0xFF	; 255
    cf02:	95 ea       	ldi	r25, 0xA5	; 165
    cf04:	2e e0       	ldi	r18, 0x0E	; 14
    cf06:	81 50       	subi	r24, 0x01	; 1
    cf08:	90 40       	sbci	r25, 0x00	; 0
    cf0a:	20 40       	sbci	r18, 0x00	; 0
    cf0c:	e1 f7       	brne	.-8      	; 0xcf06 <lcd_Test480x320Landscape+0x16f4>
    cf0e:	00 c0       	rjmp	.+0      	; 0xcf10 <lcd_Test480x320Landscape+0x16fe>
    cf10:	00 00       	nop
    cf12:	1f 92       	push	r1
    cf14:	1f 92       	push	r1
    cf16:	1f 92       	push	r1
    cf18:	bf 92       	push	r11
    cf1a:	1f 92       	push	r1
    cf1c:	1f 92       	push	r1
    cf1e:	1f 92       	push	r1
    cf20:	28 e0       	ldi	r18, 0x08	; 8
    cf22:	30 e0       	ldi	r19, 0x00	; 0
    cf24:	4b e1       	ldi	r20, 0x1B	; 27
    cf26:	51 e0       	ldi	r21, 0x01	; 1
    cf28:	69 e0       	ldi	r22, 0x09	; 9
    cf2a:	80 e0       	ldi	r24, 0x00	; 0
    cf2c:	0e 94 52 55 	call	0xaaa4	; 0xaaa4 <Lcd_Multi_three_Round>
    cf30:	3f ef       	ldi	r19, 0xFF	; 255
    cf32:	82 e5       	ldi	r24, 0x52	; 82
    cf34:	97 e0       	ldi	r25, 0x07	; 7
    cf36:	31 50       	subi	r19, 0x01	; 1
    cf38:	80 40       	sbci	r24, 0x00	; 0
    cf3a:	90 40       	sbci	r25, 0x00	; 0
    cf3c:	e1 f7       	brne	.-8      	; 0xcf36 <lcd_Test480x320Landscape+0x1724>
    cf3e:	00 c0       	rjmp	.+0      	; 0xcf40 <lcd_Test480x320Landscape+0x172e>
    cf40:	00 00       	nop
    cf42:	0f b6       	in	r0, 0x3f	; 63
    cf44:	f8 94       	cli
    cf46:	de bf       	out	0x3e, r29	; 62
    cf48:	0f be       	out	0x3f, r0	; 63
    cf4a:	cd bf       	out	0x3d, r28	; 61
    cf4c:	1f 92       	push	r1
    cf4e:	1f 92       	push	r1
    cf50:	1f 92       	push	r1
    cf52:	bf 92       	push	r11
    cf54:	1f 92       	push	r1
    cf56:	1f 92       	push	r1
    cf58:	1f 92       	push	r1
    cf5a:	28 e0       	ldi	r18, 0x08	; 8
    cf5c:	30 e0       	ldi	r19, 0x00	; 0
    cf5e:	4b e1       	ldi	r20, 0x1B	; 27
    cf60:	51 e0       	ldi	r21, 0x01	; 1
    cf62:	61 e0       	ldi	r22, 0x01	; 1
    cf64:	80 e0       	ldi	r24, 0x00	; 0
    cf66:	0e 94 52 55 	call	0xaaa4	; 0xaaa4 <Lcd_Multi_three_Round>
    cf6a:	3f ef       	ldi	r19, 0xFF	; 255
    cf6c:	89 e6       	ldi	r24, 0x69	; 105
    cf6e:	98 e1       	ldi	r25, 0x18	; 24
    cf70:	31 50       	subi	r19, 0x01	; 1
    cf72:	80 40       	sbci	r24, 0x00	; 0
    cf74:	90 40       	sbci	r25, 0x00	; 0
    cf76:	e1 f7       	brne	.-8      	; 0xcf70 <lcd_Test480x320Landscape+0x175e>
    cf78:	00 c0       	rjmp	.+0      	; 0xcf7a <lcd_Test480x320Landscape+0x1768>
    cf7a:	00 00       	nop
    cf7c:	1f 92       	push	r1
    cf7e:	1f 92       	push	r1
    cf80:	1f 92       	push	r1
    cf82:	bf 92       	push	r11
    cf84:	1f 92       	push	r1
    cf86:	1f 92       	push	r1
    cf88:	1f 92       	push	r1
    cf8a:	26 e5       	ldi	r18, 0x56	; 86
    cf8c:	30 e0       	ldi	r19, 0x00	; 0
    cf8e:	4f e7       	ldi	r20, 0x7F	; 127
    cf90:	50 e0       	ldi	r21, 0x00	; 0
    cf92:	68 e0       	ldi	r22, 0x08	; 8
    cf94:	80 e0       	ldi	r24, 0x00	; 0
    cf96:	0e 94 52 55 	call	0xaaa4	; 0xaaa4 <Lcd_Multi_three_Round>
    cf9a:	2f ef       	ldi	r18, 0xFF	; 255
    cf9c:	35 ea       	ldi	r19, 0xA5	; 165
    cf9e:	8e e0       	ldi	r24, 0x0E	; 14
    cfa0:	21 50       	subi	r18, 0x01	; 1
    cfa2:	30 40       	sbci	r19, 0x00	; 0
    cfa4:	80 40       	sbci	r24, 0x00	; 0
    cfa6:	e1 f7       	brne	.-8      	; 0xcfa0 <lcd_Test480x320Landscape+0x178e>
    cfa8:	00 c0       	rjmp	.+0      	; 0xcfaa <lcd_Test480x320Landscape+0x1798>
    cfaa:	00 00       	nop
    cfac:	1f 92       	push	r1
    cfae:	1f 92       	push	r1
    cfb0:	1f 92       	push	r1
    cfb2:	bf 92       	push	r11
    cfb4:	1f 92       	push	r1
    cfb6:	1f 92       	push	r1
    cfb8:	1f 92       	push	r1
    cfba:	26 e5       	ldi	r18, 0x56	; 86
    cfbc:	30 e0       	ldi	r19, 0x00	; 0
    cfbe:	4f e7       	ldi	r20, 0x7F	; 127
    cfc0:	50 e0       	ldi	r21, 0x00	; 0
    cfc2:	6b e0       	ldi	r22, 0x0B	; 11
    cfc4:	80 e0       	ldi	r24, 0x00	; 0
    cfc6:	0e 94 52 55 	call	0xaaa4	; 0xaaa4 <Lcd_Multi_three_Round>
    cfca:	9f ef       	ldi	r25, 0xFF	; 255
    cfcc:	22 e5       	ldi	r18, 0x52	; 82
    cfce:	37 e0       	ldi	r19, 0x07	; 7
    cfd0:	91 50       	subi	r25, 0x01	; 1
    cfd2:	20 40       	sbci	r18, 0x00	; 0
    cfd4:	30 40       	sbci	r19, 0x00	; 0
    cfd6:	e1 f7       	brne	.-8      	; 0xcfd0 <lcd_Test480x320Landscape+0x17be>
    cfd8:	00 c0       	rjmp	.+0      	; 0xcfda <lcd_Test480x320Landscape+0x17c8>
    cfda:	00 00       	nop
    cfdc:	1f 92       	push	r1
    cfde:	1f 92       	push	r1
    cfe0:	1f 92       	push	r1
    cfe2:	bf 92       	push	r11
    cfe4:	1f 92       	push	r1
    cfe6:	1f 92       	push	r1
    cfe8:	1f 92       	push	r1
    cfea:	26 e5       	ldi	r18, 0x56	; 86
    cfec:	30 e0       	ldi	r19, 0x00	; 0
    cfee:	4f e7       	ldi	r20, 0x7F	; 127
    cff0:	50 e0       	ldi	r21, 0x00	; 0
    cff2:	62 e0       	ldi	r22, 0x02	; 2
    cff4:	80 e0       	ldi	r24, 0x00	; 0
    cff6:	0e 94 52 55 	call	0xaaa4	; 0xaaa4 <Lcd_Multi_three_Round>
    cffa:	8f ef       	ldi	r24, 0xFF	; 255
    cffc:	99 e6       	ldi	r25, 0x69	; 105
    cffe:	28 e1       	ldi	r18, 0x18	; 24
    d000:	81 50       	subi	r24, 0x01	; 1
    d002:	90 40       	sbci	r25, 0x00	; 0
    d004:	20 40       	sbci	r18, 0x00	; 0
    d006:	e1 f7       	brne	.-8      	; 0xd000 <lcd_Test480x320Landscape+0x17ee>
    d008:	00 c0       	rjmp	.+0      	; 0xd00a <lcd_Test480x320Landscape+0x17f8>
    d00a:	00 00       	nop
    d00c:	1f 92       	push	r1
    d00e:	1f 92       	push	r1
    d010:	1f 92       	push	r1
    d012:	bf 92       	push	r11
    d014:	1f 92       	push	r1
    d016:	1f 92       	push	r1
    d018:	1f 92       	push	r1
    d01a:	26 e5       	ldi	r18, 0x56	; 86
    d01c:	30 e0       	ldi	r19, 0x00	; 0
    d01e:	4d ec       	ldi	r20, 0xCD	; 205
    d020:	50 e0       	ldi	r21, 0x00	; 0
    d022:	68 e0       	ldi	r22, 0x08	; 8
    d024:	80 e0       	ldi	r24, 0x00	; 0
    d026:	0e 94 52 55 	call	0xaaa4	; 0xaaa4 <Lcd_Multi_three_Round>
    d02a:	3f ef       	ldi	r19, 0xFF	; 255
    d02c:	85 ea       	ldi	r24, 0xA5	; 165
    d02e:	9e e0       	ldi	r25, 0x0E	; 14
    d030:	31 50       	subi	r19, 0x01	; 1
    d032:	80 40       	sbci	r24, 0x00	; 0
    d034:	90 40       	sbci	r25, 0x00	; 0
    d036:	e1 f7       	brne	.-8      	; 0xd030 <lcd_Test480x320Landscape+0x181e>
    d038:	00 c0       	rjmp	.+0      	; 0xd03a <lcd_Test480x320Landscape+0x1828>
    d03a:	00 00       	nop
    d03c:	0f b6       	in	r0, 0x3f	; 63
    d03e:	f8 94       	cli
    d040:	de bf       	out	0x3e, r29	; 62
    d042:	0f be       	out	0x3f, r0	; 63
    d044:	cd bf       	out	0x3d, r28	; 61
    d046:	1f 92       	push	r1
    d048:	1f 92       	push	r1
    d04a:	1f 92       	push	r1
    d04c:	bf 92       	push	r11
    d04e:	1f 92       	push	r1
    d050:	1f 92       	push	r1
    d052:	1f 92       	push	r1
    d054:	26 e5       	ldi	r18, 0x56	; 86
    d056:	30 e0       	ldi	r19, 0x00	; 0
    d058:	4d ec       	ldi	r20, 0xCD	; 205
    d05a:	50 e0       	ldi	r21, 0x00	; 0
    d05c:	69 e0       	ldi	r22, 0x09	; 9
    d05e:	80 e0       	ldi	r24, 0x00	; 0
    d060:	0e 94 52 55 	call	0xaaa4	; 0xaaa4 <Lcd_Multi_three_Round>
    d064:	3f ef       	ldi	r19, 0xFF	; 255
    d066:	82 e5       	ldi	r24, 0x52	; 82
    d068:	97 e0       	ldi	r25, 0x07	; 7
    d06a:	31 50       	subi	r19, 0x01	; 1
    d06c:	80 40       	sbci	r24, 0x00	; 0
    d06e:	90 40       	sbci	r25, 0x00	; 0
    d070:	e1 f7       	brne	.-8      	; 0xd06a <lcd_Test480x320Landscape+0x1858>
    d072:	00 c0       	rjmp	.+0      	; 0xd074 <lcd_Test480x320Landscape+0x1862>
    d074:	00 00       	nop
    d076:	1f 92       	push	r1
    d078:	1f 92       	push	r1
    d07a:	1f 92       	push	r1
    d07c:	bf 92       	push	r11
    d07e:	1f 92       	push	r1
    d080:	1f 92       	push	r1
    d082:	1f 92       	push	r1
    d084:	26 e5       	ldi	r18, 0x56	; 86
    d086:	30 e0       	ldi	r19, 0x00	; 0
    d088:	4d ec       	ldi	r20, 0xCD	; 205
    d08a:	50 e0       	ldi	r21, 0x00	; 0
    d08c:	63 e0       	ldi	r22, 0x03	; 3
    d08e:	80 e0       	ldi	r24, 0x00	; 0
    d090:	0e 94 52 55 	call	0xaaa4	; 0xaaa4 <Lcd_Multi_three_Round>
    d094:	2f ef       	ldi	r18, 0xFF	; 255
    d096:	39 e6       	ldi	r19, 0x69	; 105
    d098:	88 e1       	ldi	r24, 0x18	; 24
    d09a:	21 50       	subi	r18, 0x01	; 1
    d09c:	30 40       	sbci	r19, 0x00	; 0
    d09e:	80 40       	sbci	r24, 0x00	; 0
    d0a0:	e1 f7       	brne	.-8      	; 0xd09a <lcd_Test480x320Landscape+0x1888>
    d0a2:	00 c0       	rjmp	.+0      	; 0xd0a4 <lcd_Test480x320Landscape+0x1892>
    d0a4:	00 00       	nop
    d0a6:	1f 92       	push	r1
    d0a8:	1f 92       	push	r1
    d0aa:	1f 92       	push	r1
    d0ac:	bf 92       	push	r11
    d0ae:	1f 92       	push	r1
    d0b0:	1f 92       	push	r1
    d0b2:	1f 92       	push	r1
    d0b4:	26 e5       	ldi	r18, 0x56	; 86
    d0b6:	30 e0       	ldi	r19, 0x00	; 0
    d0b8:	4b e1       	ldi	r20, 0x1B	; 27
    d0ba:	51 e0       	ldi	r21, 0x01	; 1
    d0bc:	68 e0       	ldi	r22, 0x08	; 8
    d0be:	80 e0       	ldi	r24, 0x00	; 0
    d0c0:	0e 94 52 55 	call	0xaaa4	; 0xaaa4 <Lcd_Multi_three_Round>
    d0c4:	9f ef       	ldi	r25, 0xFF	; 255
    d0c6:	25 ea       	ldi	r18, 0xA5	; 165
    d0c8:	3e e0       	ldi	r19, 0x0E	; 14
    d0ca:	91 50       	subi	r25, 0x01	; 1
    d0cc:	20 40       	sbci	r18, 0x00	; 0
    d0ce:	30 40       	sbci	r19, 0x00	; 0
    d0d0:	e1 f7       	brne	.-8      	; 0xd0ca <lcd_Test480x320Landscape+0x18b8>
    d0d2:	00 c0       	rjmp	.+0      	; 0xd0d4 <lcd_Test480x320Landscape+0x18c2>
    d0d4:	00 00       	nop
    d0d6:	1f 92       	push	r1
    d0d8:	1f 92       	push	r1
    d0da:	1f 92       	push	r1
    d0dc:	bf 92       	push	r11
    d0de:	1f 92       	push	r1
    d0e0:	1f 92       	push	r1
    d0e2:	1f 92       	push	r1
    d0e4:	26 e5       	ldi	r18, 0x56	; 86
    d0e6:	30 e0       	ldi	r19, 0x00	; 0
    d0e8:	4b e1       	ldi	r20, 0x1B	; 27
    d0ea:	51 e0       	ldi	r21, 0x01	; 1
    d0ec:	69 e0       	ldi	r22, 0x09	; 9
    d0ee:	80 e0       	ldi	r24, 0x00	; 0
    d0f0:	0e 94 52 55 	call	0xaaa4	; 0xaaa4 <Lcd_Multi_three_Round>
    d0f4:	8f ef       	ldi	r24, 0xFF	; 255
    d0f6:	92 e5       	ldi	r25, 0x52	; 82
    d0f8:	27 e0       	ldi	r18, 0x07	; 7
    d0fa:	81 50       	subi	r24, 0x01	; 1
    d0fc:	90 40       	sbci	r25, 0x00	; 0
    d0fe:	20 40       	sbci	r18, 0x00	; 0
    d100:	e1 f7       	brne	.-8      	; 0xd0fa <lcd_Test480x320Landscape+0x18e8>
    d102:	00 c0       	rjmp	.+0      	; 0xd104 <lcd_Test480x320Landscape+0x18f2>
    d104:	00 00       	nop
    d106:	1f 92       	push	r1
    d108:	1f 92       	push	r1
    d10a:	1f 92       	push	r1
    d10c:	bf 92       	push	r11
    d10e:	1f 92       	push	r1
    d110:	1f 92       	push	r1
    d112:	1f 92       	push	r1
    d114:	26 e5       	ldi	r18, 0x56	; 86
    d116:	30 e0       	ldi	r19, 0x00	; 0
    d118:	4b e1       	ldi	r20, 0x1B	; 27
    d11a:	51 e0       	ldi	r21, 0x01	; 1
    d11c:	64 e0       	ldi	r22, 0x04	; 4
    d11e:	80 e0       	ldi	r24, 0x00	; 0
    d120:	0e 94 52 55 	call	0xaaa4	; 0xaaa4 <Lcd_Multi_three_Round>
    d124:	3f ef       	ldi	r19, 0xFF	; 255
    d126:	83 ed       	ldi	r24, 0xD3	; 211
    d128:	90 e3       	ldi	r25, 0x30	; 48
    d12a:	31 50       	subi	r19, 0x01	; 1
    d12c:	80 40       	sbci	r24, 0x00	; 0
    d12e:	90 40       	sbci	r25, 0x00	; 0
    d130:	e1 f7       	brne	.-8      	; 0xd12a <lcd_Test480x320Landscape+0x1918>
    d132:	00 c0       	rjmp	.+0      	; 0xd134 <lcd_Test480x320Landscape+0x1922>
    d134:	00 00       	nop
    d136:	0f b6       	in	r0, 0x3f	; 63
    d138:	f8 94       	cli
    d13a:	de bf       	out	0x3e, r29	; 62
    d13c:	0f be       	out	0x3f, r0	; 63
    d13e:	cd bf       	out	0x3d, r28	; 61
    d140:	80 e0       	ldi	r24, 0x00	; 0
    d142:	0e 94 ca 27 	call	0x4f94	; 0x4f94 <Lcd_Fill_Screen>
    d146:	1f 92       	push	r1
    d148:	1f 92       	push	r1
    d14a:	bf 92       	push	r11
    d14c:	bf 92       	push	r11
    d14e:	1f 92       	push	r1
    d150:	1f 92       	push	r1
    d152:	84 e0       	ldi	r24, 0x04	; 4
    d154:	98 2e       	mov	r9, r24
    d156:	9f 92       	push	r9
    d158:	94 e0       	ldi	r25, 0x04	; 4
    d15a:	a9 2e       	mov	r10, r25
    d15c:	28 e0       	ldi	r18, 0x08	; 8
    d15e:	30 e0       	ldi	r19, 0x00	; 0
    d160:	4f e7       	ldi	r20, 0x7F	; 127
    d162:	50 e0       	ldi	r21, 0x00	; 0
    d164:	61 e0       	ldi	r22, 0x01	; 1
    d166:	80 e0       	ldi	r24, 0x00	; 0
    d168:	0e 94 52 55 	call	0xaaa4	; 0xaaa4 <Lcd_Multi_three_Round>
    d16c:	1f 92       	push	r1
    d16e:	1f 92       	push	r1
    d170:	bf 92       	push	r11
    d172:	bf 92       	push	r11
    d174:	1f 92       	push	r1
    d176:	1f 92       	push	r1
    d178:	9f 92       	push	r9
    d17a:	28 e0       	ldi	r18, 0x08	; 8
    d17c:	30 e0       	ldi	r19, 0x00	; 0
    d17e:	4d ec       	ldi	r20, 0xCD	; 205
    d180:	50 e0       	ldi	r21, 0x00	; 0
    d182:	61 e0       	ldi	r22, 0x01	; 1
    d184:	80 e0       	ldi	r24, 0x00	; 0
    d186:	0e 94 52 55 	call	0xaaa4	; 0xaaa4 <Lcd_Multi_three_Round>
    d18a:	1f 92       	push	r1
    d18c:	1f 92       	push	r1
    d18e:	bf 92       	push	r11
    d190:	bf 92       	push	r11
    d192:	1f 92       	push	r1
    d194:	1f 92       	push	r1
    d196:	9f 92       	push	r9
    d198:	28 e0       	ldi	r18, 0x08	; 8
    d19a:	30 e0       	ldi	r19, 0x00	; 0
    d19c:	4b e1       	ldi	r20, 0x1B	; 27
    d19e:	51 e0       	ldi	r21, 0x01	; 1
    d1a0:	61 e0       	ldi	r22, 0x01	; 1
    d1a2:	80 e0       	ldi	r24, 0x00	; 0
    d1a4:	0e 94 52 55 	call	0xaaa4	; 0xaaa4 <Lcd_Multi_three_Round>
    d1a8:	81 e0       	ldi	r24, 0x01	; 1
    d1aa:	0e 94 03 55 	call	0xaa06	; 0xaa06 <lcd_Set_Grad_Color_MultiRoundPrintFlash>
    d1ae:	26 e4       	ldi	r18, 0x46	; 70
    d1b0:	c2 2e       	mov	r12, r18
    d1b2:	d1 2c       	mov	r13, r1
    d1b4:	34 e3       	ldi	r19, 0x34	; 52
    d1b6:	e3 2e       	mov	r14, r19
    d1b8:	f1 2c       	mov	r15, r1
    d1ba:	0f e7       	ldi	r16, 0x7F	; 127
    d1bc:	10 e0       	ldi	r17, 0x00	; 0
    d1be:	21 e0       	ldi	r18, 0x01	; 1
    d1c0:	46 e6       	ldi	r20, 0x66	; 102
    d1c2:	52 e4       	ldi	r21, 0x42	; 66
    d1c4:	63 e0       	ldi	r22, 0x03	; 3
    d1c6:	80 e0       	ldi	r24, 0x00	; 0
    d1c8:	0e 94 b9 50 	call	0xa172	; 0xa172 <Lcd_Text_Format>
    d1cc:	0d ec       	ldi	r16, 0xCD	; 205
    d1ce:	10 e0       	ldi	r17, 0x00	; 0
    d1d0:	21 e0       	ldi	r18, 0x01	; 1
    d1d2:	44 e6       	ldi	r20, 0x64	; 100
    d1d4:	52 e4       	ldi	r21, 0x42	; 66
    d1d6:	63 e0       	ldi	r22, 0x03	; 3
    d1d8:	80 e0       	ldi	r24, 0x00	; 0
    d1da:	0e 94 b9 50 	call	0xa172	; 0xa172 <Lcd_Text_Format>
    d1de:	0b e1       	ldi	r16, 0x1B	; 27
    d1e0:	11 e0       	ldi	r17, 0x01	; 1
    d1e2:	21 e0       	ldi	r18, 0x01	; 1
    d1e4:	42 e6       	ldi	r20, 0x62	; 98
    d1e6:	52 e4       	ldi	r21, 0x42	; 66
    d1e8:	63 e0       	ldi	r22, 0x03	; 3
    d1ea:	80 e0       	ldi	r24, 0x00	; 0
    d1ec:	0e 94 b9 50 	call	0xa172	; 0xa172 <Lcd_Text_Format>
    d1f0:	1f 92       	push	r1
    d1f2:	1f 92       	push	r1
    d1f4:	bf 92       	push	r11
    d1f6:	bf 92       	push	r11
    d1f8:	1f 92       	push	r1
    d1fa:	1f 92       	push	r1
    d1fc:	9f 92       	push	r9
    d1fe:	43 e2       	ldi	r20, 0x23	; 35
    d200:	c4 2e       	mov	r12, r20
    d202:	56 e4       	ldi	r21, 0x46	; 70
    d204:	e5 2e       	mov	r14, r21
    d206:	f1 2c       	mov	r15, r1
    d208:	06 e4       	ldi	r16, 0x46	; 70
    d20a:	10 e0       	ldi	r17, 0x00	; 0
    d20c:	26 e5       	ldi	r18, 0x56	; 86
    d20e:	30 e0       	ldi	r19, 0x00	; 0
    d210:	4f e7       	ldi	r20, 0x7F	; 127
    d212:	50 e0       	ldi	r21, 0x00	; 0
    d214:	62 e0       	ldi	r22, 0x02	; 2
    d216:	80 e0       	ldi	r24, 0x00	; 0
    d218:	0e 94 52 55 	call	0xaaa4	; 0xaaa4 <Lcd_Multi_three_Round>
    d21c:	1f 92       	push	r1
    d21e:	1f 92       	push	r1
    d220:	bf 92       	push	r11
    d222:	bf 92       	push	r11
    d224:	1f 92       	push	r1
    d226:	1f 92       	push	r1
    d228:	9f 92       	push	r9
    d22a:	26 e5       	ldi	r18, 0x56	; 86
    d22c:	30 e0       	ldi	r19, 0x00	; 0
    d22e:	4d ec       	ldi	r20, 0xCD	; 205
    d230:	50 e0       	ldi	r21, 0x00	; 0
    d232:	63 e0       	ldi	r22, 0x03	; 3
    d234:	80 e0       	ldi	r24, 0x00	; 0
    d236:	0e 94 52 55 	call	0xaaa4	; 0xaaa4 <Lcd_Multi_three_Round>
    d23a:	0f b6       	in	r0, 0x3f	; 63
    d23c:	f8 94       	cli
    d23e:	de bf       	out	0x3e, r29	; 62
    d240:	0f be       	out	0x3f, r0	; 63
    d242:	cd bf       	out	0x3d, r28	; 61
    d244:	1f 92       	push	r1
    d246:	1f 92       	push	r1
    d248:	bf 92       	push	r11
    d24a:	bf 92       	push	r11
    d24c:	1f 92       	push	r1
    d24e:	1f 92       	push	r1
    d250:	9f 92       	push	r9
    d252:	26 e5       	ldi	r18, 0x56	; 86
    d254:	30 e0       	ldi	r19, 0x00	; 0
    d256:	4b e1       	ldi	r20, 0x1B	; 27
    d258:	51 e0       	ldi	r21, 0x01	; 1
    d25a:	64 e0       	ldi	r22, 0x04	; 4
    d25c:	80 e0       	ldi	r24, 0x00	; 0
    d25e:	0e 94 52 55 	call	0xaaa4	; 0xaaa4 <Lcd_Multi_three_Round>
    d262:	82 e0       	ldi	r24, 0x02	; 2
    d264:	0e 94 03 55 	call	0xaa06	; 0xaa06 <lcd_Set_Grad_Color_MultiRoundPrintFlash>
    d268:	66 e4       	ldi	r22, 0x46	; 70
    d26a:	c6 2e       	mov	r12, r22
    d26c:	d1 2c       	mov	r13, r1
    d26e:	72 e8       	ldi	r23, 0x82	; 130
    d270:	e7 2e       	mov	r14, r23
    d272:	f1 2c       	mov	r15, r1
    d274:	0f e7       	ldi	r16, 0x7F	; 127
    d276:	10 e0       	ldi	r17, 0x00	; 0
    d278:	21 e0       	ldi	r18, 0x01	; 1
    d27a:	40 e6       	ldi	r20, 0x60	; 96
    d27c:	52 e4       	ldi	r21, 0x42	; 66
    d27e:	63 e0       	ldi	r22, 0x03	; 3
    d280:	80 e0       	ldi	r24, 0x00	; 0
    d282:	0e 94 b9 50 	call	0xa172	; 0xa172 <Lcd_Text_Format>
    d286:	83 e0       	ldi	r24, 0x03	; 3
    d288:	0e 94 03 55 	call	0xaa06	; 0xaa06 <lcd_Set_Grad_Color_MultiRoundPrintFlash>
    d28c:	0d ec       	ldi	r16, 0xCD	; 205
    d28e:	10 e0       	ldi	r17, 0x00	; 0
    d290:	21 e0       	ldi	r18, 0x01	; 1
    d292:	4e e5       	ldi	r20, 0x5E	; 94
    d294:	52 e4       	ldi	r21, 0x42	; 66
    d296:	63 e0       	ldi	r22, 0x03	; 3
    d298:	80 e0       	ldi	r24, 0x00	; 0
    d29a:	0e 94 b9 50 	call	0xa172	; 0xa172 <Lcd_Text_Format>
    d29e:	84 e0       	ldi	r24, 0x04	; 4
    d2a0:	0e 94 03 55 	call	0xaa06	; 0xaa06 <lcd_Set_Grad_Color_MultiRoundPrintFlash>
    d2a4:	0b e1       	ldi	r16, 0x1B	; 27
    d2a6:	11 e0       	ldi	r17, 0x01	; 1
    d2a8:	21 e0       	ldi	r18, 0x01	; 1
    d2aa:	4c e5       	ldi	r20, 0x5C	; 92
    d2ac:	52 e4       	ldi	r21, 0x42	; 66
    d2ae:	63 e0       	ldi	r22, 0x03	; 3
    d2b0:	80 e0       	ldi	r24, 0x00	; 0
    d2b2:	0e 94 b9 50 	call	0xa172	; 0xa172 <Lcd_Text_Format>
    d2b6:	1f 92       	push	r1
    d2b8:	1f 92       	push	r1
    d2ba:	bf 92       	push	r11
    d2bc:	bf 92       	push	r11
    d2be:	1f 92       	push	r1
    d2c0:	1f 92       	push	r1
    d2c2:	9f 92       	push	r9
    d2c4:	e3 e2       	ldi	r30, 0x23	; 35
    d2c6:	ce 2e       	mov	r12, r30
    d2c8:	f6 e4       	ldi	r31, 0x46	; 70
    d2ca:	ef 2e       	mov	r14, r31
    d2cc:	f1 2c       	mov	r15, r1
    d2ce:	06 e4       	ldi	r16, 0x46	; 70
    d2d0:	10 e0       	ldi	r17, 0x00	; 0
    d2d2:	24 ea       	ldi	r18, 0xA4	; 164
    d2d4:	30 e0       	ldi	r19, 0x00	; 0
    d2d6:	4f e7       	ldi	r20, 0x7F	; 127
    d2d8:	50 e0       	ldi	r21, 0x00	; 0
    d2da:	65 e0       	ldi	r22, 0x05	; 5
    d2dc:	80 e0       	ldi	r24, 0x00	; 0
    d2de:	0e 94 52 55 	call	0xaaa4	; 0xaaa4 <Lcd_Multi_three_Round>
    d2e2:	1f 92       	push	r1
    d2e4:	1f 92       	push	r1
    d2e6:	bf 92       	push	r11
    d2e8:	bf 92       	push	r11
    d2ea:	1f 92       	push	r1
    d2ec:	1f 92       	push	r1
    d2ee:	9f 92       	push	r9
    d2f0:	24 ea       	ldi	r18, 0xA4	; 164
    d2f2:	30 e0       	ldi	r19, 0x00	; 0
    d2f4:	4d ec       	ldi	r20, 0xCD	; 205
    d2f6:	50 e0       	ldi	r21, 0x00	; 0
    d2f8:	66 e0       	ldi	r22, 0x06	; 6
    d2fa:	80 e0       	ldi	r24, 0x00	; 0
    d2fc:	0e 94 52 55 	call	0xaaa4	; 0xaaa4 <Lcd_Multi_three_Round>
    d300:	1f 92       	push	r1
    d302:	1f 92       	push	r1
    d304:	bf 92       	push	r11
    d306:	bf 92       	push	r11
    d308:	1f 92       	push	r1
    d30a:	1f 92       	push	r1
    d30c:	9f 92       	push	r9
    d30e:	24 ea       	ldi	r18, 0xA4	; 164
    d310:	30 e0       	ldi	r19, 0x00	; 0
    d312:	4b e1       	ldi	r20, 0x1B	; 27
    d314:	51 e0       	ldi	r21, 0x01	; 1
    d316:	67 e0       	ldi	r22, 0x07	; 7
    d318:	80 e0       	ldi	r24, 0x00	; 0
    d31a:	0e 94 52 55 	call	0xaaa4	; 0xaaa4 <Lcd_Multi_three_Round>
    d31e:	85 e0       	ldi	r24, 0x05	; 5
    d320:	0e 94 03 55 	call	0xaa06	; 0xaa06 <lcd_Set_Grad_Color_MultiRoundPrintFlash>
    d324:	a6 e4       	ldi	r26, 0x46	; 70
    d326:	ca 2e       	mov	r12, r26
    d328:	d1 2c       	mov	r13, r1
    d32a:	b0 ed       	ldi	r27, 0xD0	; 208
    d32c:	eb 2e       	mov	r14, r27
    d32e:	f1 2c       	mov	r15, r1
    d330:	0f e7       	ldi	r16, 0x7F	; 127
    d332:	10 e0       	ldi	r17, 0x00	; 0
    d334:	21 e0       	ldi	r18, 0x01	; 1
    d336:	4a e5       	ldi	r20, 0x5A	; 90
    d338:	52 e4       	ldi	r21, 0x42	; 66
    d33a:	63 e0       	ldi	r22, 0x03	; 3
    d33c:	80 e0       	ldi	r24, 0x00	; 0
    d33e:	0e 94 b9 50 	call	0xa172	; 0xa172 <Lcd_Text_Format>
    d342:	86 e0       	ldi	r24, 0x06	; 6
    d344:	0e 94 03 55 	call	0xaa06	; 0xaa06 <lcd_Set_Grad_Color_MultiRoundPrintFlash>
    d348:	0d ec       	ldi	r16, 0xCD	; 205
    d34a:	10 e0       	ldi	r17, 0x00	; 0
    d34c:	21 e0       	ldi	r18, 0x01	; 1
    d34e:	48 e5       	ldi	r20, 0x58	; 88
    d350:	52 e4       	ldi	r21, 0x42	; 66
    d352:	63 e0       	ldi	r22, 0x03	; 3
    d354:	80 e0       	ldi	r24, 0x00	; 0
    d356:	0e 94 b9 50 	call	0xa172	; 0xa172 <Lcd_Text_Format>
    d35a:	87 e0       	ldi	r24, 0x07	; 7
    d35c:	0e 94 03 55 	call	0xaa06	; 0xaa06 <lcd_Set_Grad_Color_MultiRoundPrintFlash>
    d360:	0b e1       	ldi	r16, 0x1B	; 27
    d362:	11 e0       	ldi	r17, 0x01	; 1
    d364:	21 e0       	ldi	r18, 0x01	; 1
    d366:	46 e5       	ldi	r20, 0x56	; 86
    d368:	52 e4       	ldi	r21, 0x42	; 66
    d36a:	63 e0       	ldi	r22, 0x03	; 3
    d36c:	80 e0       	ldi	r24, 0x00	; 0
    d36e:	0e 94 b9 50 	call	0xa172	; 0xa172 <Lcd_Text_Format>
    d372:	1f 92       	push	r1
    d374:	1f 92       	push	r1
    d376:	bf 92       	push	r11
    d378:	bf 92       	push	r11
    d37a:	1f 92       	push	r1
    d37c:	1f 92       	push	r1
    d37e:	9f 92       	push	r9
    d380:	13 e2       	ldi	r17, 0x23	; 35
    d382:	c1 2e       	mov	r12, r17
    d384:	06 e4       	ldi	r16, 0x46	; 70
    d386:	e0 2e       	mov	r14, r16
    d388:	f1 2c       	mov	r15, r1
    d38a:	06 e4       	ldi	r16, 0x46	; 70
    d38c:	10 e0       	ldi	r17, 0x00	; 0
    d38e:	22 ef       	ldi	r18, 0xF2	; 242
    d390:	30 e0       	ldi	r19, 0x00	; 0
    d392:	4f e7       	ldi	r20, 0x7F	; 127
    d394:	50 e0       	ldi	r21, 0x00	; 0
    d396:	61 e0       	ldi	r22, 0x01	; 1
    d398:	80 e0       	ldi	r24, 0x00	; 0
    d39a:	0e 94 52 55 	call	0xaaa4	; 0xaaa4 <Lcd_Multi_three_Round>
    d39e:	0f b6       	in	r0, 0x3f	; 63
    d3a0:	f8 94       	cli
    d3a2:	de bf       	out	0x3e, r29	; 62
    d3a4:	0f be       	out	0x3f, r0	; 63
    d3a6:	cd bf       	out	0x3d, r28	; 61
    d3a8:	1f 92       	push	r1
    d3aa:	1f 92       	push	r1
    d3ac:	bf 92       	push	r11
    d3ae:	bf 92       	push	r11
    d3b0:	1f 92       	push	r1
    d3b2:	1f 92       	push	r1
    d3b4:	9f 92       	push	r9
    d3b6:	22 ef       	ldi	r18, 0xF2	; 242
    d3b8:	30 e0       	ldi	r19, 0x00	; 0
    d3ba:	4d ec       	ldi	r20, 0xCD	; 205
    d3bc:	50 e0       	ldi	r21, 0x00	; 0
    d3be:	61 e0       	ldi	r22, 0x01	; 1
    d3c0:	80 e0       	ldi	r24, 0x00	; 0
    d3c2:	0e 94 52 55 	call	0xaaa4	; 0xaaa4 <Lcd_Multi_three_Round>
    d3c6:	1f 92       	push	r1
    d3c8:	1f 92       	push	r1
    d3ca:	bf 92       	push	r11
    d3cc:	bf 92       	push	r11
    d3ce:	1f 92       	push	r1
    d3d0:	1f 92       	push	r1
    d3d2:	9f 92       	push	r9
    d3d4:	22 ef       	ldi	r18, 0xF2	; 242
    d3d6:	30 e0       	ldi	r19, 0x00	; 0
    d3d8:	4b e1       	ldi	r20, 0x1B	; 27
    d3da:	51 e0       	ldi	r21, 0x01	; 1
    d3dc:	61 e0       	ldi	r22, 0x01	; 1
    d3de:	80 e0       	ldi	r24, 0x00	; 0
    d3e0:	0e 94 52 55 	call	0xaaa4	; 0xaaa4 <Lcd_Multi_three_Round>
    d3e4:	81 e0       	ldi	r24, 0x01	; 1
    d3e6:	0e 94 03 55 	call	0xaa06	; 0xaa06 <lcd_Set_Grad_Color_MultiRoundPrintFlash>
    d3ea:	86 e4       	ldi	r24, 0x46	; 70
    d3ec:	c8 2e       	mov	r12, r24
    d3ee:	d1 2c       	mov	r13, r1
    d3f0:	9e e1       	ldi	r25, 0x1E	; 30
    d3f2:	e9 2e       	mov	r14, r25
    d3f4:	ff 24       	eor	r15, r15
    d3f6:	f3 94       	inc	r15
    d3f8:	0f e7       	ldi	r16, 0x7F	; 127
    d3fa:	10 e0       	ldi	r17, 0x00	; 0
    d3fc:	21 e0       	ldi	r18, 0x01	; 1
    d3fe:	44 e5       	ldi	r20, 0x54	; 84
    d400:	52 e4       	ldi	r21, 0x42	; 66
    d402:	63 e0       	ldi	r22, 0x03	; 3
    d404:	80 e0       	ldi	r24, 0x00	; 0
    d406:	0e 94 b9 50 	call	0xa172	; 0xa172 <Lcd_Text_Format>
    d40a:	0d ec       	ldi	r16, 0xCD	; 205
    d40c:	10 e0       	ldi	r17, 0x00	; 0
    d40e:	21 e0       	ldi	r18, 0x01	; 1
    d410:	42 e5       	ldi	r20, 0x52	; 82
    d412:	52 e4       	ldi	r21, 0x42	; 66
    d414:	63 e0       	ldi	r22, 0x03	; 3
    d416:	80 e0       	ldi	r24, 0x00	; 0
    d418:	0e 94 b9 50 	call	0xa172	; 0xa172 <Lcd_Text_Format>
    d41c:	0b e1       	ldi	r16, 0x1B	; 27
    d41e:	11 e0       	ldi	r17, 0x01	; 1
    d420:	21 e0       	ldi	r18, 0x01	; 1
    d422:	40 e5       	ldi	r20, 0x50	; 80
    d424:	52 e4       	ldi	r21, 0x42	; 66
    d426:	63 e0       	ldi	r22, 0x03	; 3
    d428:	80 e0       	ldi	r24, 0x00	; 0
    d42a:	0e 94 b9 50 	call	0xa172	; 0xa172 <Lcd_Text_Format>
    d42e:	3f ef       	ldi	r19, 0xFF	; 255
    d430:	8f e4       	ldi	r24, 0x4F	; 79
    d432:	93 ec       	ldi	r25, 0xC3	; 195
    d434:	31 50       	subi	r19, 0x01	; 1
    d436:	80 40       	sbci	r24, 0x00	; 0
    d438:	90 40       	sbci	r25, 0x00	; 0
    d43a:	e1 f7       	brne	.-8      	; 0xd434 <lcd_Test480x320Landscape+0x1c22>
    d43c:	00 c0       	rjmp	.+0      	; 0xd43e <lcd_Test480x320Landscape+0x1c2c>
    d43e:	00 00       	nop
    d440:	80 e0       	ldi	r24, 0x00	; 0
    d442:	0e 94 ca 27 	call	0x4f94	; 0x4f94 <Lcd_Fill_Screen>
    d446:	77 24       	eor	r7, r7
    d448:	73 94       	inc	r7
    d44a:	7f 92       	push	r7
    d44c:	1f 92       	push	r1
    d44e:	9f 92       	push	r9
    d450:	bf 92       	push	r11
    d452:	1f 92       	push	r1
    d454:	1f 92       	push	r1
    d456:	9f 92       	push	r9
    d458:	23 e0       	ldi	r18, 0x03	; 3
    d45a:	a2 2e       	mov	r10, r18
    d45c:	33 e2       	ldi	r19, 0x23	; 35
    d45e:	c3 2e       	mov	r12, r19
    d460:	46 e4       	ldi	r20, 0x46	; 70
    d462:	e4 2e       	mov	r14, r20
    d464:	f1 2c       	mov	r15, r1
    d466:	06 e4       	ldi	r16, 0x46	; 70
    d468:	10 e0       	ldi	r17, 0x00	; 0
    d46a:	28 e0       	ldi	r18, 0x08	; 8
    d46c:	30 e0       	ldi	r19, 0x00	; 0
    d46e:	4f e7       	ldi	r20, 0x7F	; 127
    d470:	50 e0       	ldi	r21, 0x00	; 0
    d472:	61 e0       	ldi	r22, 0x01	; 1
    d474:	80 e0       	ldi	r24, 0x00	; 0
    d476:	0e 94 52 55 	call	0xaaa4	; 0xaaa4 <Lcd_Multi_three_Round>
    d47a:	7f 92       	push	r7
    d47c:	1f 92       	push	r1
    d47e:	9f 92       	push	r9
    d480:	bf 92       	push	r11
    d482:	1f 92       	push	r1
    d484:	1f 92       	push	r1
    d486:	9f 92       	push	r9
    d488:	28 e0       	ldi	r18, 0x08	; 8
    d48a:	30 e0       	ldi	r19, 0x00	; 0
    d48c:	4d ec       	ldi	r20, 0xCD	; 205
    d48e:	50 e0       	ldi	r21, 0x00	; 0
    d490:	61 e0       	ldi	r22, 0x01	; 1
    d492:	80 e0       	ldi	r24, 0x00	; 0
    d494:	0e 94 52 55 	call	0xaaa4	; 0xaaa4 <Lcd_Multi_three_Round>
    d498:	7f 92       	push	r7
    d49a:	1f 92       	push	r1
    d49c:	9f 92       	push	r9
    d49e:	bf 92       	push	r11
    d4a0:	1f 92       	push	r1
    d4a2:	1f 92       	push	r1
    d4a4:	9f 92       	push	r9
    d4a6:	28 e0       	ldi	r18, 0x08	; 8
    d4a8:	30 e0       	ldi	r19, 0x00	; 0
    d4aa:	4b e1       	ldi	r20, 0x1B	; 27
    d4ac:	51 e0       	ldi	r21, 0x01	; 1
    d4ae:	61 e0       	ldi	r22, 0x01	; 1
    d4b0:	80 e0       	ldi	r24, 0x00	; 0
    d4b2:	0e 94 52 55 	call	0xaaa4	; 0xaaa4 <Lcd_Multi_three_Round>
    d4b6:	0f b6       	in	r0, 0x3f	; 63
    d4b8:	f8 94       	cli
    d4ba:	de bf       	out	0x3e, r29	; 62
    d4bc:	0f be       	out	0x3f, r0	; 63
    d4be:	cd bf       	out	0x3d, r28	; 61
    d4c0:	56 e4       	ldi	r21, 0x46	; 70
    d4c2:	c5 2e       	mov	r12, r21
    d4c4:	d1 2c       	mov	r13, r1
    d4c6:	66 e3       	ldi	r22, 0x36	; 54
    d4c8:	e6 2e       	mov	r14, r22
    d4ca:	f1 2c       	mov	r15, r1
    d4cc:	0f e7       	ldi	r16, 0x7F	; 127
    d4ce:	10 e0       	ldi	r17, 0x00	; 0
    d4d0:	21 e0       	ldi	r18, 0x01	; 1
    d4d2:	46 e6       	ldi	r20, 0x66	; 102
    d4d4:	52 e4       	ldi	r21, 0x42	; 66
    d4d6:	64 e0       	ldi	r22, 0x04	; 4
    d4d8:	80 e0       	ldi	r24, 0x00	; 0
    d4da:	0e 94 b9 50 	call	0xa172	; 0xa172 <Lcd_Text_Format>
    d4de:	0d ec       	ldi	r16, 0xCD	; 205
    d4e0:	10 e0       	ldi	r17, 0x00	; 0
    d4e2:	21 e0       	ldi	r18, 0x01	; 1
    d4e4:	44 e6       	ldi	r20, 0x64	; 100
    d4e6:	52 e4       	ldi	r21, 0x42	; 66
    d4e8:	64 e0       	ldi	r22, 0x04	; 4
    d4ea:	80 e0       	ldi	r24, 0x00	; 0
    d4ec:	0e 94 b9 50 	call	0xa172	; 0xa172 <Lcd_Text_Format>
    d4f0:	0b e1       	ldi	r16, 0x1B	; 27
    d4f2:	11 e0       	ldi	r17, 0x01	; 1
    d4f4:	21 e0       	ldi	r18, 0x01	; 1
    d4f6:	42 e6       	ldi	r20, 0x62	; 98
    d4f8:	52 e4       	ldi	r21, 0x42	; 66
    d4fa:	64 e0       	ldi	r22, 0x04	; 4
    d4fc:	80 e0       	ldi	r24, 0x00	; 0
    d4fe:	0e 94 b9 50 	call	0xa172	; 0xa172 <Lcd_Text_Format>
    d502:	7f 92       	push	r7
    d504:	1f 92       	push	r1
    d506:	9f 92       	push	r9
    d508:	bf 92       	push	r11
    d50a:	1f 92       	push	r1
    d50c:	1f 92       	push	r1
    d50e:	9f 92       	push	r9
    d510:	73 e2       	ldi	r23, 0x23	; 35
    d512:	c7 2e       	mov	r12, r23
    d514:	e6 e4       	ldi	r30, 0x46	; 70
    d516:	ee 2e       	mov	r14, r30
    d518:	f1 2c       	mov	r15, r1
    d51a:	06 e4       	ldi	r16, 0x46	; 70
    d51c:	10 e0       	ldi	r17, 0x00	; 0
    d51e:	26 e5       	ldi	r18, 0x56	; 86
    d520:	30 e0       	ldi	r19, 0x00	; 0
    d522:	4f e7       	ldi	r20, 0x7F	; 127
    d524:	50 e0       	ldi	r21, 0x00	; 0
    d526:	62 e0       	ldi	r22, 0x02	; 2
    d528:	80 e0       	ldi	r24, 0x00	; 0
    d52a:	0e 94 52 55 	call	0xaaa4	; 0xaaa4 <Lcd_Multi_three_Round>
    d52e:	7f 92       	push	r7
    d530:	1f 92       	push	r1
    d532:	9f 92       	push	r9
    d534:	bf 92       	push	r11
    d536:	1f 92       	push	r1
    d538:	1f 92       	push	r1
    d53a:	9f 92       	push	r9
    d53c:	26 e5       	ldi	r18, 0x56	; 86
    d53e:	30 e0       	ldi	r19, 0x00	; 0
    d540:	4d ec       	ldi	r20, 0xCD	; 205
    d542:	50 e0       	ldi	r21, 0x00	; 0
    d544:	63 e0       	ldi	r22, 0x03	; 3
    d546:	80 e0       	ldi	r24, 0x00	; 0
    d548:	0e 94 52 55 	call	0xaaa4	; 0xaaa4 <Lcd_Multi_three_Round>
    d54c:	7f 92       	push	r7
    d54e:	1f 92       	push	r1
    d550:	9f 92       	push	r9
    d552:	bf 92       	push	r11
    d554:	1f 92       	push	r1
    d556:	1f 92       	push	r1
    d558:	9f 92       	push	r9
    d55a:	26 e5       	ldi	r18, 0x56	; 86
    d55c:	30 e0       	ldi	r19, 0x00	; 0
    d55e:	4b e1       	ldi	r20, 0x1B	; 27
    d560:	51 e0       	ldi	r21, 0x01	; 1
    d562:	64 e0       	ldi	r22, 0x04	; 4
    d564:	80 e0       	ldi	r24, 0x00	; 0
    d566:	0e 94 52 55 	call	0xaaa4	; 0xaaa4 <Lcd_Multi_three_Round>
    d56a:	82 e0       	ldi	r24, 0x02	; 2
    d56c:	0e 94 03 55 	call	0xaa06	; 0xaa06 <lcd_Set_Grad_Color_MultiRoundPrintFlash>
    d570:	f6 e4       	ldi	r31, 0x46	; 70
    d572:	cf 2e       	mov	r12, r31
    d574:	d1 2c       	mov	r13, r1
    d576:	a4 e8       	ldi	r26, 0x84	; 132
    d578:	ea 2e       	mov	r14, r26
    d57a:	f1 2c       	mov	r15, r1
    d57c:	0f e7       	ldi	r16, 0x7F	; 127
    d57e:	10 e0       	ldi	r17, 0x00	; 0
    d580:	21 e0       	ldi	r18, 0x01	; 1
    d582:	40 e6       	ldi	r20, 0x60	; 96
    d584:	52 e4       	ldi	r21, 0x42	; 66
    d586:	64 e0       	ldi	r22, 0x04	; 4
    d588:	80 e0       	ldi	r24, 0x00	; 0
    d58a:	0e 94 b9 50 	call	0xa172	; 0xa172 <Lcd_Text_Format>
    d58e:	83 e0       	ldi	r24, 0x03	; 3
    d590:	0e 94 03 55 	call	0xaa06	; 0xaa06 <lcd_Set_Grad_Color_MultiRoundPrintFlash>
    d594:	0d ec       	ldi	r16, 0xCD	; 205
    d596:	10 e0       	ldi	r17, 0x00	; 0
    d598:	21 e0       	ldi	r18, 0x01	; 1
    d59a:	4e e5       	ldi	r20, 0x5E	; 94
    d59c:	52 e4       	ldi	r21, 0x42	; 66
    d59e:	64 e0       	ldi	r22, 0x04	; 4
    d5a0:	80 e0       	ldi	r24, 0x00	; 0
    d5a2:	0e 94 b9 50 	call	0xa172	; 0xa172 <Lcd_Text_Format>
    d5a6:	84 e0       	ldi	r24, 0x04	; 4
    d5a8:	0e 94 03 55 	call	0xaa06	; 0xaa06 <lcd_Set_Grad_Color_MultiRoundPrintFlash>
    d5ac:	0b e1       	ldi	r16, 0x1B	; 27
    d5ae:	11 e0       	ldi	r17, 0x01	; 1
    d5b0:	21 e0       	ldi	r18, 0x01	; 1
    d5b2:	4c e5       	ldi	r20, 0x5C	; 92
    d5b4:	52 e4       	ldi	r21, 0x42	; 66
    d5b6:	64 e0       	ldi	r22, 0x04	; 4
    d5b8:	80 e0       	ldi	r24, 0x00	; 0
    d5ba:	0e 94 b9 50 	call	0xa172	; 0xa172 <Lcd_Text_Format>
    d5be:	7f 92       	push	r7
    d5c0:	1f 92       	push	r1
    d5c2:	9f 92       	push	r9
    d5c4:	bf 92       	push	r11
    d5c6:	1f 92       	push	r1
    d5c8:	1f 92       	push	r1
    d5ca:	9f 92       	push	r9
    d5cc:	b3 e2       	ldi	r27, 0x23	; 35
    d5ce:	cb 2e       	mov	r12, r27
    d5d0:	16 e4       	ldi	r17, 0x46	; 70
    d5d2:	e1 2e       	mov	r14, r17
    d5d4:	f1 2c       	mov	r15, r1
    d5d6:	06 e4       	ldi	r16, 0x46	; 70
    d5d8:	10 e0       	ldi	r17, 0x00	; 0
    d5da:	24 ea       	ldi	r18, 0xA4	; 164
    d5dc:	30 e0       	ldi	r19, 0x00	; 0
    d5de:	4f e7       	ldi	r20, 0x7F	; 127
    d5e0:	50 e0       	ldi	r21, 0x00	; 0
    d5e2:	65 e0       	ldi	r22, 0x05	; 5
    d5e4:	80 e0       	ldi	r24, 0x00	; 0
    d5e6:	0e 94 52 55 	call	0xaaa4	; 0xaaa4 <Lcd_Multi_three_Round>
    d5ea:	7f 92       	push	r7
    d5ec:	1f 92       	push	r1
    d5ee:	9f 92       	push	r9
    d5f0:	bf 92       	push	r11
    d5f2:	1f 92       	push	r1
    d5f4:	1f 92       	push	r1
    d5f6:	9f 92       	push	r9
    d5f8:	24 ea       	ldi	r18, 0xA4	; 164
    d5fa:	30 e0       	ldi	r19, 0x00	; 0
    d5fc:	4d ec       	ldi	r20, 0xCD	; 205
    d5fe:	50 e0       	ldi	r21, 0x00	; 0
    d600:	66 e0       	ldi	r22, 0x06	; 6
    d602:	80 e0       	ldi	r24, 0x00	; 0
    d604:	0e 94 52 55 	call	0xaaa4	; 0xaaa4 <Lcd_Multi_three_Round>
    d608:	0f b6       	in	r0, 0x3f	; 63
    d60a:	f8 94       	cli
    d60c:	de bf       	out	0x3e, r29	; 62
    d60e:	0f be       	out	0x3f, r0	; 63
    d610:	cd bf       	out	0x3d, r28	; 61
    d612:	7f 92       	push	r7
    d614:	1f 92       	push	r1
    d616:	9f 92       	push	r9
    d618:	bf 92       	push	r11
    d61a:	1f 92       	push	r1
    d61c:	1f 92       	push	r1
    d61e:	9f 92       	push	r9
    d620:	24 ea       	ldi	r18, 0xA4	; 164
    d622:	30 e0       	ldi	r19, 0x00	; 0
    d624:	4b e1       	ldi	r20, 0x1B	; 27
    d626:	51 e0       	ldi	r21, 0x01	; 1
    d628:	67 e0       	ldi	r22, 0x07	; 7
    d62a:	80 e0       	ldi	r24, 0x00	; 0
    d62c:	0e 94 52 55 	call	0xaaa4	; 0xaaa4 <Lcd_Multi_three_Round>
    d630:	85 e0       	ldi	r24, 0x05	; 5
    d632:	0e 94 03 55 	call	0xaa06	; 0xaa06 <lcd_Set_Grad_Color_MultiRoundPrintFlash>
    d636:	06 e4       	ldi	r16, 0x46	; 70
    d638:	c0 2e       	mov	r12, r16
    d63a:	d1 2c       	mov	r13, r1
    d63c:	82 ed       	ldi	r24, 0xD2	; 210
    d63e:	e8 2e       	mov	r14, r24
    d640:	f1 2c       	mov	r15, r1
    d642:	0f e7       	ldi	r16, 0x7F	; 127
    d644:	10 e0       	ldi	r17, 0x00	; 0
    d646:	21 e0       	ldi	r18, 0x01	; 1
    d648:	4a e5       	ldi	r20, 0x5A	; 90
    d64a:	52 e4       	ldi	r21, 0x42	; 66
    d64c:	64 e0       	ldi	r22, 0x04	; 4
    d64e:	80 e0       	ldi	r24, 0x00	; 0
    d650:	0e 94 b9 50 	call	0xa172	; 0xa172 <Lcd_Text_Format>
    d654:	86 e0       	ldi	r24, 0x06	; 6
    d656:	0e 94 03 55 	call	0xaa06	; 0xaa06 <lcd_Set_Grad_Color_MultiRoundPrintFlash>
    d65a:	0d ec       	ldi	r16, 0xCD	; 205
    d65c:	10 e0       	ldi	r17, 0x00	; 0
    d65e:	21 e0       	ldi	r18, 0x01	; 1
    d660:	48 e5       	ldi	r20, 0x58	; 88
    d662:	52 e4       	ldi	r21, 0x42	; 66
    d664:	64 e0       	ldi	r22, 0x04	; 4
    d666:	80 e0       	ldi	r24, 0x00	; 0
    d668:	0e 94 b9 50 	call	0xa172	; 0xa172 <Lcd_Text_Format>
    d66c:	87 e0       	ldi	r24, 0x07	; 7
    d66e:	0e 94 03 55 	call	0xaa06	; 0xaa06 <lcd_Set_Grad_Color_MultiRoundPrintFlash>
    d672:	0b e1       	ldi	r16, 0x1B	; 27
    d674:	11 e0       	ldi	r17, 0x01	; 1
    d676:	21 e0       	ldi	r18, 0x01	; 1
    d678:	46 e5       	ldi	r20, 0x56	; 86
    d67a:	52 e4       	ldi	r21, 0x42	; 66
    d67c:	64 e0       	ldi	r22, 0x04	; 4
    d67e:	80 e0       	ldi	r24, 0x00	; 0
    d680:	0e 94 b9 50 	call	0xa172	; 0xa172 <Lcd_Text_Format>
    d684:	7f 92       	push	r7
    d686:	1f 92       	push	r1
    d688:	9f 92       	push	r9
    d68a:	bf 92       	push	r11
    d68c:	1f 92       	push	r1
    d68e:	1f 92       	push	r1
    d690:	9f 92       	push	r9
    d692:	93 e2       	ldi	r25, 0x23	; 35
    d694:	c9 2e       	mov	r12, r25
    d696:	26 e4       	ldi	r18, 0x46	; 70
    d698:	e2 2e       	mov	r14, r18
    d69a:	f1 2c       	mov	r15, r1
    d69c:	06 e4       	ldi	r16, 0x46	; 70
    d69e:	10 e0       	ldi	r17, 0x00	; 0
    d6a0:	22 ef       	ldi	r18, 0xF2	; 242
    d6a2:	30 e0       	ldi	r19, 0x00	; 0
    d6a4:	4f e7       	ldi	r20, 0x7F	; 127
    d6a6:	50 e0       	ldi	r21, 0x00	; 0
    d6a8:	61 e0       	ldi	r22, 0x01	; 1
    d6aa:	80 e0       	ldi	r24, 0x00	; 0
    d6ac:	0e 94 52 55 	call	0xaaa4	; 0xaaa4 <Lcd_Multi_three_Round>
    d6b0:	7f 92       	push	r7
    d6b2:	1f 92       	push	r1
    d6b4:	9f 92       	push	r9
    d6b6:	bf 92       	push	r11
    d6b8:	1f 92       	push	r1
    d6ba:	1f 92       	push	r1
    d6bc:	9f 92       	push	r9
    d6be:	22 ef       	ldi	r18, 0xF2	; 242
    d6c0:	30 e0       	ldi	r19, 0x00	; 0
    d6c2:	4d ec       	ldi	r20, 0xCD	; 205
    d6c4:	50 e0       	ldi	r21, 0x00	; 0
    d6c6:	61 e0       	ldi	r22, 0x01	; 1
    d6c8:	80 e0       	ldi	r24, 0x00	; 0
    d6ca:	0e 94 52 55 	call	0xaaa4	; 0xaaa4 <Lcd_Multi_three_Round>
    d6ce:	7f 92       	push	r7
    d6d0:	1f 92       	push	r1
    d6d2:	9f 92       	push	r9
    d6d4:	bf 92       	push	r11
    d6d6:	1f 92       	push	r1
    d6d8:	1f 92       	push	r1
    d6da:	9f 92       	push	r9
    d6dc:	22 ef       	ldi	r18, 0xF2	; 242
    d6de:	30 e0       	ldi	r19, 0x00	; 0
    d6e0:	4b e1       	ldi	r20, 0x1B	; 27
    d6e2:	51 e0       	ldi	r21, 0x01	; 1
    d6e4:	61 e0       	ldi	r22, 0x01	; 1
    d6e6:	80 e0       	ldi	r24, 0x00	; 0
    d6e8:	0e 94 52 55 	call	0xaaa4	; 0xaaa4 <Lcd_Multi_three_Round>
    d6ec:	81 e0       	ldi	r24, 0x01	; 1
    d6ee:	0e 94 03 55 	call	0xaa06	; 0xaa06 <lcd_Set_Grad_Color_MultiRoundPrintFlash>
    d6f2:	36 e4       	ldi	r19, 0x46	; 70
    d6f4:	c3 2e       	mov	r12, r19
    d6f6:	d1 2c       	mov	r13, r1
    d6f8:	40 e2       	ldi	r20, 0x20	; 32
    d6fa:	e4 2e       	mov	r14, r20
    d6fc:	ff 24       	eor	r15, r15
    d6fe:	f3 94       	inc	r15
    d700:	0f e7       	ldi	r16, 0x7F	; 127
    d702:	10 e0       	ldi	r17, 0x00	; 0
    d704:	21 e0       	ldi	r18, 0x01	; 1
    d706:	44 e5       	ldi	r20, 0x54	; 84
    d708:	52 e4       	ldi	r21, 0x42	; 66
    d70a:	64 e0       	ldi	r22, 0x04	; 4
    d70c:	80 e0       	ldi	r24, 0x00	; 0
    d70e:	0e 94 b9 50 	call	0xa172	; 0xa172 <Lcd_Text_Format>
    d712:	0d ec       	ldi	r16, 0xCD	; 205
    d714:	10 e0       	ldi	r17, 0x00	; 0
    d716:	21 e0       	ldi	r18, 0x01	; 1
    d718:	42 e5       	ldi	r20, 0x52	; 82
    d71a:	52 e4       	ldi	r21, 0x42	; 66
    d71c:	64 e0       	ldi	r22, 0x04	; 4
    d71e:	80 e0       	ldi	r24, 0x00	; 0
    d720:	0e 94 b9 50 	call	0xa172	; 0xa172 <Lcd_Text_Format>
    d724:	0b e1       	ldi	r16, 0x1B	; 27
    d726:	11 e0       	ldi	r17, 0x01	; 1
    d728:	21 e0       	ldi	r18, 0x01	; 1
    d72a:	40 e5       	ldi	r20, 0x50	; 80
    d72c:	52 e4       	ldi	r21, 0x42	; 66
    d72e:	64 e0       	ldi	r22, 0x04	; 4
    d730:	80 e0       	ldi	r24, 0x00	; 0
    d732:	0e 94 b9 50 	call	0xa172	; 0xa172 <Lcd_Text_Format>
    d736:	9f ef       	ldi	r25, 0xFF	; 255
    d738:	27 ea       	ldi	r18, 0xA7	; 167
    d73a:	31 e6       	ldi	r19, 0x61	; 97
    d73c:	91 50       	subi	r25, 0x01	; 1
    d73e:	20 40       	sbci	r18, 0x00	; 0
    d740:	30 40       	sbci	r19, 0x00	; 0
    d742:	e1 f7       	brne	.-8      	; 0xd73c <lcd_Test480x320Landscape+0x1f2a>
    d744:	00 c0       	rjmp	.+0      	; 0xd746 <lcd_Test480x320Landscape+0x1f34>
    d746:	00 00       	nop
    d748:	80 e0       	ldi	r24, 0x00	; 0
    d74a:	0e 94 ca 27 	call	0x4f94	; 0x4f94 <Lcd_Fill_Screen>
    d74e:	7f 92       	push	r7
    d750:	1f 92       	push	r1
    d752:	9f 92       	push	r9
    d754:	bf 92       	push	r11
    d756:	1f 92       	push	r1
    d758:	1f 92       	push	r1
    d75a:	9f 92       	push	r9
    d75c:	54 e1       	ldi	r21, 0x14	; 20
    d75e:	c5 2e       	mov	r12, r21
    d760:	66 e4       	ldi	r22, 0x46	; 70
    d762:	e6 2e       	mov	r14, r22
    d764:	f1 2c       	mov	r15, r1
    d766:	06 e4       	ldi	r16, 0x46	; 70
    d768:	10 e0       	ldi	r17, 0x00	; 0
    d76a:	28 e0       	ldi	r18, 0x08	; 8
    d76c:	30 e0       	ldi	r19, 0x00	; 0
    d76e:	4f e7       	ldi	r20, 0x7F	; 127
    d770:	50 e0       	ldi	r21, 0x00	; 0
    d772:	61 e0       	ldi	r22, 0x01	; 1
    d774:	80 e0       	ldi	r24, 0x00	; 0
    d776:	0e 94 52 55 	call	0xaaa4	; 0xaaa4 <Lcd_Multi_three_Round>
    d77a:	0f b6       	in	r0, 0x3f	; 63
    d77c:	f8 94       	cli
    d77e:	de bf       	out	0x3e, r29	; 62
    d780:	0f be       	out	0x3f, r0	; 63
    d782:	cd bf       	out	0x3d, r28	; 61
    d784:	7f 92       	push	r7
    d786:	1f 92       	push	r1
    d788:	9f 92       	push	r9
    d78a:	bf 92       	push	r11
    d78c:	1f 92       	push	r1
    d78e:	1f 92       	push	r1
    d790:	9f 92       	push	r9
    d792:	28 e0       	ldi	r18, 0x08	; 8
    d794:	30 e0       	ldi	r19, 0x00	; 0
    d796:	4d ec       	ldi	r20, 0xCD	; 205
    d798:	50 e0       	ldi	r21, 0x00	; 0
    d79a:	61 e0       	ldi	r22, 0x01	; 1
    d79c:	80 e0       	ldi	r24, 0x00	; 0
    d79e:	0e 94 52 55 	call	0xaaa4	; 0xaaa4 <Lcd_Multi_three_Round>
    d7a2:	7f 92       	push	r7
    d7a4:	1f 92       	push	r1
    d7a6:	9f 92       	push	r9
    d7a8:	bf 92       	push	r11
    d7aa:	1f 92       	push	r1
    d7ac:	1f 92       	push	r1
    d7ae:	9f 92       	push	r9
    d7b0:	28 e0       	ldi	r18, 0x08	; 8
    d7b2:	30 e0       	ldi	r19, 0x00	; 0
    d7b4:	4b e1       	ldi	r20, 0x1B	; 27
    d7b6:	51 e0       	ldi	r21, 0x01	; 1
    d7b8:	61 e0       	ldi	r22, 0x01	; 1
    d7ba:	80 e0       	ldi	r24, 0x00	; 0
    d7bc:	0e 94 52 55 	call	0xaaa4	; 0xaaa4 <Lcd_Multi_three_Round>
    d7c0:	81 e0       	ldi	r24, 0x01	; 1
    d7c2:	0e 94 03 55 	call	0xaa06	; 0xaa06 <lcd_Set_Grad_Color_MultiRoundPrintFlash>
    d7c6:	76 e4       	ldi	r23, 0x46	; 70
    d7c8:	c7 2e       	mov	r12, r23
    d7ca:	d1 2c       	mov	r13, r1
    d7cc:	e6 e3       	ldi	r30, 0x36	; 54
    d7ce:	ee 2e       	mov	r14, r30
    d7d0:	f1 2c       	mov	r15, r1
    d7d2:	0f e7       	ldi	r16, 0x7F	; 127
    d7d4:	10 e0       	ldi	r17, 0x00	; 0
    d7d6:	21 e0       	ldi	r18, 0x01	; 1
    d7d8:	46 e6       	ldi	r20, 0x66	; 102
    d7da:	52 e4       	ldi	r21, 0x42	; 66
    d7dc:	64 e0       	ldi	r22, 0x04	; 4
    d7de:	80 e0       	ldi	r24, 0x00	; 0
    d7e0:	0e 94 b9 50 	call	0xa172	; 0xa172 <Lcd_Text_Format>
    d7e4:	0d ec       	ldi	r16, 0xCD	; 205
    d7e6:	10 e0       	ldi	r17, 0x00	; 0
    d7e8:	21 e0       	ldi	r18, 0x01	; 1
    d7ea:	44 e6       	ldi	r20, 0x64	; 100
    d7ec:	52 e4       	ldi	r21, 0x42	; 66
    d7ee:	64 e0       	ldi	r22, 0x04	; 4
    d7f0:	80 e0       	ldi	r24, 0x00	; 0
    d7f2:	0e 94 b9 50 	call	0xa172	; 0xa172 <Lcd_Text_Format>
    d7f6:	0b e1       	ldi	r16, 0x1B	; 27
    d7f8:	11 e0       	ldi	r17, 0x01	; 1
    d7fa:	21 e0       	ldi	r18, 0x01	; 1
    d7fc:	42 e6       	ldi	r20, 0x62	; 98
    d7fe:	52 e4       	ldi	r21, 0x42	; 66
    d800:	64 e0       	ldi	r22, 0x04	; 4
    d802:	80 e0       	ldi	r24, 0x00	; 0
    d804:	0e 94 b9 50 	call	0xa172	; 0xa172 <Lcd_Text_Format>
    d808:	7f 92       	push	r7
    d80a:	1f 92       	push	r1
    d80c:	9f 92       	push	r9
    d80e:	bf 92       	push	r11
    d810:	1f 92       	push	r1
    d812:	1f 92       	push	r1
    d814:	9f 92       	push	r9
    d816:	f6 e1       	ldi	r31, 0x16	; 22
    d818:	cf 2e       	mov	r12, r31
    d81a:	a6 e4       	ldi	r26, 0x46	; 70
    d81c:	ea 2e       	mov	r14, r26
    d81e:	f1 2c       	mov	r15, r1
    d820:	06 e4       	ldi	r16, 0x46	; 70
    d822:	10 e0       	ldi	r17, 0x00	; 0
    d824:	26 e5       	ldi	r18, 0x56	; 86
    d826:	30 e0       	ldi	r19, 0x00	; 0
    d828:	4f e7       	ldi	r20, 0x7F	; 127
    d82a:	50 e0       	ldi	r21, 0x00	; 0
    d82c:	62 e0       	ldi	r22, 0x02	; 2
    d82e:	80 e0       	ldi	r24, 0x00	; 0
    d830:	0e 94 52 55 	call	0xaaa4	; 0xaaa4 <Lcd_Multi_three_Round>
    d834:	7f 92       	push	r7
    d836:	1f 92       	push	r1
    d838:	9f 92       	push	r9
    d83a:	bf 92       	push	r11
    d83c:	1f 92       	push	r1
    d83e:	1f 92       	push	r1
    d840:	9f 92       	push	r9
    d842:	26 e5       	ldi	r18, 0x56	; 86
    d844:	30 e0       	ldi	r19, 0x00	; 0
    d846:	4d ec       	ldi	r20, 0xCD	; 205
    d848:	50 e0       	ldi	r21, 0x00	; 0
    d84a:	63 e0       	ldi	r22, 0x03	; 3
    d84c:	80 e0       	ldi	r24, 0x00	; 0
    d84e:	0e 94 52 55 	call	0xaaa4	; 0xaaa4 <Lcd_Multi_three_Round>
    d852:	7f 92       	push	r7
    d854:	1f 92       	push	r1
    d856:	9f 92       	push	r9
    d858:	bf 92       	push	r11
    d85a:	1f 92       	push	r1
    d85c:	1f 92       	push	r1
    d85e:	9f 92       	push	r9
    d860:	26 e5       	ldi	r18, 0x56	; 86
    d862:	30 e0       	ldi	r19, 0x00	; 0
    d864:	4b e1       	ldi	r20, 0x1B	; 27
    d866:	51 e0       	ldi	r21, 0x01	; 1
    d868:	64 e0       	ldi	r22, 0x04	; 4
    d86a:	80 e0       	ldi	r24, 0x00	; 0
    d86c:	0e 94 52 55 	call	0xaaa4	; 0xaaa4 <Lcd_Multi_three_Round>
    d870:	0f b6       	in	r0, 0x3f	; 63
    d872:	f8 94       	cli
    d874:	de bf       	out	0x3e, r29	; 62
    d876:	0f be       	out	0x3f, r0	; 63
    d878:	cd bf       	out	0x3d, r28	; 61
    d87a:	82 e0       	ldi	r24, 0x02	; 2
    d87c:	0e 94 03 55 	call	0xaa06	; 0xaa06 <lcd_Set_Grad_Color_MultiRoundPrintFlash>
    d880:	b6 e4       	ldi	r27, 0x46	; 70
    d882:	cb 2e       	mov	r12, r27
    d884:	d1 2c       	mov	r13, r1
    d886:	14 e8       	ldi	r17, 0x84	; 132
    d888:	e1 2e       	mov	r14, r17
    d88a:	f1 2c       	mov	r15, r1
    d88c:	0f e7       	ldi	r16, 0x7F	; 127
    d88e:	10 e0       	ldi	r17, 0x00	; 0
    d890:	21 e0       	ldi	r18, 0x01	; 1
    d892:	40 e6       	ldi	r20, 0x60	; 96
    d894:	52 e4       	ldi	r21, 0x42	; 66
    d896:	64 e0       	ldi	r22, 0x04	; 4
    d898:	80 e0       	ldi	r24, 0x00	; 0
    d89a:	0e 94 b9 50 	call	0xa172	; 0xa172 <Lcd_Text_Format>
    d89e:	83 e0       	ldi	r24, 0x03	; 3
    d8a0:	0e 94 03 55 	call	0xaa06	; 0xaa06 <lcd_Set_Grad_Color_MultiRoundPrintFlash>
    d8a4:	0d ec       	ldi	r16, 0xCD	; 205
    d8a6:	10 e0       	ldi	r17, 0x00	; 0
    d8a8:	21 e0       	ldi	r18, 0x01	; 1
    d8aa:	4e e5       	ldi	r20, 0x5E	; 94
    d8ac:	52 e4       	ldi	r21, 0x42	; 66
    d8ae:	64 e0       	ldi	r22, 0x04	; 4
    d8b0:	80 e0       	ldi	r24, 0x00	; 0
    d8b2:	0e 94 b9 50 	call	0xa172	; 0xa172 <Lcd_Text_Format>
    d8b6:	84 e0       	ldi	r24, 0x04	; 4
    d8b8:	0e 94 03 55 	call	0xaa06	; 0xaa06 <lcd_Set_Grad_Color_MultiRoundPrintFlash>
    d8bc:	0b e1       	ldi	r16, 0x1B	; 27
    d8be:	11 e0       	ldi	r17, 0x01	; 1
    d8c0:	21 e0       	ldi	r18, 0x01	; 1
    d8c2:	4c e5       	ldi	r20, 0x5C	; 92
    d8c4:	52 e4       	ldi	r21, 0x42	; 66
    d8c6:	64 e0       	ldi	r22, 0x04	; 4
    d8c8:	80 e0       	ldi	r24, 0x00	; 0
    d8ca:	0e 94 b9 50 	call	0xa172	; 0xa172 <Lcd_Text_Format>
    d8ce:	7f 92       	push	r7
    d8d0:	1f 92       	push	r1
    d8d2:	9f 92       	push	r9
    d8d4:	bf 92       	push	r11
    d8d6:	1f 92       	push	r1
    d8d8:	1f 92       	push	r1
    d8da:	9f 92       	push	r9
    d8dc:	06 e1       	ldi	r16, 0x16	; 22
    d8de:	c0 2e       	mov	r12, r16
    d8e0:	86 e4       	ldi	r24, 0x46	; 70
    d8e2:	e8 2e       	mov	r14, r24
    d8e4:	f1 2c       	mov	r15, r1
    d8e6:	06 e4       	ldi	r16, 0x46	; 70
    d8e8:	10 e0       	ldi	r17, 0x00	; 0
    d8ea:	24 ea       	ldi	r18, 0xA4	; 164
    d8ec:	30 e0       	ldi	r19, 0x00	; 0
    d8ee:	4f e7       	ldi	r20, 0x7F	; 127
    d8f0:	50 e0       	ldi	r21, 0x00	; 0
    d8f2:	65 e0       	ldi	r22, 0x05	; 5
    d8f4:	80 e0       	ldi	r24, 0x00	; 0
    d8f6:	0e 94 52 55 	call	0xaaa4	; 0xaaa4 <Lcd_Multi_three_Round>
    d8fa:	7f 92       	push	r7
    d8fc:	1f 92       	push	r1
    d8fe:	9f 92       	push	r9
    d900:	bf 92       	push	r11
    d902:	1f 92       	push	r1
    d904:	1f 92       	push	r1
    d906:	9f 92       	push	r9
    d908:	24 ea       	ldi	r18, 0xA4	; 164
    d90a:	30 e0       	ldi	r19, 0x00	; 0
    d90c:	4d ec       	ldi	r20, 0xCD	; 205
    d90e:	50 e0       	ldi	r21, 0x00	; 0
    d910:	66 e0       	ldi	r22, 0x06	; 6
    d912:	80 e0       	ldi	r24, 0x00	; 0
    d914:	0e 94 52 55 	call	0xaaa4	; 0xaaa4 <Lcd_Multi_three_Round>
    d918:	7f 92       	push	r7
    d91a:	1f 92       	push	r1
    d91c:	9f 92       	push	r9
    d91e:	bf 92       	push	r11
    d920:	1f 92       	push	r1
    d922:	1f 92       	push	r1
    d924:	9f 92       	push	r9
    d926:	24 ea       	ldi	r18, 0xA4	; 164
    d928:	30 e0       	ldi	r19, 0x00	; 0
    d92a:	4b e1       	ldi	r20, 0x1B	; 27
    d92c:	51 e0       	ldi	r21, 0x01	; 1
    d92e:	67 e0       	ldi	r22, 0x07	; 7
    d930:	80 e0       	ldi	r24, 0x00	; 0
    d932:	0e 94 52 55 	call	0xaaa4	; 0xaaa4 <Lcd_Multi_three_Round>
    d936:	85 e0       	ldi	r24, 0x05	; 5
    d938:	0e 94 03 55 	call	0xaa06	; 0xaa06 <lcd_Set_Grad_Color_MultiRoundPrintFlash>
    d93c:	96 e4       	ldi	r25, 0x46	; 70
    d93e:	c9 2e       	mov	r12, r25
    d940:	d1 2c       	mov	r13, r1
    d942:	22 ed       	ldi	r18, 0xD2	; 210
    d944:	e2 2e       	mov	r14, r18
    d946:	f1 2c       	mov	r15, r1
    d948:	0f e7       	ldi	r16, 0x7F	; 127
    d94a:	10 e0       	ldi	r17, 0x00	; 0
    d94c:	21 e0       	ldi	r18, 0x01	; 1
    d94e:	4a e5       	ldi	r20, 0x5A	; 90
    d950:	52 e4       	ldi	r21, 0x42	; 66
    d952:	64 e0       	ldi	r22, 0x04	; 4
    d954:	80 e0       	ldi	r24, 0x00	; 0
    d956:	0e 94 b9 50 	call	0xa172	; 0xa172 <Lcd_Text_Format>
    d95a:	86 e0       	ldi	r24, 0x06	; 6
    d95c:	0e 94 03 55 	call	0xaa06	; 0xaa06 <lcd_Set_Grad_Color_MultiRoundPrintFlash>
    d960:	0d ec       	ldi	r16, 0xCD	; 205
    d962:	10 e0       	ldi	r17, 0x00	; 0
    d964:	21 e0       	ldi	r18, 0x01	; 1
    d966:	48 e5       	ldi	r20, 0x58	; 88
    d968:	52 e4       	ldi	r21, 0x42	; 66
    d96a:	64 e0       	ldi	r22, 0x04	; 4
    d96c:	80 e0       	ldi	r24, 0x00	; 0
    d96e:	0e 94 b9 50 	call	0xa172	; 0xa172 <Lcd_Text_Format>
    d972:	87 e0       	ldi	r24, 0x07	; 7
    d974:	0e 94 03 55 	call	0xaa06	; 0xaa06 <lcd_Set_Grad_Color_MultiRoundPrintFlash>
    d978:	0b e1       	ldi	r16, 0x1B	; 27
    d97a:	11 e0       	ldi	r17, 0x01	; 1
    d97c:	21 e0       	ldi	r18, 0x01	; 1
    d97e:	46 e5       	ldi	r20, 0x56	; 86
    d980:	52 e4       	ldi	r21, 0x42	; 66
    d982:	64 e0       	ldi	r22, 0x04	; 4
    d984:	80 e0       	ldi	r24, 0x00	; 0
    d986:	0e 94 b9 50 	call	0xa172	; 0xa172 <Lcd_Text_Format>
    d98a:	7f 92       	push	r7
    d98c:	1f 92       	push	r1
    d98e:	9f 92       	push	r9
    d990:	bf 92       	push	r11
    d992:	1f 92       	push	r1
    d994:	1f 92       	push	r1
    d996:	9f 92       	push	r9
    d998:	36 e1       	ldi	r19, 0x16	; 22
    d99a:	c3 2e       	mov	r12, r19
    d99c:	46 e4       	ldi	r20, 0x46	; 70
    d99e:	e4 2e       	mov	r14, r20
    d9a0:	f1 2c       	mov	r15, r1
    d9a2:	06 e4       	ldi	r16, 0x46	; 70
    d9a4:	10 e0       	ldi	r17, 0x00	; 0
    d9a6:	22 ef       	ldi	r18, 0xF2	; 242
    d9a8:	30 e0       	ldi	r19, 0x00	; 0
    d9aa:	4f e7       	ldi	r20, 0x7F	; 127
    d9ac:	50 e0       	ldi	r21, 0x00	; 0
    d9ae:	61 e0       	ldi	r22, 0x01	; 1
    d9b0:	80 e0       	ldi	r24, 0x00	; 0
    d9b2:	0e 94 52 55 	call	0xaaa4	; 0xaaa4 <Lcd_Multi_three_Round>
    d9b6:	7f 92       	push	r7
    d9b8:	1f 92       	push	r1
    d9ba:	9f 92       	push	r9
    d9bc:	bf 92       	push	r11
    d9be:	1f 92       	push	r1
    d9c0:	1f 92       	push	r1
    d9c2:	9f 92       	push	r9
    d9c4:	22 ef       	ldi	r18, 0xF2	; 242
    d9c6:	30 e0       	ldi	r19, 0x00	; 0
    d9c8:	4d ec       	ldi	r20, 0xCD	; 205
    d9ca:	50 e0       	ldi	r21, 0x00	; 0
    d9cc:	61 e0       	ldi	r22, 0x01	; 1
    d9ce:	80 e0       	ldi	r24, 0x00	; 0
    d9d0:	0e 94 52 55 	call	0xaaa4	; 0xaaa4 <Lcd_Multi_three_Round>
    d9d4:	0f b6       	in	r0, 0x3f	; 63
    d9d6:	f8 94       	cli
    d9d8:	de bf       	out	0x3e, r29	; 62
    d9da:	0f be       	out	0x3f, r0	; 63
    d9dc:	cd bf       	out	0x3d, r28	; 61
    d9de:	7f 92       	push	r7
    d9e0:	1f 92       	push	r1
    d9e2:	9f 92       	push	r9
    d9e4:	bf 92       	push	r11
    d9e6:	1f 92       	push	r1
    d9e8:	1f 92       	push	r1
    d9ea:	9f 92       	push	r9
    d9ec:	22 ef       	ldi	r18, 0xF2	; 242
    d9ee:	30 e0       	ldi	r19, 0x00	; 0
    d9f0:	4b e1       	ldi	r20, 0x1B	; 27
    d9f2:	51 e0       	ldi	r21, 0x01	; 1
    d9f4:	61 e0       	ldi	r22, 0x01	; 1
    d9f6:	80 e0       	ldi	r24, 0x00	; 0
    d9f8:	0e 94 52 55 	call	0xaaa4	; 0xaaa4 <Lcd_Multi_three_Round>
    d9fc:	81 e0       	ldi	r24, 0x01	; 1
    d9fe:	0e 94 03 55 	call	0xaa06	; 0xaa06 <lcd_Set_Grad_Color_MultiRoundPrintFlash>
    da02:	56 e4       	ldi	r21, 0x46	; 70
    da04:	c5 2e       	mov	r12, r21
    da06:	d1 2c       	mov	r13, r1
    da08:	60 e2       	ldi	r22, 0x20	; 32
    da0a:	e6 2e       	mov	r14, r22
    da0c:	ff 24       	eor	r15, r15
    da0e:	f3 94       	inc	r15
    da10:	0f e7       	ldi	r16, 0x7F	; 127
    da12:	10 e0       	ldi	r17, 0x00	; 0
    da14:	21 e0       	ldi	r18, 0x01	; 1
    da16:	44 e5       	ldi	r20, 0x54	; 84
    da18:	52 e4       	ldi	r21, 0x42	; 66
    da1a:	64 e0       	ldi	r22, 0x04	; 4
    da1c:	80 e0       	ldi	r24, 0x00	; 0
    da1e:	0e 94 b9 50 	call	0xa172	; 0xa172 <Lcd_Text_Format>
    da22:	0d ec       	ldi	r16, 0xCD	; 205
    da24:	10 e0       	ldi	r17, 0x00	; 0
    da26:	21 e0       	ldi	r18, 0x01	; 1
    da28:	42 e5       	ldi	r20, 0x52	; 82
    da2a:	52 e4       	ldi	r21, 0x42	; 66
    da2c:	64 e0       	ldi	r22, 0x04	; 4
    da2e:	80 e0       	ldi	r24, 0x00	; 0
    da30:	0e 94 b9 50 	call	0xa172	; 0xa172 <Lcd_Text_Format>
    da34:	0b e1       	ldi	r16, 0x1B	; 27
    da36:	11 e0       	ldi	r17, 0x01	; 1
    da38:	21 e0       	ldi	r18, 0x01	; 1
    da3a:	40 e5       	ldi	r20, 0x50	; 80
    da3c:	52 e4       	ldi	r21, 0x42	; 66
    da3e:	64 e0       	ldi	r22, 0x04	; 4
    da40:	80 e0       	ldi	r24, 0x00	; 0
    da42:	0e 94 b9 50 	call	0xa172	; 0xa172 <Lcd_Text_Format>
    da46:	9f ef       	ldi	r25, 0xFF	; 255
    da48:	23 e2       	ldi	r18, 0x23	; 35
    da4a:	34 ef       	ldi	r19, 0xF4	; 244
    da4c:	91 50       	subi	r25, 0x01	; 1
    da4e:	20 40       	sbci	r18, 0x00	; 0
    da50:	30 40       	sbci	r19, 0x00	; 0
    da52:	e1 f7       	brne	.-8      	; 0xda4c <lcd_Test480x320Landscape+0x223a>
    da54:	00 c0       	rjmp	.+0      	; 0xda56 <lcd_Test480x320Landscape+0x2244>
    da56:	00 00       	nop
    da58:	80 e0       	ldi	r24, 0x00	; 0
    da5a:	0e 94 ca 27 	call	0x4f94	; 0x4f94 <Lcd_Fill_Screen>
    da5e:	82 ef       	ldi	r24, 0xF2	; 242
    da60:	98 e2       	ldi	r25, 0x28	; 40
    da62:	0e 94 9b 45 	call	0x8b36	; 0x8b36 <lcd_Set_Font>
    da66:	80 e0       	ldi	r24, 0x00	; 0
    da68:	0e 94 04 46 	call	0x8c08	; 0x8c08 <lcd_Set_Kerning_Font>
    da6c:	84 e0       	ldi	r24, 0x04	; 4
    da6e:	0e 94 98 45 	call	0x8b30	; 0x8b30 <lcd_Set_Nsymtab_Font>
    da72:	80 e0       	ldi	r24, 0x00	; 0
    da74:	0e 94 07 46 	call	0x8c0e	; 0x8c0e <lcd_Set_Spacing_Font>
    da78:	80 e0       	ldi	r24, 0x00	; 0
    da7a:	0e 94 fb 45 	call	0x8bf6	; 0x8bf6 <lcd_Set_Transparent_Font>
    da7e:	80 e0       	ldi	r24, 0x00	; 0
    da80:	0e 94 fe 45 	call	0x8bfc	; 0x8bfc <lcd_Set_Aligning_Font>
    da84:	80 e0       	ldi	r24, 0x00	; 0
    da86:	0e 94 f8 45 	call	0x8bf0	; 0x8bf0 <lcd_Set_Edging_Font>
    da8a:	80 e0       	ldi	r24, 0x00	; 0
    da8c:	0e 94 0a 46 	call	0x8c14	; 0x8c14 <lcd_Set_Scale_Font>
    da90:	cc 24       	eor	r12, r12
    da92:	c3 94       	inc	r12
    da94:	74 eb       	ldi	r23, 0xB4	; 180
    da96:	e7 2e       	mov	r14, r23
    da98:	0e e1       	ldi	r16, 0x1E	; 30
    da9a:	20 e0       	ldi	r18, 0x00	; 0
    da9c:	40 e0       	ldi	r20, 0x00	; 0
    da9e:	60 e0       	ldi	r22, 0x00	; 0
    daa0:	8e eb       	ldi	r24, 0xBE	; 190
    daa2:	0e 94 c2 45 	call	0x8b84	; 0x8b84 <lcd_Set_Color_Font_RGB>
    daa6:	e1 2c       	mov	r14, r1
    daa8:	00 e0       	ldi	r16, 0x00	; 0
    daaa:	20 e0       	ldi	r18, 0x00	; 0
    daac:	40 e0       	ldi	r20, 0x00	; 0
    daae:	60 e0       	ldi	r22, 0x00	; 0
    dab0:	80 e0       	ldi	r24, 0x00	; 0
    dab2:	0e 94 c2 45 	call	0x8b84	; 0x8b84 <lcd_Set_Color_Font_RGB>
    dab6:	c1 2c       	mov	r12, r1
    dab8:	ea ef       	ldi	r30, 0xFA	; 250
    daba:	ee 2e       	mov	r14, r30
    dabc:	0a ef       	ldi	r16, 0xFA	; 250
    dabe:	20 e0       	ldi	r18, 0x00	; 0
    dac0:	40 e0       	ldi	r20, 0x00	; 0
    dac2:	6a ef       	ldi	r22, 0xFA	; 250
    dac4:	8a ef       	ldi	r24, 0xFA	; 250
    dac6:	0e 94 c2 45 	call	0x8b84	; 0x8b84 <lcd_Set_Color_Font_RGB>
    daca:	82 e0       	ldi	r24, 0x02	; 2
    dacc:	0e 94 0a 46 	call	0x8c14	; 0x8c14 <lcd_Set_Scale_Font>
    dad0:	81 e0       	ldi	r24, 0x01	; 1
    dad2:	0e 94 fe 45 	call	0x8bfc	; 0x8bfc <lcd_Set_Aligning_Font>
    dad6:	f6 ed       	ldi	r31, 0xD6	; 214
    dad8:	cf 2e       	mov	r12, r31
    dada:	dd 24       	eor	r13, r13
    dadc:	d3 94       	inc	r13
    dade:	a8 e2       	ldi	r26, 0x28	; 40
    dae0:	ea 2e       	mov	r14, r26
    dae2:	f1 2c       	mov	r15, r1
    dae4:	05 e0       	ldi	r16, 0x05	; 5
    dae6:	10 e0       	ldi	r17, 0x00	; 0
    dae8:	21 e0       	ldi	r18, 0x01	; 1
    daea:	44 e4       	ldi	r20, 0x44	; 68
    daec:	53 e4       	ldi	r21, 0x43	; 67
    daee:	61 e0       	ldi	r22, 0x01	; 1
    daf0:	80 e0       	ldi	r24, 0x00	; 0
    daf2:	0e 94 b9 50 	call	0xa172	; 0xa172 <Lcd_Text_Format>
    daf6:	80 e0       	ldi	r24, 0x00	; 0
    daf8:	0e 94 0a 46 	call	0x8c14	; 0x8c14 <lcd_Set_Scale_Font>
    dafc:	80 e0       	ldi	r24, 0x00	; 0
    dafe:	0e 94 fe 45 	call	0x8bfc	; 0x8bfc <lcd_Set_Aligning_Font>
    db02:	b0 e5       	ldi	r27, 0x50	; 80
    db04:	eb 2e       	mov	r14, r27
    db06:	f1 2c       	mov	r15, r1
    db08:	21 e0       	ldi	r18, 0x01	; 1
    db0a:	4b ef       	ldi	r20, 0xFB	; 251
    db0c:	52 e4       	ldi	r21, 0x42	; 66
    db0e:	62 e0       	ldi	r22, 0x02	; 2
    db10:	80 e0       	ldi	r24, 0x00	; 0
    db12:	0e 94 b9 50 	call	0xa172	; 0xa172 <Lcd_Text_Format>
    db16:	c1 2c       	mov	r12, r1
    db18:	d1 2c       	mov	r13, r1
    db1a:	e1 2c       	mov	r14, r1
    db1c:	f1 2c       	mov	r15, r1
    db1e:	00 e0       	ldi	r16, 0x00	; 0
    db20:	10 e0       	ldi	r17, 0x00	; 0
    db22:	21 e0       	ldi	r18, 0x01	; 1
    db24:	4b ef       	ldi	r20, 0xFB	; 251
    db26:	52 e4       	ldi	r21, 0x42	; 66
    db28:	61 e0       	ldi	r22, 0x01	; 1
    db2a:	80 e0       	ldi	r24, 0x00	; 0
    db2c:	0e 94 b9 50 	call	0xa172	; 0xa172 <Lcd_Text_Format>
    db30:	21 e0       	ldi	r18, 0x01	; 1
    db32:	4b ef       	ldi	r20, 0xFB	; 251
    db34:	52 e4       	ldi	r21, 0x42	; 66
    db36:	62 e0       	ldi	r22, 0x02	; 2
    db38:	80 e0       	ldi	r24, 0x00	; 0
    db3a:	0e 94 b9 50 	call	0xa172	; 0xa172 <Lcd_Text_Format>
    db3e:	21 e0       	ldi	r18, 0x01	; 1
    db40:	40 ec       	ldi	r20, 0xC0	; 192
    db42:	52 e4       	ldi	r21, 0x42	; 66
    db44:	61 e0       	ldi	r22, 0x01	; 1
    db46:	80 e0       	ldi	r24, 0x00	; 0
    db48:	0e 94 b9 50 	call	0xa172	; 0xa172 <Lcd_Text_Format>
    db4c:	1c e8       	ldi	r17, 0x8C	; 140
    db4e:	e1 2e       	mov	r14, r17
    db50:	0f ef       	ldi	r16, 0xFF	; 255
    db52:	2c e8       	ldi	r18, 0x8C	; 140
    db54:	40 e0       	ldi	r20, 0x00	; 0
    db56:	6a ef       	ldi	r22, 0xFA	; 250
    db58:	8a ef       	ldi	r24, 0xFA	; 250
    db5a:	0e 94 c2 45 	call	0x8b84	; 0x8b84 <lcd_Set_Color_Font_RGB>
    db5e:	00 e3       	ldi	r16, 0x30	; 48
    db60:	40 2e       	mov	r4, r16
    db62:	4f 92       	push	r4
    db64:	8c e0       	ldi	r24, 0x0C	; 12
    db66:	58 2e       	mov	r5, r24
    db68:	5f 92       	push	r5
    db6a:	9c e2       	ldi	r25, 0x2C	; 44
    db6c:	89 2e       	mov	r8, r25
    db6e:	c1 2c       	mov	r12, r1
    db70:	d1 2c       	mov	r13, r1
    db72:	e1 2c       	mov	r14, r1
    db74:	f1 2c       	mov	r15, r1
    db76:	00 e0       	ldi	r16, 0x00	; 0
    db78:	10 e0       	ldi	r17, 0x00	; 0
    db7a:	2a e6       	ldi	r18, 0x6A	; 106
    db7c:	3a ee       	ldi	r19, 0xEA	; 234
    db7e:	42 e1       	ldi	r20, 0x12	; 18
    db80:	55 ec       	ldi	r21, 0xC5	; 197
    db82:	62 e0       	ldi	r22, 0x02	; 2
    db84:	80 e0       	ldi	r24, 0x00	; 0
    db86:	0e 94 93 53 	call	0xa726	; 0xa726 <Lcd_Text_NumberF>
    db8a:	21 e0       	ldi	r18, 0x01	; 1
    db8c:	4b ef       	ldi	r20, 0xFB	; 251
    db8e:	52 e4       	ldi	r21, 0x42	; 66
    db90:	61 e0       	ldi	r22, 0x01	; 1
    db92:	80 e0       	ldi	r24, 0x00	; 0
    db94:	0e 94 b9 50 	call	0xa172	; 0xa172 <Lcd_Text_Format>
    db98:	21 e0       	ldi	r18, 0x01	; 1
    db9a:	4b ef       	ldi	r20, 0xFB	; 251
    db9c:	52 e4       	ldi	r21, 0x42	; 66
    db9e:	61 e0       	ldi	r22, 0x01	; 1
    dba0:	80 e0       	ldi	r24, 0x00	; 0
    dba2:	0e 94 b9 50 	call	0xa172	; 0xa172 <Lcd_Text_Format>
    dba6:	8f ef       	ldi	r24, 0xFF	; 255
    dba8:	9f e4       	ldi	r25, 0x4F	; 79
    dbaa:	23 ec       	ldi	r18, 0xC3	; 195
    dbac:	81 50       	subi	r24, 0x01	; 1
    dbae:	90 40       	sbci	r25, 0x00	; 0
    dbb0:	20 40       	sbci	r18, 0x00	; 0
    dbb2:	e1 f7       	brne	.-8      	; 0xdbac <lcd_Test480x320Landscape+0x239a>
    dbb4:	00 c0       	rjmp	.+0      	; 0xdbb6 <lcd_Test480x320Landscape+0x23a4>
    dbb6:	00 00       	nop
    dbb8:	28 e7       	ldi	r18, 0x78	; 120
    dbba:	e2 2e       	mov	r14, r18
    dbbc:	08 e7       	ldi	r16, 0x78	; 120
    dbbe:	2c ed       	ldi	r18, 0xDC	; 220
    dbc0:	44 e6       	ldi	r20, 0x64	; 100
    dbc2:	64 e6       	ldi	r22, 0x64	; 100
    dbc4:	84 e6       	ldi	r24, 0x64	; 100
    dbc6:	0e 94 aa 27 	call	0x4f54	; 0x4f54 <lcd_Set_TGradColor_RGB>
    dbca:	23 e0       	ldi	r18, 0x03	; 3
    dbcc:	40 e0       	ldi	r20, 0x00	; 0
    dbce:	60 e0       	ldi	r22, 0x00	; 0
    dbd0:	80 e0       	ldi	r24, 0x00	; 0
    dbd2:	0e 94 db 27 	call	0x4fb6	; 0x4fb6 <Lcd_Grad_Fill_Screen>
    dbd6:	32 e0       	ldi	r19, 0x02	; 2
    dbd8:	c3 2e       	mov	r12, r19
    dbda:	e1 2c       	mov	r14, r1
    dbdc:	00 e0       	ldi	r16, 0x00	; 0
    dbde:	20 e0       	ldi	r18, 0x00	; 0
    dbe0:	40 e0       	ldi	r20, 0x00	; 0
    dbe2:	60 e0       	ldi	r22, 0x00	; 0
    dbe4:	80 e0       	ldi	r24, 0x00	; 0
    dbe6:	0e 94 c2 45 	call	0x8b84	; 0x8b84 <lcd_Set_Color_Font_RGB>
    dbea:	c1 2c       	mov	r12, r1
    dbec:	4a ef       	ldi	r20, 0xFA	; 250
    dbee:	e4 2e       	mov	r14, r20
    dbf0:	0a ef       	ldi	r16, 0xFA	; 250
    dbf2:	20 e0       	ldi	r18, 0x00	; 0
    dbf4:	40 e0       	ldi	r20, 0x00	; 0
    dbf6:	6a ef       	ldi	r22, 0xFA	; 250
    dbf8:	8a ef       	ldi	r24, 0xFA	; 250
    dbfa:	0e 94 c2 45 	call	0x8b84	; 0x8b84 <lcd_Set_Color_Font_RGB>
    dbfe:	81 e0       	ldi	r24, 0x01	; 1
    dc00:	0e 94 fb 45 	call	0x8bf6	; 0x8bf6 <lcd_Set_Transparent_Font>
    dc04:	82 e0       	ldi	r24, 0x02	; 2
    dc06:	0e 94 0a 46 	call	0x8c14	; 0x8c14 <lcd_Set_Scale_Font>
    dc0a:	81 e0       	ldi	r24, 0x01	; 1
    dc0c:	0e 94 fe 45 	call	0x8bfc	; 0x8bfc <lcd_Set_Aligning_Font>
    dc10:	56 ed       	ldi	r21, 0xD6	; 214
    dc12:	c5 2e       	mov	r12, r21
    dc14:	dd 24       	eor	r13, r13
    dc16:	d3 94       	inc	r13
    dc18:	68 e2       	ldi	r22, 0x28	; 40
    dc1a:	e6 2e       	mov	r14, r22
    dc1c:	f1 2c       	mov	r15, r1
    dc1e:	05 e0       	ldi	r16, 0x05	; 5
    dc20:	10 e0       	ldi	r17, 0x00	; 0
    dc22:	21 e0       	ldi	r18, 0x01	; 1
    dc24:	44 e4       	ldi	r20, 0x44	; 68
    dc26:	53 e4       	ldi	r21, 0x43	; 67
    dc28:	61 e0       	ldi	r22, 0x01	; 1
    dc2a:	80 e0       	ldi	r24, 0x00	; 0
    dc2c:	0e 94 b9 50 	call	0xa172	; 0xa172 <Lcd_Text_Format>
    dc30:	80 e0       	ldi	r24, 0x00	; 0
    dc32:	0e 94 0a 46 	call	0x8c14	; 0x8c14 <lcd_Set_Scale_Font>
    dc36:	80 e0       	ldi	r24, 0x00	; 0
    dc38:	0e 94 fe 45 	call	0x8bfc	; 0x8bfc <lcd_Set_Aligning_Font>
    dc3c:	70 e5       	ldi	r23, 0x50	; 80
    dc3e:	e7 2e       	mov	r14, r23
    dc40:	f1 2c       	mov	r15, r1
    dc42:	21 e0       	ldi	r18, 0x01	; 1
    dc44:	4b ef       	ldi	r20, 0xFB	; 251
    dc46:	52 e4       	ldi	r21, 0x42	; 66
    dc48:	62 e0       	ldi	r22, 0x02	; 2
    dc4a:	80 e0       	ldi	r24, 0x00	; 0
    dc4c:	0e 94 b9 50 	call	0xa172	; 0xa172 <Lcd_Text_Format>
    dc50:	c1 2c       	mov	r12, r1
    dc52:	d1 2c       	mov	r13, r1
    dc54:	e1 2c       	mov	r14, r1
    dc56:	f1 2c       	mov	r15, r1
    dc58:	00 e0       	ldi	r16, 0x00	; 0
    dc5a:	10 e0       	ldi	r17, 0x00	; 0
    dc5c:	21 e0       	ldi	r18, 0x01	; 1
    dc5e:	4b ef       	ldi	r20, 0xFB	; 251
    dc60:	52 e4       	ldi	r21, 0x42	; 66
    dc62:	61 e0       	ldi	r22, 0x01	; 1
    dc64:	80 e0       	ldi	r24, 0x00	; 0
    dc66:	0e 94 b9 50 	call	0xa172	; 0xa172 <Lcd_Text_Format>
    dc6a:	21 e0       	ldi	r18, 0x01	; 1
    dc6c:	4b ef       	ldi	r20, 0xFB	; 251
    dc6e:	52 e4       	ldi	r21, 0x42	; 66
    dc70:	62 e0       	ldi	r22, 0x02	; 2
    dc72:	80 e0       	ldi	r24, 0x00	; 0
    dc74:	0e 94 b9 50 	call	0xa172	; 0xa172 <Lcd_Text_Format>
    dc78:	21 e0       	ldi	r18, 0x01	; 1
    dc7a:	40 ec       	ldi	r20, 0xC0	; 192
    dc7c:	52 e4       	ldi	r21, 0x42	; 66
    dc7e:	61 e0       	ldi	r22, 0x01	; 1
    dc80:	80 e0       	ldi	r24, 0x00	; 0
    dc82:	0e 94 b9 50 	call	0xa172	; 0xa172 <Lcd_Text_Format>
    dc86:	ec e8       	ldi	r30, 0x8C	; 140
    dc88:	ee 2e       	mov	r14, r30
    dc8a:	0f ef       	ldi	r16, 0xFF	; 255
    dc8c:	2c e8       	ldi	r18, 0x8C	; 140
    dc8e:	40 e0       	ldi	r20, 0x00	; 0
    dc90:	6a ef       	ldi	r22, 0xFA	; 250
    dc92:	8a ef       	ldi	r24, 0xFA	; 250
    dc94:	0e 94 c2 45 	call	0x8b84	; 0x8b84 <lcd_Set_Color_Font_RGB>
    dc98:	4f 92       	push	r4
    dc9a:	5f 92       	push	r5
    dc9c:	c1 2c       	mov	r12, r1
    dc9e:	d1 2c       	mov	r13, r1
    dca0:	e1 2c       	mov	r14, r1
    dca2:	f1 2c       	mov	r15, r1
    dca4:	00 e0       	ldi	r16, 0x00	; 0
    dca6:	10 e0       	ldi	r17, 0x00	; 0
    dca8:	2a e6       	ldi	r18, 0x6A	; 106
    dcaa:	3a ee       	ldi	r19, 0xEA	; 234
    dcac:	42 e1       	ldi	r20, 0x12	; 18
    dcae:	55 ec       	ldi	r21, 0xC5	; 197
    dcb0:	62 e0       	ldi	r22, 0x02	; 2
    dcb2:	80 e0       	ldi	r24, 0x00	; 0
    dcb4:	0e 94 93 53 	call	0xa726	; 0xa726 <Lcd_Text_NumberF>
    dcb8:	21 e0       	ldi	r18, 0x01	; 1
    dcba:	4b ef       	ldi	r20, 0xFB	; 251
    dcbc:	52 e4       	ldi	r21, 0x42	; 66
    dcbe:	61 e0       	ldi	r22, 0x01	; 1
    dcc0:	80 e0       	ldi	r24, 0x00	; 0
    dcc2:	0e 94 b9 50 	call	0xa172	; 0xa172 <Lcd_Text_Format>
    dcc6:	21 e0       	ldi	r18, 0x01	; 1
    dcc8:	4b ef       	ldi	r20, 0xFB	; 251
    dcca:	52 e4       	ldi	r21, 0x42	; 66
    dccc:	61 e0       	ldi	r22, 0x01	; 1
    dcce:	80 e0       	ldi	r24, 0x00	; 0
    dcd0:	0e 94 b9 50 	call	0xa172	; 0xa172 <Lcd_Text_Format>
    dcd4:	3f ef       	ldi	r19, 0xFF	; 255
    dcd6:	8f e4       	ldi	r24, 0x4F	; 79
    dcd8:	93 ec       	ldi	r25, 0xC3	; 195
    dcda:	31 50       	subi	r19, 0x01	; 1
    dcdc:	80 40       	sbci	r24, 0x00	; 0
    dcde:	90 40       	sbci	r25, 0x00	; 0
    dce0:	e1 f7       	brne	.-8      	; 0xdcda <lcd_Test480x320Landscape+0x24c8>
    dce2:	00 c0       	rjmp	.+0      	; 0xdce4 <lcd_Test480x320Landscape+0x24d2>
    dce4:	00 00       	nop
    dce6:	fa ef       	ldi	r31, 0xFA	; 250
    dce8:	ef 2e       	mov	r14, r31
    dcea:	0a ef       	ldi	r16, 0xFA	; 250
    dcec:	20 e0       	ldi	r18, 0x00	; 0
    dcee:	40 e0       	ldi	r20, 0x00	; 0
    dcf0:	6a ef       	ldi	r22, 0xFA	; 250
    dcf2:	8a ef       	ldi	r24, 0xFA	; 250
    dcf4:	0e 94 c2 45 	call	0x8b84	; 0x8b84 <lcd_Set_Color_Font_RGB>
    dcf8:	23 e0       	ldi	r18, 0x03	; 3
    dcfa:	40 e0       	ldi	r20, 0x00	; 0
    dcfc:	60 e0       	ldi	r22, 0x00	; 0
    dcfe:	80 e0       	ldi	r24, 0x00	; 0
    dd00:	0e 94 db 27 	call	0x4fb6	; 0x4fb6 <Lcd_Grad_Fill_Screen>
    dd04:	82 e0       	ldi	r24, 0x02	; 2
    dd06:	0e 94 0a 46 	call	0x8c14	; 0x8c14 <lcd_Set_Scale_Font>
    dd0a:	81 e0       	ldi	r24, 0x01	; 1
    dd0c:	0e 94 fe 45 	call	0x8bfc	; 0x8bfc <lcd_Set_Aligning_Font>
    dd10:	81 e0       	ldi	r24, 0x01	; 1
    dd12:	0e 94 f8 45 	call	0x8bf0	; 0x8bf0 <lcd_Set_Edging_Font>
    dd16:	a6 ed       	ldi	r26, 0xD6	; 214
    dd18:	ca 2e       	mov	r12, r26
    dd1a:	dd 24       	eor	r13, r13
    dd1c:	d3 94       	inc	r13
    dd1e:	b8 e2       	ldi	r27, 0x28	; 40
    dd20:	eb 2e       	mov	r14, r27
    dd22:	f1 2c       	mov	r15, r1
    dd24:	05 e0       	ldi	r16, 0x05	; 5
    dd26:	10 e0       	ldi	r17, 0x00	; 0
    dd28:	21 e0       	ldi	r18, 0x01	; 1
    dd2a:	46 e3       	ldi	r20, 0x36	; 54
    dd2c:	53 e4       	ldi	r21, 0x43	; 67
    dd2e:	61 e0       	ldi	r22, 0x01	; 1
    dd30:	80 e0       	ldi	r24, 0x00	; 0
    dd32:	0e 94 b9 50 	call	0xa172	; 0xa172 <Lcd_Text_Format>
    dd36:	80 e0       	ldi	r24, 0x00	; 0
    dd38:	0e 94 0a 46 	call	0x8c14	; 0x8c14 <lcd_Set_Scale_Font>
    dd3c:	80 e0       	ldi	r24, 0x00	; 0
    dd3e:	0e 94 fe 45 	call	0x8bfc	; 0x8bfc <lcd_Set_Aligning_Font>
    dd42:	80 e5       	ldi	r24, 0x50	; 80
    dd44:	e8 2e       	mov	r14, r24
    dd46:	f1 2c       	mov	r15, r1
    dd48:	21 e0       	ldi	r18, 0x01	; 1
    dd4a:	4b ef       	ldi	r20, 0xFB	; 251
    dd4c:	52 e4       	ldi	r21, 0x42	; 66
    dd4e:	62 e0       	ldi	r22, 0x02	; 2
    dd50:	80 e0       	ldi	r24, 0x00	; 0
    dd52:	0e 94 b9 50 	call	0xa172	; 0xa172 <Lcd_Text_Format>
    dd56:	c1 2c       	mov	r12, r1
    dd58:	d1 2c       	mov	r13, r1
    dd5a:	e1 2c       	mov	r14, r1
    dd5c:	f1 2c       	mov	r15, r1
    dd5e:	00 e0       	ldi	r16, 0x00	; 0
    dd60:	10 e0       	ldi	r17, 0x00	; 0
    dd62:	21 e0       	ldi	r18, 0x01	; 1
    dd64:	4b ef       	ldi	r20, 0xFB	; 251
    dd66:	52 e4       	ldi	r21, 0x42	; 66
    dd68:	61 e0       	ldi	r22, 0x01	; 1
    dd6a:	80 e0       	ldi	r24, 0x00	; 0
    dd6c:	0e 94 b9 50 	call	0xa172	; 0xa172 <Lcd_Text_Format>
    dd70:	21 e0       	ldi	r18, 0x01	; 1
    dd72:	4b ef       	ldi	r20, 0xFB	; 251
    dd74:	52 e4       	ldi	r21, 0x42	; 66
    dd76:	62 e0       	ldi	r22, 0x02	; 2
    dd78:	80 e0       	ldi	r24, 0x00	; 0
    dd7a:	0e 94 b9 50 	call	0xa172	; 0xa172 <Lcd_Text_Format>
    dd7e:	21 e0       	ldi	r18, 0x01	; 1
    dd80:	40 ec       	ldi	r20, 0xC0	; 192
    dd82:	52 e4       	ldi	r21, 0x42	; 66
    dd84:	61 e0       	ldi	r22, 0x01	; 1
    dd86:	80 e0       	ldi	r24, 0x00	; 0
    dd88:	0e 94 b9 50 	call	0xa172	; 0xa172 <Lcd_Text_Format>
    dd8c:	9c e8       	ldi	r25, 0x8C	; 140
    dd8e:	e9 2e       	mov	r14, r25
    dd90:	0f ef       	ldi	r16, 0xFF	; 255
    dd92:	2c e8       	ldi	r18, 0x8C	; 140
    dd94:	40 e0       	ldi	r20, 0x00	; 0
    dd96:	6a ef       	ldi	r22, 0xFA	; 250
    dd98:	8a ef       	ldi	r24, 0xFA	; 250
    dd9a:	0e 94 c2 45 	call	0x8b84	; 0x8b84 <lcd_Set_Color_Font_RGB>
    dd9e:	4f 92       	push	r4
    dda0:	5f 92       	push	r5
    dda2:	c1 2c       	mov	r12, r1
    dda4:	d1 2c       	mov	r13, r1
    dda6:	e1 2c       	mov	r14, r1
    dda8:	f1 2c       	mov	r15, r1
    ddaa:	00 e0       	ldi	r16, 0x00	; 0
    ddac:	10 e0       	ldi	r17, 0x00	; 0
    ddae:	2a e6       	ldi	r18, 0x6A	; 106
    ddb0:	3a ee       	ldi	r19, 0xEA	; 234
    ddb2:	42 e1       	ldi	r20, 0x12	; 18
    ddb4:	55 ec       	ldi	r21, 0xC5	; 197
    ddb6:	62 e0       	ldi	r22, 0x02	; 2
    ddb8:	80 e0       	ldi	r24, 0x00	; 0
    ddba:	0e 94 93 53 	call	0xa726	; 0xa726 <Lcd_Text_NumberF>
    ddbe:	21 e0       	ldi	r18, 0x01	; 1
    ddc0:	4b ef       	ldi	r20, 0xFB	; 251
    ddc2:	52 e4       	ldi	r21, 0x42	; 66
    ddc4:	61 e0       	ldi	r22, 0x01	; 1
    ddc6:	80 e0       	ldi	r24, 0x00	; 0
    ddc8:	0e 94 b9 50 	call	0xa172	; 0xa172 <Lcd_Text_Format>
    ddcc:	21 e0       	ldi	r18, 0x01	; 1
    ddce:	4b ef       	ldi	r20, 0xFB	; 251
    ddd0:	52 e4       	ldi	r21, 0x42	; 66
    ddd2:	61 e0       	ldi	r22, 0x01	; 1
    ddd4:	80 e0       	ldi	r24, 0x00	; 0
    ddd6:	0e 94 b9 50 	call	0xa172	; 0xa172 <Lcd_Text_Format>
    ddda:	2f ef       	ldi	r18, 0xFF	; 255
    dddc:	3f e4       	ldi	r19, 0x4F	; 79
    ddde:	83 ec       	ldi	r24, 0xC3	; 195
    dde0:	21 50       	subi	r18, 0x01	; 1
    dde2:	30 40       	sbci	r19, 0x00	; 0
    dde4:	80 40       	sbci	r24, 0x00	; 0
    dde6:	e1 f7       	brne	.-8      	; 0xdde0 <lcd_Test480x320Landscape+0x25ce>
    dde8:	00 c0       	rjmp	.+0      	; 0xddea <lcd_Test480x320Landscape+0x25d8>
    ddea:	00 00       	nop
    ddec:	20 e0       	ldi	r18, 0x00	; 0
    ddee:	40 e0       	ldi	r20, 0x00	; 0
    ddf0:	60 e0       	ldi	r22, 0x00	; 0
    ddf2:	80 e0       	ldi	r24, 0x00	; 0
    ddf4:	0e 94 8e 27 	call	0x4f1c	; 0x4f1c <lcd_Set_TColor_RGB>
    ddf8:	80 e0       	ldi	r24, 0x00	; 0
    ddfa:	0e 94 ca 27 	call	0x4f94	; 0x4f94 <Lcd_Fill_Screen>
    ddfe:	8a ee       	ldi	r24, 0xEA	; 234
    de00:	99 e0       	ldi	r25, 0x09	; 9
    de02:	0e 94 9b 45 	call	0x8b36	; 0x8b36 <lcd_Set_Font>
    de06:	22 e0       	ldi	r18, 0x02	; 2
    de08:	c2 2e       	mov	r12, r18
    de0a:	20 e0       	ldi	r18, 0x00	; 0
    de0c:	40 e0       	ldi	r20, 0x00	; 0
    de0e:	60 e0       	ldi	r22, 0x00	; 0
    de10:	80 e0       	ldi	r24, 0x00	; 0
    de12:	0e 94 c2 45 	call	0x8b84	; 0x8b84 <lcd_Set_Color_Font_RGB>
    de16:	80 e0       	ldi	r24, 0x00	; 0
    de18:	0e 94 04 46 	call	0x8c08	; 0x8c08 <lcd_Set_Kerning_Font>
    de1c:	81 e0       	ldi	r24, 0x01	; 1
    de1e:	0e 94 f8 45 	call	0x8bf0	; 0x8bf0 <lcd_Set_Edging_Font>
    de22:	81 e0       	ldi	r24, 0x01	; 1
    de24:	0e 94 0a 46 	call	0x8c14	; 0x8c14 <lcd_Set_Scale_Font>
    de28:	81 e0       	ldi	r24, 0x01	; 1
    de2a:	0e 94 fe 45 	call	0x8bfc	; 0x8bfc <lcd_Set_Aligning_Font>
    de2e:	1f 92       	push	r1
    de30:	1f 92       	push	r1
    de32:	6f 92       	push	r6
    de34:	bf 92       	push	r11
    de36:	1f 92       	push	r1
    de38:	1f 92       	push	r1
    de3a:	35 e0       	ldi	r19, 0x05	; 5
    de3c:	53 2e       	mov	r5, r19
    de3e:	5f 92       	push	r5
    de40:	43 e0       	ldi	r20, 0x03	; 3
    de42:	84 2e       	mov	r8, r20
    de44:	55 e0       	ldi	r21, 0x05	; 5
    de46:	a5 2e       	mov	r10, r21
    de48:	60 e1       	ldi	r22, 0x10	; 16
    de4a:	c6 2e       	mov	r12, r22
    de4c:	72 e3       	ldi	r23, 0x32	; 50
    de4e:	e7 2e       	mov	r14, r23
    de50:	f1 2c       	mov	r15, r1
    de52:	04 e6       	ldi	r16, 0x64	; 100
    de54:	10 e0       	ldi	r17, 0x00	; 0
    de56:	20 e0       	ldi	r18, 0x00	; 0
    de58:	30 e0       	ldi	r19, 0x00	; 0
    de5a:	44 e1       	ldi	r20, 0x14	; 20
    de5c:	50 e0       	ldi	r21, 0x00	; 0
    de5e:	61 e0       	ldi	r22, 0x01	; 1
    de60:	80 e0       	ldi	r24, 0x00	; 0
    de62:	0e 94 52 55 	call	0xaaa4	; 0xaaa4 <Lcd_Multi_three_Round>
    de66:	81 e0       	ldi	r24, 0x01	; 1
    de68:	0e 94 03 55 	call	0xaa06	; 0xaa06 <lcd_Set_Grad_Color_MultiRoundPrintFlash>
    de6c:	e4 e6       	ldi	r30, 0x64	; 100
    de6e:	ce 2e       	mov	r12, r30
    de70:	d1 2c       	mov	r13, r1
    de72:	f1 e2       	ldi	r31, 0x21	; 33
    de74:	ef 2e       	mov	r14, r31
    de76:	f1 2c       	mov	r15, r1
    de78:	04 e1       	ldi	r16, 0x14	; 20
    de7a:	10 e0       	ldi	r17, 0x00	; 0
    de7c:	21 e0       	ldi	r18, 0x01	; 1
    de7e:	4a eb       	ldi	r20, 0xBA	; 186
    de80:	52 e4       	ldi	r21, 0x42	; 66
    de82:	66 e0       	ldi	r22, 0x06	; 6
    de84:	80 e0       	ldi	r24, 0x00	; 0
    de86:	0e 94 b9 50 	call	0xa172	; 0xa172 <Lcd_Text_Format>
    de8a:	1f 92       	push	r1
    de8c:	1f 92       	push	r1
    de8e:	6f 92       	push	r6
    de90:	bf 92       	push	r11
    de92:	1f 92       	push	r1
    de94:	1f 92       	push	r1
    de96:	5f 92       	push	r5
    de98:	a0 e1       	ldi	r26, 0x10	; 16
    de9a:	ca 2e       	mov	r12, r26
    de9c:	b2 e3       	ldi	r27, 0x32	; 50
    de9e:	eb 2e       	mov	r14, r27
    dea0:	f1 2c       	mov	r15, r1
    dea2:	04 e6       	ldi	r16, 0x64	; 100
    dea4:	10 e0       	ldi	r17, 0x00	; 0
    dea6:	20 e0       	ldi	r18, 0x00	; 0
    dea8:	30 e0       	ldi	r19, 0x00	; 0
    deaa:	42 e8       	ldi	r20, 0x82	; 130
    deac:	50 e0       	ldi	r21, 0x00	; 0
    deae:	61 e0       	ldi	r22, 0x01	; 1
    deb0:	81 e0       	ldi	r24, 0x01	; 1
    deb2:	0e 94 52 55 	call	0xaaa4	; 0xaaa4 <Lcd_Multi_three_Round>
    deb6:	81 e0       	ldi	r24, 0x01	; 1
    deb8:	0e 94 03 55 	call	0xaa06	; 0xaa06 <lcd_Set_Grad_Color_MultiRoundPrintFlash>
    debc:	14 e6       	ldi	r17, 0x64	; 100
    debe:	c1 2e       	mov	r12, r17
    dec0:	d1 2c       	mov	r13, r1
    dec2:	01 e2       	ldi	r16, 0x21	; 33
    dec4:	e0 2e       	mov	r14, r16
    dec6:	f1 2c       	mov	r15, r1
    dec8:	02 e8       	ldi	r16, 0x82	; 130
    deca:	10 e0       	ldi	r17, 0x00	; 0
    decc:	21 e0       	ldi	r18, 0x01	; 1
    dece:	44 eb       	ldi	r20, 0xB4	; 180
    ded0:	52 e4       	ldi	r21, 0x42	; 66
    ded2:	66 e0       	ldi	r22, 0x06	; 6
    ded4:	81 e0       	ldi	r24, 0x01	; 1
    ded6:	0e 94 b9 50 	call	0xa172	; 0xa172 <Lcd_Text_Format>
    deda:	7f 92       	push	r7
    dedc:	1f 92       	push	r1
    dede:	9f 92       	push	r9
    dee0:	bf 92       	push	r11
    dee2:	1f 92       	push	r1
    dee4:	1f 92       	push	r1
    dee6:	9f 92       	push	r9
    dee8:	83 e0       	ldi	r24, 0x03	; 3
    deea:	a8 2e       	mov	r10, r24
    deec:	90 e1       	ldi	r25, 0x10	; 16
    deee:	c9 2e       	mov	r12, r25
    def0:	22 e3       	ldi	r18, 0x32	; 50
    def2:	e2 2e       	mov	r14, r18
    def4:	f1 2c       	mov	r15, r1
    def6:	04 e6       	ldi	r16, 0x64	; 100
    def8:	10 e0       	ldi	r17, 0x00	; 0
    defa:	20 e0       	ldi	r18, 0x00	; 0
    defc:	30 e0       	ldi	r19, 0x00	; 0
    defe:	40 ef       	ldi	r20, 0xF0	; 240
    df00:	50 e0       	ldi	r21, 0x00	; 0
    df02:	61 e0       	ldi	r22, 0x01	; 1
    df04:	80 e0       	ldi	r24, 0x00	; 0
    df06:	0e 94 52 55 	call	0xaaa4	; 0xaaa4 <Lcd_Multi_three_Round>
    df0a:	0f b6       	in	r0, 0x3f	; 63
    df0c:	f8 94       	cli
    df0e:	de bf       	out	0x3e, r29	; 62
    df10:	0f be       	out	0x3f, r0	; 63
    df12:	cd bf       	out	0x3d, r28	; 61
    df14:	81 e0       	ldi	r24, 0x01	; 1
    df16:	0e 94 03 55 	call	0xaa06	; 0xaa06 <lcd_Set_Grad_Color_MultiRoundPrintFlash>
    df1a:	34 e6       	ldi	r19, 0x64	; 100
    df1c:	c3 2e       	mov	r12, r19
    df1e:	d1 2c       	mov	r13, r1
    df20:	42 e2       	ldi	r20, 0x22	; 34
    df22:	e4 2e       	mov	r14, r20
    df24:	f1 2c       	mov	r15, r1
    df26:	00 ef       	ldi	r16, 0xF0	; 240
    df28:	10 e0       	ldi	r17, 0x00	; 0
    df2a:	21 e0       	ldi	r18, 0x01	; 1
    df2c:	4e ea       	ldi	r20, 0xAE	; 174
    df2e:	52 e4       	ldi	r21, 0x42	; 66
    df30:	64 e0       	ldi	r22, 0x04	; 4
    df32:	80 e0       	ldi	r24, 0x00	; 0
    df34:	0e 94 b9 50 	call	0xa172	; 0xa172 <Lcd_Text_Format>
    df38:	7f 92       	push	r7
    df3a:	1f 92       	push	r1
    df3c:	9f 92       	push	r9
    df3e:	bf 92       	push	r11
    df40:	1f 92       	push	r1
    df42:	1f 92       	push	r1
    df44:	9f 92       	push	r9
    df46:	50 e1       	ldi	r21, 0x10	; 16
    df48:	c5 2e       	mov	r12, r21
    df4a:	62 e3       	ldi	r22, 0x32	; 50
    df4c:	e6 2e       	mov	r14, r22
    df4e:	f1 2c       	mov	r15, r1
    df50:	04 e6       	ldi	r16, 0x64	; 100
    df52:	10 e0       	ldi	r17, 0x00	; 0
    df54:	20 e0       	ldi	r18, 0x00	; 0
    df56:	30 e0       	ldi	r19, 0x00	; 0
    df58:	4e e5       	ldi	r20, 0x5E	; 94
    df5a:	51 e0       	ldi	r21, 0x01	; 1
    df5c:	61 e0       	ldi	r22, 0x01	; 1
    df5e:	81 e0       	ldi	r24, 0x01	; 1
    df60:	0e 94 52 55 	call	0xaaa4	; 0xaaa4 <Lcd_Multi_three_Round>
    df64:	81 e0       	ldi	r24, 0x01	; 1
    df66:	0e 94 03 55 	call	0xaa06	; 0xaa06 <lcd_Set_Grad_Color_MultiRoundPrintFlash>
    df6a:	74 e6       	ldi	r23, 0x64	; 100
    df6c:	c7 2e       	mov	r12, r23
    df6e:	d1 2c       	mov	r13, r1
    df70:	e1 e2       	ldi	r30, 0x21	; 33
    df72:	ee 2e       	mov	r14, r30
    df74:	f1 2c       	mov	r15, r1
    df76:	0e e5       	ldi	r16, 0x5E	; 94
    df78:	11 e0       	ldi	r17, 0x01	; 1
    df7a:	21 e0       	ldi	r18, 0x01	; 1
    df7c:	48 ea       	ldi	r20, 0xA8	; 168
    df7e:	52 e4       	ldi	r21, 0x42	; 66
    df80:	64 e0       	ldi	r22, 0x04	; 4
    df82:	81 e0       	ldi	r24, 0x01	; 1
    df84:	0e 94 b9 50 	call	0xa172	; 0xa172 <Lcd_Text_Format>
    df88:	1f 92       	push	r1
    df8a:	1f 92       	push	r1
    df8c:	5f 92       	push	r5
    df8e:	bf 92       	push	r11
    df90:	1f 92       	push	r1
    df92:	1f 92       	push	r1
    df94:	6f 92       	push	r6
    df96:	f6 e0       	ldi	r31, 0x06	; 6
    df98:	af 2e       	mov	r10, r31
    df9a:	a0 e1       	ldi	r26, 0x10	; 16
    df9c:	ca 2e       	mov	r12, r26
    df9e:	b2 e3       	ldi	r27, 0x32	; 50
    dfa0:	eb 2e       	mov	r14, r27
    dfa2:	f1 2c       	mov	r15, r1
    dfa4:	04 e6       	ldi	r16, 0x64	; 100
    dfa6:	10 e0       	ldi	r17, 0x00	; 0
    dfa8:	2c e3       	ldi	r18, 0x3C	; 60
    dfaa:	30 e0       	ldi	r19, 0x00	; 0
    dfac:	44 e1       	ldi	r20, 0x14	; 20
    dfae:	50 e0       	ldi	r21, 0x00	; 0
    dfb0:	61 e0       	ldi	r22, 0x01	; 1
    dfb2:	80 e0       	ldi	r24, 0x00	; 0
    dfb4:	0e 94 52 55 	call	0xaaa4	; 0xaaa4 <Lcd_Multi_three_Round>
    dfb8:	81 e0       	ldi	r24, 0x01	; 1
    dfba:	0e 94 03 55 	call	0xaa06	; 0xaa06 <lcd_Set_Grad_Color_MultiRoundPrintFlash>
    dfbe:	83 e0       	ldi	r24, 0x03	; 3
    dfc0:	0e 94 f8 45 	call	0x8bf0	; 0x8bf0 <lcd_Set_Edging_Font>
    dfc4:	14 e6       	ldi	r17, 0x64	; 100
    dfc6:	c1 2e       	mov	r12, r17
    dfc8:	d1 2c       	mov	r13, r1
    dfca:	0d e5       	ldi	r16, 0x5D	; 93
    dfcc:	e0 2e       	mov	r14, r16
    dfce:	f1 2c       	mov	r15, r1
    dfd0:	04 e1       	ldi	r16, 0x14	; 20
    dfd2:	10 e0       	ldi	r17, 0x00	; 0
    dfd4:	21 e0       	ldi	r18, 0x01	; 1
    dfd6:	43 ea       	ldi	r20, 0xA3	; 163
    dfd8:	52 e4       	ldi	r21, 0x42	; 66
    dfda:	65 e0       	ldi	r22, 0x05	; 5
    dfdc:	80 e0       	ldi	r24, 0x00	; 0
    dfde:	0e 94 b9 50 	call	0xa172	; 0xa172 <Lcd_Text_Format>
    dfe2:	1f 92       	push	r1
    dfe4:	1f 92       	push	r1
    dfe6:	5f 92       	push	r5
    dfe8:	bf 92       	push	r11
    dfea:	1f 92       	push	r1
    dfec:	1f 92       	push	r1
    dfee:	6f 92       	push	r6
    dff0:	80 e1       	ldi	r24, 0x10	; 16
    dff2:	c8 2e       	mov	r12, r24
    dff4:	92 e3       	ldi	r25, 0x32	; 50
    dff6:	e9 2e       	mov	r14, r25
    dff8:	f1 2c       	mov	r15, r1
    dffa:	04 e6       	ldi	r16, 0x64	; 100
    dffc:	10 e0       	ldi	r17, 0x00	; 0
    dffe:	2c e3       	ldi	r18, 0x3C	; 60
    e000:	30 e0       	ldi	r19, 0x00	; 0
    e002:	42 e8       	ldi	r20, 0x82	; 130
    e004:	50 e0       	ldi	r21, 0x00	; 0
    e006:	61 e0       	ldi	r22, 0x01	; 1
    e008:	81 e0       	ldi	r24, 0x01	; 1
    e00a:	0e 94 52 55 	call	0xaaa4	; 0xaaa4 <Lcd_Multi_three_Round>
    e00e:	81 e0       	ldi	r24, 0x01	; 1
    e010:	0e 94 03 55 	call	0xaa06	; 0xaa06 <lcd_Set_Grad_Color_MultiRoundPrintFlash>
    e014:	83 e0       	ldi	r24, 0x03	; 3
    e016:	0e 94 f8 45 	call	0x8bf0	; 0x8bf0 <lcd_Set_Edging_Font>
    e01a:	24 e6       	ldi	r18, 0x64	; 100
    e01c:	c2 2e       	mov	r12, r18
    e01e:	d1 2c       	mov	r13, r1
    e020:	3d e5       	ldi	r19, 0x5D	; 93
    e022:	e3 2e       	mov	r14, r19
    e024:	f1 2c       	mov	r15, r1
    e026:	02 e8       	ldi	r16, 0x82	; 130
    e028:	10 e0       	ldi	r17, 0x00	; 0
    e02a:	21 e0       	ldi	r18, 0x01	; 1
    e02c:	4d e9       	ldi	r20, 0x9D	; 157
    e02e:	52 e4       	ldi	r21, 0x42	; 66
    e030:	65 e0       	ldi	r22, 0x05	; 5
    e032:	81 e0       	ldi	r24, 0x01	; 1
    e034:	0e 94 b9 50 	call	0xa172	; 0xa172 <Lcd_Text_Format>
    e038:	99 24       	eor	r9, r9
    e03a:	9a 94       	dec	r9
    e03c:	9f 92       	push	r9
    e03e:	1f 92       	push	r1
    e040:	bf 92       	push	r11
    e042:	bf 92       	push	r11
    e044:	1f 92       	push	r1
    e046:	1f 92       	push	r1
    e048:	bf 92       	push	r11
    e04a:	44 e0       	ldi	r20, 0x04	; 4
    e04c:	a4 2e       	mov	r10, r20
    e04e:	50 e1       	ldi	r21, 0x10	; 16
    e050:	c5 2e       	mov	r12, r21
    e052:	62 e3       	ldi	r22, 0x32	; 50
    e054:	e6 2e       	mov	r14, r22
    e056:	f1 2c       	mov	r15, r1
    e058:	04 e6       	ldi	r16, 0x64	; 100
    e05a:	10 e0       	ldi	r17, 0x00	; 0
    e05c:	2c e3       	ldi	r18, 0x3C	; 60
    e05e:	30 e0       	ldi	r19, 0x00	; 0
    e060:	40 ef       	ldi	r20, 0xF0	; 240
    e062:	50 e0       	ldi	r21, 0x00	; 0
    e064:	61 e0       	ldi	r22, 0x01	; 1
    e066:	80 e0       	ldi	r24, 0x00	; 0
    e068:	0e 94 52 55 	call	0xaaa4	; 0xaaa4 <Lcd_Multi_three_Round>
    e06c:	81 e0       	ldi	r24, 0x01	; 1
    e06e:	0e 94 03 55 	call	0xaa06	; 0xaa06 <lcd_Set_Grad_Color_MultiRoundPrintFlash>
    e072:	83 e0       	ldi	r24, 0x03	; 3
    e074:	0e 94 f8 45 	call	0x8bf0	; 0x8bf0 <lcd_Set_Edging_Font>
    e078:	74 e6       	ldi	r23, 0x64	; 100
    e07a:	c7 2e       	mov	r12, r23
    e07c:	d1 2c       	mov	r13, r1
    e07e:	ec e5       	ldi	r30, 0x5C	; 92
    e080:	ee 2e       	mov	r14, r30
    e082:	f1 2c       	mov	r15, r1
    e084:	00 ef       	ldi	r16, 0xF0	; 240
    e086:	10 e0       	ldi	r17, 0x00	; 0
    e088:	21 e0       	ldi	r18, 0x01	; 1
    e08a:	47 e9       	ldi	r20, 0x97	; 151
    e08c:	52 e4       	ldi	r21, 0x42	; 66
    e08e:	63 e0       	ldi	r22, 0x03	; 3
    e090:	80 e0       	ldi	r24, 0x00	; 0
    e092:	0e 94 b9 50 	call	0xa172	; 0xa172 <Lcd_Text_Format>
    e096:	9f 92       	push	r9
    e098:	1f 92       	push	r1
    e09a:	bf 92       	push	r11
    e09c:	bf 92       	push	r11
    e09e:	1f 92       	push	r1
    e0a0:	1f 92       	push	r1
    e0a2:	bf 92       	push	r11
    e0a4:	f0 e1       	ldi	r31, 0x10	; 16
    e0a6:	cf 2e       	mov	r12, r31
    e0a8:	a2 e3       	ldi	r26, 0x32	; 50
    e0aa:	ea 2e       	mov	r14, r26
    e0ac:	f1 2c       	mov	r15, r1
    e0ae:	04 e6       	ldi	r16, 0x64	; 100
    e0b0:	10 e0       	ldi	r17, 0x00	; 0
    e0b2:	2c e3       	ldi	r18, 0x3C	; 60
    e0b4:	30 e0       	ldi	r19, 0x00	; 0
    e0b6:	4e e5       	ldi	r20, 0x5E	; 94
    e0b8:	51 e0       	ldi	r21, 0x01	; 1
    e0ba:	61 e0       	ldi	r22, 0x01	; 1
    e0bc:	81 e0       	ldi	r24, 0x01	; 1
    e0be:	0e 94 52 55 	call	0xaaa4	; 0xaaa4 <Lcd_Multi_three_Round>
    e0c2:	0f b6       	in	r0, 0x3f	; 63
    e0c4:	f8 94       	cli
    e0c6:	de bf       	out	0x3e, r29	; 62
    e0c8:	0f be       	out	0x3f, r0	; 63
    e0ca:	cd bf       	out	0x3d, r28	; 61
    e0cc:	81 e0       	ldi	r24, 0x01	; 1
    e0ce:	0e 94 03 55 	call	0xaa06	; 0xaa06 <lcd_Set_Grad_Color_MultiRoundPrintFlash>
    e0d2:	82 e0       	ldi	r24, 0x02	; 2
    e0d4:	0e 94 f8 45 	call	0x8bf0	; 0x8bf0 <lcd_Set_Edging_Font>
    e0d8:	b4 e6       	ldi	r27, 0x64	; 100
    e0da:	cb 2e       	mov	r12, r27
    e0dc:	d1 2c       	mov	r13, r1
    e0de:	1d e5       	ldi	r17, 0x5D	; 93
    e0e0:	e1 2e       	mov	r14, r17
    e0e2:	f1 2c       	mov	r15, r1
    e0e4:	0e e5       	ldi	r16, 0x5E	; 94
    e0e6:	11 e0       	ldi	r17, 0x01	; 1
    e0e8:	21 e0       	ldi	r18, 0x01	; 1
    e0ea:	41 e9       	ldi	r20, 0x91	; 145
    e0ec:	52 e4       	ldi	r21, 0x42	; 66
    e0ee:	63 e0       	ldi	r22, 0x03	; 3
    e0f0:	81 e0       	ldi	r24, 0x01	; 1
    e0f2:	0e 94 b9 50 	call	0xa172	; 0xa172 <Lcd_Text_Format>
    e0f6:	8b ef       	ldi	r24, 0xFB	; 251
    e0f8:	0e 94 07 46 	call	0x8c0e	; 0x8c0e <lcd_Set_Spacing_Font>
    e0fc:	80 e0       	ldi	r24, 0x00	; 0
    e0fe:	0e 94 f8 45 	call	0x8bf0	; 0x8bf0 <lcd_Set_Edging_Font>
    e102:	82 e0       	ldi	r24, 0x02	; 2
    e104:	0e 94 0a 46 	call	0x8c14	; 0x8c14 <lcd_Set_Scale_Font>
    e108:	c1 2c       	mov	r12, r1
    e10a:	ee 24       	eor	r14, r14
    e10c:	ea 94       	dec	r14
    e10e:	06 e9       	ldi	r16, 0x96	; 150
    e110:	20 e0       	ldi	r18, 0x00	; 0
    e112:	40 e0       	ldi	r20, 0x00	; 0
    e114:	66 e9       	ldi	r22, 0x96	; 150
    e116:	8f ef       	ldi	r24, 0xFF	; 255
    e118:	0e 94 c2 45 	call	0x8b84	; 0x8b84 <lcd_Set_Color_Font_RGB>
    e11c:	cc 24       	eor	r12, r12
    e11e:	c3 94       	inc	r12
    e120:	04 eb       	ldi	r16, 0xB4	; 180
    e122:	e0 2e       	mov	r14, r16
    e124:	0e e1       	ldi	r16, 0x1E	; 30
    e126:	20 e0       	ldi	r18, 0x00	; 0
    e128:	40 e0       	ldi	r20, 0x00	; 0
    e12a:	60 e0       	ldi	r22, 0x00	; 0
    e12c:	8e eb       	ldi	r24, 0xBE	; 190
    e12e:	0e 94 c2 45 	call	0x8b84	; 0x8b84 <lcd_Set_Color_Font_RGB>
    e132:	82 e0       	ldi	r24, 0x02	; 2
    e134:	c8 2e       	mov	r12, r24
    e136:	98 ec       	ldi	r25, 0xC8	; 200
    e138:	e9 2e       	mov	r14, r25
    e13a:	08 ec       	ldi	r16, 0xC8	; 200
    e13c:	28 ec       	ldi	r18, 0xC8	; 200
    e13e:	48 ec       	ldi	r20, 0xC8	; 200
    e140:	68 ec       	ldi	r22, 0xC8	; 200
    e142:	88 ec       	ldi	r24, 0xC8	; 200
    e144:	0e 94 c2 45 	call	0x8b84	; 0x8b84 <lcd_Set_Color_Font_RGB>
    e148:	20 ee       	ldi	r18, 0xE0	; 224
    e14a:	c2 2e       	mov	r12, r18
    e14c:	dd 24       	eor	r13, r13
    e14e:	d3 94       	inc	r13
    e150:	3f ea       	ldi	r19, 0xAF	; 175
    e152:	e3 2e       	mov	r14, r19
    e154:	f1 2c       	mov	r15, r1
    e156:	01 e0       	ldi	r16, 0x01	; 1
    e158:	10 e0       	ldi	r17, 0x00	; 0
    e15a:	21 e0       	ldi	r18, 0x01	; 1
    e15c:	49 e7       	ldi	r20, 0x79	; 121
    e15e:	52 e4       	ldi	r21, 0x42	; 66
    e160:	65 e0       	ldi	r22, 0x05	; 5
    e162:	81 e0       	ldi	r24, 0x01	; 1
    e164:	0e 94 b9 50 	call	0xa172	; 0xa172 <Lcd_Text_Format>
    e168:	c1 2c       	mov	r12, r1
    e16a:	e1 2c       	mov	r14, r1
    e16c:	00 e0       	ldi	r16, 0x00	; 0
    e16e:	26 ee       	ldi	r18, 0xE6	; 230
    e170:	4f ef       	ldi	r20, 0xFF	; 255
    e172:	68 e7       	ldi	r22, 0x78	; 120
    e174:	80 e0       	ldi	r24, 0x00	; 0
    e176:	0e 94 c2 45 	call	0x8b84	; 0x8b84 <lcd_Set_Color_Font_RGB>
    e17a:	85 e0       	ldi	r24, 0x05	; 5
    e17c:	0e 94 f8 45 	call	0x8bf0	; 0x8bf0 <lcd_Set_Edging_Font>
    e180:	81 e0       	ldi	r24, 0x01	; 1
    e182:	0e 94 04 46 	call	0x8c08	; 0x8c08 <lcd_Set_Kerning_Font>
    e186:	46 ed       	ldi	r20, 0xD6	; 214
    e188:	c4 2e       	mov	r12, r20
    e18a:	dd 24       	eor	r13, r13
    e18c:	d3 94       	inc	r13
    e18e:	52 e2       	ldi	r21, 0x22	; 34
    e190:	e5 2e       	mov	r14, r21
    e192:	ff 24       	eor	r15, r15
    e194:	f3 94       	inc	r15
    e196:	05 e0       	ldi	r16, 0x05	; 5
    e198:	10 e0       	ldi	r17, 0x00	; 0
    e19a:	21 e0       	ldi	r18, 0x01	; 1
    e19c:	48 e6       	ldi	r20, 0x68	; 104
    e19e:	52 e4       	ldi	r21, 0x42	; 66
    e1a0:	62 e0       	ldi	r22, 0x02	; 2
    e1a2:	81 e0       	ldi	r24, 0x01	; 1
    e1a4:	0e 94 b9 50 	call	0xa172	; 0xa172 <Lcd_Text_Format>
    e1a8:	9f ef       	ldi	r25, 0xFF	; 255
    e1aa:	2f e4       	ldi	r18, 0x4F	; 79
    e1ac:	33 ec       	ldi	r19, 0xC3	; 195
    e1ae:	91 50       	subi	r25, 0x01	; 1
    e1b0:	20 40       	sbci	r18, 0x00	; 0
    e1b2:	30 40       	sbci	r19, 0x00	; 0
    e1b4:	e1 f7       	brne	.-8      	; 0xe1ae <lcd_Test480x320Landscape+0x299c>
    e1b6:	00 c0       	rjmp	.+0      	; 0xe1b8 <lcd_Test480x320Landscape+0x29a6>
    e1b8:	00 00       	nop
    e1ba:	0e 94 43 23 	call	0x4686	; 0x4686 <KVB_LCD_DISPLAY_OFF>
    e1be:	8f ef       	ldi	r24, 0xFF	; 255
    e1c0:	97 ea       	ldi	r25, 0xA7	; 167
    e1c2:	21 e6       	ldi	r18, 0x61	; 97
    e1c4:	81 50       	subi	r24, 0x01	; 1
    e1c6:	90 40       	sbci	r25, 0x00	; 0
    e1c8:	20 40       	sbci	r18, 0x00	; 0
    e1ca:	e1 f7       	brne	.-8      	; 0xe1c4 <lcd_Test480x320Landscape+0x29b2>
    e1cc:	00 c0       	rjmp	.+0      	; 0xe1ce <lcd_Test480x320Landscape+0x29bc>
    e1ce:	00 00       	nop
    e1d0:	0e 94 61 23 	call	0x46c2	; 0x46c2 <KVB_LCD_DISPLAY_ON>
    e1d4:	3f ef       	ldi	r19, 0xFF	; 255
    e1d6:	89 e6       	ldi	r24, 0x69	; 105
    e1d8:	98 e1       	ldi	r25, 0x18	; 24
    e1da:	31 50       	subi	r19, 0x01	; 1
    e1dc:	80 40       	sbci	r24, 0x00	; 0
    e1de:	90 40       	sbci	r25, 0x00	; 0
    e1e0:	e1 f7       	brne	.-8      	; 0xe1da <lcd_Test480x320Landscape+0x29c8>
    e1e2:	00 c0       	rjmp	.+0      	; 0xe1e4 <lcd_Test480x320Landscape+0x29d2>
    e1e4:	00 00       	nop
    e1e6:	c4 54       	subi	r28, 0x44	; 68
    e1e8:	dc 4f       	sbci	r29, 0xFC	; 252
    e1ea:	0f b6       	in	r0, 0x3f	; 63
    e1ec:	f8 94       	cli
    e1ee:	de bf       	out	0x3e, r29	; 62
    e1f0:	0f be       	out	0x3f, r0	; 63
    e1f2:	cd bf       	out	0x3d, r28	; 61
    e1f4:	df 91       	pop	r29
    e1f6:	cf 91       	pop	r28
    e1f8:	1f 91       	pop	r17
    e1fa:	0f 91       	pop	r16
    e1fc:	ff 90       	pop	r15
    e1fe:	ef 90       	pop	r14
    e200:	df 90       	pop	r13
    e202:	cf 90       	pop	r12
    e204:	bf 90       	pop	r11
    e206:	af 90       	pop	r10
    e208:	9f 90       	pop	r9
    e20a:	8f 90       	pop	r8
    e20c:	7f 90       	pop	r7
    e20e:	6f 90       	pop	r6
    e210:	5f 90       	pop	r5
    e212:	4f 90       	pop	r4
    e214:	08 95       	ret

0000e216 <main>:
    e216:	82 e0       	ldi	r24, 0x02	; 2
    e218:	0e 94 68 22 	call	0x44d0	; 0x44d0 <KVB_LCD_INIT>
    e21c:	0e 94 09 5c 	call	0xb812	; 0xb812 <lcd_Test480x320Landscape>
    e220:	ff cf       	rjmp	.-2      	; 0xe220 <main+0xa>

0000e222 <__subsf3>:
    e222:	50 58       	subi	r21, 0x80	; 128

0000e224 <__addsf3>:
    e224:	bb 27       	eor	r27, r27
    e226:	aa 27       	eor	r26, r26
    e228:	0e d0       	rcall	.+28     	; 0xe246 <__addsf3x>
    e22a:	9b c1       	rjmp	.+822    	; 0xe562 <__fp_round>
    e22c:	64 d1       	rcall	.+712    	; 0xe4f6 <__fp_pscA>
    e22e:	30 f0       	brcs	.+12     	; 0xe23c <__addsf3+0x18>
    e230:	69 d1       	rcall	.+722    	; 0xe504 <__fp_pscB>
    e232:	20 f0       	brcs	.+8      	; 0xe23c <__addsf3+0x18>
    e234:	31 f4       	brne	.+12     	; 0xe242 <__addsf3+0x1e>
    e236:	9f 3f       	cpi	r25, 0xFF	; 255
    e238:	11 f4       	brne	.+4      	; 0xe23e <__addsf3+0x1a>
    e23a:	1e f4       	brtc	.+6      	; 0xe242 <__addsf3+0x1e>
    e23c:	59 c1       	rjmp	.+690    	; 0xe4f0 <__fp_nan>
    e23e:	0e f4       	brtc	.+2      	; 0xe242 <__addsf3+0x1e>
    e240:	e0 95       	com	r30
    e242:	e7 fb       	bst	r30, 7
    e244:	4f c1       	rjmp	.+670    	; 0xe4e4 <__fp_inf>

0000e246 <__addsf3x>:
    e246:	e9 2f       	mov	r30, r25
    e248:	ae d1       	rcall	.+860    	; 0xe5a6 <__fp_split3>
    e24a:	80 f3       	brcs	.-32     	; 0xe22c <__addsf3+0x8>
    e24c:	ba 17       	cp	r27, r26
    e24e:	62 07       	cpc	r22, r18
    e250:	73 07       	cpc	r23, r19
    e252:	84 07       	cpc	r24, r20
    e254:	95 07       	cpc	r25, r21
    e256:	18 f0       	brcs	.+6      	; 0xe25e <__addsf3x+0x18>
    e258:	71 f4       	brne	.+28     	; 0xe276 <__addsf3x+0x30>
    e25a:	9e f5       	brtc	.+102    	; 0xe2c2 <__addsf3x+0x7c>
    e25c:	c6 c1       	rjmp	.+908    	; 0xe5ea <__fp_zero>
    e25e:	0e f4       	brtc	.+2      	; 0xe262 <__addsf3x+0x1c>
    e260:	e0 95       	com	r30
    e262:	0b 2e       	mov	r0, r27
    e264:	ba 2f       	mov	r27, r26
    e266:	a0 2d       	mov	r26, r0
    e268:	0b 01       	movw	r0, r22
    e26a:	b9 01       	movw	r22, r18
    e26c:	90 01       	movw	r18, r0
    e26e:	0c 01       	movw	r0, r24
    e270:	ca 01       	movw	r24, r20
    e272:	a0 01       	movw	r20, r0
    e274:	11 24       	eor	r1, r1
    e276:	ff 27       	eor	r31, r31
    e278:	59 1b       	sub	r21, r25
    e27a:	99 f0       	breq	.+38     	; 0xe2a2 <__addsf3x+0x5c>
    e27c:	59 3f       	cpi	r21, 0xF9	; 249
    e27e:	50 f4       	brcc	.+20     	; 0xe294 <__addsf3x+0x4e>
    e280:	50 3e       	cpi	r21, 0xE0	; 224
    e282:	68 f1       	brcs	.+90     	; 0xe2de <__addsf3x+0x98>
    e284:	1a 16       	cp	r1, r26
    e286:	f0 40       	sbci	r31, 0x00	; 0
    e288:	a2 2f       	mov	r26, r18
    e28a:	23 2f       	mov	r18, r19
    e28c:	34 2f       	mov	r19, r20
    e28e:	44 27       	eor	r20, r20
    e290:	58 5f       	subi	r21, 0xF8	; 248
    e292:	f3 cf       	rjmp	.-26     	; 0xe27a <__addsf3x+0x34>
    e294:	46 95       	lsr	r20
    e296:	37 95       	ror	r19
    e298:	27 95       	ror	r18
    e29a:	a7 95       	ror	r26
    e29c:	f0 40       	sbci	r31, 0x00	; 0
    e29e:	53 95       	inc	r21
    e2a0:	c9 f7       	brne	.-14     	; 0xe294 <__addsf3x+0x4e>
    e2a2:	7e f4       	brtc	.+30     	; 0xe2c2 <__addsf3x+0x7c>
    e2a4:	1f 16       	cp	r1, r31
    e2a6:	ba 0b       	sbc	r27, r26
    e2a8:	62 0b       	sbc	r22, r18
    e2aa:	73 0b       	sbc	r23, r19
    e2ac:	84 0b       	sbc	r24, r20
    e2ae:	ba f0       	brmi	.+46     	; 0xe2de <__addsf3x+0x98>
    e2b0:	91 50       	subi	r25, 0x01	; 1
    e2b2:	a1 f0       	breq	.+40     	; 0xe2dc <__addsf3x+0x96>
    e2b4:	ff 0f       	add	r31, r31
    e2b6:	bb 1f       	adc	r27, r27
    e2b8:	66 1f       	adc	r22, r22
    e2ba:	77 1f       	adc	r23, r23
    e2bc:	88 1f       	adc	r24, r24
    e2be:	c2 f7       	brpl	.-16     	; 0xe2b0 <__addsf3x+0x6a>
    e2c0:	0e c0       	rjmp	.+28     	; 0xe2de <__addsf3x+0x98>
    e2c2:	ba 0f       	add	r27, r26
    e2c4:	62 1f       	adc	r22, r18
    e2c6:	73 1f       	adc	r23, r19
    e2c8:	84 1f       	adc	r24, r20
    e2ca:	48 f4       	brcc	.+18     	; 0xe2de <__addsf3x+0x98>
    e2cc:	87 95       	ror	r24
    e2ce:	77 95       	ror	r23
    e2d0:	67 95       	ror	r22
    e2d2:	b7 95       	ror	r27
    e2d4:	f7 95       	ror	r31
    e2d6:	9e 3f       	cpi	r25, 0xFE	; 254
    e2d8:	08 f0       	brcs	.+2      	; 0xe2dc <__addsf3x+0x96>
    e2da:	b3 cf       	rjmp	.-154    	; 0xe242 <__addsf3+0x1e>
    e2dc:	93 95       	inc	r25
    e2de:	88 0f       	add	r24, r24
    e2e0:	08 f0       	brcs	.+2      	; 0xe2e4 <__addsf3x+0x9e>
    e2e2:	99 27       	eor	r25, r25
    e2e4:	ee 0f       	add	r30, r30
    e2e6:	97 95       	ror	r25
    e2e8:	87 95       	ror	r24
    e2ea:	08 95       	ret

0000e2ec <__cmpsf2>:
    e2ec:	d7 d0       	rcall	.+430    	; 0xe49c <__fp_cmp>
    e2ee:	08 f4       	brcc	.+2      	; 0xe2f2 <__cmpsf2+0x6>
    e2f0:	81 e0       	ldi	r24, 0x01	; 1
    e2f2:	08 95       	ret

0000e2f4 <cos>:
    e2f4:	0f d1       	rcall	.+542    	; 0xe514 <__fp_rempio2>
    e2f6:	e3 95       	inc	r30
    e2f8:	45 c1       	rjmp	.+650    	; 0xe584 <__fp_sinus>

0000e2fa <__divsf3>:
    e2fa:	0c d0       	rcall	.+24     	; 0xe314 <__divsf3x>
    e2fc:	32 c1       	rjmp	.+612    	; 0xe562 <__fp_round>
    e2fe:	02 d1       	rcall	.+516    	; 0xe504 <__fp_pscB>
    e300:	40 f0       	brcs	.+16     	; 0xe312 <__divsf3+0x18>
    e302:	f9 d0       	rcall	.+498    	; 0xe4f6 <__fp_pscA>
    e304:	30 f0       	brcs	.+12     	; 0xe312 <__divsf3+0x18>
    e306:	21 f4       	brne	.+8      	; 0xe310 <__divsf3+0x16>
    e308:	5f 3f       	cpi	r21, 0xFF	; 255
    e30a:	19 f0       	breq	.+6      	; 0xe312 <__divsf3+0x18>
    e30c:	eb c0       	rjmp	.+470    	; 0xe4e4 <__fp_inf>
    e30e:	51 11       	cpse	r21, r1
    e310:	6d c1       	rjmp	.+730    	; 0xe5ec <__fp_szero>
    e312:	ee c0       	rjmp	.+476    	; 0xe4f0 <__fp_nan>

0000e314 <__divsf3x>:
    e314:	48 d1       	rcall	.+656    	; 0xe5a6 <__fp_split3>
    e316:	98 f3       	brcs	.-26     	; 0xe2fe <__divsf3+0x4>

0000e318 <__divsf3_pse>:
    e318:	99 23       	and	r25, r25
    e31a:	c9 f3       	breq	.-14     	; 0xe30e <__divsf3+0x14>
    e31c:	55 23       	and	r21, r21
    e31e:	b1 f3       	breq	.-20     	; 0xe30c <__divsf3+0x12>
    e320:	95 1b       	sub	r25, r21
    e322:	55 0b       	sbc	r21, r21
    e324:	bb 27       	eor	r27, r27
    e326:	aa 27       	eor	r26, r26
    e328:	62 17       	cp	r22, r18
    e32a:	73 07       	cpc	r23, r19
    e32c:	84 07       	cpc	r24, r20
    e32e:	38 f0       	brcs	.+14     	; 0xe33e <__divsf3_pse+0x26>
    e330:	9f 5f       	subi	r25, 0xFF	; 255
    e332:	5f 4f       	sbci	r21, 0xFF	; 255
    e334:	22 0f       	add	r18, r18
    e336:	33 1f       	adc	r19, r19
    e338:	44 1f       	adc	r20, r20
    e33a:	aa 1f       	adc	r26, r26
    e33c:	a9 f3       	breq	.-22     	; 0xe328 <__divsf3_pse+0x10>
    e33e:	33 d0       	rcall	.+102    	; 0xe3a6 <__divsf3_pse+0x8e>
    e340:	0e 2e       	mov	r0, r30
    e342:	3a f0       	brmi	.+14     	; 0xe352 <__divsf3_pse+0x3a>
    e344:	e0 e8       	ldi	r30, 0x80	; 128
    e346:	30 d0       	rcall	.+96     	; 0xe3a8 <__divsf3_pse+0x90>
    e348:	91 50       	subi	r25, 0x01	; 1
    e34a:	50 40       	sbci	r21, 0x00	; 0
    e34c:	e6 95       	lsr	r30
    e34e:	00 1c       	adc	r0, r0
    e350:	ca f7       	brpl	.-14     	; 0xe344 <__divsf3_pse+0x2c>
    e352:	29 d0       	rcall	.+82     	; 0xe3a6 <__divsf3_pse+0x8e>
    e354:	fe 2f       	mov	r31, r30
    e356:	27 d0       	rcall	.+78     	; 0xe3a6 <__divsf3_pse+0x8e>
    e358:	66 0f       	add	r22, r22
    e35a:	77 1f       	adc	r23, r23
    e35c:	88 1f       	adc	r24, r24
    e35e:	bb 1f       	adc	r27, r27
    e360:	26 17       	cp	r18, r22
    e362:	37 07       	cpc	r19, r23
    e364:	48 07       	cpc	r20, r24
    e366:	ab 07       	cpc	r26, r27
    e368:	b0 e8       	ldi	r27, 0x80	; 128
    e36a:	09 f0       	breq	.+2      	; 0xe36e <__divsf3_pse+0x56>
    e36c:	bb 0b       	sbc	r27, r27
    e36e:	80 2d       	mov	r24, r0
    e370:	bf 01       	movw	r22, r30
    e372:	ff 27       	eor	r31, r31
    e374:	93 58       	subi	r25, 0x83	; 131
    e376:	5f 4f       	sbci	r21, 0xFF	; 255
    e378:	2a f0       	brmi	.+10     	; 0xe384 <__divsf3_pse+0x6c>
    e37a:	9e 3f       	cpi	r25, 0xFE	; 254
    e37c:	51 05       	cpc	r21, r1
    e37e:	68 f0       	brcs	.+26     	; 0xe39a <__divsf3_pse+0x82>
    e380:	b1 c0       	rjmp	.+354    	; 0xe4e4 <__fp_inf>
    e382:	34 c1       	rjmp	.+616    	; 0xe5ec <__fp_szero>
    e384:	5f 3f       	cpi	r21, 0xFF	; 255
    e386:	ec f3       	brlt	.-6      	; 0xe382 <__divsf3_pse+0x6a>
    e388:	98 3e       	cpi	r25, 0xE8	; 232
    e38a:	dc f3       	brlt	.-10     	; 0xe382 <__divsf3_pse+0x6a>
    e38c:	86 95       	lsr	r24
    e38e:	77 95       	ror	r23
    e390:	67 95       	ror	r22
    e392:	b7 95       	ror	r27
    e394:	f7 95       	ror	r31
    e396:	9f 5f       	subi	r25, 0xFF	; 255
    e398:	c9 f7       	brne	.-14     	; 0xe38c <__divsf3_pse+0x74>
    e39a:	88 0f       	add	r24, r24
    e39c:	91 1d       	adc	r25, r1
    e39e:	96 95       	lsr	r25
    e3a0:	87 95       	ror	r24
    e3a2:	97 f9       	bld	r25, 7
    e3a4:	08 95       	ret
    e3a6:	e1 e0       	ldi	r30, 0x01	; 1
    e3a8:	66 0f       	add	r22, r22
    e3aa:	77 1f       	adc	r23, r23
    e3ac:	88 1f       	adc	r24, r24
    e3ae:	bb 1f       	adc	r27, r27
    e3b0:	62 17       	cp	r22, r18
    e3b2:	73 07       	cpc	r23, r19
    e3b4:	84 07       	cpc	r24, r20
    e3b6:	ba 07       	cpc	r27, r26
    e3b8:	20 f0       	brcs	.+8      	; 0xe3c2 <__divsf3_pse+0xaa>
    e3ba:	62 1b       	sub	r22, r18
    e3bc:	73 0b       	sbc	r23, r19
    e3be:	84 0b       	sbc	r24, r20
    e3c0:	ba 0b       	sbc	r27, r26
    e3c2:	ee 1f       	adc	r30, r30
    e3c4:	88 f7       	brcc	.-30     	; 0xe3a8 <__divsf3_pse+0x90>
    e3c6:	e0 95       	com	r30
    e3c8:	08 95       	ret

0000e3ca <__fixunssfsi>:
    e3ca:	f5 d0       	rcall	.+490    	; 0xe5b6 <__fp_splitA>
    e3cc:	88 f0       	brcs	.+34     	; 0xe3f0 <__fixunssfsi+0x26>
    e3ce:	9f 57       	subi	r25, 0x7F	; 127
    e3d0:	90 f0       	brcs	.+36     	; 0xe3f6 <__fixunssfsi+0x2c>
    e3d2:	b9 2f       	mov	r27, r25
    e3d4:	99 27       	eor	r25, r25
    e3d6:	b7 51       	subi	r27, 0x17	; 23
    e3d8:	a0 f0       	brcs	.+40     	; 0xe402 <__fixunssfsi+0x38>
    e3da:	d1 f0       	breq	.+52     	; 0xe410 <__fixunssfsi+0x46>
    e3dc:	66 0f       	add	r22, r22
    e3de:	77 1f       	adc	r23, r23
    e3e0:	88 1f       	adc	r24, r24
    e3e2:	99 1f       	adc	r25, r25
    e3e4:	1a f0       	brmi	.+6      	; 0xe3ec <__fixunssfsi+0x22>
    e3e6:	ba 95       	dec	r27
    e3e8:	c9 f7       	brne	.-14     	; 0xe3dc <__fixunssfsi+0x12>
    e3ea:	12 c0       	rjmp	.+36     	; 0xe410 <__fixunssfsi+0x46>
    e3ec:	b1 30       	cpi	r27, 0x01	; 1
    e3ee:	81 f0       	breq	.+32     	; 0xe410 <__fixunssfsi+0x46>
    e3f0:	fc d0       	rcall	.+504    	; 0xe5ea <__fp_zero>
    e3f2:	b1 e0       	ldi	r27, 0x01	; 1
    e3f4:	08 95       	ret
    e3f6:	f9 c0       	rjmp	.+498    	; 0xe5ea <__fp_zero>
    e3f8:	67 2f       	mov	r22, r23
    e3fa:	78 2f       	mov	r23, r24
    e3fc:	88 27       	eor	r24, r24
    e3fe:	b8 5f       	subi	r27, 0xF8	; 248
    e400:	39 f0       	breq	.+14     	; 0xe410 <__fixunssfsi+0x46>
    e402:	b9 3f       	cpi	r27, 0xF9	; 249
    e404:	cc f3       	brlt	.-14     	; 0xe3f8 <__fixunssfsi+0x2e>
    e406:	86 95       	lsr	r24
    e408:	77 95       	ror	r23
    e40a:	67 95       	ror	r22
    e40c:	b3 95       	inc	r27
    e40e:	d9 f7       	brne	.-10     	; 0xe406 <__fixunssfsi+0x3c>
    e410:	3e f4       	brtc	.+14     	; 0xe420 <__fixunssfsi+0x56>
    e412:	90 95       	com	r25
    e414:	80 95       	com	r24
    e416:	70 95       	com	r23
    e418:	61 95       	neg	r22
    e41a:	7f 4f       	sbci	r23, 0xFF	; 255
    e41c:	8f 4f       	sbci	r24, 0xFF	; 255
    e41e:	9f 4f       	sbci	r25, 0xFF	; 255
    e420:	08 95       	ret

0000e422 <__floatunsisf>:
    e422:	e8 94       	clt
    e424:	09 c0       	rjmp	.+18     	; 0xe438 <__floatsisf+0x12>

0000e426 <__floatsisf>:
    e426:	97 fb       	bst	r25, 7
    e428:	3e f4       	brtc	.+14     	; 0xe438 <__floatsisf+0x12>
    e42a:	90 95       	com	r25
    e42c:	80 95       	com	r24
    e42e:	70 95       	com	r23
    e430:	61 95       	neg	r22
    e432:	7f 4f       	sbci	r23, 0xFF	; 255
    e434:	8f 4f       	sbci	r24, 0xFF	; 255
    e436:	9f 4f       	sbci	r25, 0xFF	; 255
    e438:	99 23       	and	r25, r25
    e43a:	a9 f0       	breq	.+42     	; 0xe466 <__floatsisf+0x40>
    e43c:	f9 2f       	mov	r31, r25
    e43e:	96 e9       	ldi	r25, 0x96	; 150
    e440:	bb 27       	eor	r27, r27
    e442:	93 95       	inc	r25
    e444:	f6 95       	lsr	r31
    e446:	87 95       	ror	r24
    e448:	77 95       	ror	r23
    e44a:	67 95       	ror	r22
    e44c:	b7 95       	ror	r27
    e44e:	f1 11       	cpse	r31, r1
    e450:	f8 cf       	rjmp	.-16     	; 0xe442 <__floatsisf+0x1c>
    e452:	fa f4       	brpl	.+62     	; 0xe492 <__floatsisf+0x6c>
    e454:	bb 0f       	add	r27, r27
    e456:	11 f4       	brne	.+4      	; 0xe45c <__floatsisf+0x36>
    e458:	60 ff       	sbrs	r22, 0
    e45a:	1b c0       	rjmp	.+54     	; 0xe492 <__floatsisf+0x6c>
    e45c:	6f 5f       	subi	r22, 0xFF	; 255
    e45e:	7f 4f       	sbci	r23, 0xFF	; 255
    e460:	8f 4f       	sbci	r24, 0xFF	; 255
    e462:	9f 4f       	sbci	r25, 0xFF	; 255
    e464:	16 c0       	rjmp	.+44     	; 0xe492 <__floatsisf+0x6c>
    e466:	88 23       	and	r24, r24
    e468:	11 f0       	breq	.+4      	; 0xe46e <__floatsisf+0x48>
    e46a:	96 e9       	ldi	r25, 0x96	; 150
    e46c:	11 c0       	rjmp	.+34     	; 0xe490 <__floatsisf+0x6a>
    e46e:	77 23       	and	r23, r23
    e470:	21 f0       	breq	.+8      	; 0xe47a <__floatsisf+0x54>
    e472:	9e e8       	ldi	r25, 0x8E	; 142
    e474:	87 2f       	mov	r24, r23
    e476:	76 2f       	mov	r23, r22
    e478:	05 c0       	rjmp	.+10     	; 0xe484 <__floatsisf+0x5e>
    e47a:	66 23       	and	r22, r22
    e47c:	71 f0       	breq	.+28     	; 0xe49a <__floatsisf+0x74>
    e47e:	96 e8       	ldi	r25, 0x86	; 134
    e480:	86 2f       	mov	r24, r22
    e482:	70 e0       	ldi	r23, 0x00	; 0
    e484:	60 e0       	ldi	r22, 0x00	; 0
    e486:	2a f0       	brmi	.+10     	; 0xe492 <__floatsisf+0x6c>
    e488:	9a 95       	dec	r25
    e48a:	66 0f       	add	r22, r22
    e48c:	77 1f       	adc	r23, r23
    e48e:	88 1f       	adc	r24, r24
    e490:	da f7       	brpl	.-10     	; 0xe488 <__floatsisf+0x62>
    e492:	88 0f       	add	r24, r24
    e494:	96 95       	lsr	r25
    e496:	87 95       	ror	r24
    e498:	97 f9       	bld	r25, 7
    e49a:	08 95       	ret

0000e49c <__fp_cmp>:
    e49c:	99 0f       	add	r25, r25
    e49e:	00 08       	sbc	r0, r0
    e4a0:	55 0f       	add	r21, r21
    e4a2:	aa 0b       	sbc	r26, r26
    e4a4:	e0 e8       	ldi	r30, 0x80	; 128
    e4a6:	fe ef       	ldi	r31, 0xFE	; 254
    e4a8:	16 16       	cp	r1, r22
    e4aa:	17 06       	cpc	r1, r23
    e4ac:	e8 07       	cpc	r30, r24
    e4ae:	f9 07       	cpc	r31, r25
    e4b0:	c0 f0       	brcs	.+48     	; 0xe4e2 <__fp_cmp+0x46>
    e4b2:	12 16       	cp	r1, r18
    e4b4:	13 06       	cpc	r1, r19
    e4b6:	e4 07       	cpc	r30, r20
    e4b8:	f5 07       	cpc	r31, r21
    e4ba:	98 f0       	brcs	.+38     	; 0xe4e2 <__fp_cmp+0x46>
    e4bc:	62 1b       	sub	r22, r18
    e4be:	73 0b       	sbc	r23, r19
    e4c0:	84 0b       	sbc	r24, r20
    e4c2:	95 0b       	sbc	r25, r21
    e4c4:	39 f4       	brne	.+14     	; 0xe4d4 <__fp_cmp+0x38>
    e4c6:	0a 26       	eor	r0, r26
    e4c8:	61 f0       	breq	.+24     	; 0xe4e2 <__fp_cmp+0x46>
    e4ca:	23 2b       	or	r18, r19
    e4cc:	24 2b       	or	r18, r20
    e4ce:	25 2b       	or	r18, r21
    e4d0:	21 f4       	brne	.+8      	; 0xe4da <__fp_cmp+0x3e>
    e4d2:	08 95       	ret
    e4d4:	0a 26       	eor	r0, r26
    e4d6:	09 f4       	brne	.+2      	; 0xe4da <__fp_cmp+0x3e>
    e4d8:	a1 40       	sbci	r26, 0x01	; 1
    e4da:	a6 95       	lsr	r26
    e4dc:	8f ef       	ldi	r24, 0xFF	; 255
    e4de:	81 1d       	adc	r24, r1
    e4e0:	81 1d       	adc	r24, r1
    e4e2:	08 95       	ret

0000e4e4 <__fp_inf>:
    e4e4:	97 f9       	bld	r25, 7
    e4e6:	9f 67       	ori	r25, 0x7F	; 127
    e4e8:	80 e8       	ldi	r24, 0x80	; 128
    e4ea:	70 e0       	ldi	r23, 0x00	; 0
    e4ec:	60 e0       	ldi	r22, 0x00	; 0
    e4ee:	08 95       	ret

0000e4f0 <__fp_nan>:
    e4f0:	9f ef       	ldi	r25, 0xFF	; 255
    e4f2:	80 ec       	ldi	r24, 0xC0	; 192
    e4f4:	08 95       	ret

0000e4f6 <__fp_pscA>:
    e4f6:	00 24       	eor	r0, r0
    e4f8:	0a 94       	dec	r0
    e4fa:	16 16       	cp	r1, r22
    e4fc:	17 06       	cpc	r1, r23
    e4fe:	18 06       	cpc	r1, r24
    e500:	09 06       	cpc	r0, r25
    e502:	08 95       	ret

0000e504 <__fp_pscB>:
    e504:	00 24       	eor	r0, r0
    e506:	0a 94       	dec	r0
    e508:	12 16       	cp	r1, r18
    e50a:	13 06       	cpc	r1, r19
    e50c:	14 06       	cpc	r1, r20
    e50e:	05 06       	cpc	r0, r21
    e510:	08 95       	ret
    e512:	ee cf       	rjmp	.-36     	; 0xe4f0 <__fp_nan>

0000e514 <__fp_rempio2>:
    e514:	50 d0       	rcall	.+160    	; 0xe5b6 <__fp_splitA>
    e516:	e8 f3       	brcs	.-6      	; 0xe512 <__fp_pscB+0xe>
    e518:	e8 94       	clt
    e51a:	e0 e0       	ldi	r30, 0x00	; 0
    e51c:	bb 27       	eor	r27, r27
    e51e:	9f 57       	subi	r25, 0x7F	; 127
    e520:	f0 f0       	brcs	.+60     	; 0xe55e <__fp_rempio2+0x4a>
    e522:	2a ed       	ldi	r18, 0xDA	; 218
    e524:	3f e0       	ldi	r19, 0x0F	; 15
    e526:	49 ec       	ldi	r20, 0xC9	; 201
    e528:	06 c0       	rjmp	.+12     	; 0xe536 <__fp_rempio2+0x22>
    e52a:	ee 0f       	add	r30, r30
    e52c:	bb 0f       	add	r27, r27
    e52e:	66 1f       	adc	r22, r22
    e530:	77 1f       	adc	r23, r23
    e532:	88 1f       	adc	r24, r24
    e534:	28 f0       	brcs	.+10     	; 0xe540 <__fp_rempio2+0x2c>
    e536:	b2 3a       	cpi	r27, 0xA2	; 162
    e538:	62 07       	cpc	r22, r18
    e53a:	73 07       	cpc	r23, r19
    e53c:	84 07       	cpc	r24, r20
    e53e:	28 f0       	brcs	.+10     	; 0xe54a <__fp_rempio2+0x36>
    e540:	b2 5a       	subi	r27, 0xA2	; 162
    e542:	62 0b       	sbc	r22, r18
    e544:	73 0b       	sbc	r23, r19
    e546:	84 0b       	sbc	r24, r20
    e548:	e3 95       	inc	r30
    e54a:	9a 95       	dec	r25
    e54c:	72 f7       	brpl	.-36     	; 0xe52a <__fp_rempio2+0x16>
    e54e:	80 38       	cpi	r24, 0x80	; 128
    e550:	30 f4       	brcc	.+12     	; 0xe55e <__fp_rempio2+0x4a>
    e552:	9a 95       	dec	r25
    e554:	bb 0f       	add	r27, r27
    e556:	66 1f       	adc	r22, r22
    e558:	77 1f       	adc	r23, r23
    e55a:	88 1f       	adc	r24, r24
    e55c:	d2 f7       	brpl	.-12     	; 0xe552 <__fp_rempio2+0x3e>
    e55e:	90 48       	sbci	r25, 0x80	; 128
    e560:	b6 c0       	rjmp	.+364    	; 0xe6ce <__fp_mpack_finite>

0000e562 <__fp_round>:
    e562:	09 2e       	mov	r0, r25
    e564:	03 94       	inc	r0
    e566:	00 0c       	add	r0, r0
    e568:	11 f4       	brne	.+4      	; 0xe56e <__fp_round+0xc>
    e56a:	88 23       	and	r24, r24
    e56c:	52 f0       	brmi	.+20     	; 0xe582 <__fp_round+0x20>
    e56e:	bb 0f       	add	r27, r27
    e570:	40 f4       	brcc	.+16     	; 0xe582 <__fp_round+0x20>
    e572:	bf 2b       	or	r27, r31
    e574:	11 f4       	brne	.+4      	; 0xe57a <__fp_round+0x18>
    e576:	60 ff       	sbrs	r22, 0
    e578:	04 c0       	rjmp	.+8      	; 0xe582 <__fp_round+0x20>
    e57a:	6f 5f       	subi	r22, 0xFF	; 255
    e57c:	7f 4f       	sbci	r23, 0xFF	; 255
    e57e:	8f 4f       	sbci	r24, 0xFF	; 255
    e580:	9f 4f       	sbci	r25, 0xFF	; 255
    e582:	08 95       	ret

0000e584 <__fp_sinus>:
    e584:	ef 93       	push	r30
    e586:	e0 ff       	sbrs	r30, 0
    e588:	06 c0       	rjmp	.+12     	; 0xe596 <__fp_sinus+0x12>
    e58a:	a2 ea       	ldi	r26, 0xA2	; 162
    e58c:	2a ed       	ldi	r18, 0xDA	; 218
    e58e:	3f e0       	ldi	r19, 0x0F	; 15
    e590:	49 ec       	ldi	r20, 0xC9	; 201
    e592:	5f eb       	ldi	r21, 0xBF	; 191
    e594:	58 de       	rcall	.-848    	; 0xe246 <__addsf3x>
    e596:	e5 df       	rcall	.-54     	; 0xe562 <__fp_round>
    e598:	0f 90       	pop	r0
    e59a:	03 94       	inc	r0
    e59c:	01 fc       	sbrc	r0, 1
    e59e:	90 58       	subi	r25, 0x80	; 128
    e5a0:	ec e8       	ldi	r30, 0x8C	; 140
    e5a2:	f0 e0       	ldi	r31, 0x00	; 0
    e5a4:	a0 c0       	rjmp	.+320    	; 0xe6e6 <__fp_powsodd>

0000e5a6 <__fp_split3>:
    e5a6:	57 fd       	sbrc	r21, 7
    e5a8:	90 58       	subi	r25, 0x80	; 128
    e5aa:	44 0f       	add	r20, r20
    e5ac:	55 1f       	adc	r21, r21
    e5ae:	59 f0       	breq	.+22     	; 0xe5c6 <__fp_splitA+0x10>
    e5b0:	5f 3f       	cpi	r21, 0xFF	; 255
    e5b2:	71 f0       	breq	.+28     	; 0xe5d0 <__fp_splitA+0x1a>
    e5b4:	47 95       	ror	r20

0000e5b6 <__fp_splitA>:
    e5b6:	88 0f       	add	r24, r24
    e5b8:	97 fb       	bst	r25, 7
    e5ba:	99 1f       	adc	r25, r25
    e5bc:	61 f0       	breq	.+24     	; 0xe5d6 <__fp_splitA+0x20>
    e5be:	9f 3f       	cpi	r25, 0xFF	; 255
    e5c0:	79 f0       	breq	.+30     	; 0xe5e0 <__fp_splitA+0x2a>
    e5c2:	87 95       	ror	r24
    e5c4:	08 95       	ret
    e5c6:	12 16       	cp	r1, r18
    e5c8:	13 06       	cpc	r1, r19
    e5ca:	14 06       	cpc	r1, r20
    e5cc:	55 1f       	adc	r21, r21
    e5ce:	f2 cf       	rjmp	.-28     	; 0xe5b4 <__fp_split3+0xe>
    e5d0:	46 95       	lsr	r20
    e5d2:	f1 df       	rcall	.-30     	; 0xe5b6 <__fp_splitA>
    e5d4:	08 c0       	rjmp	.+16     	; 0xe5e6 <__fp_splitA+0x30>
    e5d6:	16 16       	cp	r1, r22
    e5d8:	17 06       	cpc	r1, r23
    e5da:	18 06       	cpc	r1, r24
    e5dc:	99 1f       	adc	r25, r25
    e5de:	f1 cf       	rjmp	.-30     	; 0xe5c2 <__fp_splitA+0xc>
    e5e0:	86 95       	lsr	r24
    e5e2:	71 05       	cpc	r23, r1
    e5e4:	61 05       	cpc	r22, r1
    e5e6:	08 94       	sec
    e5e8:	08 95       	ret

0000e5ea <__fp_zero>:
    e5ea:	e8 94       	clt

0000e5ec <__fp_szero>:
    e5ec:	bb 27       	eor	r27, r27
    e5ee:	66 27       	eor	r22, r22
    e5f0:	77 27       	eor	r23, r23
    e5f2:	cb 01       	movw	r24, r22
    e5f4:	97 f9       	bld	r25, 7
    e5f6:	08 95       	ret

0000e5f8 <__mulsf3>:
    e5f8:	0b d0       	rcall	.+22     	; 0xe610 <__mulsf3x>
    e5fa:	b3 cf       	rjmp	.-154    	; 0xe562 <__fp_round>
    e5fc:	7c df       	rcall	.-264    	; 0xe4f6 <__fp_pscA>
    e5fe:	28 f0       	brcs	.+10     	; 0xe60a <__mulsf3+0x12>
    e600:	81 df       	rcall	.-254    	; 0xe504 <__fp_pscB>
    e602:	18 f0       	brcs	.+6      	; 0xe60a <__mulsf3+0x12>
    e604:	95 23       	and	r25, r21
    e606:	09 f0       	breq	.+2      	; 0xe60a <__mulsf3+0x12>
    e608:	6d cf       	rjmp	.-294    	; 0xe4e4 <__fp_inf>
    e60a:	72 cf       	rjmp	.-284    	; 0xe4f0 <__fp_nan>
    e60c:	11 24       	eor	r1, r1
    e60e:	ee cf       	rjmp	.-36     	; 0xe5ec <__fp_szero>

0000e610 <__mulsf3x>:
    e610:	ca df       	rcall	.-108    	; 0xe5a6 <__fp_split3>
    e612:	a0 f3       	brcs	.-24     	; 0xe5fc <__mulsf3+0x4>

0000e614 <__mulsf3_pse>:
    e614:	95 9f       	mul	r25, r21
    e616:	d1 f3       	breq	.-12     	; 0xe60c <__mulsf3+0x14>
    e618:	95 0f       	add	r25, r21
    e61a:	50 e0       	ldi	r21, 0x00	; 0
    e61c:	55 1f       	adc	r21, r21
    e61e:	62 9f       	mul	r22, r18
    e620:	f0 01       	movw	r30, r0
    e622:	72 9f       	mul	r23, r18
    e624:	bb 27       	eor	r27, r27
    e626:	f0 0d       	add	r31, r0
    e628:	b1 1d       	adc	r27, r1
    e62a:	63 9f       	mul	r22, r19
    e62c:	aa 27       	eor	r26, r26
    e62e:	f0 0d       	add	r31, r0
    e630:	b1 1d       	adc	r27, r1
    e632:	aa 1f       	adc	r26, r26
    e634:	64 9f       	mul	r22, r20
    e636:	66 27       	eor	r22, r22
    e638:	b0 0d       	add	r27, r0
    e63a:	a1 1d       	adc	r26, r1
    e63c:	66 1f       	adc	r22, r22
    e63e:	82 9f       	mul	r24, r18
    e640:	22 27       	eor	r18, r18
    e642:	b0 0d       	add	r27, r0
    e644:	a1 1d       	adc	r26, r1
    e646:	62 1f       	adc	r22, r18
    e648:	73 9f       	mul	r23, r19
    e64a:	b0 0d       	add	r27, r0
    e64c:	a1 1d       	adc	r26, r1
    e64e:	62 1f       	adc	r22, r18
    e650:	83 9f       	mul	r24, r19
    e652:	a0 0d       	add	r26, r0
    e654:	61 1d       	adc	r22, r1
    e656:	22 1f       	adc	r18, r18
    e658:	74 9f       	mul	r23, r20
    e65a:	33 27       	eor	r19, r19
    e65c:	a0 0d       	add	r26, r0
    e65e:	61 1d       	adc	r22, r1
    e660:	23 1f       	adc	r18, r19
    e662:	84 9f       	mul	r24, r20
    e664:	60 0d       	add	r22, r0
    e666:	21 1d       	adc	r18, r1
    e668:	82 2f       	mov	r24, r18
    e66a:	76 2f       	mov	r23, r22
    e66c:	6a 2f       	mov	r22, r26
    e66e:	11 24       	eor	r1, r1
    e670:	9f 57       	subi	r25, 0x7F	; 127
    e672:	50 40       	sbci	r21, 0x00	; 0
    e674:	8a f0       	brmi	.+34     	; 0xe698 <__mulsf3_pse+0x84>
    e676:	e1 f0       	breq	.+56     	; 0xe6b0 <__mulsf3_pse+0x9c>
    e678:	88 23       	and	r24, r24
    e67a:	4a f0       	brmi	.+18     	; 0xe68e <__mulsf3_pse+0x7a>
    e67c:	ee 0f       	add	r30, r30
    e67e:	ff 1f       	adc	r31, r31
    e680:	bb 1f       	adc	r27, r27
    e682:	66 1f       	adc	r22, r22
    e684:	77 1f       	adc	r23, r23
    e686:	88 1f       	adc	r24, r24
    e688:	91 50       	subi	r25, 0x01	; 1
    e68a:	50 40       	sbci	r21, 0x00	; 0
    e68c:	a9 f7       	brne	.-22     	; 0xe678 <__mulsf3_pse+0x64>
    e68e:	9e 3f       	cpi	r25, 0xFE	; 254
    e690:	51 05       	cpc	r21, r1
    e692:	70 f0       	brcs	.+28     	; 0xe6b0 <__mulsf3_pse+0x9c>
    e694:	27 cf       	rjmp	.-434    	; 0xe4e4 <__fp_inf>
    e696:	aa cf       	rjmp	.-172    	; 0xe5ec <__fp_szero>
    e698:	5f 3f       	cpi	r21, 0xFF	; 255
    e69a:	ec f3       	brlt	.-6      	; 0xe696 <__mulsf3_pse+0x82>
    e69c:	98 3e       	cpi	r25, 0xE8	; 232
    e69e:	dc f3       	brlt	.-10     	; 0xe696 <__mulsf3_pse+0x82>
    e6a0:	86 95       	lsr	r24
    e6a2:	77 95       	ror	r23
    e6a4:	67 95       	ror	r22
    e6a6:	b7 95       	ror	r27
    e6a8:	f7 95       	ror	r31
    e6aa:	e7 95       	ror	r30
    e6ac:	9f 5f       	subi	r25, 0xFF	; 255
    e6ae:	c1 f7       	brne	.-16     	; 0xe6a0 <__mulsf3_pse+0x8c>
    e6b0:	fe 2b       	or	r31, r30
    e6b2:	88 0f       	add	r24, r24
    e6b4:	91 1d       	adc	r25, r1
    e6b6:	96 95       	lsr	r25
    e6b8:	87 95       	ror	r24
    e6ba:	97 f9       	bld	r25, 7
    e6bc:	08 95       	ret

0000e6be <sin>:
    e6be:	9f 93       	push	r25
    e6c0:	29 df       	rcall	.-430    	; 0xe514 <__fp_rempio2>
    e6c2:	0f 90       	pop	r0
    e6c4:	07 fc       	sbrc	r0, 7
    e6c6:	ee 5f       	subi	r30, 0xFE	; 254
    e6c8:	5d cf       	rjmp	.-326    	; 0xe584 <__fp_sinus>

0000e6ca <__fp_mpack>:
    e6ca:	9f 3f       	cpi	r25, 0xFF	; 255
    e6cc:	31 f0       	breq	.+12     	; 0xe6da <__fp_mpack_finite+0xc>

0000e6ce <__fp_mpack_finite>:
    e6ce:	91 50       	subi	r25, 0x01	; 1
    e6d0:	20 f4       	brcc	.+8      	; 0xe6da <__fp_mpack_finite+0xc>
    e6d2:	87 95       	ror	r24
    e6d4:	77 95       	ror	r23
    e6d6:	67 95       	ror	r22
    e6d8:	b7 95       	ror	r27
    e6da:	88 0f       	add	r24, r24
    e6dc:	91 1d       	adc	r25, r1
    e6de:	96 95       	lsr	r25
    e6e0:	87 95       	ror	r24
    e6e2:	97 f9       	bld	r25, 7
    e6e4:	08 95       	ret

0000e6e6 <__fp_powsodd>:
    e6e6:	9f 93       	push	r25
    e6e8:	8f 93       	push	r24
    e6ea:	7f 93       	push	r23
    e6ec:	6f 93       	push	r22
    e6ee:	ff 93       	push	r31
    e6f0:	ef 93       	push	r30
    e6f2:	9b 01       	movw	r18, r22
    e6f4:	ac 01       	movw	r20, r24
    e6f6:	80 df       	rcall	.-256    	; 0xe5f8 <__mulsf3>
    e6f8:	ef 91       	pop	r30
    e6fa:	ff 91       	pop	r31
    e6fc:	05 d0       	rcall	.+10     	; 0xe708 <__fp_powser>
    e6fe:	2f 91       	pop	r18
    e700:	3f 91       	pop	r19
    e702:	4f 91       	pop	r20
    e704:	5f 91       	pop	r21
    e706:	78 cf       	rjmp	.-272    	; 0xe5f8 <__mulsf3>

0000e708 <__fp_powser>:
    e708:	df 93       	push	r29
    e70a:	cf 93       	push	r28
    e70c:	1f 93       	push	r17
    e70e:	0f 93       	push	r16
    e710:	ff 92       	push	r15
    e712:	ef 92       	push	r14
    e714:	df 92       	push	r13
    e716:	7b 01       	movw	r14, r22
    e718:	8c 01       	movw	r16, r24
    e71a:	68 94       	set
    e71c:	05 c0       	rjmp	.+10     	; 0xe728 <__fp_powser+0x20>
    e71e:	da 2e       	mov	r13, r26
    e720:	ef 01       	movw	r28, r30
    e722:	76 df       	rcall	.-276    	; 0xe610 <__mulsf3x>
    e724:	fe 01       	movw	r30, r28
    e726:	e8 94       	clt
    e728:	a5 91       	lpm	r26, Z+
    e72a:	25 91       	lpm	r18, Z+
    e72c:	35 91       	lpm	r19, Z+
    e72e:	45 91       	lpm	r20, Z+
    e730:	55 91       	lpm	r21, Z+
    e732:	ae f3       	brts	.-22     	; 0xe71e <__fp_powser+0x16>
    e734:	ef 01       	movw	r28, r30
    e736:	87 dd       	rcall	.-1266   	; 0xe246 <__addsf3x>
    e738:	fe 01       	movw	r30, r28
    e73a:	97 01       	movw	r18, r14
    e73c:	a8 01       	movw	r20, r16
    e73e:	da 94       	dec	r13
    e740:	79 f7       	brne	.-34     	; 0xe720 <__fp_powser+0x18>
    e742:	df 90       	pop	r13
    e744:	ef 90       	pop	r14
    e746:	ff 90       	pop	r15
    e748:	0f 91       	pop	r16
    e74a:	1f 91       	pop	r17
    e74c:	cf 91       	pop	r28
    e74e:	df 91       	pop	r29
    e750:	08 95       	ret

0000e752 <__udivmodhi4>:
    e752:	aa 1b       	sub	r26, r26
    e754:	bb 1b       	sub	r27, r27
    e756:	51 e1       	ldi	r21, 0x11	; 17
    e758:	07 c0       	rjmp	.+14     	; 0xe768 <__udivmodhi4_ep>

0000e75a <__udivmodhi4_loop>:
    e75a:	aa 1f       	adc	r26, r26
    e75c:	bb 1f       	adc	r27, r27
    e75e:	a6 17       	cp	r26, r22
    e760:	b7 07       	cpc	r27, r23
    e762:	10 f0       	brcs	.+4      	; 0xe768 <__udivmodhi4_ep>
    e764:	a6 1b       	sub	r26, r22
    e766:	b7 0b       	sbc	r27, r23

0000e768 <__udivmodhi4_ep>:
    e768:	88 1f       	adc	r24, r24
    e76a:	99 1f       	adc	r25, r25
    e76c:	5a 95       	dec	r21
    e76e:	a9 f7       	brne	.-22     	; 0xe75a <__udivmodhi4_loop>
    e770:	80 95       	com	r24
    e772:	90 95       	com	r25
    e774:	bc 01       	movw	r22, r24
    e776:	cd 01       	movw	r24, r26
    e778:	08 95       	ret

0000e77a <__divmodhi4>:
    e77a:	97 fb       	bst	r25, 7
    e77c:	07 2e       	mov	r0, r23
    e77e:	16 f4       	brtc	.+4      	; 0xe784 <__divmodhi4+0xa>
    e780:	00 94       	com	r0
    e782:	06 d0       	rcall	.+12     	; 0xe790 <__divmodhi4_neg1>
    e784:	77 fd       	sbrc	r23, 7
    e786:	08 d0       	rcall	.+16     	; 0xe798 <__divmodhi4_neg2>
    e788:	e4 df       	rcall	.-56     	; 0xe752 <__udivmodhi4>
    e78a:	07 fc       	sbrc	r0, 7
    e78c:	05 d0       	rcall	.+10     	; 0xe798 <__divmodhi4_neg2>
    e78e:	3e f4       	brtc	.+14     	; 0xe79e <__divmodhi4_exit>

0000e790 <__divmodhi4_neg1>:
    e790:	90 95       	com	r25
    e792:	81 95       	neg	r24
    e794:	9f 4f       	sbci	r25, 0xFF	; 255
    e796:	08 95       	ret

0000e798 <__divmodhi4_neg2>:
    e798:	70 95       	com	r23
    e79a:	61 95       	neg	r22
    e79c:	7f 4f       	sbci	r23, 0xFF	; 255

0000e79e <__divmodhi4_exit>:
    e79e:	08 95       	ret

0000e7a0 <__udivmodsi4>:
    e7a0:	a1 e2       	ldi	r26, 0x21	; 33
    e7a2:	1a 2e       	mov	r1, r26
    e7a4:	aa 1b       	sub	r26, r26
    e7a6:	bb 1b       	sub	r27, r27
    e7a8:	fd 01       	movw	r30, r26
    e7aa:	0d c0       	rjmp	.+26     	; 0xe7c6 <__udivmodsi4_ep>

0000e7ac <__udivmodsi4_loop>:
    e7ac:	aa 1f       	adc	r26, r26
    e7ae:	bb 1f       	adc	r27, r27
    e7b0:	ee 1f       	adc	r30, r30
    e7b2:	ff 1f       	adc	r31, r31
    e7b4:	a2 17       	cp	r26, r18
    e7b6:	b3 07       	cpc	r27, r19
    e7b8:	e4 07       	cpc	r30, r20
    e7ba:	f5 07       	cpc	r31, r21
    e7bc:	20 f0       	brcs	.+8      	; 0xe7c6 <__udivmodsi4_ep>
    e7be:	a2 1b       	sub	r26, r18
    e7c0:	b3 0b       	sbc	r27, r19
    e7c2:	e4 0b       	sbc	r30, r20
    e7c4:	f5 0b       	sbc	r31, r21

0000e7c6 <__udivmodsi4_ep>:
    e7c6:	66 1f       	adc	r22, r22
    e7c8:	77 1f       	adc	r23, r23
    e7ca:	88 1f       	adc	r24, r24
    e7cc:	99 1f       	adc	r25, r25
    e7ce:	1a 94       	dec	r1
    e7d0:	69 f7       	brne	.-38     	; 0xe7ac <__udivmodsi4_loop>
    e7d2:	60 95       	com	r22
    e7d4:	70 95       	com	r23
    e7d6:	80 95       	com	r24
    e7d8:	90 95       	com	r25
    e7da:	9b 01       	movw	r18, r22
    e7dc:	ac 01       	movw	r20, r24
    e7de:	bd 01       	movw	r22, r26
    e7e0:	cf 01       	movw	r24, r30
    e7e2:	08 95       	ret

0000e7e4 <__umulhisi3>:
    e7e4:	a2 9f       	mul	r26, r18
    e7e6:	b0 01       	movw	r22, r0
    e7e8:	b3 9f       	mul	r27, r19
    e7ea:	c0 01       	movw	r24, r0
    e7ec:	a3 9f       	mul	r26, r19
    e7ee:	70 0d       	add	r23, r0
    e7f0:	81 1d       	adc	r24, r1
    e7f2:	11 24       	eor	r1, r1
    e7f4:	91 1d       	adc	r25, r1
    e7f6:	b2 9f       	mul	r27, r18
    e7f8:	70 0d       	add	r23, r0
    e7fa:	81 1d       	adc	r24, r1
    e7fc:	11 24       	eor	r1, r1
    e7fe:	91 1d       	adc	r25, r1
    e800:	08 95       	ret

0000e802 <__usmulhisi3>:
    e802:	f0 df       	rcall	.-32     	; 0xe7e4 <__umulhisi3>

0000e804 <__usmulhisi3_tail>:
    e804:	b7 ff       	sbrs	r27, 7
    e806:	08 95       	ret
    e808:	82 1b       	sub	r24, r18
    e80a:	93 0b       	sbc	r25, r19
    e80c:	08 95       	ret

0000e80e <__muluhisi3>:
    e80e:	ea df       	rcall	.-44     	; 0xe7e4 <__umulhisi3>
    e810:	a5 9f       	mul	r26, r21
    e812:	90 0d       	add	r25, r0
    e814:	b4 9f       	mul	r27, r20
    e816:	90 0d       	add	r25, r0
    e818:	a4 9f       	mul	r26, r20
    e81a:	80 0d       	add	r24, r0
    e81c:	91 1d       	adc	r25, r1
    e81e:	11 24       	eor	r1, r1
    e820:	08 95       	ret

0000e822 <dtostrf>:
    e822:	ef 92       	push	r14
    e824:	0f 93       	push	r16
    e826:	1f 93       	push	r17
    e828:	cf 93       	push	r28
    e82a:	df 93       	push	r29
    e82c:	e8 01       	movw	r28, r16
    e82e:	47 fd       	sbrc	r20, 7
    e830:	02 c0       	rjmp	.+4      	; 0xe836 <dtostrf+0x14>
    e832:	34 e0       	ldi	r19, 0x04	; 4
    e834:	01 c0       	rjmp	.+2      	; 0xe838 <dtostrf+0x16>
    e836:	34 e1       	ldi	r19, 0x14	; 20
    e838:	04 2e       	mov	r0, r20
    e83a:	00 0c       	add	r0, r0
    e83c:	55 0b       	sbc	r21, r21
    e83e:	57 ff       	sbrs	r21, 7
    e840:	03 c0       	rjmp	.+6      	; 0xe848 <dtostrf+0x26>
    e842:	51 95       	neg	r21
    e844:	41 95       	neg	r20
    e846:	51 09       	sbc	r21, r1
    e848:	e3 2e       	mov	r14, r19
    e84a:	02 2f       	mov	r16, r18
    e84c:	24 2f       	mov	r18, r20
    e84e:	ae 01       	movw	r20, r28
    e850:	07 d0       	rcall	.+14     	; 0xe860 <dtoa_prf>
    e852:	ce 01       	movw	r24, r28
    e854:	df 91       	pop	r29
    e856:	cf 91       	pop	r28
    e858:	1f 91       	pop	r17
    e85a:	0f 91       	pop	r16
    e85c:	ef 90       	pop	r14
    e85e:	08 95       	ret

0000e860 <dtoa_prf>:
    e860:	8f 92       	push	r8
    e862:	9f 92       	push	r9
    e864:	af 92       	push	r10
    e866:	bf 92       	push	r11
    e868:	cf 92       	push	r12
    e86a:	df 92       	push	r13
    e86c:	ef 92       	push	r14
    e86e:	ff 92       	push	r15
    e870:	0f 93       	push	r16
    e872:	1f 93       	push	r17
    e874:	cf 93       	push	r28
    e876:	df 93       	push	r29
    e878:	cd b7       	in	r28, 0x3d	; 61
    e87a:	de b7       	in	r29, 0x3e	; 62
    e87c:	29 97       	sbiw	r28, 0x09	; 9
    e87e:	0f b6       	in	r0, 0x3f	; 63
    e880:	f8 94       	cli
    e882:	de bf       	out	0x3e, r29	; 62
    e884:	0f be       	out	0x3f, r0	; 63
    e886:	cd bf       	out	0x3d, r28	; 61
    e888:	6a 01       	movw	r12, r20
    e88a:	12 2f       	mov	r17, r18
    e88c:	b0 2e       	mov	r11, r16
    e88e:	2b e3       	ldi	r18, 0x3B	; 59
    e890:	20 17       	cp	r18, r16
    e892:	20 f0       	brcs	.+8      	; 0xe89c <dtoa_prf+0x3c>
    e894:	ff 24       	eor	r15, r15
    e896:	f3 94       	inc	r15
    e898:	f0 0e       	add	r15, r16
    e89a:	02 c0       	rjmp	.+4      	; 0xe8a0 <dtoa_prf+0x40>
    e89c:	2c e3       	ldi	r18, 0x3C	; 60
    e89e:	f2 2e       	mov	r15, r18
    e8a0:	0f 2d       	mov	r16, r15
    e8a2:	27 e0       	ldi	r18, 0x07	; 7
    e8a4:	ae 01       	movw	r20, r28
    e8a6:	4f 5f       	subi	r20, 0xFF	; 255
    e8a8:	5f 4f       	sbci	r21, 0xFF	; 255
    e8aa:	50 d1       	rcall	.+672    	; 0xeb4c <__ftoa_engine>
    e8ac:	bc 01       	movw	r22, r24
    e8ae:	49 81       	ldd	r20, Y+1	; 0x01
    e8b0:	84 2f       	mov	r24, r20
    e8b2:	89 70       	andi	r24, 0x09	; 9
    e8b4:	81 30       	cpi	r24, 0x01	; 1
    e8b6:	31 f0       	breq	.+12     	; 0xe8c4 <dtoa_prf+0x64>
    e8b8:	e1 fc       	sbrc	r14, 1
    e8ba:	06 c0       	rjmp	.+12     	; 0xe8c8 <dtoa_prf+0x68>
    e8bc:	e0 fe       	sbrs	r14, 0
    e8be:	06 c0       	rjmp	.+12     	; 0xe8cc <dtoa_prf+0x6c>
    e8c0:	90 e2       	ldi	r25, 0x20	; 32
    e8c2:	05 c0       	rjmp	.+10     	; 0xe8ce <dtoa_prf+0x6e>
    e8c4:	9d e2       	ldi	r25, 0x2D	; 45
    e8c6:	03 c0       	rjmp	.+6      	; 0xe8ce <dtoa_prf+0x6e>
    e8c8:	9b e2       	ldi	r25, 0x2B	; 43
    e8ca:	01 c0       	rjmp	.+2      	; 0xe8ce <dtoa_prf+0x6e>
    e8cc:	90 e0       	ldi	r25, 0x00	; 0
    e8ce:	5e 2d       	mov	r21, r14
    e8d0:	50 71       	andi	r21, 0x10	; 16
    e8d2:	43 ff       	sbrs	r20, 3
    e8d4:	3c c0       	rjmp	.+120    	; 0xe94e <dtoa_prf+0xee>
    e8d6:	91 11       	cpse	r25, r1
    e8d8:	02 c0       	rjmp	.+4      	; 0xe8de <dtoa_prf+0x7e>
    e8da:	83 e0       	ldi	r24, 0x03	; 3
    e8dc:	01 c0       	rjmp	.+2      	; 0xe8e0 <dtoa_prf+0x80>
    e8de:	84 e0       	ldi	r24, 0x04	; 4
    e8e0:	81 17       	cp	r24, r17
    e8e2:	18 f4       	brcc	.+6      	; 0xe8ea <dtoa_prf+0x8a>
    e8e4:	21 2f       	mov	r18, r17
    e8e6:	28 1b       	sub	r18, r24
    e8e8:	01 c0       	rjmp	.+2      	; 0xe8ec <dtoa_prf+0x8c>
    e8ea:	20 e0       	ldi	r18, 0x00	; 0
    e8ec:	51 11       	cpse	r21, r1
    e8ee:	0b c0       	rjmp	.+22     	; 0xe906 <dtoa_prf+0xa6>
    e8f0:	f6 01       	movw	r30, r12
    e8f2:	82 2f       	mov	r24, r18
    e8f4:	30 e2       	ldi	r19, 0x20	; 32
    e8f6:	88 23       	and	r24, r24
    e8f8:	19 f0       	breq	.+6      	; 0xe900 <dtoa_prf+0xa0>
    e8fa:	31 93       	st	Z+, r19
    e8fc:	81 50       	subi	r24, 0x01	; 1
    e8fe:	fb cf       	rjmp	.-10     	; 0xe8f6 <dtoa_prf+0x96>
    e900:	c2 0e       	add	r12, r18
    e902:	d1 1c       	adc	r13, r1
    e904:	20 e0       	ldi	r18, 0x00	; 0
    e906:	99 23       	and	r25, r25
    e908:	29 f0       	breq	.+10     	; 0xe914 <dtoa_prf+0xb4>
    e90a:	d6 01       	movw	r26, r12
    e90c:	9c 93       	st	X, r25
    e90e:	f6 01       	movw	r30, r12
    e910:	31 96       	adiw	r30, 0x01	; 1
    e912:	6f 01       	movw	r12, r30
    e914:	c6 01       	movw	r24, r12
    e916:	03 96       	adiw	r24, 0x03	; 3
    e918:	e2 fe       	sbrs	r14, 2
    e91a:	0a c0       	rjmp	.+20     	; 0xe930 <dtoa_prf+0xd0>
    e91c:	3e e4       	ldi	r19, 0x4E	; 78
    e91e:	d6 01       	movw	r26, r12
    e920:	3c 93       	st	X, r19
    e922:	41 e4       	ldi	r20, 0x41	; 65
    e924:	11 96       	adiw	r26, 0x01	; 1
    e926:	4c 93       	st	X, r20
    e928:	11 97       	sbiw	r26, 0x01	; 1
    e92a:	12 96       	adiw	r26, 0x02	; 2
    e92c:	3c 93       	st	X, r19
    e92e:	06 c0       	rjmp	.+12     	; 0xe93c <dtoa_prf+0xdc>
    e930:	3e e6       	ldi	r19, 0x6E	; 110
    e932:	f6 01       	movw	r30, r12
    e934:	30 83       	st	Z, r19
    e936:	41 e6       	ldi	r20, 0x61	; 97
    e938:	41 83       	std	Z+1, r20	; 0x01
    e93a:	32 83       	std	Z+2, r19	; 0x02
    e93c:	fc 01       	movw	r30, r24
    e93e:	32 2f       	mov	r19, r18
    e940:	40 e2       	ldi	r20, 0x20	; 32
    e942:	33 23       	and	r19, r19
    e944:	09 f4       	brne	.+2      	; 0xe948 <dtoa_prf+0xe8>
    e946:	42 c0       	rjmp	.+132    	; 0xe9cc <dtoa_prf+0x16c>
    e948:	41 93       	st	Z+, r20
    e94a:	31 50       	subi	r19, 0x01	; 1
    e94c:	fa cf       	rjmp	.-12     	; 0xe942 <dtoa_prf+0xe2>
    e94e:	42 ff       	sbrs	r20, 2
    e950:	44 c0       	rjmp	.+136    	; 0xe9da <dtoa_prf+0x17a>
    e952:	91 11       	cpse	r25, r1
    e954:	02 c0       	rjmp	.+4      	; 0xe95a <dtoa_prf+0xfa>
    e956:	83 e0       	ldi	r24, 0x03	; 3
    e958:	01 c0       	rjmp	.+2      	; 0xe95c <dtoa_prf+0xfc>
    e95a:	84 e0       	ldi	r24, 0x04	; 4
    e95c:	81 17       	cp	r24, r17
    e95e:	18 f4       	brcc	.+6      	; 0xe966 <dtoa_prf+0x106>
    e960:	21 2f       	mov	r18, r17
    e962:	28 1b       	sub	r18, r24
    e964:	01 c0       	rjmp	.+2      	; 0xe968 <dtoa_prf+0x108>
    e966:	20 e0       	ldi	r18, 0x00	; 0
    e968:	51 11       	cpse	r21, r1
    e96a:	0b c0       	rjmp	.+22     	; 0xe982 <dtoa_prf+0x122>
    e96c:	f6 01       	movw	r30, r12
    e96e:	82 2f       	mov	r24, r18
    e970:	30 e2       	ldi	r19, 0x20	; 32
    e972:	88 23       	and	r24, r24
    e974:	19 f0       	breq	.+6      	; 0xe97c <dtoa_prf+0x11c>
    e976:	31 93       	st	Z+, r19
    e978:	81 50       	subi	r24, 0x01	; 1
    e97a:	fb cf       	rjmp	.-10     	; 0xe972 <dtoa_prf+0x112>
    e97c:	c2 0e       	add	r12, r18
    e97e:	d1 1c       	adc	r13, r1
    e980:	20 e0       	ldi	r18, 0x00	; 0
    e982:	99 23       	and	r25, r25
    e984:	29 f0       	breq	.+10     	; 0xe990 <dtoa_prf+0x130>
    e986:	d6 01       	movw	r26, r12
    e988:	9c 93       	st	X, r25
    e98a:	f6 01       	movw	r30, r12
    e98c:	31 96       	adiw	r30, 0x01	; 1
    e98e:	6f 01       	movw	r12, r30
    e990:	c6 01       	movw	r24, r12
    e992:	03 96       	adiw	r24, 0x03	; 3
    e994:	e2 fe       	sbrs	r14, 2
    e996:	0b c0       	rjmp	.+22     	; 0xe9ae <dtoa_prf+0x14e>
    e998:	39 e4       	ldi	r19, 0x49	; 73
    e99a:	d6 01       	movw	r26, r12
    e99c:	3c 93       	st	X, r19
    e99e:	3e e4       	ldi	r19, 0x4E	; 78
    e9a0:	11 96       	adiw	r26, 0x01	; 1
    e9a2:	3c 93       	st	X, r19
    e9a4:	11 97       	sbiw	r26, 0x01	; 1
    e9a6:	36 e4       	ldi	r19, 0x46	; 70
    e9a8:	12 96       	adiw	r26, 0x02	; 2
    e9aa:	3c 93       	st	X, r19
    e9ac:	07 c0       	rjmp	.+14     	; 0xe9bc <dtoa_prf+0x15c>
    e9ae:	39 e6       	ldi	r19, 0x69	; 105
    e9b0:	f6 01       	movw	r30, r12
    e9b2:	30 83       	st	Z, r19
    e9b4:	3e e6       	ldi	r19, 0x6E	; 110
    e9b6:	31 83       	std	Z+1, r19	; 0x01
    e9b8:	36 e6       	ldi	r19, 0x66	; 102
    e9ba:	32 83       	std	Z+2, r19	; 0x02
    e9bc:	fc 01       	movw	r30, r24
    e9be:	32 2f       	mov	r19, r18
    e9c0:	40 e2       	ldi	r20, 0x20	; 32
    e9c2:	33 23       	and	r19, r19
    e9c4:	19 f0       	breq	.+6      	; 0xe9cc <dtoa_prf+0x16c>
    e9c6:	41 93       	st	Z+, r20
    e9c8:	31 50       	subi	r19, 0x01	; 1
    e9ca:	fb cf       	rjmp	.-10     	; 0xe9c2 <dtoa_prf+0x162>
    e9cc:	fc 01       	movw	r30, r24
    e9ce:	e2 0f       	add	r30, r18
    e9d0:	f1 1d       	adc	r31, r1
    e9d2:	10 82       	st	Z, r1
    e9d4:	8e ef       	ldi	r24, 0xFE	; 254
    e9d6:	9f ef       	ldi	r25, 0xFF	; 255
    e9d8:	a6 c0       	rjmp	.+332    	; 0xeb26 <dtoa_prf+0x2c6>
    e9da:	21 e0       	ldi	r18, 0x01	; 1
    e9dc:	30 e0       	ldi	r19, 0x00	; 0
    e9de:	91 11       	cpse	r25, r1
    e9e0:	02 c0       	rjmp	.+4      	; 0xe9e6 <dtoa_prf+0x186>
    e9e2:	20 e0       	ldi	r18, 0x00	; 0
    e9e4:	30 e0       	ldi	r19, 0x00	; 0
    e9e6:	16 16       	cp	r1, r22
    e9e8:	17 06       	cpc	r1, r23
    e9ea:	1c f4       	brge	.+6      	; 0xe9f2 <dtoa_prf+0x192>
    e9ec:	fb 01       	movw	r30, r22
    e9ee:	31 96       	adiw	r30, 0x01	; 1
    e9f0:	02 c0       	rjmp	.+4      	; 0xe9f6 <dtoa_prf+0x196>
    e9f2:	e1 e0       	ldi	r30, 0x01	; 1
    e9f4:	f0 e0       	ldi	r31, 0x00	; 0
    e9f6:	2e 0f       	add	r18, r30
    e9f8:	3f 1f       	adc	r19, r31
    e9fa:	bb 20       	and	r11, r11
    e9fc:	21 f0       	breq	.+8      	; 0xea06 <dtoa_prf+0x1a6>
    e9fe:	eb 2d       	mov	r30, r11
    ea00:	f0 e0       	ldi	r31, 0x00	; 0
    ea02:	31 96       	adiw	r30, 0x01	; 1
    ea04:	02 c0       	rjmp	.+4      	; 0xea0a <dtoa_prf+0x1aa>
    ea06:	e0 e0       	ldi	r30, 0x00	; 0
    ea08:	f0 e0       	ldi	r31, 0x00	; 0
    ea0a:	2e 0f       	add	r18, r30
    ea0c:	3f 1f       	adc	r19, r31
    ea0e:	e1 2f       	mov	r30, r17
    ea10:	f0 e0       	ldi	r31, 0x00	; 0
    ea12:	2e 17       	cp	r18, r30
    ea14:	3f 07       	cpc	r19, r31
    ea16:	1c f4       	brge	.+6      	; 0xea1e <dtoa_prf+0x1be>
    ea18:	12 1b       	sub	r17, r18
    ea1a:	21 2f       	mov	r18, r17
    ea1c:	01 c0       	rjmp	.+2      	; 0xea20 <dtoa_prf+0x1c0>
    ea1e:	20 e0       	ldi	r18, 0x00	; 0
    ea20:	8e 2d       	mov	r24, r14
    ea22:	88 71       	andi	r24, 0x18	; 24
    ea24:	59 f4       	brne	.+22     	; 0xea3c <dtoa_prf+0x1dc>
    ea26:	f6 01       	movw	r30, r12
    ea28:	82 2f       	mov	r24, r18
    ea2a:	30 e2       	ldi	r19, 0x20	; 32
    ea2c:	88 23       	and	r24, r24
    ea2e:	19 f0       	breq	.+6      	; 0xea36 <dtoa_prf+0x1d6>
    ea30:	31 93       	st	Z+, r19
    ea32:	81 50       	subi	r24, 0x01	; 1
    ea34:	fb cf       	rjmp	.-10     	; 0xea2c <dtoa_prf+0x1cc>
    ea36:	c2 0e       	add	r12, r18
    ea38:	d1 1c       	adc	r13, r1
    ea3a:	20 e0       	ldi	r18, 0x00	; 0
    ea3c:	99 23       	and	r25, r25
    ea3e:	29 f0       	breq	.+10     	; 0xea4a <dtoa_prf+0x1ea>
    ea40:	d6 01       	movw	r26, r12
    ea42:	9c 93       	st	X, r25
    ea44:	f6 01       	movw	r30, r12
    ea46:	31 96       	adiw	r30, 0x01	; 1
    ea48:	6f 01       	movw	r12, r30
    ea4a:	51 11       	cpse	r21, r1
    ea4c:	0b c0       	rjmp	.+22     	; 0xea64 <dtoa_prf+0x204>
    ea4e:	f6 01       	movw	r30, r12
    ea50:	82 2f       	mov	r24, r18
    ea52:	90 e3       	ldi	r25, 0x30	; 48
    ea54:	88 23       	and	r24, r24
    ea56:	19 f0       	breq	.+6      	; 0xea5e <dtoa_prf+0x1fe>
    ea58:	91 93       	st	Z+, r25
    ea5a:	81 50       	subi	r24, 0x01	; 1
    ea5c:	fb cf       	rjmp	.-10     	; 0xea54 <dtoa_prf+0x1f4>
    ea5e:	c2 0e       	add	r12, r18
    ea60:	d1 1c       	adc	r13, r1
    ea62:	20 e0       	ldi	r18, 0x00	; 0
    ea64:	0f 2d       	mov	r16, r15
    ea66:	06 0f       	add	r16, r22
    ea68:	9a 81       	ldd	r25, Y+2	; 0x02
    ea6a:	34 2f       	mov	r19, r20
    ea6c:	30 71       	andi	r19, 0x10	; 16
    ea6e:	44 ff       	sbrs	r20, 4
    ea70:	03 c0       	rjmp	.+6      	; 0xea78 <dtoa_prf+0x218>
    ea72:	91 33       	cpi	r25, 0x31	; 49
    ea74:	09 f4       	brne	.+2      	; 0xea78 <dtoa_prf+0x218>
    ea76:	01 50       	subi	r16, 0x01	; 1
    ea78:	10 16       	cp	r1, r16
    ea7a:	24 f4       	brge	.+8      	; 0xea84 <dtoa_prf+0x224>
    ea7c:	09 30       	cpi	r16, 0x09	; 9
    ea7e:	18 f0       	brcs	.+6      	; 0xea86 <dtoa_prf+0x226>
    ea80:	08 e0       	ldi	r16, 0x08	; 8
    ea82:	01 c0       	rjmp	.+2      	; 0xea86 <dtoa_prf+0x226>
    ea84:	01 e0       	ldi	r16, 0x01	; 1
    ea86:	ab 01       	movw	r20, r22
    ea88:	77 ff       	sbrs	r23, 7
    ea8a:	02 c0       	rjmp	.+4      	; 0xea90 <dtoa_prf+0x230>
    ea8c:	40 e0       	ldi	r20, 0x00	; 0
    ea8e:	50 e0       	ldi	r21, 0x00	; 0
    ea90:	fb 01       	movw	r30, r22
    ea92:	e4 1b       	sub	r30, r20
    ea94:	f5 0b       	sbc	r31, r21
    ea96:	a1 e0       	ldi	r26, 0x01	; 1
    ea98:	b0 e0       	ldi	r27, 0x00	; 0
    ea9a:	ac 0f       	add	r26, r28
    ea9c:	bd 1f       	adc	r27, r29
    ea9e:	ea 0f       	add	r30, r26
    eaa0:	fb 1f       	adc	r31, r27
    eaa2:	8e e2       	ldi	r24, 0x2E	; 46
    eaa4:	a8 2e       	mov	r10, r24
    eaa6:	4b 01       	movw	r8, r22
    eaa8:	80 1a       	sub	r8, r16
    eaaa:	91 08       	sbc	r9, r1
    eaac:	0b 2d       	mov	r16, r11
    eaae:	10 e0       	ldi	r17, 0x00	; 0
    eab0:	11 95       	neg	r17
    eab2:	01 95       	neg	r16
    eab4:	11 09       	sbc	r17, r1
    eab6:	4f 3f       	cpi	r20, 0xFF	; 255
    eab8:	bf ef       	ldi	r27, 0xFF	; 255
    eaba:	5b 07       	cpc	r21, r27
    eabc:	21 f4       	brne	.+8      	; 0xeac6 <dtoa_prf+0x266>
    eabe:	d6 01       	movw	r26, r12
    eac0:	ac 92       	st	X, r10
    eac2:	11 96       	adiw	r26, 0x01	; 1
    eac4:	6d 01       	movw	r12, r26
    eac6:	64 17       	cp	r22, r20
    eac8:	75 07       	cpc	r23, r21
    eaca:	2c f0       	brlt	.+10     	; 0xead6 <dtoa_prf+0x276>
    eacc:	84 16       	cp	r8, r20
    eace:	95 06       	cpc	r9, r21
    ead0:	14 f4       	brge	.+4      	; 0xead6 <dtoa_prf+0x276>
    ead2:	81 81       	ldd	r24, Z+1	; 0x01
    ead4:	01 c0       	rjmp	.+2      	; 0xead8 <dtoa_prf+0x278>
    ead6:	80 e3       	ldi	r24, 0x30	; 48
    ead8:	41 50       	subi	r20, 0x01	; 1
    eada:	51 09       	sbc	r21, r1
    eadc:	31 96       	adiw	r30, 0x01	; 1
    eade:	d6 01       	movw	r26, r12
    eae0:	11 96       	adiw	r26, 0x01	; 1
    eae2:	7d 01       	movw	r14, r26
    eae4:	40 17       	cp	r20, r16
    eae6:	51 07       	cpc	r21, r17
    eae8:	24 f0       	brlt	.+8      	; 0xeaf2 <dtoa_prf+0x292>
    eaea:	d6 01       	movw	r26, r12
    eaec:	8c 93       	st	X, r24
    eaee:	67 01       	movw	r12, r14
    eaf0:	e2 cf       	rjmp	.-60     	; 0xeab6 <dtoa_prf+0x256>
    eaf2:	64 17       	cp	r22, r20
    eaf4:	75 07       	cpc	r23, r21
    eaf6:	39 f4       	brne	.+14     	; 0xeb06 <dtoa_prf+0x2a6>
    eaf8:	96 33       	cpi	r25, 0x36	; 54
    eafa:	20 f4       	brcc	.+8      	; 0xeb04 <dtoa_prf+0x2a4>
    eafc:	95 33       	cpi	r25, 0x35	; 53
    eafe:	19 f4       	brne	.+6      	; 0xeb06 <dtoa_prf+0x2a6>
    eb00:	31 11       	cpse	r19, r1
    eb02:	01 c0       	rjmp	.+2      	; 0xeb06 <dtoa_prf+0x2a6>
    eb04:	81 e3       	ldi	r24, 0x31	; 49
    eb06:	f6 01       	movw	r30, r12
    eb08:	80 83       	st	Z, r24
    eb0a:	f7 01       	movw	r30, r14
    eb0c:	82 2f       	mov	r24, r18
    eb0e:	90 e2       	ldi	r25, 0x20	; 32
    eb10:	88 23       	and	r24, r24
    eb12:	19 f0       	breq	.+6      	; 0xeb1a <dtoa_prf+0x2ba>
    eb14:	91 93       	st	Z+, r25
    eb16:	81 50       	subi	r24, 0x01	; 1
    eb18:	fb cf       	rjmp	.-10     	; 0xeb10 <dtoa_prf+0x2b0>
    eb1a:	f7 01       	movw	r30, r14
    eb1c:	e2 0f       	add	r30, r18
    eb1e:	f1 1d       	adc	r31, r1
    eb20:	10 82       	st	Z, r1
    eb22:	80 e0       	ldi	r24, 0x00	; 0
    eb24:	90 e0       	ldi	r25, 0x00	; 0
    eb26:	29 96       	adiw	r28, 0x09	; 9
    eb28:	0f b6       	in	r0, 0x3f	; 63
    eb2a:	f8 94       	cli
    eb2c:	de bf       	out	0x3e, r29	; 62
    eb2e:	0f be       	out	0x3f, r0	; 63
    eb30:	cd bf       	out	0x3d, r28	; 61
    eb32:	df 91       	pop	r29
    eb34:	cf 91       	pop	r28
    eb36:	1f 91       	pop	r17
    eb38:	0f 91       	pop	r16
    eb3a:	ff 90       	pop	r15
    eb3c:	ef 90       	pop	r14
    eb3e:	df 90       	pop	r13
    eb40:	cf 90       	pop	r12
    eb42:	bf 90       	pop	r11
    eb44:	af 90       	pop	r10
    eb46:	9f 90       	pop	r9
    eb48:	8f 90       	pop	r8
    eb4a:	08 95       	ret

0000eb4c <__ftoa_engine>:
    eb4c:	28 30       	cpi	r18, 0x08	; 8
    eb4e:	08 f0       	brcs	.+2      	; 0xeb52 <__ftoa_engine+0x6>
    eb50:	27 e0       	ldi	r18, 0x07	; 7
    eb52:	33 27       	eor	r19, r19
    eb54:	da 01       	movw	r26, r20
    eb56:	99 0f       	add	r25, r25
    eb58:	31 1d       	adc	r19, r1
    eb5a:	87 fd       	sbrc	r24, 7
    eb5c:	91 60       	ori	r25, 0x01	; 1
    eb5e:	00 96       	adiw	r24, 0x00	; 0
    eb60:	61 05       	cpc	r22, r1
    eb62:	71 05       	cpc	r23, r1
    eb64:	39 f4       	brne	.+14     	; 0xeb74 <__ftoa_engine+0x28>
    eb66:	32 60       	ori	r19, 0x02	; 2
    eb68:	2e 5f       	subi	r18, 0xFE	; 254
    eb6a:	3d 93       	st	X+, r19
    eb6c:	30 e3       	ldi	r19, 0x30	; 48
    eb6e:	2a 95       	dec	r18
    eb70:	e1 f7       	brne	.-8      	; 0xeb6a <__ftoa_engine+0x1e>
    eb72:	08 95       	ret
    eb74:	9f 3f       	cpi	r25, 0xFF	; 255
    eb76:	30 f0       	brcs	.+12     	; 0xeb84 <__ftoa_engine+0x38>
    eb78:	80 38       	cpi	r24, 0x80	; 128
    eb7a:	71 05       	cpc	r23, r1
    eb7c:	61 05       	cpc	r22, r1
    eb7e:	09 f0       	breq	.+2      	; 0xeb82 <__ftoa_engine+0x36>
    eb80:	3c 5f       	subi	r19, 0xFC	; 252
    eb82:	3c 5f       	subi	r19, 0xFC	; 252
    eb84:	3d 93       	st	X+, r19
    eb86:	91 30       	cpi	r25, 0x01	; 1
    eb88:	08 f0       	brcs	.+2      	; 0xeb8c <__ftoa_engine+0x40>
    eb8a:	80 68       	ori	r24, 0x80	; 128
    eb8c:	91 1d       	adc	r25, r1
    eb8e:	df 93       	push	r29
    eb90:	cf 93       	push	r28
    eb92:	1f 93       	push	r17
    eb94:	0f 93       	push	r16
    eb96:	ff 92       	push	r15
    eb98:	ef 92       	push	r14
    eb9a:	19 2f       	mov	r17, r25
    eb9c:	98 7f       	andi	r25, 0xF8	; 248
    eb9e:	96 95       	lsr	r25
    eba0:	e9 2f       	mov	r30, r25
    eba2:	96 95       	lsr	r25
    eba4:	96 95       	lsr	r25
    eba6:	e9 0f       	add	r30, r25
    eba8:	ff 27       	eor	r31, r31
    ebaa:	ec 5f       	subi	r30, 0xFC	; 252
    ebac:	fe 4f       	sbci	r31, 0xFE	; 254
    ebae:	99 27       	eor	r25, r25
    ebb0:	33 27       	eor	r19, r19
    ebb2:	ee 24       	eor	r14, r14
    ebb4:	ff 24       	eor	r15, r15
    ebb6:	a7 01       	movw	r20, r14
    ebb8:	e7 01       	movw	r28, r14
    ebba:	05 90       	lpm	r0, Z+
    ebbc:	08 94       	sec
    ebbe:	07 94       	ror	r0
    ebc0:	28 f4       	brcc	.+10     	; 0xebcc <__ftoa_engine+0x80>
    ebc2:	36 0f       	add	r19, r22
    ebc4:	e7 1e       	adc	r14, r23
    ebc6:	f8 1e       	adc	r15, r24
    ebc8:	49 1f       	adc	r20, r25
    ebca:	51 1d       	adc	r21, r1
    ebcc:	66 0f       	add	r22, r22
    ebce:	77 1f       	adc	r23, r23
    ebd0:	88 1f       	adc	r24, r24
    ebd2:	99 1f       	adc	r25, r25
    ebd4:	06 94       	lsr	r0
    ebd6:	a1 f7       	brne	.-24     	; 0xebc0 <__ftoa_engine+0x74>
    ebd8:	05 90       	lpm	r0, Z+
    ebda:	07 94       	ror	r0
    ebdc:	28 f4       	brcc	.+10     	; 0xebe8 <__ftoa_engine+0x9c>
    ebde:	e7 0e       	add	r14, r23
    ebe0:	f8 1e       	adc	r15, r24
    ebe2:	49 1f       	adc	r20, r25
    ebe4:	56 1f       	adc	r21, r22
    ebe6:	c1 1d       	adc	r28, r1
    ebe8:	77 0f       	add	r23, r23
    ebea:	88 1f       	adc	r24, r24
    ebec:	99 1f       	adc	r25, r25
    ebee:	66 1f       	adc	r22, r22
    ebf0:	06 94       	lsr	r0
    ebf2:	a1 f7       	brne	.-24     	; 0xebdc <__ftoa_engine+0x90>
    ebf4:	05 90       	lpm	r0, Z+
    ebf6:	07 94       	ror	r0
    ebf8:	28 f4       	brcc	.+10     	; 0xec04 <__ftoa_engine+0xb8>
    ebfa:	f8 0e       	add	r15, r24
    ebfc:	49 1f       	adc	r20, r25
    ebfe:	56 1f       	adc	r21, r22
    ec00:	c7 1f       	adc	r28, r23
    ec02:	d1 1d       	adc	r29, r1
    ec04:	88 0f       	add	r24, r24
    ec06:	99 1f       	adc	r25, r25
    ec08:	66 1f       	adc	r22, r22
    ec0a:	77 1f       	adc	r23, r23
    ec0c:	06 94       	lsr	r0
    ec0e:	a1 f7       	brne	.-24     	; 0xebf8 <__ftoa_engine+0xac>
    ec10:	05 90       	lpm	r0, Z+
    ec12:	07 94       	ror	r0
    ec14:	20 f4       	brcc	.+8      	; 0xec1e <__ftoa_engine+0xd2>
    ec16:	49 0f       	add	r20, r25
    ec18:	56 1f       	adc	r21, r22
    ec1a:	c7 1f       	adc	r28, r23
    ec1c:	d8 1f       	adc	r29, r24
    ec1e:	99 0f       	add	r25, r25
    ec20:	66 1f       	adc	r22, r22
    ec22:	77 1f       	adc	r23, r23
    ec24:	88 1f       	adc	r24, r24
    ec26:	06 94       	lsr	r0
    ec28:	a9 f7       	brne	.-22     	; 0xec14 <__ftoa_engine+0xc8>
    ec2a:	84 91       	lpm	r24, Z
    ec2c:	10 95       	com	r17
    ec2e:	17 70       	andi	r17, 0x07	; 7
    ec30:	41 f0       	breq	.+16     	; 0xec42 <__ftoa_engine+0xf6>
    ec32:	d6 95       	lsr	r29
    ec34:	c7 95       	ror	r28
    ec36:	57 95       	ror	r21
    ec38:	47 95       	ror	r20
    ec3a:	f7 94       	ror	r15
    ec3c:	e7 94       	ror	r14
    ec3e:	1a 95       	dec	r17
    ec40:	c1 f7       	brne	.-16     	; 0xec32 <__ftoa_engine+0xe6>
    ec42:	ea ea       	ldi	r30, 0xAA	; 170
    ec44:	f0 e0       	ldi	r31, 0x00	; 0
    ec46:	68 94       	set
    ec48:	15 90       	lpm	r1, Z+
    ec4a:	15 91       	lpm	r17, Z+
    ec4c:	35 91       	lpm	r19, Z+
    ec4e:	65 91       	lpm	r22, Z+
    ec50:	95 91       	lpm	r25, Z+
    ec52:	05 90       	lpm	r0, Z+
    ec54:	7f e2       	ldi	r23, 0x2F	; 47
    ec56:	73 95       	inc	r23
    ec58:	e1 18       	sub	r14, r1
    ec5a:	f1 0a       	sbc	r15, r17
    ec5c:	43 0b       	sbc	r20, r19
    ec5e:	56 0b       	sbc	r21, r22
    ec60:	c9 0b       	sbc	r28, r25
    ec62:	d0 09       	sbc	r29, r0
    ec64:	c0 f7       	brcc	.-16     	; 0xec56 <__ftoa_engine+0x10a>
    ec66:	e1 0c       	add	r14, r1
    ec68:	f1 1e       	adc	r15, r17
    ec6a:	43 1f       	adc	r20, r19
    ec6c:	56 1f       	adc	r21, r22
    ec6e:	c9 1f       	adc	r28, r25
    ec70:	d0 1d       	adc	r29, r0
    ec72:	7e f4       	brtc	.+30     	; 0xec92 <__ftoa_engine+0x146>
    ec74:	70 33       	cpi	r23, 0x30	; 48
    ec76:	11 f4       	brne	.+4      	; 0xec7c <__ftoa_engine+0x130>
    ec78:	8a 95       	dec	r24
    ec7a:	e6 cf       	rjmp	.-52     	; 0xec48 <__ftoa_engine+0xfc>
    ec7c:	e8 94       	clt
    ec7e:	01 50       	subi	r16, 0x01	; 1
    ec80:	30 f0       	brcs	.+12     	; 0xec8e <__ftoa_engine+0x142>
    ec82:	08 0f       	add	r16, r24
    ec84:	0a f4       	brpl	.+2      	; 0xec88 <__ftoa_engine+0x13c>
    ec86:	00 27       	eor	r16, r16
    ec88:	02 17       	cp	r16, r18
    ec8a:	08 f4       	brcc	.+2      	; 0xec8e <__ftoa_engine+0x142>
    ec8c:	20 2f       	mov	r18, r16
    ec8e:	23 95       	inc	r18
    ec90:	02 2f       	mov	r16, r18
    ec92:	7a 33       	cpi	r23, 0x3A	; 58
    ec94:	28 f0       	brcs	.+10     	; 0xeca0 <__ftoa_engine+0x154>
    ec96:	79 e3       	ldi	r23, 0x39	; 57
    ec98:	7d 93       	st	X+, r23
    ec9a:	2a 95       	dec	r18
    ec9c:	e9 f7       	brne	.-6      	; 0xec98 <__ftoa_engine+0x14c>
    ec9e:	10 c0       	rjmp	.+32     	; 0xecc0 <__ftoa_engine+0x174>
    eca0:	7d 93       	st	X+, r23
    eca2:	2a 95       	dec	r18
    eca4:	89 f6       	brne	.-94     	; 0xec48 <__ftoa_engine+0xfc>
    eca6:	06 94       	lsr	r0
    eca8:	97 95       	ror	r25
    ecaa:	67 95       	ror	r22
    ecac:	37 95       	ror	r19
    ecae:	17 95       	ror	r17
    ecb0:	17 94       	ror	r1
    ecb2:	e1 18       	sub	r14, r1
    ecb4:	f1 0a       	sbc	r15, r17
    ecb6:	43 0b       	sbc	r20, r19
    ecb8:	56 0b       	sbc	r21, r22
    ecba:	c9 0b       	sbc	r28, r25
    ecbc:	d0 09       	sbc	r29, r0
    ecbe:	98 f0       	brcs	.+38     	; 0xece6 <__ftoa_engine+0x19a>
    ecc0:	23 95       	inc	r18
    ecc2:	7e 91       	ld	r23, -X
    ecc4:	73 95       	inc	r23
    ecc6:	7a 33       	cpi	r23, 0x3A	; 58
    ecc8:	08 f0       	brcs	.+2      	; 0xeccc <__ftoa_engine+0x180>
    ecca:	70 e3       	ldi	r23, 0x30	; 48
    eccc:	7c 93       	st	X, r23
    ecce:	20 13       	cpse	r18, r16
    ecd0:	b8 f7       	brcc	.-18     	; 0xecc0 <__ftoa_engine+0x174>
    ecd2:	7e 91       	ld	r23, -X
    ecd4:	70 61       	ori	r23, 0x10	; 16
    ecd6:	7d 93       	st	X+, r23
    ecd8:	30 f0       	brcs	.+12     	; 0xece6 <__ftoa_engine+0x19a>
    ecda:	83 95       	inc	r24
    ecdc:	71 e3       	ldi	r23, 0x31	; 49
    ecde:	7d 93       	st	X+, r23
    ece0:	70 e3       	ldi	r23, 0x30	; 48
    ece2:	2a 95       	dec	r18
    ece4:	e1 f7       	brne	.-8      	; 0xecde <__ftoa_engine+0x192>
    ece6:	11 24       	eor	r1, r1
    ece8:	ef 90       	pop	r14
    ecea:	ff 90       	pop	r15
    ecec:	0f 91       	pop	r16
    ecee:	1f 91       	pop	r17
    ecf0:	cf 91       	pop	r28
    ecf2:	df 91       	pop	r29
    ecf4:	99 27       	eor	r25, r25
    ecf6:	87 fd       	sbrc	r24, 7
    ecf8:	90 95       	com	r25
    ecfa:	08 95       	ret

0000ecfc <_exit>:
    ecfc:	f8 94       	cli

0000ecfe <__stop_program>:
    ecfe:	ff cf       	rjmp	.-2      	; 0xecfe <__stop_program>
