S01F00004B56425F4C43445F31366269745F41546D6567613132382E73726563C2
S11300000C94FE210C941D220C941D220C941D2290
S11300100C941D220C941D220C941D220C941D2260
S11300200C941D220C941D220C941D220C941D2250
S11300300C941D220C941D220C941D220C941D2240
S11300400C941D220C941D220C941D220C941D2230
S11300500C941D220C941D220C941D220C941D2220
S11300600C941D220C941D220C941D220C941D2210
S11300700C941D220C941D220C941D220C941D2200
S11300800C941D220C941D220C941D2205A84CCD09
S1130090B2D44EB93836A9020C50B9918688083CBE
S11300A0A6AAAA2ABE000000803F00407A10F35A94
S11300B000A0724E18090010A5D4E80000E87648A4
S11300C0170000E40B54020000CA9A3B000000E150
S11300D0F505000080969800000040420F000000E3
S11300E0A08601000000102700000000E8030000C3
S11300F000006400000000000A000000000001008D
S1130100000000002C76D888DC674F0823DFC1DFAD
S1130110AE59E1B1B796E5E3E453C63AE6519976B0
S113012096E8E6C28426EB898C9B62ED407C6FFCEA
S1130130EFBC9C9F40F2BAA56FA5F490055A2AF72C
S11301405C936B6CF9676DC11BFCE0E40D47FEF535
S113015020E6B500D0ED902E03009435770500809D
S1130160841E080000204E0A000000C80C333333FC
S1130170330F986E12831141EF8D2114893BE6559C
S113018016CFFEE6DB18D1844B381BF77C1D901D7F
S1130190A4BBE424203284725E228100C9F124ECE1
S11301A0A1E53D2710202021401900000000000097
S11301B0000000000000000000000000000000003B
S11301C0000000000000000000000000000000002B
S11301D0000000000000000000000000000000001B
S11301E0000000000000000000000000000000000B
S11301F0000000000000038003800380038003806C
S113020003800380038003800380038003800380D2
S1130210038000000000038003800380038000004B
S113022000000000000000000000000000000000CA
S11302301C701C701C701C701C701C700000000072
S113024000000000000000000000000000000000AA
S1130250000000000000000000000000000000009A
S1130260000000000000000000000000000000008A
S11302700000000000001C701C701C701C701C70BE
S11302807FFC7FFC1C701C701C701C701C701C702C
S11302907FFC7FFC1C701C701C701C701C700000A8
S11302A0000000000000000000000000000000004A
S11302B000000000038003801FF03FF8739C739CD0
S11302C073807380738073803FF01FF8039C039CDA
S11302D0039C039C739C739C3FF81FF00380038072
S11302E0000000000000000000000000000000000A
S11302F00000000000001F1C3F9C3BB83BB83FF0CF
S11303001F7000E000E001C001C00380038007000B
S113031007000EF80FFC1DDC1DDC39FC38F800006A
S113032000000000000000000000000000000000C9
S11303300000000000000F801FC038E038E038E003
S113034038E038E039C01F800F001F8C39DC70F8AA
S1130350707070707070707070F83FDC1F8C0000EB
S11303600000000000000000000000000000000089
S11303700380038003800380038003800000000067
S11303800000000000000000000000000000000069
S11303900000000000000000000000000000000059
S11303A00000000000000000000000000000000049
S11303B00038007000E000E001C001C001C003800B
S11303C00380038003800380038003800380038011
S11303D003800380038001C001C001C000E000E08D
S11303E00070003800000000000000000000000061
S11303F038001C000E000E000700070007000380F1
S113040003800380038003800380038003800380D0
S11304100380038003800700070007000E000E001E
S11304201C00380000000000000000000000000074
S11304300000000000000000000000000000383848
S11304401C700EE007C003807FFC7FFC038007C0A4
S11304500EE01C70383800000000000000000000AE
S11304600000000000000000000000000000000088
S113047000000000000000000000000000000380F5
S113048003800380038003807FFC7FFC0380038060
S113049003800380038000000000000000000000CF
S11304A00000000000000000000000000000000048
S11304B00000000000000000000000000000000038
S11304C00000000000000000000000000000000028
S11304D00000000000000380038003800380070005
S11304E00E000000000000000000000000000000FA
S11304F000000000000000000000000000000000F8
S113050000000000000000007FFC7FFC00000000F1
S113051000000000000000000000000000000000D7
S113052000000000000000000000000000000000C7
S113053000000000000000000000000000000000B7
S113054000000000000000000000000000000000A7
S1130550000000000000038003800380038000008B
S11305600000000000000000000000000000000087
S1130570000E000E001C001C0038003800700070D3
S113058000E000E001C001C0038003800700070011
S11305900E000E001C001C003800380070007000B3
S11305A0E000E00000000000000000000000000087
S11305B00000000000001FF03FF8701C701C701C4D
S11305C0703C707C70FC71DC739C771C7E1C7C1C02
S11305D0781C701C701C701C701C3FF81FF000000D
S11305E00000000000000000000000000000000007
S11305F0000000000000038007800F801F801F8020
S113060003800380038003800380038003800380CE
S1130610038003800380038003801FF01FF0000029
S113062000000000000000000000000000000000C6
S11306300000000000001FF03FF8701C701C701CCC
S1130640701C701C001C0038007000E001C00380A6
S113065007000E001C00380070007FFC7FFC0000C7
S11306600000000000000000000000000000000086
S11306700000000000001FF03FF8701C701C001CFC
S1130680001C001C001807F007F00018001C001CD8
S1130690001C001C001C701C701C3FF81FF00000A4
S11306A00000000000000000000000000000000046
S11306B0000000000000001C003C007C00FC01DC89
S11306C0039C071C0E1C1C1C381C701C701C701C0A
S11306D07FFC7FFC001C001C001C001C001C000094
S11306E00000000000000000000000000000000006
S11306F00000000000007FFC7FFC700070007000B0
S11307007000700070007FF07FF8001C001C001C5B
S1130710001C001C001C701C701C3FF81FF0000023
S113072000000000000000000000000000000000C5
S11307300000000000001FF83FF870007000700017
S11307407000700070007FF07FF8701C701C701CCB
S1130750701C701C701C701C701C3FF81FF0000093
S11307600000000000000000000000000000000085
S11307700000000000007FFC7FFC701C701C701CDB
S1130780703800380070007000E000E001C001C063
S113079003800380038003800380038003800000C0
S11307A00000000000000000000000000000000045
S11307B00000000000001FF03FF8701C701C701C4B
S11307C0701C701C701C30181FF01FF03018701C47
S11307D0701C701C701C701C701C3FF81FF0000013
S11307E00000000000000000000000000000000005
S11307F00000000000001FF03FF8701C701C701C0B
S1130800701C701C701C701C701C3FFC1FFC001CB6
S1130810001C001C001C001C001C3FF83FF00000E2
S113082000000000000000000000000000000000C4
S113083000000000000000000000000000000000B4
S11308400000038003800380038000000000000098
S11308500000000000000380038003800380000088
S11308600000000000000000000000000000000084
S11308700000000000000000000000000000000074
S11308800000038003800380038000000000000058
S11308900000000000000380038003800380070041
S11308A00E00000000000000000000000000000036
S11308B0000000000000001C0038007000E001C0CF
S11308C0038007000E001C00380038001C000E00D6
S11308D00700038001C000E000700038001C000025
S11308E00000000000000000000000000000000004
S11308F000000000000000000000000000000000F4
S113090000007FFC7FFC00000000000000007FFC72
S11309107FFC000000000000000000000000000058
S113092000000000000000000000000000000000C3
S1130930000000000000700038001C000E000700DA
S1130940038001C000E0007000380038007000E04F
S113095001C0038007000E001C0038007000000076
S11309600000000000000000000000000000000083
S11309700000000000001FF03FF8701C701C701C89
S1130980701C701C0038007000E001C003800380FC
S113099003800000000003800380038003800000C4
S11309A00000000000000000000000000000000043
S11309B00000000000001FF03FF8701C701C701C49
S11309C070FC71FC739C739C739C739C739C739CF0
S11309D0739C71FC70EC700070003FFC1FFC000005
S11309E0000000000000000000000E1C20A23115D1
S11309F000000000000000000000000000000000F3
S1130A0000000000000000000000000000000000E2
S1130A1000000000000000000000000000000000D2
S1130A2000000000000000000600180060018006BD
S1130A3000180060018006001800600180000000BA
S1130A4000600180060018000000000000000000A3
S1130A500000000000018C063018C063018C0630D1
S1130A600000000000000000000000000000000082
S1130A700000000000000000000000000000000072
S1130A800000000000000000000018C063018C0694
S1130A90307FF1FFC18C063018C063018C06307FB3
S1130AA0F1FFC18C063018C0630000000000000094
S1130AB000000000000000000000C003003F01FE31
S1130AC00CCC3330CC03300CC01FC03F803300CC7F
S1130AD00330CCC33307F80FC00C00300000000013
S1130AE00000000000000000000000003C31F8C6D7
S1130AF06619987EC0F30018006003000C006001C2
S1130B00800CF037E199866631F8C3C0000000001C
S1130B10000000000000000000000000000F007E44
S1130B20030C0C3030C0E701F803C00E007C63BB3B
S1130B309C7C60E183860E1C7C3FB87C60000000D6
S1130B4000000000000000000000006001800600BA
S1130B501800600180000000000000000000000098
S1130B600000000000000000000000000000000081
S1130B700000000000000000000000000C00600302
S1130B80000C006001800600180060018006001857
S1130B90006001800600180060018003000C00184A
S1130BA0003000000000000000000000018003008D
S1130BB0060018003000C003000C003000C0030021
S1130BC00C003000C003000C003000C00600180008
S1130BD0C00600000000000000000000000000004B
S1130BE0000000000000000038E07700F801C07F3A
S1130BF0F1FFC07003E01DC0E380000000000000AE
S1130C0000000000000000000000000000000000E0
S1130C100000000000000000C003000C003000C011
S1130C207FF9FFE03000C003000C0030000000003A
S1130C3000000000000000000000000000000000B0
S1130C4000000000000000000000000000000000A0
S1130C5000000000000000000000000060018006A9
S1130C60001800C0060000000000000000000000A2
S1130C700000000000000000000000000000000070
S1130C8000007FF1FFC00000000000000000000031
S1130C900000000000000000000000000000000050
S1130CA00000000000000000000000000000000040
S1130CB000000000000000000000000000006001CF
S1130CC08006001800000000000000000000000082
S1130CD000000000000C0030018006003000C00657
S1130CE0001800C0030018006003000C00600180BD
S1130CF00C0030018006000000000000000000002D
S1130D00000000000000001FC0FF8603180C607183
S1130D1083C61F18EC6731B8C7C31E0C703180C678
S1130D2003180C3FE07F00000000000000000000FA
S1130D30000000000000000003001C00F007C003D6
S1130D40000C003000C003000C003000C003000C95
S1130D50003000C01FE07F800000000000000000A1
S1130D600000000000000000001FC0FF8603180CF4
S1130D70603180C003001C00E007003801C00E0091
S1130D807003801C007FF1FFC00000000000000021
S1130D90000000000000000000001FC0FF860318D0
S1130DA00C003000C003000C0FE03F8003000C0077
S1130DB03000C603180C3FE07F0000000000000074
S1130DC00000000000000000000000003001C00F1F
S1130DD0007C03B01CC0E3070C3831C0C603180CF8
S1130DE07FF1FFC003000C003000C00000000000D1
S1130DF00000000000000000000000007FF1FFC6BA
S1130E0000180060018006001FF07FE000C00300AE
S1130E100C003000C603180C3FE07F000000000007
S1130E20000000000000000000000000001FE0FFC0
S1130E308600180060018006001FF07FE180C60371
S1130E40180C603180C603180C3FE07F00000000DE
S1130E5000000000000000000000000000007FF11E
S1130E60FFC603180C6030018006003000C0060085
S1130E701800C003000C003000C003000C00000088
S1130E800000000000000000000000000000001F3F
S1130E90C0FF8603180C603180C603180C3FE0FFC6
S1130EA08603180C603180C603180C3FE07F0000F5
S1130EB0000000000000000000000000000000002E
S1130EC01FC0FF8603180C603180C603180C603005
S1130ED0FFC1FF000C003000C003000C3FE0FF0026
S1130EE000000000000000000000000000000000FE
S1130EF000000000000000000000180060018006EF
S1130F0000000000000000000000600180060018DE
S1130F1000000000000000000000000000000000CD
S1130F2000000000000000000000001800600180C4
S1130F3006000000000000000000006001800600C0
S1130F401800C006000000000000000000000000BF
S1130F50000000000001C00E007003801C00E007C8
S1130F60003801C0038007000E001C003800700028
S1130F70E001C000000000000000000000000000CC
S1130F8000000000000000000000000001FFC7FF97
S1130F90000000000000001FFC7FF00000000000C3
S1130FA0000000000000000000000000000000003D
S1130FB000000000000001C0038007000E001C00B8
S1130FC038007000E001C00E007003801C00E007D0
S1130FD0003801C000000000000000000000000014
S1130FE00000000000001F80FF06061818606181E1
S1130FF0800C0060030018006001800000000060A5
S1131000018006001800000000000000000000003D
S1131010000000000000001FC0FF8603180C6031B0
S113102087C63F19CC663198C66319CC63F18746ED
S11310300018003FF07FC000000000000000000026
S113104000000000000000001FC0FF8603180C60B1
S11310503180C603180C6031FFC7FF180C60318063
S1131060C603180C603180C00000000000000000BE
S11310700000000000000000007FC1FF8603180C80
S1131080603180C6061FF07FC1818603180C603171
S113109080C603180C7FE1FF000000000000000080
S11310A0000000000000000000001FC0FF860318BD
S11310B00C60318006001800600180060018006092
S11310C00180C603180C3FE07F0000000000000010
S11310D000000000000000000000007F01FF060E79
S11310E01818603180C603180C603180C603180CD0
S11310F0603180C60618387FC1FC00000000000083
S11311000000000000000000000000007FF1FFC6A6
S1131110001800600180060018007F81FE06001898
S113112000600180060018007FF1FFC0000000008D
S1131130000000000000000000000000007FF1FF3C
S1131140C6001800600180060018007F81FE0600BA
S11311501800600180060018006001800000000093
S113116000000000000000000000000000001FC09C
S1131170FF8603180C6031800600180063F18FC6E7
S113118003180C603180C603180C3FE07F00000098
S113119000000000000000000000000000000060EB
S11311A03180C603180C603180C603180C7FF1FF30
S11311B0C603180C603180C603180C603180C0006F
S11311C0000000000000000000000000000000001B
S11311D00FC03F003000C003000C003000C003000B
S11311E00C003000C003000C003000C00FC03F00F2
S11311F000000000000000000000000000000000EB
S11312000001F807E00600180060018006001800DD
S1131210600180060018606181860618183FC07E50
S113122000000000000000000000000000000000BA
S11312300000603181C60E187063819C06E01F00B7
S11312407801E007C01B8067018E061C18386071A6
S113125080C000000000000000000000000000004A
S1131260000000600180060018006001800600187C
S11312700060018006001800600180060018007FED
S1131280F1FFC000000000000000000000000000AA
S11312900000000040098067039E1E7CF9BF667948
S11312A098C66019806601980660198066019806E0
S11312B060198060000000000000000000000000D1
S11312C00000000000603180C603180C7031E0C7D4
S11312D0C31B8C67318EC61F183C607180C603180F
S11312E00C603180C000000000000000000000001D
S11312F00000000000001FC0FF8603180C6031804E
S1131300C603180C603180C603180C603180C60314
S1131310180C3FE07F000000000000000000000007
S1131320000000000000007FC1FF8603180C60313C
S113133080C603180C6031FF87FC1800600180062A
S113134000180060018000000000000000000000A0
S113135000000000000000001FC0FF8603180C609E
S11313603180C603180C603180C603180C603180CC
S1131370C63B187C3FE07F8007000E0000000000A1
S11313800000000000000000007FC1FF8603180C6D
S1131390603180C603180C6031FF87FC1F006E01AA
S11313A09C0638187060E181C00000000000000055
S11313B0000000000000000000001FC0FF860318AA
S11313C00C600180060018003FC07F8003000C0001
S11313D03000C603180C3FE07F000000000000004E
S11313E000000000000000000000007FF9FFE03072
S11313F000C003000C003000C003000C003000C02B
S113140003000C003000C003000C000000000000CA
S1131410000000000000000000000000603180C6F1
S113142003180C603180C603180C603180C60318A1
S11314300C603180C603180C3FE07F000000000000
S11314400000000000000000000000000060318087
S1131450C603180C3060C183060C1818C063018CD5
S113146006300D803600D801C007001C00000000C3
S113147000000000000000000000000000006019EF
S11314808066019806601980660198066019806676
S11314903199E66FD9F3E7879C0E601900200000AC
S11314A000000000000000000000000000000060D8
S11314B03180C3060C1818C06300D8036007001CF1
S11314C000D8036018C06303060C18603180C000A4
S11314D00000000000000000000000000000000008
S11314E060198063030C0C18606180CC03300780A2
S11314F01E003000C003000C003000C003000C00CC
S113150000000000000000000000000000000000D7
S1131510007FF1FFC003000C007003801C00E00793
S1131520003801C00E00700180060018007FF1FF32
S1131530C000000000000000000000000000007E69
S113154001F80600180060018006001800600180A0
S11315500600180060018006001800600180060083
S113156018007E01F80000000000000000000000E8
S11315700018006000C00300060018003000C0011D
S11315808006000C00300060018003000C0018008D
S11315906000C00300000000000000000000000024
S11315A003F00FC003000C003000C003000C003037
S11315B000C003000C003000C003000C003000C069
S11315C003000C03F00FC000000000000000000046
S11315D000002001C00F8077038E1C1C0000000057
S11315E000000000000000000000000000000000F7
S11315F000000000000000000000000000000000E7
S113160000000000000000000000000000000000D6
S113161000000000000000000000000000000000C6
S1131620000000000000001FFC7FF000000000002C
S113163000000000C0038007000E00180000000036
S11316400000000000000000000000000000000096
S11316500000000000000000000000000000000086
S11316600000000000000000000000000000000076
S1131670007F01FE000C00307FC3FF180C60318036
S1131680C603180C3FF07FC00000000000000000FB
S11316900000000000000000006001800600180047
S11316A06001FF07FE180C603180C603180C60311E
S11316B080C603180C7FE1FF00000000000000005A
S11316C00000000000000000000000000000000016
S11316D00000007F03FE181C6001800600180060F3
S11316E001800600181C3FE07F000000000000009D
S11316F00000000000000000000000003000C003F3
S1131700000C00307FC3FF180C603180C603180C36
S1131710603180C603180C3FF07FC0000000000059
S113172000000000000000000000000000000000B5
S113173000000000007F03FE180C603180C7FF1F0B
S1131740FC6001800600181C3FE07F0000000000E0
S11317500000000000000000000000000003F01F73
S1131760C06001800600FF03FC01800600180060D1
S113177001800600180060018006001800000000C7
S11317800000000000000000000000000000000055
S1131790000000000000007FC3FF180C603180C609
S11317A003180C603180C603180C3FF07FC003009F
S11317B00C003000C3FE0FF00000000000000060C9
S11317C00180060018006001FF07FE180C603180DC
S11317D0C603180C603180C603180C603180C00049
S11317E000000000000000000000000000000000F5
S11317F003000C0030000000003C00F000C00300B7
S11318000C003000C003000C003000C00FC03F00CB
S113181000000000000000000000000000000000C4
S11318200000600180060000000007801E00180010
S11318306001800600180060018006001800600145
S113184080060C183060C181FC03E0000000000039
S113185000003000C003000C003000C1C30E0C7047
S11318603380DC03E00F003E00DC03380C7030E012
S1131870C1C00000000000000000000000000000E3
S11318800000000F003C003000C003000C003000DA
S1131890C003000C003000C003000C003000C00F77
S11318A0C03F000000000000000000000000000035
S11318B000000000000000000000000001FF87FF9E
S11318C018C663198C663198C663198C663198C63C
S11318D063198C600000000000000000000000009C
S11318E00000000000000000000000000001FF07ED
S11318F0FE180C603180C603180C603180C60318D2
S11319000C603180C00000000000000000000000F6
S11319100000000000000000000000000000007F44
S113192003FE180C603180C603180C603180C603B6
S1131930180C3FE07F0000000000000000000000E1
S11319400000000000000000000000000000000192
S1131950FF07FE180C603180C603180C603180C686
S113196003180C7FE1FF06001800600180060018D0
S11319700000000000000000000000000000000063
S1131980007FC3FF180C603180C603180C603180DF
S1131990C603180C3FF07FC003000C003000C003E6
S11319A0000C000000000000000000000000000027
S11319B000019FC6FF1F007801C0060018006001E7
S11319C08006001800600180000000000000000094
S11319D00000000000000000000000000000000003
S11319E00000007F03FE180C60018003FC07F80070
S11319F03000C0031C0C3FE07F000000000000002A
S1131A000000000000000000000000060018006054
S1131A1001800600FF03FC018006001800600180BD
S1131A200600180060018007E00F8000000000003D
S1131A3000000000000000000000000000000000A2
S1131A40000000000180C603180C603180C6031832
S1131A500C603180C603180C3FF07FC0000000000A
S1131A600000000000000000000000000000000072
S1131A7000000000000180C603180C3060C183061A
S1131A80063018C06300D8036007001C0000000083
S1131A900000000000000000000000000000000042
S1131AA000000000000001806601980660198C6641
S1131AB03198C663198C663198C63FF07F80000068
S1131AC00000000000000000000000000000000012
S1131AD0000000000000000180C6031C1C38E077F1
S1131AE000F801C00F8077038E1C1C603180C00099
S1131AF000000000000000000000000000000000E2
S1131B0000000000000000000180C603180C6031D2
S1131B1080C603180C603180C603180C3FF07FC0E8
S1131B2003000C003000C3FE0FF0000000000000B2
S1131B3000000000000000000001FFC7FF001C00BF
S1131B40E007003801C00E007003801C007FF1FF25
S1131B50C000000000000000000000000000000EB3
S1131B60007803800C003000C003000C00300180BA
S1131B701C0070006000C003000C003000C00300B3
S1131B800E001E00380000000000000000000000ED
S1131B9060018006001800600180060018006001E2
S1131BA080060018006001800600180060018006AD
S1131BB00018006001800000000000000000000028
S1131BC003800F000E0018006001800600180060FA
S1131BD000C001C0070030018006001800600180C9
S1131BE006003803C00E00000000000000000000E2
S1131BF000000000000000000000000000000000E1
S1131C00000F0C7E318CC63F1878000000000000E5
S1131C1000000000000000000000000000000000C0
S1131C200000000000001FC0FF8603180C60318014
S1131C30C603180C6031FFC7FF180C603180C6035F
S1131C40180C603180C0000000000000000000009B
S1131C50000000000000007FE1FF86001800600122
S1131C608006001FF07FE180C603180C603180C637
S1131C7003180C7FE1FF00000000000000000000DA
S1131C8000000000000000007FC1FF8603180C6004
S1131C903180C6061FF07FC1818603180C60318035
S1131CA0C603180C7FE1FF000000000000000000E4
S1131CB00000000000000000007FF1FFC6001800D3
S1131CC060018006001800600180060018006001B1
S1131CD08006001800600180000000000000000081
S1131CE00000000000000000000007F03FC1830C6A
S1131CF00C603180C603180C603180C603180C6078
S1131D003180C603180CFFFBFFEC01B006C01800BD
S1131D1000000000000000000000007FF1FFC6008A
S1131D201800600180060018007F81FE060018007C
S1131D30600180060018007FF1FFC0000000000071
S1131D4000000000000000000000000063198C6621
S1131D503198C66319CCE3B707F80FC07F83B71C6B
S1131D60CE63198C663198C663198C60000000003C
S1131D70000000000000000000000000001FC0FF81
S1131D808603180C003000C003000C0FE03F8003F2
S1131D90000C003000C603180C3FE07F0000000078
S1131DA0000000000000000000000000000060319E
S1131DB080C603180C603181C60F187C63B19CC6C1
S1131DC0E31F0C7831C0C603180C603180C00000DA
S1131DD0000000000000000018C07F00F800006050
S1131DE03180C603180C603181C60F187C63B19C26
S1131DF0C6E31F0C7831C0C603180C603180C000E4
S1131E0000000000000000000000000000000000CE
S1131E10603181C60E187063819C06E01F00780152
S1131E20E007C01B8067018E061C1838607180C0F3
S1131E30000000000000000000000000000000009E
S1131E400007F03FC183060C183060C183060C18EC
S1131E503060C183060C183060C183060C3831C071
S1131E60C0000000000000000000000000000000AE
S1131E70000040098067039E1E7CF9BF667998C6FE
S1131E8060198066019806601980660198066019D9
S1131E90806000000000000000000000000000005E
S1131EA0000000603180C603180C603180C603183E
S1131EB00C7FF1FFC603180C603180C603180C6058
S1131EC03180C0000000000000000000000000009D
S1131ED0000000001FC0FF8603180C603180C60399
S1131EE0180C603180C603180C603180C603180CCE
S1131EF03FE07F0000000000000000000000000040
S1131F0000000000007FF1FFC603180C603180C69A
S1131F1003180C603180C603180C603180C60318A6
S1131F200C603180C00000000000000000000000D0
S1131F300000000000007FC1FF8603180C603180A0
S1131F40C603180C6031FF87FC180060018006008E
S1131F501800600180000000000000000000000084
S1131F60000000000000001FC0FF8603180C603151
S1131F70800600180060018006001800600180C619
S1131F8003180C3FE07F0000000000000000000088
S1131F9000000000000000007FF9FFE03000C003F3
S1131FA0000C003000C003000C003000C003000C23
S1131FB0003000C003000C0000000000000000001E
S1131FC0000000000000000000603180C603180C0F
S1131FD0603180C603180C6030FFC1FF000C003074
S1131FE000C003000C3FE0FF000000000000000000
S1131FF0000000000000003000C01FE0FFC6319860
S1132000C663198C663198C663198C663198C663A9
S1132010198C663198C63FF07F803000C000000004
S11320200000000000000000000000603180C306D2
S11320300C1818C06300D8036007001C00D80360A4
S113204018C06303060C18603180C0000000000053
S1132050000000000000000000000000603180C6A5
S113206003180C603180C603180C603180C6031855
S11320700C603180C603180C3FF87FE00180060035
S113208018006000000000000000000000603180C3
S1132090C603180C603180C603180C3FF07FC003E0
S11320A0000C003000C003000C003000C000000031
S11320B000000000000000000000000000006319A0
S11320C08C663198C663198C663198C663198C6620
S11320D03198C663198C663198C63FF87FE00000DA
S11320E00000000000000000000000000000006389
S11320F0198C663198C663198C663198C663198C3D
S1132100663198C663198C663198C63FFC7FF0002F
S1132110C003000C003000000000000000000000BC
S1132120F003C003000C003000C003FE0FFC3018A5
S1132130C063018C063018C063018C063FF0FF8039
S1132140000000000000000000000000000000008B
S1132150006019806601980660198067F19FE66047
S1132160D983660D983660D983660D98367F99FCBD
S113217060000000000000000000000000000000FB
S113218000006001800600180060018007FC1FF851
S1132190603180C603180C603180C603180C7FE1DF
S11321A0FF0000000000000000000000000000002C
S11321B00000001FC0FF8603180C003000C003009D
S11321C00C0FF03FC003000C003000C603180C3F96
S11321D0E07F00000000000000000000000000009C
S11321E00000000061E18FC66199866619986661F6
S11321F099867E19F866619986661998666199864A
S113220063F187800000000000000000000000006F
S113221000000000001FF0FFC603180C603180C6E8
S113222003180C6030FFC1FF007C03B01CC0E3073F
S11322300C3831C0C00000000000000000000000A5
S11322400000000000000000000000000000007F0B
S113225001FE000C00307FC3FF180C603180C60300
S1132260180C3FF07FC000000000000000000000D8
S1132270000000000000001FC0FF060018006000FE
S11322808001FC0FF8603180C603180C603180C6F1
S113229003180C3FE07F0000000000000000000075
S11322A000000000000000001F00FE070C18306052
S11322B0C18306181FF07FE180C603180C603180CB
S11322C0C6031C183FE07F0000000000000000006F
S11322D000000000000000000000000000000000FA
S11322E00000FF03FE000C003000C1FE0FF060018F
S11322F080060018003FE07F80000000000000001E
S1132300000000000000000000003FC0FF80030048
S11323100C00307FC3FF180C603180C603180C60BA
S11323203180C603180C3FE07F000000000000006D
S11323300000000000000000000000000000000099
S1132340000000007F03FE180C603180C7FF1FFCF3
S11323506001800600181C3FE07F000000000000C0
S11323600000000000000000000000000000000069
S113237000000000018C663198C67338EDC1FE037D
S1132380F01FE0EDC73398C663198C6000000000AD
S11323900000000000000000000000000000000039
S11323A00000000000007F03FE1C0C003000C0FE93
S11323B003F8003000C0031C0C3FE07F0000000065
S11323C00000000000000000000000000000000009
S11323D00000000000000180C603180C603180C6B4
S11323E003180C603180C603181C3FF07EC0000047
S11323F000000000000000000000000000000000D9
S1132400006301FC03E0000180C603180C60318006
S1132410C603180C603180C603181C3FF07EC00050
S113242000000000000000000000000000000000A8
S1132430000000000000000000C1C30E0C703380D7
S1132440DC03E00F003E00DC03380C7030E0C1C058
S11324500000000000000000000000000000000078
S1132460000000000000000000001FC0FF060C1860
S11324703060C183060C183060C183060C3831C04B
S1132480C000000000000000000000000000000088
S113249000000000000000000000010026019C0E66
S11324A07879F3E6FD99E663198066019806601968
S11324B08060000000000000000000000000000038
S11324C000000000000000000000000180C60318A6
S11324D00C603180C7FF1FFC603180C603180C609C
S11324E03180C00000000000000000000000000077
S11324F0000000000000000000000000007F03FE58
S1132500180C603180C603180C603180C603180CA7
S11325103FE07F0000000000000000000000000019
S11325200000000000000000000000000001FFC7E0
S1132530FF180C603180C603180C603180C6031884
S11325400C603180C00000000000000000000000AA
S1132550000000000000000000000000000001FF77
S113256007FE180C603180C603180C603180C60366
S1132570180C7FE1FF0600180060018006001800B7
S11325800000000000000000000000000000000047
S11325907F03FE181C60018006001800600180069D
S11325A000181C3FE07F0000000000000000000055
S11325B00000000000000000000000000000000017
S11325C001FFE7FF80C003000C003000C003000CD3
S11325D0003000C003000C000000000000000000F8
S11325E000000000000000000000000000000000E7
S11325F0000180C603180C603180C603180C6031DA
S113260080C603180C3FF07FC003000C003000C3E9
S1132610FE0FF000000000000000000000000000B9
S1132620C003007F83FF18C663198C663198C663A4
S1132630198C663198C63FF07F803000C0000000DE
S11326400000000000000000000000000000000086
S11326500000000180C6031C1C38E07700F801C0AC
S11326600F8077038E1C1C603180C00000000000C6
S11326700000000000000000000000000000000056
S1132680000000000180C603180C603180C60318E6
S11326900C603180C603180C3FF87FE0018006000F
S11326A018006000000000000000000000000000AE
S11326B000000000000180C603180C603180C3FFD5
S11326C007FC003000C003000C003000C000000014
S11326D000000000000000000000000000000000F6
S11326E0000000000000018C663198C663198C66F6
S11326F03198C663198C663198C63FF87FE00000B4
S113270000000000000000000000000000000000C5
S113271000000000000000018C663198C663198C2B
S1132720663198C663198C663198C63FFC7FF00009
S1132730C003000C00300000000000000000000096
S1132740000000000000000003C00F000C00300077
S1132750FF03FE0C0C3030C0C3030C0C3FE0FF0041
S11327600000000000000000000000000000000065
S1132770000000000000000000018066019806606F
S113278019FC67F9983660D983660D98367F99FCF1
S113279060000000000000000000000000000000D5
S11327A00000000000000000000000C003000C0056
S11327B03000FF03FE0C0C3030C0C3030C0C3FE0B0
S11327C0FF00000000000000000000000000000006
S11327D00000000000000000000000007F03FE1C59
S11327E00C003000C0FF03FC003000C0031C0C3F91
S11327F0E07F000000000000000000000000000076
S11328000000000000000000000000000187863F77
S1132810198666199866619F867E199866619986FD
S113282063F1878000000000000000000000000049
S113283000000000000000000000000000007FC352
S1132840FF180C603180C6030FFC1FF00EC0730329
S11328508C1C30E0C00000000000000000000018E4
S1132860C063018C00007FF1FFC600180060018086
S1132870060018007F81FE06001800600180060033
S113288018007FF1FFC000000000000000000000FD
S113289000000000000000000063018C063000000E
S11328A07F03FE180C603180C7FF1FFC60018006A7
S11328B000181C3FE07F0000000000000000000042
S11328C0000000000000000061E18FC63318CC63F3
S11328D0F18787001C0079F1E7C6D81B6067819EE9
S11328E0063818E061818600000000000000000046
S11328F000000C1820A224120000000000000000B8
S113290000000000000000000000000000000000C3
S113291000000000000000000000000000000000B3
S11329200000060060060060060060060060060005
S113293060000000060060060000000000000000C7
S11329400000001981981981980900000000000016
S11329500000000000000000000000000000000073
S113296000000000000000000000198198198198FF
S11329707FE1981981981981987FE19819819819B4
S1132980800000000000000000000000006006015C
S1132990F836C6666606603601F806C066066666E0
S11329A036C1F806006000000000000000000000CE
S11329B0000000038C6CC6D86D83B0030060060071
S11329C0C00DC1B61B633631C0000000000000001A
S11329D00000000000000E01B03183183181B00EF8
S11329E001E633661C60C60C61C3361E600000003D
S11329F00000000000000006006006006006000001
S1132A0000000000000000000000000000000000C2
S1132A10000000000000000000000000C0180300D7
S1132A203006006006006006006006006006006074
S1132A3006003003001800C0000000000000003051
S1132A4001800C00C00600600600600600600600FD
S1132A50600600600600C00C018030000000000029
S1132A6000000000000000000000060C3181B00EE0
S1132A700FFE0E01B031860C0000000000000000C3
S1132A8000000000000000000000000000000060E2
S1132A900600600607FE06006006006000000000F5
S1132AA00000000000000000000000000000000022
S1132AB00000000000000000000000000000000012
S1132AC00600600600200200400000000000000034
S1132AD000000000000000000000000007FE0000ED
S1132AE000000000000000000000000000000000E2
S1132AF000000000000000000000000000000000D2
S1132B000000000000000000060060060000000055
S1132B100000000000000000000600600C00C01867
S1132B200180300300600600C00C018018030030EF
S1132B3006006000000000000000000000001F8389
S1132B400C60660660E61E6366666C6786706606E1
S1132B5060630C1F80000000000000000000000003
S1132B6000000600E01E0360060060060060060028
S1132B70600600600600603FC00000000000000026
S1132B800000000000001F830C6066066060060001
S1132B90C0180300600C01803006007FE0000000D4
S1132BA0000000000000000000001F830C606006AD
S1132BB000600600C0F800C00600600660630C1FD9
S1132BC08000000000000000000000000000006021
S1132BD00E01E0360660C61863066066066067FE8E
S1132BE0006006006000000000000000000000001B
S1132BF000007FE6006006006006007F800C006035
S1132C000600600660630C1F8000000000000000E6
S1132C100000000000001FC3006006006006007F83
S1132C20860C60660660660660630C1F8000000008
S1132C30000000000000000000007FE6066060065F
S1132C4000C00C0180180300300600600600600616
S1132C5000000000000000000000000000001F83CE
S1132C600C60660660660630C1F830C6066066060B
S1132C7060630C1F800000000000000000000000E2
S1132C8000001F830C6066066066066063061FE032
S1132C900600600600600C3F800000000000000099
S1132CA000000000000000000000000006006006B4
S1132CB000000000000000000600600600000000A4
S1132CC00000000000000000000000000000000000
S1132CD00600600600000000000000000600600618
S1132CE0002002004000000000000000000000601E
S1132CF00C0180300600C01803001800C006003024
S1132D0001800C00600000000000000000000000D2
S1132D1000000000000000000007FE0000000000AA
S1132D20007FE00000000000000000000000000040
S1132D300000000000006003001800C0060030011D
S1132D40800C0180300600C0180300600000000001
S1132D50000000000000000000001F830C606606F5
S1132D6060600C0180300600600000000600600610
S1132D7000000000000000000000000000001F83AD
S1132D800C60660663E66666666666666666663A4E
S1132D906003001FE00000000000000000000000CD
S1132DA000001F830C6066066066066066067FE6A8
S1132DB006606606606606606000000000000000B1
S1132DC00000000000007F860C60660660660C7FD1
S1132DD0860C60660660660660660C7F80000000F4
S1132DE0000000000000000000001F830C60660665
S1132DF060060060060060060060060660630C1F43
S1132E0080000000000000000000000000007F8639
S1132E100C606606606606606606606606606606A6
S1132E2060660C7F800000000000000000000000CD
S1132E3000007FE6006006006006006007F8600698
S1132E40006006006006007FE00000000000000053
S1132E500000000000007FE60060060060060060DD
S1132E6007F86006006006006006006000000000CD
S1132E70000000000000000000001F830C606606D4
S1132E8060060060063E60660660660660630C1FAE
S1132E9080000000000000000000000000006066E8
S1132EA0066066066066066067FE60660660660623
S1132EB06066066060000000000000000000000082
S1132EC000001F80600600600600600600600600C7
S1132ED0600600600600601F800000000000000023
S1132EE000000000000003F00C00C00C00C00C0047
S1132EF0C00C00C00C60C60C60C3181F00000000AA
S1132F000000000000000000000060660C618630D4
S1132F106606C07807007806C066063061860C60D5
S1132F2060000000000000000000000000006006D7
S1132F30006006006006006006006006006006008F
S1132F406006007FE00000000000000000000000B8
S1132F500000802C06E0EF1EDB6CE6C46C06C06C3F
S1132F6006C06C06C06C06C06000000000000000D3
S1132F700000000000006066066066067067866CEC
S1132F80666663661E60E6066066066060000000B2
S1132F90000000000000000000001F830C606606B3
S1132FA060660660660660660660660660630C1FFF
S1132FB080000000000000000000000000007F8688
S1132FC00C60660660660660C7F86006006006006E
S1132FD06006006000000000000000000000000027
S1132FE000001F830C606606606606606606606605
S1132FF00660660666633C1F800C006000000000EB
S11330000000000000007F860C60660660660660B3
S1133010C7F87806C066063061860C606000000060
S1133020000000000000000000001F830C60660028
S11330306006003001F800C00600600660630C1FE3
S113304080000000000000000000000000007FE09D
S1133050600600600600600600600600600600600E
S113306006006006000000000000000000000000F0
S11330700000606606606606606606606606606656
S11330800660660660630C1F8000000000000000FC
S113309000000000000060660660660630C30C3065
S11330A0C30C1981981980F00F006006000000001D
S11330B000000000000000000000C06C06C06C06A8
S11330C0C06C06C06C06C46CE6DB6F1EE0EC0680C8
S11330D02000000000000000000000000000606606
S11330E00630C30C1981980F00600F019819830CE6
S11330F030C6066060000000000000000000000010
S1133100000060660630C30C1981980F00F00600B9
S11331106006006006006006000000000000000079
S11331200000000000007FE00600600600C01803F5
S113313000600C01803006006006007FE0000000A3
S11331400000000000000007C06006006006006088
S11331500600600600600600600600600600600667
S1133160006007C0000000000000000006006003CB
S1133170003001801800C00C006006003003001805
S113318001800C00C0060060000000000000003E4A
S1133190006006006006006006006006006006002D
S11331A0600600600600600600603E00000000004B
S11331B00000000600F019830C60600000000000AD
S11331C000000000000000000000000000000000FB
S11331D000000000000000000000000000000000EB
S11331E000000000000000000000000000000000DB
S11331F000007FE0000000000000001800C006008E
S11332003001800000000000000000000000000009
S113321000000000000000000000000000000000AA
S113322000000000000000003F800C0060061FE367
S1133230066066066063061FE000000000000000F0
S11332400000000000006006006006007F860C603D
S1133250660660660660660660660C7F8000000095
S1133260000000000000000000000000000000005A
S11332701F830C60660060060060060060630C1F1C
S1133280800000000000000000000000000000605A
S1133290060060061FE30660660660660660660652
S11332A06063061FE0000000000000000000000052
S11332B000000000000000001F830C6066066067C9
S11332C0FE6006006003061FC0000000000000004E
S11332D000000000000003E0600600603FC06006DC
S11332E00060060060060060060060060000000042
S11332F000000000000000000000000000000000CA
S11333001FE3066066066066066066066063061F65
S1133310E00600600600C3F800000000000060063C
S1133320006006007F860C606606606606606606BE
S113333060660660600000000000000000000000FD
S113334000000600600600001E0060060060060023
S1133350600600600600601F80000000000000009E
S113336000000000000000C00C00C00003C00C00FE
S1133370C00C00C00C00C00C00C00C00C00C30C35A
S11333800C1980F00000000000003003003003003E
S113339030630C3183303603C036033031830C3054
S11333A060000000000000000000000000001E009B
S11333B060060060060060060060060060060060AB
S11333C00600601F800000000000000000000000F4
S11333D000000000000000007F866C66666666667A
S11333E06666666666666666600000000000000049
S11333F00000000000000000000000007F860C6058
S11334006606606606606606606606606000000028
S113341000000000000000000000000000000000A8
S11334201F830C60660660660660660660630C1F98
S11334308000000000000000000000000000000008
S1133440000000007F860C60660660660660660603
S113345060660C7F860060060060060000000000C5
S113346000000000000000001FE3066066066066BE
S1133470066066066063061FE006006006006006DC
S113348000000000000000000000000067E6C078B3
S1133490070060060060060060060060000000008F
S11334A00000000000000000000000000000000018
S11334B03FC6066006006003FC0060060066063F27
S11334C0C0000000000000000000000000000C002C
S11334D0C00C00C07F80C00C00C00C00C00C00C039
S11334E00C00C007C0000000000000000000000045
S11334F0000000000000000060660660660660666A
S1133500066066066063061FE0000000000000001D
S1133510000000000000000000000000606606607B
S1133520630C30C1981980F00F00600600000000A1
S11335300000000000000000000000000000000087
S11335406066066066066666666666666666663F0A
S1133550C0000000000000000000000000000000A7
S11335600000000060660630C1980F00600F0198EB
S113357030C606606000000000000000000000008B
S113358000000000000000006066066066066066D9
S1133590066066066063061FE00600600600C3F866
S11335A00000000000000000000000007FE00600B2
S11335B0C0180300600C01803006007FE0000000AA
S11335C00000000000000001C0300600600600603A
S11335D00600600C01800C006006006006006006B6
S11335E0003001C00000000000000006006006007A
S11335F06006006006006006006006006006006069
S113360006006006006006000000000000000038AC
S113361000C0060060060060060060030018030096
S1133620600600600600600600C03800000000006C
S11336300000000000000000000000000000003C4A
S1133640666666663C0000000000000000000000A2
S1133650000000000000000000001F830C606606EC
S11336606066066066067FE606606606606606605B
S113367060000000000000000000000000007FC6A1
S1133680006006006006007F860C606606606606C1
S113369060660C7F80000000000000000000000055
S11336A000007F860C60660660660C7F860C606690
S11336B00660660660660C7F800000000000000063
S11336C00000000000007FE6006006006006006065
S11336D0060060060060060060060060000000004E
S11336E0000000000000000000000FC18C30C30C7B
S11336F030C30C30C30C30C30C30C30C30C30C7F4C
S1133700E6066066060000000000000000007FE698
S1133710006006006006006007F8600600600600AE
S11337206006007FE00000000000000000000000D0
S1133730000066666666666666636C1F80F01F83BB
S11337406C666666666666666000000000000000DF
S11337500000000000001F830C606006006006008B
S1133760C0F800C00600600660630C1F8000000003
S113377000000000000000000000606606606606AD
S113378060E61E6366666C67867066066066066041
S1133790600000000000000030C30C1F8000606661
S11337A00660660660E61E6366666C67867066067B
S11337B06066066060000000000000000000000079
S11337C0000060660C6186306606C07807007806E3
S11337D0C066063061860C606000000000000000D6
S11337E00000000000000FE18630630630630630FD
S11337F06306306306306306306606C0600000006E
S113380000000000000000000000802C06E0EF1E15
S1133810DB6CE6C46C06C06C06C06C06C06C06C0EB
S1133820600000000000000000000000000060666E
S1133830066066066066066067FE60660660660689
S113384060660660600000000000000000000000E8
S113385000001F830C60660660660660660660668C
S11338600660660660630C1F800000000000000014
S11338700000000000007FE60660660660660660E1
S113388066066066066066066066066060000000A4
S1133890000000000000000000007F860C60660647
S11338A060660660C7F86006006006006006006097
S11338B000000000000000000000000000001F8362
S11338C00C6066066006006006006006006006067E
S11338D060630C1F80000000000000000000000076
S11338E000007FE0600600600600600600600600DD
S11338F06006006006006006000000000000000092
S113390000000000000060660660660660660660EF
S113391063061FE00600600600600C3F80000000A4
S1133920000000000000000000601F836C666666F3
S113393066666666666666666666666666636C1F67
S113394080600000000000000000000000006066CD
S11339500630C30C1981980F00600F019819830C6D
S113396030C6066060000000000000000000000097
S1133970000060660660660660660660660660664D
S1133980066066066063061FF00300300300000053
S1133990000000000000606606606606606606308F
S11339A061FE006006006006006006006000000022
S11339B0000000000000000000006666666666669F
S11339C06666666666666666666666666663661FDD
S11339D0E000000000000000000000000000666637
S11339E06666666666666666666666666666666673
S11339F06663661FF003003003000000000000004F
S1133A000000E00E006006006007F860C60660660D
S1133A100660660660660C7F8000000000000000FF
S1133A20000000000000C06C06C06C06C06FC6C673
S1133A306C36C36C36C36C36C36C66FC6000000025
S1133A4000000000000000000000600600600600A6
S1133A506007F860C60660660660660660660C7FEE
S1133A6080000000000000000000000000001F8330
S1133A700C6060060060060060FE006006006006E0
S1133A8060630C1F800000000000000000000000C4
S1133A900000C7CCC6CC6CC6CC6CC6CC6FC6CC6C94
S1133AA0C6CC6CC6CC6CC6C7C000000000000000C9
S1133AB00000000000001FE3066066066066063032
S1133AC061FE01E0360660C618630660600000000F
S1133AD000000000000000000000000000000000E2
S1133AE03F800C0060061FE30660660660630E1FDD
S1133AF060000000000000000000000000001FC380
S1133B00006006003001F830C6066066066066068E
S1133B1060630C1F80000000000000000000000033
S1133B2000003F061860C60C60C6187F860C6066ED
S1133B300660660660660C3F80000000000000001E
S1133B400000000000000000000000003FC006006C
S1133B5060060063FC6006006006003FC0000000D1
S1133B60000000000000000000003F800C00600620
S1133B701FE30E60660660660660660660630C1FDF
S1133B8080000000000000000000000000000000B1
S1133B90000000001F830C6066066067FE6006007C
S1133BA06003061FC00000000000000000000000C9
S1133BB0000000000000000066666666636C1F80FB
S1133BC0F01F836C666666666000000000000000FB
S1133BD00000000000000000000000003FC60600D6
S1133BE060060060FC0060060066063FC00000003E
S1133BF000000000000000000000000000000000C1
S1133C006066066066066066066066066063061F98
S1133C10E00000000000000000000000000030C3CD
S1133C200C1F8000606606606606606606606606B5
S1133C306063061FE00000000000000000000000B8
S1133C40000000000000000030630C3183303603B4
S1133C50C036033031830C306000000000000000E7
S1133C600000000000000000000000000FE18630AA
S1133C70630630630630630630630660600000004C
S1133C800000000000000000000000000000000030
S1133C9040260670E79E6F6666606606606606608C
S1133CA060000000000000000000000000000000B0
S1133CB0000000006066066066066067FE606606D7
S1133CC06066066060000000000000000000000064
S1133CD000000000000000001F830C6066066066A0
S1133CE00660660660630C1F800000000000000090
S1133CF00000000000000000000000007FE60660F5
S1133D00660660660660660660660660600000001F
S1133D10000000000000000000000000000000009F
S1133D207F860C60660660660660660660660C7FC9
S1133D30860060060060060000000000000000002D
S1133D40000000001F830C6066006006006006002F
S1133D5060630C1F800000000000000000000000F1
S1133D6000000000000000007FE060060060060024
S1133D70600600600600600600000000000000000D
S1133D800000000000000000000000006066066003
S1133D9066066066066066066063061FE0060060ED
S1133DA00600C3F8000000000000000000060060E8
S1133DB01F836C66666666666666666666636C1F07
S1133DC08060060000000000000000000000000009
S1133DD00000000060660630C1980F00600F019873
S1133DE030C6066060000000000000000000000013
S1133DF00000000000000000606606606606606661
S1133E00066066066063061FF003003003000000CE
S1133E100000000000000000000000006066066072
S1133E2066063061FE006006006006006000000067
S1133E30000000000000000000000000000000007E
S1133E406666666666666666666666666663661F58
S1133E50E00000000000000000000000000000007E
S1133E600000000066666666666666666666666686
S1133E706663661FF00300300300000000000000CA
S1133E8000000000000000007007003003F830C399
S1133E900630630630630C3F800000000000000021
S1133EA000000000000000000000000060660660E2
S1133EB067C66666366366366366667C60000000C5
S1133EC000000000000000000000000000000000EE
S1133ED06006006007F061860C60C60C60C6187F3F
S1133EE000000000000000000000000000000000CE
S1133EF0000000001F830C6060060060FE00600686
S1133F0060630C1F8000000000000000000000003F
S1133F100000000000000000C7CCC6CC6CC6CC6F0B
S1133F20C6CC6CC6CC6CC6C7C00000000000000044
S1133F300000000000000000000000003FE60660F2
S1133F4066066063FE0360660C61863060000000F4
S1133F50000000001981981980007FE600600600C7
S1133F606006006007F86006006006006006007FD7
S1133F70E0000000000000000000000000001981C3
S1133F80981980001F830C6066066067FE60060057
S1133F906003061FC00000000000000000000000D5
S1133FA0000061C63663663661C60070073E7BE674
S1133FB0B06F067067063063000000000000000068
S1133FC00D2630043E25F807C03E03F01F81FC0F88
S1133FD0E0FF0FF87FC7FE3FF3EF9F7DF3FF9FF8ED
S1133FE0FFC7FC3FE1FF8FFE7FF3EFDF3FF9FFC721
S1133FF0FE1FF0FF83FC0FE07F01F807C03E01F0D5
S11340000F807C007C07C03E01E00E00700307981F
S11340107C83C43E01E01F01F00F80F807C07C03DD
S1134020E01F00FC03E01F807E01F007C43E30F96E
S113403083EE1F787FC1FF0FFC3FE0DF867E13F025
S11340400FC001F807C03E00F003801CF067C31ED8
S113405008F843C01F007C03E00F807C01F00F8050
S11340607C07E03E03E03F01F01F00F84F86F8377D
S1134070C3FC3FC1FE1FE1FE0FB0FD0FF07F87FCC4
S1134080FFFFFFFFFF01FC0FE07F83FE1FF0FFC770
S1134090FE3EF9F7CF9F7CFFE3FF1FF87FC3FE3F8F
S11340A0F3FF9FFDFBFF9FF8FFC7FC3FC1FE0FE03E
S11340B07E03F01F00F807C03FFFFFFFFFFC3C3CFE
S11340C03CDCDCDCFFFF00FF5F00FFFF4F004FFF25
S11340D04FFF00FF4F0000FF4F004FFF00DF4F0076
S11340E0DFFFFF4F00004FFFFF00EF00DFEFFFEFA8
S11340F00000EFFFEF00FFEFCF00FFD7004FD70026
S1134100FFFFFFBEBEBEFFBE3CB4780000FF000050
S1134110B400BEBEFF6E6EC8F8E8009A9A0000FFB5
S1134120FF00A0A0FFB4FFA064A0FFFFFFD2D2D283
S1134130FFBE3CD2A00000FF0000D200BEBEFF784C
S113414078DCF5F500BEBE0000FFFF00BEBEFFB484
S1134150FFBE64BEC8C8C8808080606060404040C4
S1134160C8C8C8686868F85000B050009C00007C5B
S11341700000F0000090000000D0000088000068FB
S11341800000480000D0000070000050FF0050A064
S11341900000900000700028FF002890E8C8007814
S11341A07000805000603000E8B80088580000C8F3
S11341B0D000808800606800404800C8D000687063
S11341C0E800E8900090700070500050D800D87853
S11341D00078FFFFFF808080606060404040C8C876
S11341E0C8686868FF0000A800009C00007C00000C
S11341F0F0000090000000FF00008800006800004C
S1134200480000D0000070000000FF0000B0000073
S1134210900000700000F8000098FFFF0078700024
S1134220805000603000E8B80088580000FFFF00AC
S1134230808800606800404800C8D0006870FF00B3
S1134240FF900090700070500050E200E278007817
S11342502A002300300039003800370036003500CA
S1134260340033003200310041746D656C205374A6
S11342707564696F20372E30004B56422D313662FB
S113428069742D4C43440A41546D65676131323879
S113429000C0D3C4C8CE00C7C2D3CAC800D1D2C0DC
S11342A0D0D200C2CDC8C700D1C1D0CED100CDC0BC
S11342B0C7C0C400C2C8C4C5CE00C2C2C5D0D500E0
S11342C020C2FBE2EEE4E8EC20E220F1F2F0EEEAB8
S11342D0E520E2E5F9E5F1F2E2E5EDEDEEE520F7C2
S11342E0E8F1EBEE20F120E4EEE1E0E2EBE5EDE8CD
S11342F0E5EC20EDF3EBE5E92E200020D1FAE5F81A
S1134300FC20E5F9B820FDF2E8F520ECFFE3EAE84B
S1134310F520F4F0E0EDF6F3E7F1EAE8F520E1F357
S1134320EBEEEA2C20E4E020E2FBEFE5E920E6E511
S113433020F7E0FE2E00D2E5EAF1F220F120F2E5CA
S1134340EDFCFE00CFE5F0E5EDEEF120EFEE20F11F
S1134350EBEEE2E0EC00C1EEF0F3E7E4EEE220CABB
S1134360EEEDF1F2E0EDF2E8ED0AF2E5EB2E202BB2
S113437037203936352D3336332D34352D32390047
S1134380CFF0E5E4F1F2E0E2EBFFE5F22C20E3F01C
S1134390E0F4E8F7E5F1EAF3FE20E1E8E1EBE8EE2A
S11343A0F2E5EAF3204B564220312E302C20EDE08A
S11343B0EFE8F1E0EDEDF3FE20E8F1EAEBFEF7E8DB
S11343C0F2E5EBFCEDEE20E220F6E5EBEEF7E8F1AA
S11343D0EBE5EDEDEEE920ECE0F2E5ECE0F2E8EA05
S11343E0E520EDE020FFE7FBEAE5203C433E20E248
S11343F0203C4743433E00303132330011241FBE7A
S1134400CFEFD0E1DEBFCDBF11E0A0E0B1E0E0E04E
S1134410FDEE00E00BBF02C007900D92A430B1077F
S1134420D9F721E0A4E0B1E001C01D92A539B2079B
S1134430E1F70E940B710C947E760C94000080933B
S11344400D01979896E395BB9698969A8130D1F191
S113445098F18230D9F08330B1F4979A88E285BB21
S11344609698969A80910D018230C8F08FED91E074
S113447090930A01809309018FE391E090930C01DA
S113448080930B01089582E080930D01979A8BE24B
S113449085BB9698969A80910D01823038F78FE308
S11344A091E090930A01809309018FED91E090933C
S11344B00C0180930B010895979A8AE085BB969826
S11344C0969AD0CF979A89E085BB9698969ACACF48
S11344D01F93CF93DF93182FE7E0F1E0108211824E
S11344E086838FEF84BB8ABB85BB8BBB8E9A8C9AE9
S11344F0E4E6F0E08081816080838F9A8D9A8081E8
S113450082608083959AC5E6D0E088818D7F888318
S113451094988881816088838FE39CE90197F1F7FF
S113452000C0000088818E7F88839FEF20E782E0AF
S1134530915020408040E1F700C0000088818160F4
S113454088839FEF2BED85E0915020408040E1F778
S113455000C0000081E1D9D09FEF2BED85E09150A0
S113456020408040E1F700C0000080EDCED087E01D
S1134570D1D082E4C6D088E1C4D081EDC6D080E039
S1134580C9D087E0BED080E1BCD082EDBED081E04E
S1134590C1D082E0B6D080ECB8D080E1BBD08BE350
S11345A0B0D080E0AED082E0ACD081E1AAD085EC7E
S11345B0ACD080E0AFD088ECA8D080E0ABD082E370
S11345C0A0D086E39ED086E09CD086E09AD080E09E
S11345D098D087E396D085E794D087E792D084E596
S11345E090D08CE08ED080E08CD0812F28DF8AE3BD
S11345F08CD085E58FD089E288D09FEF2BED85E0C4
S1134600915020408040E1F700C0000080E0C2D417
S11346109FEF22E587E0915020408040E1F700C001
S11346200000888182608883949ADF91CF911F91E2
S113463008959498979823E325BB9698969A979A09
S113464095BB9698969A85BB9698969A75BB9698BC
S1134650969A65BB9698969A55BB9698969A45BB3A
S11346609698969A949A08959498979827E325BBD8
S11346709698969A979A95BB9698969A85BB96988B
S1134680969A949A08959498E5E6F0E080818D7F57
S1134690808388E23AD02FEF89EF90E02150804068
S11346A09040E1F700C0000080E12BD02FEF8BEDAC
S11346B095E0215080409040E1F700C00000949ABA
S11346C00895949881E121D02FEF8BED95E021504E
S11346D080409040E1F700C0000089E212D02FEF43
S11346E089EF90E0215080409040E1F700C0000045
S11346F08CE207D0E5E6F0E0808182608083949AC2
S1134700089585BB9698969A0895979885BB969830
S1134710969A0895979A85BB9698969A089597982D
S11347202AE225BB9698969A979A95BB9698969A5C
S113473085BB9698969A95BB9698969A85BB9698BB
S1134740969A97988BE285BB9698969A979A75BB9A
S11347509698969A65BB9698969A75BB9698969AEB
S113476065BB9698969A97988CE285BB9698969A8C
S1134770979A50E0FA01EE0FFF1FE15FFE4F808130
S11347808BBB440F551FFA01E95FFE4F878185BB40
S11347909698969A08950F931F939798EAE2E5BB2B
S11347A09698969A979A95BB9698969A85BB96985A
S11347B0969A55BB9698969A45BB9698969A9798CA
S11347C09BE295BB9698969A979A75BB9698969AFB
S11347D065BB9698969A35BB9698969A25BB9698FB
S11347E0969A97989CE295BB9698969A979A10E019
S11347F0F801EE0FFF1FE15FFE4F90819BBB000F9E
S1134800111FF801E95FFE4F978195BB481B2F5F8D
S11348103F4F261B370B429F200D11249698969AE2
S11348202150E1F71F910F910895EF920F939798FC
S1134830EAE2E5BB9698969A979A95BB9698969ACB
S113484085BB9698969A55BB9698969A45BB96982A
S1134850969A97989BE295BB9698969A979A75BB69
S11348609698969A65BB9698969A35BB9698969A1A
S113487025BB9698969A97989CE295BB9698969A9B
S1134880979A0BBBE5BA481B2F5F3F4F261B370B8C
S1134890429F200D11249698969A2150E1F70F918A
S11348A0EF9008950F931F93D90197982AE225BB9F
S11348B09698969A979A95BB9698969A85BB969849
S11348C0969A55BB9698969A45BB9698969A9798B9
S11348D02BE225BB9698969A979A75BB9698969ACA
S11348E065BB9698969AB5BB9698969AA5BB9698EA
S11348F0969A97982CE225BB9698969A979A10E0E8
S1134900F801EE0FFF1FE15FFE4F20812BBB000F6C
S1134910111FF801E95FFE4F278125BB4F5F5F4FF1
S11349209A01281B390B1196A61BB70B0E94F27330
S11349308B019C0144E036952795179507954A9578
S1134940D1F76F700115110541F19698969A9698D2
S1134950969A9698969A9698969A9698969A9698DB
S1134960969A9698969A9698969A9698969A9698CB
S1134970969A9698969A9698969A9698969A9698BB
S1134980969A9698969A9698969A01501109E9F6ED
S1134990662329F09698969A61506111FBCF1F9176
S11349A00F910895EF920F931F93D90197982AE2DC
S11349B025BB9698969A979A95BB9698969A85BB96
S11349C09698969A55BB9698969A45BB9698969AB9
S11349D097982BE225BB9698969A979A75BB9698CA
S11349E0969A65BB9698969AB5BB9698969AA5BBE7
S11349F09698969A97982CE225BB9698969A979AA9
S1134A000BBBE5BA4F5F5F4F9A01281B390B119618
S1134A10A61BB70B0E94F2738B019C0184E03695B0
S1134A202795179507958A95D1F76F70011511058C
S1134A3041F19698969A9698969A9698969A9698F8
S1134A40969A9698969A9698969A9698969A9698EA
S1134A50969A9698969A9698969A9698969A9698DA
S1134A60969A9698969A9698969A9698969A9698CA
S1134A70969A01501109E9F6662329F09698969AB8
S1134A8061506111FBCF1F910F91EF9008952F9208
S1134A903F924F925F926F927F928F929F92AF92CA
S1134AA0BF92CF92DF92EF92FF920F931F93CF9317
S1134AB0DF93CDB7DEB762970FB6F894DEBF0FBEB3
S1134AC0CDBF49832A83D701882309F4B6C1862F31
S1134AD090E09C01220F331F820F931F880F991FB0
S1134AE0FC01E254FF4B6491687FFC01E154FF4BED
S1134AF054915C7FFC01E054FF4B3491387FFC01FE
S1134B00EF53FF4B4491487FFC01EE53FF4B24913C
S1134B102C7FFC01ED53FF4BE491E87F862F90E05E
S1134B209F838E83642F70E07D836C83861B970B39
S1134B309695982F8827979587959A8B898B852F9B
S1134B4090E099878887422E512C84199509AC01ED
S1134B505695542F4427579547955E874D87632F65
S1134B6070E07B876A872E2E312CCB018219930942
S1134B709C013695322F222737952795388B2F871E
S1134B8039813323F1F040910D014B83413009F415
S1134B908BC108F4A1C1423009F493C1433009F038
S1134BA078C1E0900B01F0900C0147018A189B0832
S1134BB0EA1AFB0A80E043DC56016701D80184014C
S1134BC001C01B8235015FEF651A750A6A1A7B0AF8
S1134BD076016FEFE61AF60AE01AF10A97988AE26C
S1134BE085BB9698969A979A15BB9698969A05BB04
S1134BF09698969AD5BA9698969AC5BA9698969A89
S1134C0097988BE285BB9698969A979AB5BB969897
S1134C10969AA5BB9698969AB5BA9698969AA5BA76
S1134C209698969A97988CE285BB9698969A979AB6
S1134C307A81723008F4D3C0262D21702C87430169
S1134C409694879489899A89B4010E94BD735B0103
S1134C508D859E85B4010E94BD737E876D878F8587
S1134C609889B4010E94BD733A81DD24D394323013
S1134C7009F4CEC04E815F815695542F4427579531
S1134C804795288539853695322F222737952795DC
S1134C90EA85FB85F695FE2FEE27F795E79500E06C
S1134CA0D701B295A295AF70AB27BF70AB271E2D6D
S1134CB01F70CC24C3945C841B01CA0188279C7791
S1134CC0880F892F881F990B7901EE2460E7F6225B
S1134CD09F2D9595959595959595892B8BBBCF0192
S1134CE088279C77F92EF594F594C90188279E703E
S1134CF09595879595958795959587959595879598
S1134D008F2985BB109719F1CD019698969A96989C
S1134D10969A9698969A9698969A9698969A969817
S1134D20969A9698969A9698969A9698969A969807
S1134D30969A9698969A9698969A9698969A9698F7
S1134D40969A9698969A9698969A0197F1F61123C0
S1134D5029F0812F9698969A8150E1F771E0671AAD
S1134D607108DD2019F068147904A1F1002349F1D8
S1134D704A0D5B1D8D859E85280F391FE20DF31D9D
S1134D8001E06114710409F098CF7981711167C051
S1134D9062960FB6F894DEBF0FBECDBFDF91CF9100
S1134DA01F910F91FF90EF90DF90CF90BF90AF9045
S1134DB09F908F907F906F905F904F903F902F9037
S1134DC008954A195B096D857E85261B370BE21908
S1134DD0F309D7CF0C255110C9CFD12CD2CF898953
S1134DE09A89B3010E94BD735B018D859E85B301D1
S1134DF00E94BD737E876D878F859889B3010E9459
S1134E00BD738A81811185C01C86D12C812C912C83
S1134E104C815D815695542F4427579547959201AF
S1134E203695322F222737952795F101F695FE2FD7
S1134E30EE27F795E79501E033CF862F90E0FC014C
S1134E40EE0FFF1FE80FF91FEE0FFF1FE95FFE4F84
S1134E506789508D318D428D238DE48D5FCE8B819A
S1134E6062960FB6F894DEBF0FBECDBFDF91CF912F
S1134E701F910F91FF90EF90DF90CF90BF90AF9074
S1134E809F908F907F906F905F904F903F902F9066
S1134E90D6CA9C2D8D2D6501A92EB82E902F812F59
S1134EA08D01A92FB82F8ECE809107018130E1F0BA
S1134EB045013D0183E0C3DA56016401D801830151
S1134EC081CEE0900B01F0900C0147018A189B08F9
S1134ED0EA1AFB0A81E06FCE80910701813071F0FC
S1134EE045013D0182E0E7CF80900B0190900C01D9
S1134EF034016A187B088A1A9B0ADCCF80900B0164
S1134F0090900C0134016A187B088A1A9B0A82E08B
S1134F10D2CF812C912CD12C1C86ACCE30E0F9015F
S1134F20EE0FFF1FE15FFE4F887F962F92959695B7
S1134F309770892B8083220F331FF901E95FFE4F9D
S1134F406C71660F660F660F469546954695642B01
S1134F5067830895CF92DF92EF920F93D12CF601DD
S1134F60EE0FFF1FEC0DFD1DEE0FFF1FE95FFE4F5F
S1134F70887F878B6C7F608F487F418F287F228F4B
S1134F800C7F038F8E2D887F848F0F91EF90DF909D
S1134F90CF9008950F939498E7E0F1E02481358150
S1134FA042815381082F60E070E080E090E07ADC79
S1134FB0949A0F910895AF92BF92CF92DF92EF929D
S1134FC0FF920F931F939498E7E0F1E0A480B580DB
S1134FD0C280D380E12CF12C00E010E058DD949ADB
S1134FE01F910F91FF90EF90DF90CF90BF90AF9003
S1134FF00895AF92BF92CF92DF92EF92FF920F93F8
S11350001F939E2DAC2DBA2D2115310511F0215081
S113501031090115110511F0015011096901C60E7C
S1135020D71EE0910901F0910A01EC15FD0550F03D
S11350305801A40EB51EE0910B01F0910C01EA1584
S1135040FB0548F41F910F91FF90EF90DF90CF90F4
S1135050BF90AF90089594987A018B012B2F4A2F1B
S1135060692F15DD949AEECF9F92AF92BF92CF92A3
S1135070DF92EF92FF920F931F93CF93DF93182F3A
S1135080962EE0900901F0900A018FEFE81AF80AD1
S1135090C0900B01D0900C019FEFC91AD90A8091DE
S11350A00D0140E050E0823008F469C0B70180E0AF
S11350B090E0BFDA80910801811151C080910D0107
S11350C0C0E0D0E08230D0F1092D960141E050E0FB
S11350D060E070E0111118C0CE0101970E94A13266
S11350E0CE01C2DA8FE99FE00197F1F700C000001A
S11350F02196EC16FD06A8F1092D960141E050E039
S113510060E070E0112341F35701AC1ABD0AC501F8
S11351100E94A132C501A8DAE5CFBE0180E090E08B
S11351200E94A132CE01A0DA8FE99FE00197F1F746
S113513000C000002196CC16DD0698F0092D21E070
S113514030E0A701112349F35601AC1ABD0AB50199
S113515080E090E00E94A132C50186DAE5CF81307B
S113516099F080E090E0DF91CF911F910F91FF9033
S1135170EF90DF90CF90BF90AF909F9075CAB6012B
S113518080E090E056DA96CF80910D01811127C01E
S1135190C0E0D0E013C0BE016150710980E090E02E
S11351A00E94A132CE0160DA8FE99FE00197F1F706
S11351B000C000002196CC16DD0698F2092D21E0EE
S11351C030E0A701112339F35601AC1ABD0AB50129
S11351D080E090E00E94A132C50146DAE5CF81303B
S11351E009F44FC0823039F1833009F0BACFC0E0FE
S11351F0D0E010C0CE010E94A132CE0135DA8FE991
S11352009FE00197F1F700C000002196EC16FD061F
S113521008F4A7CF092D960141E050E060E070E06A
S1135220112341F35701AC1ABD0AC5010E94A132F2
S1135230C5011ADAE4CF5701C0E0D0E014C0CE01B2
S113524001970E94A132C5010FDA8FE99FE001970F
S1135250F1F700C00000219691E0A91AB108EC16FC
S1135260FD0608F47ECF092D960141E050E060E090
S113527070E0112321F3C5010E94A132CE01F4D9BB
S1135280E4CF5601C0E0D0E017C0BE0161507109FF
S113529080E090E00E94A132C501E6D98FE99FE049
S11352A00197F1F700C00000219691E0A91AB10816
S11352B0CC16DD0608F455CF092D21E030E0A70116
S11352C0112319F3B50180E090E00E94A132CE01D0
S11352D0CBD9E4CF2F923F924F925F926F927F92FD
S11352E08F929F92AF92BF92CF92DF92EF92FF92F2
S11352F00F931F93CF93DF9300D000D0CDB7DEB7C9
S1135300A0910901B0910A014D018A179B0708F485
S11353104C01BA83A9834A175B0710F45A83498363
S1135320E0910B01F0910C01CF016E177F0708F497
S1135330CB012E173F0708F4F90129803A80821423
S1135340930408F0D2C0281839083C822B82EE243A
S1135350E394F12C8E179F0708F0C0C0BF01681BAF
S1135360790BCC24C394D12C10E09801220F331F65
S1135370215F3E4FD901AC90000F111F095F1E4FF2
S1135380D8011796BC9094982B803C80232809F070
S113539059C009811A810815190528F4382D292DB9
S11353A0480139832A83E817F90708F42AC1979832
S11353B02AE225BB9698969A979A95BA9698969AC1
S11353C085BA9698969A1A8115BB9698969A2981C9
S11353D025BB9698969A97982BE225BB9698969A11
S11353E0979A95BB9698969A85BB9698969AF5BB8C
S11353F09698969AE5BB9698969A97988CE285BB70
S11354009698969A979AABBAB5BA9698969A615026
S11354107109D8F7949A0F900F900F900F90DF9125
S1135420CF911F910F91FF90EF90DF90CF90BF909D
S1135430AF909F908F907F906F905F904F903F9030
S11354402F9008956115710509F05AC049815A8158
S11354504815590528F4382D292D4A0139832A8302
S1135460E817F90708F4D3C097982AE225BB969861
S1135470969A979A95BA9698969A85BA9698969A7D
S11354805A8155BB9698969AA981A5BB9698969AE7
S113549097982BE225BB9698969A979A95BB9698DF
S11354A0969A85BB9698969AF5BB9698969AE5BB7C
S11354B09698969A97988CE285BB9698969A979A1E
S11354C0ABBAB5BA9698969A0B811C810150110912
S11354D01C830B830F3F1F4FA9F79CCFBC016E1B8E
S11354E07F0BCC24CA94DC2C3FCF940149815A8190
S11354F0241B350B3C832B83EE24EA94FE2C2ACF09
S1135500A4019C018B819C816817790709F485C0EB
S1135510AB81BC81A617B70708F0D2C0DB01B695F2
S1135520A795B195A195B1097C2C88248A94820E03
S1135530C9018A01912C312C0F2EFAE26F2EF02D25
S11355400F2EFBE25F2EF02D0F2EFCE24F2EF02DDE
S113555031101CC02E173F07C9F091105CCF99245D
S113556093942E173F0709F0912C2C0D3D1D2B8091
S11355703C80A20DB31DB7FDA0C04E0D5F1DA61B40
S1135580B70B33243394870C332021F3979865BAEF
S11355909698969A979A15BB9698969A05BB96985C
S11355A0969A15BB9698969A05BB9698969A97984C
S11355B055BA9698969A979A821793070CF064C0F6
S11355C095BB9698969A85BB9698969A89010150B0
S11355D0110915BB9698969A85BA9698969A9798B3
S11355E045BA9698969A979A1901281A390AC101C8
S11355F0ABBAB5BA9698969A0197E1F7C9018A01B0
S1135600ACCF382F292FCF01E32FF22FD0CE382F54
S1135610292FCF01E32FF22F27CF6AE29BE28CE2FE
S113562004C04E0D5F1D2C0D3D1D979865BB9698CB
S1135630969A979A55BB9698969A45BB9698969A39
S113564055BB9698969A45BB9698969A979895BB0B
S11356509698969A979A35BB9698969A25BB96985B
S1135660969A35BB9698969A25BB9698969A97984B
S113567085BB9698969A979AABBAB5BA9698969A25
S1135680E217F30771F6C6CE89010F5F1F4F15BBF2
S11356909698969A12E0180D15BB9698969A95BB13
S11356A09698969A85BB9698969A979845BA96989E
S11356B0969A979A821B930B9BCF312C870C64CFBD
S11356C0EB81FC81F695E795F195E195F1097E2C46
S11356D088248A94840E2901CA01912C10E0AAE23C
S11356E06A2EBBE23B2E0CE2202E11111FC0098151
S11356F01A8104171507D1F091108DCE9924939433
S113570009811A814017510709F0912C4E0D5F1D34
S1135710E60FF71FF7FD6EC02C0D3D1DAB81BC815C
S1135720EA1BFB0B11E0870C112309F3979865BA68
S11357309698969A979A8417950794F595BB969898
S1135740969A85BB9698969A8A010150110915BBC1
S11357509698969A85BA9698969A979835BA9698FE
S1135760969A979A55BA9698969A45BA9698969A0A
S113577055BA9698969A45BA9698969A979825BA4D
S11357809698969A979ADA01A81BB90BCD01ABBAF1
S1135790B5BA9698969A0197E1F72901CA01ACCF58
S11357A08A010F5F1F4F15BB9698969A12E0180D49
S11357B015BB9698969A95BB9698969A85BB96989B
S11357C0969A979835BA9698969A979A55BA9698BB
S11357D0969A45BA9698969A55BA9698969A45BACC
S11357E09698969A979825BA9698969A979A841B1B
S11357F0950BCDCF10E0870C97CF2F923F924F920D
S11358005F926F927F928F929F92AF92BF92CF924C
S1135810DF92EF92FF920F931F93CF93DF9300D009
S113582000D0CDB7DEB7E0910901F0910A01FA8307
S1135830E9835F018E179F0708F45C0189819A81CF
S11358404817590710F45A834983E0910B01F091EA
S11358500C01AF016E177F0708F4AB01FC83EB83E7
S11358602E173F0710F43C832B83E981FA81AE168F
S1135870BF0608F0EBC0DF01AA19BB09EE24E394CC
S1135880F12C8B819C814817590708F0D6C09C01E4
S1135890241B350BCC24C394D12C10E0C801880FF1
S11358A0991F815F9E4FFC018080000F111F095FCB
S11358B01E4FF80197809498109709F069C00981E8
S11358C01A810A151B0528F49A2D8B2D58019983EA
S11358D08A838B819C818417950708F446C1979825
S11358E08AE285BB9698969A979AB5BA9698969AAC
S11358F0A5BA9698969A89819A81019695BB9698AD
S1135900969A99819F5F95BB9698969A97988BE201
S113591085BB9698969A979A55BB9698969A45BB46
S11359209698969A8B819C81019695BB9698969AA7
S1135930EB81EF5FE5BB9698969A97988CE285BBCE
S11359409698969A979A8BBA95BA9698969A9698A4
S1135950969A9698969A9698969A21503109A8F70D
S1135960949A0F900F900F900F90DF91CF911F9109
S11359700F91FF90EF90DF90CF90BF90AF909F90EA
S11359808F907F906F905F904F903F902F900895ED
S11359902115310509F063C0E981FA81EA15FB0597
S11359A028F49A2D8B2D5F0199838A830B811C81A6
S11359B00417150708F4E0C097988AE285BB969807
S11359C0969A979AB5BA9698969AA5BA9698969AE8
S11359D089819A81019695BB9698969A99819F5F41
S11359E095BB9698969A97988BE285BB9698969ACB
S11359F0979A55BB9698969A45BB9698969A8B819A
S1135A009C81019695BB9698969AEB81EF5FE5BBD6
S1135A109698969A97988CE285BB9698969A979AB8
S1135A208BBA95BA9698969A9698969A9698969AC4
S1135A309698969A1197B0F793CF9A01EB81FC81CF
S1135A402E1B3F0BCC24CA94DC2C27CFD5012981F3
S1135A503A81A21BB30BEE24EA94FE2C12CFB501BB
S1135A602A173B0709F48EC0A217B30708F0F7C042
S1135A70F901F695E795882799278E1B9F0B9A8342
S1135A8089835C2C66246394640ECA01712C10E033
S1135A90EAE24E2EFBE23F2E0CE2202E111123C02F
S1135AA0EB81FC814E175F07F1F071105ACF772418
S1135AB07394EB81FC814E175F0709F0712C4C0D38
S1135AC05D1D09811A810A0F1B1F1A83098317FDA3
S1135AD0C3C06E0D7F1D021B130B1A83098311E0D3
S1135AE0650C1123E9F2979845BA9698969A979A75
S1135AF0B5BA9698969AA5BA9698969A85010F5F24
S1135B001F4F15BB9698969AA394A5BA9698969A01
S1135B10979835BA9698969A979A841795070CF0A1
S1135B207FC095BB9698969A85BB9698969A55BBD6
S1135B309698969A45BB9698969A979825BA969869
S1135B40969A979A8A01081B190BC8018BBA95BAC1
S1135B509698969A9698969A9698969A9698969AC9
S1135B600197B1F7CA015B01A0CF942F852F4B8118
S1135B705C819B838C83B3CE942F852FA8019B8358
S1135B808C831ACF1E2D91E09A0DEC2D81E0840FA9
S1135B90FAE2BBE2ACE204C06E0D7F1D4C0D5D1D4C
S1135BA09798F5BB9698969A979A75BB9698969AF5
S1135BB065BB9698969A9B012F5F3F4F35BB96988D
S1135BC0969A95BB9698969A9798B5BB9698969AF6
S1135BD0979A55BB9698969A45BB9698969A9A0129
S1135BE02F5F3F4F35BB9698969A85BB9698969AA9
S1135BF09798A5BB9698969A979A8BBA95BA9698C1
S1135C00969A9698969A9698969A9698969A910FA6
S1135C108E0F2B813C812417350709F0BDCFA0CE10
S1135C208A010F5F1F4F15BB9698969A65BA96988E
S1135C30969A8C010F5F1F4F15BB9698969A11E0A8
S1135C40180F15BB9698969A979825BA9698969A8F
S1135C50979A841B950B7ACF10E0650C42CFFD0117
S1135C60F695E795F195E195F1095E2C6624639428
S1135C706A0C5A01CB01712C10E00AE2402E0BE2AF
S1135C80302E0CE2202E11111DC009811A81061735
S1135C901707C1F0711065CE7724739409811A81B6
S1135CA06017710709F0712C6E0D7F1DE20FF31F51
S1135CB0F7FD7CC04C0D5D1DEA1BFB0B11E0650C70
S1135CC0112319F3979845BA9698969A979A861736
S1135CD09707DCF595BB9698969A85BB9698969A05
S1135CE075BB9698969A65BB9698969A979835BA86
S1135CF09698969A979AB5BA9698969AA5BA9698B7
S1135D00969A85010F5F1F4F15BB9698969AA39498
S1135D10A5BA9698969A979825BA9698969A979A25
S1135D208B01081B190BC801870D911D8BBA95BAFD
S1135D309698969A9698969A9698969A9698969AE7
S1135D400197B1F75A01CB01A5CF8B010F5F1F4F0C
S1135D5015BB9698969A65BA9698969A8C010F5F99
S1135D601F4F15BB9698969A11E0180F15BB96987D
S1135D70969A979835BA9698969A979AB5BA9698A5
S1135D80969AA5BA9698969A85010F5F1F4F15BBF0
S1135D909698969AA394A5BA9698969A979825BA9F
S1135DA09698969A979A861B970BC0CF10E0650C2D
S1135DB087CF2F923F924F925F926F927F928F92F2
S1135DC09F92AF92BF92CF92DF92EF92FF920F9386
S1135DD01F93CF93DF9300D000D000D0CDB7DEB7B0
S1135DE0C0900901D0900A0146018C159D0508F464
S1135DF04C014C155D0508F46A01E0910B01F0912A
S1135E000C01AF016E177F0708F4AB012E173F0793
S1135E1008F4F9018C149D0408F0F7C096012819C0
S1135E2039093E832D8381E090E09A8389834E175C
S1135E305F0708F0E3C09F01241B350BEE24E394B5
S1135E40F12C10E0C801880F991F815F9E4FDC017F
S1135E50BC90000F111F095F1E4FD8011796AC901C
S1135E6094988D819E81892B09F06EC0C814D90441
S1135E7028F4982D892D4601C92ED82EE417F5074C
S1135E8008F467C197988AE285BB9698969A979A80
S1135E9095BA9698969A85BA9698969AC601029655
S1135EA095BB9698969AC394C394C5BA9698969AB5
S1135EB097988BE285BB9698969A979A55BB969835
S1135EC0969A45BB9698969ACF01029695BB96985A
S1135ED0969AEE5FE5BB9698969A97988CE285BB66
S1135EE09698969A979ABBBAA5BA9698969A9698BF
S1135EF0969A9698969A9698969A9698969A969826
S1135F00969A9698969A9698969A9698969A2150D2
S1135F10310958F7949A26960FB6F894DEBF0FBE4F
S1135F20CDBFDF91CF911F910F91FF90EF90DF9044
S1135F30CF90BF90AF909F908F907F906F905F9025
S1135F404F903F902F9008952115310509F067C0B7
S1135F50C814D90428F4982D892D4601C92ED82EA9
S1135F60E417F50708F4FBC097988AE285BB969876
S1135F70969A979A95BA9698969A85BA9698969A72
S1135F80C601029695BB9698969AC394C394C5BAD3
S1135F909698969A97988BE285BB9698969A979A34
S1135FA055BB9698969A45BB9698969ACF010296B9
S1135FB095BB9698969AEE5FE5BB9698969A9798B5
S1135FC08CE285BB9698969A979ABBBAA5BAAD818E
S1135FD0BE819698969A9698969A9698969A969836
S1135FE0969A9698969A9698969A9698969A969835
S1135FF0969A9698969A119760F78CCF9A012E1BD1
S11360003F0BEE24EA94FE2C1CCFD401AC19BD093D
S1136010BE83AD832FEF3FEF3A83298308CFB401CA
S11360208D819E812817390709F49FC08D819E8137
S11360308217930708F020C18901169507951195D9
S1136040019511092A019FEF491A590A3E2C882407
S11360508394840ECA013B01912CD12CBAE22B2EDD
S11360603C832B83AD81BE811EC04E175F07E9F0D0
S1136070911051CF992493944E175F0709F0912CF6
S11360804E0D5F1D0A0F1B1F17FDF4C029813A81B5
S1136090620F731F2B813C81021B130BDD24D394ED
S11360A04E0C5F1C830CDD2001F3979825BA96985B
S11360B0969A979A75BA9698969A65BA9698969A71
S11360C06301841795070CF0A8C022E0C20ED11C0E
S11360D0D5BA9698969A6394639465BA9698969A64
S11360E097983BE235BB9698969A979A95BB969863
S11360F0969A85BB9698969A55BA9698969A85BA22
S11361009698969A97982CE225BB9698969A979A81
S11361109A01281B390BC901BBBAA5BA2B813C8152
S11361209698969A9698969A9698969A9698969AF3
S11361309698969A9698969A9698969A9698969AE3
S11361409698969A019761F73C832B83CA013B0189
S11361508FCF942F852FAF01E92FF82F93CE942F53
S1136160852FAF01E92FF82FFFCED98092E0980D4B
S11361700E2D82E0840F1AE2BBE2ACE206C0298154
S11361803A81620F731F4E0D5F1D979815BB969849
S1136190969A979A75BB9698969A65BB9698969A8E
S11361A09B012E5F3F4F35BB9698969A95BB969868
S11361B0969A9798B5BB9698969A979A55BB96983F
S11361C0969A45BB9698969A9A012E5F3F4F35BB97
S11361D09698969A85BB9698969A9798A5BB969802
S11361E0969A979ABBBAA5BA9698969A9698969ABA
S11361F09698969A9698969A9698969A9698969A23
S11362009698969A9698969A9698969A9D0D800F37
S1136210E417F50709F0B3CF7DCE32E0C30ED11CED
S1136220D5BA9698969A6394639465BA9698969A12
S113623097982BE225BB9698969A979A55BA969872
S1136240969A85BA9698969A6C0132E0C30ED11C40
S1136250D5BA9698969A22E0D22ED80ED5BA9698A8
S1136260969A97982CE225BB9698969A979A841BAF
S1136270950B52CFD12C14CFED81FE81F695E79585
S1136280F195E195F10924018FEF481A580A3980F4
S113629001E0080D3A0110E080E09AE2292E8B8398
S11362A0AD81BE811DC0C616D706E9F0111133CEEB
S11362B011E06C157D0509F010E089819A81680F61
S11362C0791FE20FF31FF7FD8FC04E0D5F1DEA1B10
S11362D0FB0B91E09B8389819A81480E591E030D23
S11362E09B81992301F3979825BA9698969A979A41
S11362F0861697060CF049C095BA9698969A85BA70
S11363009698969A55BA9698969A05BB9698969AA0
S113631097988BE285BB9698969A979A75BA9698B1
S1136320969A65BA9698969AC301029695BB9698E2
S1136330969A6394639465BA9698969A97989CE211
S113634095BB9698969A979ACB01881999094C010E
S1136350810E911CBBBAA5BA9698969A9698969A6D
S11363609698969A9698969A9698969A9698969AB1
S11363709698969A9698969A9698969A91E0891AEB
S1136380910851F73A014B0191CF55BA9698969AD4
S113639005BB9698969AC401029695BB9698969AD0
S11363A082E0880D85BB9698969A97989BE295BB58
S11363B09698969A979A75BA9698969A65BA969870
S11363C0969AC301029695BB9698969A63946394A1
S11363D065BA9698969A97988CE285BB9698969A01
S11363E0979A861A970AB6CF1B8275CF4F925F92FF
S11363F06F927F928F929F92AF92BF92CF92DF92D1
S1136400EF920F931F93CF93DF936C015B01E22F05
S1136410102F27E733E0DA010E940174DC01CB017D
S11364202AE0B595A795979587952A95D1F74A01BE
S113643095948794E13009F466C008F458C0E230BA
S1136440A1F1E33011F52601481859084501881ACD
S1136450990A3501680E791EE201C40ED51EEE209C
S113646091F131E0012F3E1508F05BC09401A201C7
S1136470B501C6019EDC9301AE01B401C20199DCF1
S11364809501A601B301CE0194DCDF91CF911F9158
S11364900F91EF90DF90CF90BF90AF909F908F902F
S11364A07F906F905F904F90089524014C0C5D1C79
S11364B04501881A990A3501680E791EE201C41A49
S11364C0D50AE110CECF012F9401A201B501C60176
S11364D00E946A299301AE01B401C2010E946A2993
S11364E09501A601B301CE010E946A29CECF2601EF
S11364F0481A590A8A0C9B1CE601C80FD91F34019B
S1136500A41AB50AACCF2601481A590A95012819CC
S113651039094901E601C80FD91F3901A40EB51E76
S11365209ECF9401A201B501C60167D99301AE01C2
S1136530B401C20162D99501A601B301CE015DD9AE
S1136540A4CF0F934115510511F041505109211564
S1136550310511F021503109480F591FE09109010B
S1136560F0910A01E417F50760F0260F371FE09158
S11365700B01F0910C01E217F30730F482E00F9164
S1136580089581E00F91089594980E945224949A5A
S113659080E00F9108952F923F924F925F926F92F5
S11365A07F928F929F92AF92BF92CF92DF92EF929F
S11365B0FF920F931F93CF93DF9323303105A0F401
S11365C083E0DF91CF911F910F91FF90EF90DF90C7
S11365D0CF90BF90AF909F908F907F906F905F907F
S11365E04F903F902F900895F701EE0FFF1FE21791
S11365F0F30730F70330110510F484E0E2CFE0171D
S1136600F107D8F72B0191E0491A5108E901C40DAB
S1136610D51D2091090130910A012C173D0778F00E
S11366204A0191E0891A9108800E911E20910B0174
S113663030910C012815390520F482E0C2CF81E0A5
S1136640C0CFBC2CFA011B01182F6701C40ED51E44
S113665034016E187F089498823028F0823039F122
S1136660949A80E0AECF0A2D960121503109AE01F3
S1136670BF01C1010E9452249401AE01B3016F5FB6
S11366807F4FC1010E945224A701440D551D93015F
S1136690B601C1010E9452249301AE01B601CE019C
S11366A08E199F0901960E9452241111D9CFAE016F
S11366B04E195F090B2D9301B601C701820D931D7D
S11366C00E945224CDCF2F923F924F925F926F92AD
S11366D07F928F929F92AF92BF92CF92DF92EF926E
S11366E0FF920F931F93CF93DF93CDB7DEB72C9711
S11366F00FB6F894DEBF0FBECDBF6C011B015A83E9
S113670049834230510508F440C0460151E0851ADE
S1136710910849805A80480C591C80910901909134
S11367200A0184159505B8F089819A81C816D9069D
S113673090F0F1013197FE83ED83CF0149815A81B5
S1136740840F951F40910B0150910C014817590774
S113675008F582E001C081E02C960FB6F894DEBF04
S11367600FBECDBFDF91CF911F910F91FF90EF909E
S1136770DF90CF90BF90AF909F908F907F906F905D
S11367805F904F903F902F90089542E050E05A83DD
S11367904983BBCF89819A8128163906D0F281E0DA
S11367A090E03C01E981FA816E1A7F0A30E0F90138
S11367B0EE0FFF1FE15FFE4FF080220F331FF90140
S11367C0E95FFE4F17819498B12C49815A81415059
S11367D051095C834B839A8689869B2C89819A8193
S11367E09C878B8777FC12C0EB81FC81FC87EB874D
S11367F0CF01880F991F681A790A2F0149855A8594
S1136800440E551ECF0101979C838B839394A92C2E
S1136810B12CC501880F991F680E791E77FC22C020
S1136820E12E0F2DB101EB85FC856E1B7F0B9B01C7
S113683049855A854A0D5B1D5A834983C6018A19C5
S11368409B0998878F830E94D2246D817E81EB857A
S1136850FC856E0F7F1F9B0149815A818F8198852A
S11368600E94D224B1016A197B09E12E0F2D9B01EC
S1136870A201C601EB85FC858E1B9F0B9A8389833D
S11368800E94D2246D817E816A0D7B1D9B01A20131
S113689089819A810E94D2244B815C81A416B50619
S11368A008F4A0CF949A80E057CF2F923F924F9252
S11368B05F926F927F928F929F92AF92BF92CF928C
S11368C0DF92EF92FF920F931F93CF93DF93CDB795
S11368D0DEB76D970FB6F894DEBF0FBECDBF8983C8
S11368E02B011A012430310510F424E030E0023089
S11368F0110508F440C0B9016250710960177107AD
S1136900E8F5420141E0841A9108C901880D991DF6
S11369104091090150910A014817590790F0421615
S1136920530678F0C10101979E838D83820F931FD4
S113693040910B0150910C014817590708F582E06A
S113694001C081E06D960FB6F894DEBF0FBECDBFD7
S1136950DF91CF911F910F91FF90EF90DF90CF9037
S1136960BF90AF909F908F907F906F905F904F906B
S11369703F902F90089562E070E0C3CFB801C1CF7B
S113698022163306E0F241E050E0421B530B5C83D5
S11369904B832A83C901861B970B9987888741E01B
S11369A050E0481B590B5B874A8778848E2D90E012
S11369B0FC01EE0FFF1FE15FFE4F50815E8B880FDD
S11369C0991FFC01E95FFE4F67816F8B8C2D90E06E
S11369D0FC01EE0FFF1FE15FFE4F7081788F880F7F
S11369E0991FFC01E95FFE4F8781898F9498F22EED
S11369F0B12C198A188A1F861E86612C10E01B8A06
S1136A001A8A1D8A1C8A1F82A12C20E030E04A8148
S1136A10842F90E06A857B857D8F6C8F3B8E2A8ED8
S1136A203A2CAC01415051092417350784F57F8174
S1136A3071112DC02B813C8137FD0EC03A8131503C
S1136A403A83832F90E09C01220F331F4B815C819A
S1136A50421B530B5C834B833394232D30E0A901F9
S1136A60440F551F6B817C81640F751F7C836B837E
S1136A7077FDD7CFA201421B530B5D8B4C8BB40126
S1136A80620F731F7B8B6A8B7A81371620F031106B
S1136A90B6C051E05F83812F90E0272D30E022C003
S1136AA0611041C0B1103FC08C8D9D8D97FD0CC00D
S1136AB07A94272D30E0C901880F991F4C8D5D8D84
S1136AC0481B590B5D8F4C8F1F5F812F90E0AC01E9
S1136AD0440F551F6C8D7D8D640F751F7D8F6C8FDA
S1136AE077FF7EC0A9014150510984179507C4F26C
S1136AF0611019C011111CC066246394CF2CD12CD1
S1136B00888599858C159D05D8F59981923008F46E
S1136B10A7C0FA94FF2009F499C0232D30E04A81DC
S1136B20842F90E07ECF112349F371E06712E6CF02
S1136B30B110E2CFAC01440F551FC401821B930B6B
S1136B409F878E87B201620F731F798B688BC9018F
S1136B50880F991F2C8D3D8D820F931F841B950BDD
S1136B609C012F5F3F4F241735070CF0CDC0739461
S1136B709D8F8C8F1150BB24B39466246394BECF35
S1136B802981223008F487C0223011F0B12CC1CF02
S1136B90AD80BE80AC0CBD1C6A8D7B8D6C197D09EB
S1136BA07D876C87EF880E892C853D858889998936
S1136BB001979B878A87AC01B901CE84DF849FEF5C
S1136BC0C91AD90AC6010E94D224EF880E899501F8
S1136BD04A855B85B501C6010E94D224B12C99CFA8
S1136BE0B401681B790B7F876E87B201680F791F28
S1136BF0798B688B171530F5BB24B3947FCFA20132
S1136C00481B590B5D8B4C8BB401680F791F7B8B30
S1136C106A8B880F991F4B815C81840F951F220F0B
S1136C20331F821B930BAC014F5F5F4F4217530717
S1136C3084F45A815F5F5A839C838B833A9471E016
S1136C407F8329CF112309F457CF77CF949A80E01B
S1136C5079CE6B817C81621B730B7C836B83EECF5B
S1136C606D817E816C0D7D1DE98C088D9B014A89A7
S1136C705B898C899D890E9415246A8D7B8D6C1992
S1136C807D09E98C088D9B014A895B898C899D89E2
S1136C900E9415243ECF4A8D5B8D4C195D095D879A
S1136CA04C87E98C088D9A014E855F85B9018C89E2
S1136CB09D890E941524E98C088D2C853D854A897F
S1136CC05B89B901888999890E941524AD80BE80A9
S1136CD0AC0CBD1CE98C088D95014E855F85B50112
S1136CE08C899D890E941524E98C088D95014A8917
S1136CF05B89B501888999890E9415245981552396
S1136D0009F450CFB12C05CF6C8D7D8D641B750BB0
S1136D107D8F6C8F2FCF2F923F924F925F926F9205
S1136D207F928F929F92AF92BF92CF92DF92EF9217
S1136D30FF920F931F93CF93DF93CDB7DEB72897BE
S1136D400FB6F894DEBF0FBECDBF9A83898302309D
S1136D50110508F4E0C045305105B8F1415051091E
S1136D6025303105B8F12150310989809A80840E8B
S1136D70951E8091090190910A018815990508F4DE
S1136D80C8C02B01420E531E80910B0190910C013F
S1136D908415950510F582E028960FB6F894DEBFA9
S1136DA00FBECDBFDF91CF911F910F91FF90EF9058
S1136DB0DF90CF90BF90AF909F908F907F906F9017
S1136DC05F904F903F902F90089544E050E025301D
S1136DD0310548F624E030E0C8CF4217530708F4E1
S1136DE09DC03695279558012017310708F459019D
S1136DF04A185B0881E090E06C01CA18DB081501B1
S1136E00260E371E8E2D90E0FC01EE0FFF1FE15F72
S1136E10FE4FF080880F991FFC01E95FFE4F178138
S1136E2094980E2D9201A401B10189819A810E9446
S1136E30522494012A193B093C832B8389819A812A
S1136E408A0D9B1D9E838D8318861F829501215078
S1136E5031093A832983D7FC0BC0A980BA80C501C4
S1136E60880F991FC81AD90AC50101979A83898383
S1136E702F8138852F5F3F4F38872F83C901880FB3
S1136E80991FC80ED91ED7FC1CC0E12E0F2DB101CD
S1136E906A197B099B016B807C808F819885680EC1
S1136EA0791EA3018D809E80881A990AC4010E94CC
S1136EB0D224B501640D751D9B01A301C4010E9478
S1136EC0D224E12E0F2DB1012F813885621B730B63
S1136ED09B016B807C806A0C7B1CA3018D809E804F
S1136EE08A189B08C4010E94D2246F817885640D9E
S1136EF0751D9B01A301C4010E94D2248F81988532
S1136F0029813A818217930708F4A5CF949A80E0E7
S1136F1043CF81E041CF02E010E01DCF5695479565
S1136F2058014017510708F063CF5A0161CF2F92DF
S1136F303F924F925F926F927F928F929F92AF9205
S1136F40BF92CF92DF92EF92FF920F931F93CF9352
S1136F50DF93CDB7DEB7E4970FB6F894DEBF0FBE6C
S1136F60CDBF8A831B01588B4F876A2D44E0E416FA
S1136F70F10418F4A4E0EA2EF12C52E0C516D10471
S1136F8008F443C127303105D8F1215031090730C5
S1136F901105D8F101501109C901820D931D9E8775
S1136FA08D878091090190910A01ED85FE858E17E8
S1136FB09F0708F428C140910B0150910C018F8563
S1136FC09889800F911F4817590710F582E0E496BD
S1136FD00FB6F894DEBF0FBECDBFDF91CF911F91E6
S1136FE00F91FF90EF90DF90CF90BF90AF909F9064
S1136FF08F907F906F905F904F903F902F90089567
S113700026E030E00730110528F606E010E0C4CF92
S11370102017310708F4FDC0C80196958795FA86B4
S1137020E9868E159F0510F49A87898789859A8544
S11370300297D8A2CF8E8C159D0510F498A38F8F3C
S1137040A90189859A85481B590B5EA34DA3F801B4
S1137050E81BF90BFCABEBAB81E090E02C0129853C
S11370603A85421A530AC9844F8D58A1241B350B03
S113707038872F835C01A21AB30ADF80862F90E041
S1137080FC01EE0FFF1FE15FFE4F50815B8F880F05
S1137090991FFC01E95FFE4F67816C8F912CF4010D
S11370A0EE0FFF1FE15FFE4F70817D8FC401880FDB
S11370B0991FFC01E95FFE4F87818E8F9498CC2045
S11370C009F496C089841E8A1D8A1C8A1B8A912C05
S11370D0F12C1A8E198E188E1F8A612C10E0F10182
S11370E03197FAA3E9A391012F5F3F4F3CA32BA350
S11370F04DA15EA14150510958A74FA369857A85D6
S11371006F5F7F4F7AA769A789859A85EF85F8898C
S11371108E0F9F1F98AB8FA72BA93CA9E20FF31FDB
S1137120FAABE9AB782C892CC9823C862B86362CA9
S11371306D2C812F90E0272D30E016C031101AC03D
S113714057FC08C07A94272D30E0C901880F991F95
S1137150481A590A1F5F812F90E0AC01440F551F54
S1137160440E551E57FE9EC0A90141505109841773
S1137170950724F31111A8C0332433948F2D90E084
S1137180262D30E018C0811084C0911082C0B7FC55
S113719008C06A94262D30E0C901880F991FA81AE7
S11371A0B90AF3948F2D90E0AC01440F551FA40E3F
S11371B0B51EB7FEA8C0A90141505109841795070F
S11371C014F3F110D6C0882483949981C92ED12C4C
S11371D0EF81F885EC15FD0530F5FA81F23008F4FD
S11371E0D4C0F981F150F983F111A3CF2B843C84ED
S11371F09A81923008F465C12A81223009F445C18C
S1137200949A80E0E4CE81E0E2CEF2E0CF2ED12C5D
S1137210B9CEC90196958795FA86E9868E159F059C
S113722008F004CF01CF9A81923008F4D6C092308E
S113723011F0912CD6CF4FA558A94C195D095A8B42
S1137240498B69A97AA9C60ED71EEC8C0B8D2989A6
S11372503A898FA198A5ED89FE898E0F9F1F9C8383
S11372608B83AC01B90189A59AA5EB89FC898E0FA2
S11372709F1F9E838D830E94D224EC8C0B8D9601DC
S11372804B815C81B6018D819E810E94D224912C18
S1137290A8CFFF2009F499CFF1E08F1609F469C053
S11372A0812C93CF4B855C85481B590B588F4F8B92
S11372B06B857C85680F791F7A8F698F171508F4A1
S11372C05DCF112309F458CFEB85FC85E21BF30B4A
S11372D0F88FEF8B4B855C85420F531F5A8F498F74
S11372E0220F331F240D351D880F991F281B390BBE
S11372F0A9014F5F5F4F481759070CF042C07394C0
S11373002901115039CF69A17AA1681B790B7C8BB3
S11373106B8BEBA1FCA1E80FF91FFE8BED8BF61430
S113732018F49924939451CFFF2009F44CCF69A108
S11373307AA1621B730B7C8B6B8B8BA19CA1820F3C
S1137340931F9E8B8D8BC901880F991F8A0D9B1DDE
S1137350841B950B9C012F5F3F4F241735070CF0BE
S113736091C063945C01FA9499249394882483943F
S11373702CCF992009F482C099249394882483946F
S113738024CF481A590A1150F7CE6FA578A96C1961
S11373907D09EE8C0D8D9B014DA15EA1898D9A8D89
S11373A0480F591F5C834B83E985FA858F89988D33
S11373B0E80FF91FFE83ED83CF010E94D22469A94F
S11373C07AA96C0D7D1DEE8C0D8D9B014B815C812A
S11373D08D819E810E94D22404CFEFA5F8A9EC19D7
S11373E0FD09FA8BE98BEE8C0D8D9F0149855A8539
S11373F06B897C89460F571F5C834B83BF0189854A
S11374009A85EF89F88D8E0F9F1F9E838D830E942E
S11374101524EE8C0D8D29893A894DA15EA1698DC3
S11374207A8D460F571F5CA74BA7B9018D899E899A
S1137430EDA1FEA18E0F9F1F9EA78DA70E9415246C
S113744029A93AA9C20ED31EEE8C0D8D96014B814B
S11374505C81B6018D819E810E941524EE8C0D8D78
S113746096014BA55CA5B6018DA59EA50E94152489
S11374703A81332309F4E9CE912CB3CEAC01440F05
S1137480551F55CFA41AB50A6ECFA984BA842F8587
S11374903889A20EB31E69014BA95CA9C40ED51E7E
S11374A04D855E856F8D78A1461B570BEC8C0B8D3B
S11374B09601B5018F8D98A1820D931D0E94D2244F
S11374C09FCECF84D8884BA95CA9C40ED51EA984AD
S11374D0BA846F857889A60EB71EA101415051095F
S11374E08F8D98A1480F591FEE8C0D8D9601B50113
S11374F0C1010E94D224EE8C0D8D96014D855E85CE
S1137500B501CA010196EF8DF8A18E1B9F0B0E9455
S1137510D224FA81FF2321F273CE4F925F926F92AD
S11375207F928F929F92AF92BF92CF92DF92EF920F
S1137530FF920F931F93CF93DF93EC015B017A01CA
S1137540122F433051051CF423E0E22EF12C670185
S1137550CC0EDD1EC60101972091090130910A016C
S11375602817390788F0CE15DF0574F047018A0C17
S11375709B1CC401019720910B0130910C01281729
S11375803907A0F482E001C081E0DF91CF911F911F
S11375900F91FF90EF90DF90CF90BF90AF909F90AE
S11375A08F907F906F905F904F900895AE14BF04BA
S11375B04CF39701220F331F2E0D3F1DA901559542
S11375C047954115510511F483E0DFCF27E733E0F8
S11375D0D7010E940174DC01CB016AE0B595A7953F
S11375E0979587956A95D1F7092E000CAA0BBB0BCA
S11375F06627782F892F9A2F9A01550F440B550B24
S11376000E94D0733901802F90E0FC01EE0FFF1F20
S1137610E15FFE4F4080880F991FFC01E95FFE4F38
S1137620578094981230D8F1123009F473C0F5944D
S1137630E794CE19DF094601C814D9042CF5940146
S11376402C193D09269DC001279D900D369D900D56
S1137650112481589F4F892F99279501280F391F8D
S1137660B501681B790BE52C042DA401C4010E940B
S1137670D2248C169D0681F0123051F0F1E08F1A5D
S11376809108C814D904DCF2960128193909DACF13
S1137690EFEF8E1A9E0AD0CF949A80E076CF111124
S11376A041C045018E189F08F594E794AE0CBF1CA9
S11376B064018C149D0434F5960128193909269D1A
S11376C0C001279D900D369D900D112480589F4F29
S11376D0892F9927AE01480F591FE52C042D9601D7
S11376E0B601FE01E81BF90BCF010E94D224CA1493
S11376F0DB0491F211110AC0FFEFCF1ADF0A8C14D8
S11377009D04D4F294012C193D09D9CF81E0C81A03
S1137710D108CFCF6E01CE18DF08F594E794CE0DD3
S1137720DF1D89CFF594E794AE18BF08C1CF2F921F
S11377303F924F925F926F927F928F929F92AF92FD
S1137740BF92CF92DF92EF92FF920F931F93CF934A
S1137750DF93CDB7DEB760970FB6F894DEBF0FBEE8
S1137760CDBFF82E4B013A013E832D831E2D2330CD
S1137770310524F423E030E03E832D834D805E8088
S1137780480C591CC20101972091090130910A014A
S11377902817390798F04D815E818416950674F098
S11377A01A01260C371CC101019720910B0130915D
S11377B00C0128173907E0F482E001C081E06096EB
S11377C00FB6F894DEBF0FBECDBFDF91CF911F91EE
S11377D00F91FF90EF90DF90CF90BF90AF909F906C
S11377E08F907F906F905F904F903F902F9008956F
S11377F0641675060CF39A01220F331F240F351FEC
S1137800A901559547954115510511F483E0D7CF4A
S113781027E733E0AD81BE810E940174DC01CB0116
S1137820EAE0B595A79597958795EA95D1F7092E3E
S1137830000CAA0BBB0B6627782F892F9A2F9A016D
S1137840550F440B550B0E94D0733B832A83D12CD4
S1137850F601EE0FFF1FE15FFE4F50815D87C60109
S1137860880F991FFC01E95FFE4F87818E87B12C39
S1137870F501EE0FFF1FE15FFE4FE080C501880FA9
S1137880991FFC01E95FFE4F97819C839498123005
S113789008F4AAC0123009F43FC12D813E81359508
S11378A027956401C21AD30A802E912C1201A12CAF
S11378B0B12CA601480D591D5E834D83C60188195C
S11378C0990998878F83F982FE2C38C0C1018419E5
S11378D095094A815B81849F9001859F300D949F17
S11378E0300D112421583F4F232F3327B301621B3E
S11378F0730BC301820F931F988B8F87A814B9044D
S11379004CF1123011F14D815E812416350614F1CB
S11379108981882391F19981913009F408C12981E1
S1137920223009F450C02C143D0421F11230F1F03E
S113793041E0241A31085FEFA51AB50A4214530432
S11379402CF2C20182199309C4CF2F8138852215E4
S11379503305F4F65981523031F3EC800F2D2F8525
S11379603889A101C1010E94D224DDCF3FEF231A3F
S1137970330AE1CF949A80E022CF9B01280D391D70
S11379803A87298721503109EC800F2DA101C101CB
S11379900E9415244F855889481959095C874B87DB
S11379A089859A85481759070CF0DAC06B857C8560
S11379B06F5F7F4FEC800F2D2F853889A101C101A6
S11379C00E941524B0CF680D791D2F853889281998
S11379D03909261737070CF4A6CFEE840D85A101CB
S11379E0C1010E94D2249FCF1111C3C013012D8164
S11379F03E81221A330A359527956901C60CD71C96
S1137A00602E712C5101412C512CA601460D571D9D
S1137A105E834D83C6018619970998878F83F982FF
S1137A20FE2C39C0C501821993094A815B81849F68
S1137A309001859F300D949F300D112420583F4FA5
S1137A40232F3327C401821B930BA401420F531F1E
S1137A50588B4F874614570454F1111123C02F81BA
S1137A6038852A153B051CF12981222381F13981AE
S1137A70313009F497C04981423009F482C0AC1412
S1137A80BD0409F477CF11111EC05FEFA51AB50A22
S1137A909FEF491A590A2A143B0424F2C1018A1996
S1137AA09B09C3CF4D815E81A416B506ECF65981BE
S1137AB0523029F3EC800F2D95014F855889B5017B
S1137AC00E94D224DCCF81E0A81AB108E1CFAC0136
S1137AD0460D571D5A87498741505109EC800F2D97
S1137AE09501B5010E9415248F85988986199709F7
S1137AF09C878B8729853A85821793070CF06AC087
S1137B00EC800F2D95014F855889B5018B859C8597
S1137B1001960E941524B3CF24012D813E81421A7F
S1137B20530A359527956901C80CD91CBDCE9B0114
S1137B30280D391D21503109EC800F2DA101C101FF
S1137B400E9415246F857889681979096F5F7F4FC2
S1137B50EC802F853889A101C1010E941524E3CE50
S1137B60EE840D859A01A101BC01C1010E94D224B9
S1137B701DCF8D819E81959587956301C81AD90A79
S1137B803FCF860D971D4F855889461957094817C9
S1137B9059070CF474CFEE840D859501B5010E944C
S1137BA0D2246DCFAC01460D571D41505109EC80D4
S1137BB00F2D9501B5010E9415248F85988986198A
S1137BC09709EC8095014F855889B50101960E946B
S1137BD0152455CFEE840D859501AC01B501898539
S1137BE09A850E94D2248CCF2F923F924F925F921B
S1137BF06F927F928F929F92AF92BF92CF92DF92B9
S1137C00EF92FF920F931F93CF93DF93CDB7DEB71D
S1137C1066970FB6F894DEBF0FBECDBF6C017A83B2
S1137C2069833C872B874230510508F448C02B8573
S1137C303C8522303105F0F1160191E0291A310812
S1137C40CA01820D931D2091090130910A01281760
S1137C503907B0F0C416D50698F0E981FA81319756
S1137C60F887EF83CF012B853C85820F931F2091EA
S1137C700B0130910C012817390720F582E001C06F
S1137C8081E066960FB6F894DEBF0FBECDBFDF91DC
S1137C90CF911F910F91FF90EF90DF90CF90BF9005
S1137CA0AF909F908F907F906F905F904F903F9098
S1137CB02F90089582E090E09C878B87BDCF42E0AF
S1137CC050E0B5CF8B859C85E981FA81E817F907E7
S1137CD0A8F2449F9001459F300D300D11243C8B38
S1137CE02B8B889FA001899F500D500D11245A871A
S1137CF04987880F991F9E838D83DC0111974A0160
S1137D00A12CB12C0E94F273861A970AA80AB90A08
S1137D10802F90E0FC01EE0FFF1FE15FFE4F10810A
S1137D20880F991FFC01E95FFE4FF7809498EB8957
S1137D30FC89CF01A0E0B0E022273327A901281B4A
S1137D40390B4A0B5B0B2F87388B498B5A8B1C8260
S1137D501B824B855C855E8B4D8B24C04B815C8183
S1137D60440F551FDA01119629853A850E94F27352
S1137D70461657066806790664F48B819C81019641
S1137D809C838B8312960E94F273860E971EA81E04
S1137D90B91EED89FE89309709F450C0EE0FFF1F1C
S1137DA0FE83ED8324013501440C551C661C771CAD
S1137DB0AD81BE8111972F85388949895A890E94DE
S1137DC00774641575058605970544F669817A81FB
S1137DD08D899E89681B790BEF2C012F9B01EB8108
S1137DE0FC81E20DF31DFC87EB87AF01C601EB813B
S1137DF0FC818E1B9F0B9E878D870E94D2246F81EE
S1137E0078852D893E89620F731F9B014B855C85A4
S1137E108D859E850E94D2244D895E8941505109E9
S1137E205E8B4D8BAD81BE8113972B893C890E945B
S1137E30F273861A970AA80AB90A90CF949A80E036
S1137E4020CF2F923F924F925F926F927F928F92A8
S1137E509F92AF92BF92CF92DF92EF92FF920F93D5
S1137E601F93CF93DF93CDB7DEB7AE970FB6F894D9
S1137E70DEBF0FBECDBF89834B015C874B87A90151
S1137E80C88EAF8A2330310510F443E050E003304C
S1137E90110510F403E010E09401215031093A87F0
S1137EA02987240F351F6091090170910A01621717
S1137EB07307A0F08416950688F08B859C8501973E
S1137EC09C8F8B8F9C01200F311F60910B0170914F
S1137ED00C0162177307E0F482E001C081E0AE9602
S1137EE00FB6F894DEBF0FBECDBFDF91CF911F91C7
S1137EF00F91FF90EF90DF90CF90BF90AF909F9045
S1137F008F907F906F905F904F903F902F90089547
S1137F10AB85BC85A017B107F8F20417150708F064
S1137F204BC1F80132979701EF2811F421E030E0BA
S1137F302E173F0708F4F9011C830B83449F60014B
S1137F40459FD00CD00C1124DE8ECD8E009F600195
S1137F50019FD00CD00C1124D8A2CF8ED801AA0F27
S1137F60BB1F1197E12CF12C2D8D3E8D0E94F273D5
S1137F7097018601061B170B280B390B0D871E87EB
S1137F802F87388BAB80BC801FEFA11AB10AAE1AC1
S1137F90BF0A4F5F5F4F4E1B5F0B449F6001459FBD
S1137FA0D00CD00C1124DE82CD82AA9C6001AB9C43
S1137FB0D00CD00C1124D886CF82D501AA0FBB1FB8
S1137FC01197E12CF12C2D813E810E94F273260140
S1137FD03701461A570A680A790ADF888D2D90E01E
S1137FE0FC01EE0FFF1FE15FFE4FF080F9A6880F42
S1137FF0991FFC01E95FFE4F17811AA794981A8E06
S1138000198E22242394312C9401225031093EA349
S11380102DA3A4014F5F5F4F58A74FA3C12CD12CB0
S1138020DEA6CDA619814BC0123008F4C8C0AB81BE
S1138030BC811197BC83AB83AD89BE8913972D8D09
S11380403E8D0E940174CD84DE84EF84F888C61AC4
S1138050D70AE80AF90ACD86DE86EF86F88A498DC2
S11380605A8D440F551FDA0111962F8D38A10E94A5
S11380700174C988DA88EB88FC88C616D706E80636
S1138080F906BCF4298D3A8D2F5F3F4F3A8F298F23
S113809012962F8D38A10E940174CD84DE84EF8462
S11380A0F888C60ED71EE81EF91ECD86DE86EF863A
S11380B0F88ACB80DC801C141D040CF07AC0CD84BB
S11380C0DE84EF84F888CC0CDD1CEE1CFF1CC98A0E
S11380D0DA8AEB8AFC8ACB80DC80CC0CDD1CDE8A5D
S11380E0CD8AD101AC19BD092D8D3E8D0E9401743C
S11380F0C988DA88EB88FC886C157D058E059F0598
S11381000CF0ADCFCB80DC80CA14DB040CF08CCF38
S11381101A141B040CF08BCFF501EE0FFF1F730133
S11381206201CC0CDD1CEE1CFF1C4DA55EA5440FAA
S1138130551FDA0111962F8138850E940174C616E5
S1138140D706E806F9067CF42DA53EA52F5F3F4F20
S11381503EA72DA712962F8138850E940174460EE2
S1138160571E681E791E2D813E81D101AE1BBF0BA7
S11381700E9401746C157D058E059F0584F631E01F
S1138180A31AB108DF0113972D813E810E94017467
S1138190461A570A680A790ACB80DC80CA14DB04C1
S11381A009F0B6CF123008F458C0123061F156010C
S11381B03ECF949A80E093CEFA013297B4CE0F89E1
S11381C06B857C85CB80DC806C197D099B01E984FF
S11381D0FA84C98CDA8CEC0CFD1CA7016401898D2E
S11381E09A8DC81AD90AC6010E94CB230F896B8DB8
S11381F07C8DAB81BC816A0F7B1F9B01A701C601EB
S11382000E94CB2314CFAB84BC84CB80DC80AC181D
S1138210BD08EB8CFC8CEC0CFD1CFA82E982088D09
S11382209501CDA0DEA04DA55EA5C40ED51EA60168
S1138230B501EFA0F8A48DA59EA5E81AF90AC70117
S11382400E945224088D29813A81A601B901C701EF
S11382500E945224AB80BC80EACEAB84BC84CB8029
S1138260DC80AC18BD08EAA409A5950164014DA5FC
S11382705EA5C41AD50AA601B501C401A98DBA8D9B
S11382808A1B9B0B9AA389A30E941524EAA409A51F
S11382909501E985FA85498D5A8DE40FF51FFCA3F4
S11382A0EBA3AF01B50189859A85ADA5BEA58A0F5B
S11382B09B1F9CA78BA70E941524EB8DFC8DEB8044
S11382C0FC80EE0DFF1DFA83E983EAA409A59F0152
S11382D0A601BF0189A19AA10E941524EAA409A5B7
S11382E029813A814BA15CA1B9018BA59CA50E946F
S11382F01524112309F493CFADCF2F923F924F92BF
S11383005F926F927F928F929F92AF92BF92CF9221
S1138310DF92EF92FF920F931F93CF93DF93CDB72A
S1138320DEB764970FB6F894DEBF0FBECDBFFC0175
S11383300230110508F41CC182E0E816F10408F4C7
S113834013C144305105B0F1DA01119724303105DD
S1138350B0F121503109AF014A0F5B1F809109012F
S113836090910A018417950708F4FCC0CB01820F91
S1138370931FA0900B01B0900C01A816B90610F53C
S113838082E064960FB6F894DEBF0FBECDBFDF91D6
S1138390CF911F910F91FF90EF90DF90CF90BF90FE
S11383A0AF909F908F907F906F905F904F903F9091
S11383B02F900895A3E0B0E02430310550F623E077
S11383C030E0C9CFB695A795A017B10708F4D8C077
S11383D0369527952E153F0508F4D0C05F01A00EF1
S11383E0B11EB88AAF865A01A01AB10ABA8AA98AFC
S11383F05B01AE0CBF1CBC86AB865C01AE18BF082B
S1138400BE86AD86FA82E982009F5001019FB00CBE
S1138410B00C1124BE82AD82EE9C5001EF9CB00CD6
S1138420B00C1124BC82AB82D701AA0FBB1F1197D9
S11384304501A12CB12C2D813E810E94F2731401BF
S11384402501261A370A480A590A8C2D90E0DC01C6
S1138450AA0FBB1FA15FBE4FFC90880F991FDC01C0
S1138460A95FBE4F17961C9194980C2D2D853E85BF
S11384706B857C85CF010E945224612C712CCC2405
S1138480C394D12CA980BA80BC8AAB8A1DC0A30135
S1138490440F551FDA0111962B813C810E9401740F
S11384A086169706A806B90654F49FEF691A790A46
S11384B012960E940174260E371E481E591EAB8860
S11384C0BC88AB2809F457C052014101880C991C9F
S11384D0AA1CBB1C2B893C89220F331F3A83298396
S11384E0D601A21BB30B2D813E810E940174681535
S11384F079058A059B055CF66B857C858B899C894F
S1138500681B790BE12E0F2D9B0189899A89860DB1
S1138510971D98878F83AC018F8598898619970951
S11385209A8789870E94D2246D857E852B893C8910
S1138530620F731F9B014F81588589859A850E941C
S1138540D2248B899C8901979C8B8B8BA981BA81BE
S113855013972D813E810E940174261A370A480A16
S1138560590A95CF81E00DCF82E0E82EF12CE9CEB7
S113857002E010E0E1CE949A80E003CF79012ECF9F
S11385808D01369527952E153F0508F027CFF6CF98
S11385902F923F924F925F926F927F928F929F920F
S11385A0AF92BF92CF92DF92EF92FF920F931F93FD
S11385B0CF93DF93CDB7DEB7AF970FB6F894DEBF96
S11385C00FBECDBF8F8B7A8369838F8284E0E816D8
S11385D0F10418F4F4E0EF2EF12C94E0C916D10460
S11385E018F4E4E0CE2ED12CA2E0AA16B10408F4CB
S11385F0BBC128303105B8F12150310908301105CB
S1138600B8F10150110989809A80820E931E8091DD
S1138610090190910A018815990508F4A3C1CA01BA
S1138620800F911F60910B0170910C0168177907FD
S113863010F582E0AF960FB6F894DEBF0FBECDBF43
S1138640DF91CF911F910F91FF90EF90DF90CF902A
S1138650BF90AF909F908F907F906F905F904F905E
S11386603F902F90089527E030E00830110548F638
S113867007E010E0C8CF369527952E153F0508F47E
S113868081C1169507950C151D0508F475C1CE1406
S1138690DF0408F46DC19701225031092A153B0506
S11386A008F45901E981FA81EE0DFF1DFD8FEC8F6D
S11386B084010E191F091F8F0E8F9A012C0D3D1D69
S11386C039A328A3AC014C195D095BA34AA3D88A3A
S11386D0CF86EE9CC001EF9C900D900D11249C8BD5
S11386E08B8BCC9CD001CD9CB00DB00D1124BE8BD6
S11386F0AD8BD601AA0FBB1F1197ED89FE892F01FF
S1138700612C712C9C010E94F27393018201061B5F
S1138710170B280B390B0B871C872D873E873601D7
S11387201FEF611A710A6A187B082FEFE21AF20A26
S1138730EA18FB08EE9CA001EF9C500D500D11248B
S11387405C834B83669CC001679C900D900D112443
S11387509E838D83D301AA0FBB1F11976C01E12C5B
S1138760F12C9A010E94F27316012701261A370A86
S1138770480A590A1F81812F90E0FC01EE0FFF1F68
S1138780E15FFE4F10811EA3880F991FFC01E95F72
S1138790FE4F17811FA325968FAD259790E0FC010E
S11387A0EE0FFF1FE15FFE4FF080880F991FFC0161
S11387B0E95FFE4F178194982F89223008F4EDC0A9
S11387C0223009F408C1A12CB12C1A8A198ACC24AC
S11387D0C394D12C4E8D5F8D4150510959A748A7A0
S11387E08C8D9D8D01969BA78AA78F849888FCA267
S11387F01DA348C01F89123008F4FCC091E0891AF7
S11388009108AF85B88913972B893C890E9401741C
S11388100B851C852D853E85061B170B280B390BF4
S11388200B871C872D873E8749895A89440F551F1A
S1138830DA0111962D893E890E9401740F811885F1
S113884029853A850617170728073907BCF42989AB
S11388503A892F5F3F4F3A8B298B12962D893E8997
S11388600E9401740B851C852D853E85060F171FFC
S1138870281F391F0B871C872D873E87181419045E
S11388800CF088C00B851C852D853E85000F111FBB
S1138890221F331F0F83188729873A879401220FD9
S11388A0331F388B2F87D601A21BB30B2B893C892E
S11388B00E9401740F81188529853A856017710714
S11388C0820793070CF0B0CF861497040CF092CF74
S11388D0161417040CF092CFF301EE0FFF1F820160
S11388E07101EE0CFF1C001F111FA501440F551F41
S11388F0DA0111962D813E810E940174E616F70675
S1138900080719075CF4BFEFAB1ABB0ADA01139628
S11389100E940174260E371E481E591E2B813C816D
S1138920D601AE1BBF0B0E9401746E157F05800734
S11389309107ACF601E0601A7108DF0113970E94F9
S11389400174261A370A480A590A8614970409F04A
S1138950BFCF1F89123008F49DC0123009F470C0D3
S113896034014CCF81E066CE72E0A72EB12C41CE0B
S113897096012250310992CE6801CE14DF0408F02A
S11389808ACEF6CF7901169507950C151D0508F0CA
S11389907ECEF2CF949A80E04DCE49815A814150E7
S11389A051094A0D5B1DE12E0F2D2AA13BA168A19F
S11389B079A189819A810E94D2242AA13BA1A40190
S11389C068A179A1C40101968A199B090E94D22445
S11389D03F893111F8CEA4014A195B090F812AA1FC
S11389E03BA168A179A189819A818A0D9B1D0E946E
S11389F05224E9CEEDA00CA168A179A168197909E6
S1138A009B014E8D5F8D89899A89480F591F5A831E
S1138A104983AC8DBD8DA81BB90BB98FA88FCD012F
S1138A200E941524EDA00CA16AA17BA1680D791DFB
S1138A309B0149815A81888D998D0E941524DECE2F
S1138A40E8A1F9A1E819F909F98FE88F0AA11BA196
S1138A50080D191D1B8F0A8FEFA00EA1288D398DCB
S1138A6068A479A46A0C7B1CA301B9018AA59BA5FF
S1138A708A199B099A8389830E94D224EFA00EA1AC
S1138A802A8D3B8DA301B90189819A810E94D22448
S1138A903401B4CE28A139A128193909398F288F76
S1138AA0EDA00CA16C8C7D8C6A187B08A301B90124
S1138AB08C8D9D8DA989BA898A1B9B0B9A83898386
S1138AC00E941524EDA00CA1288D398DEE8DFF8D0B
S1138AD049895A89E40FF51FFDA7ECA7AF01B90135
S1138AE08E8D9F8D8A0D9B1D9FA78EA70E94152496
S1138AF0AAA1BBA1A80DB91DBB8FAA8FEDA00CA183
S1138B009D01A301BD0189819A810E941524EDA0D4
S1138B100CA12A8D3B8D4CA55DA5B9018EA59FA501
S1138B200E941524BF89BB2309F496CF340166CE75
S1138B30809394010895A0E6B1E011969C938E93DE
S1138B40FC01249112962C9312973196E49113967A
S1138B50EC931397FC013296E4911496EC931497DA
S1138B60FC013396E4911596EC931597FC01349629
S1138B70E4911696EC931697FC013596849117961A
S1138B808C930895CF92EF920F93EC2DF0E0DF01D8
S1138B90AA0FBB1FAA0FBB1FA859BE4F887F962FD1
S1138BA0929596959770892B8C93EE0FFF1FEE0F7D
S1138BB0FF1FE05AFE4F6C71660F660F660F4695F5
S1138BC046954695642B6187287F802F82958695EC
S1138BD08770282B22870C71000F000F000FE6947A
S1138BE0E694E6940E2903870F91EF90CF900895B1
S1138BF0809385010895809384010895833008F05B
S1138C0080E080938601089580938701089580937E
S1138C1088010895811101C081E08093890108953C
S1138C200F931F93CF93DF93FB018A01E9014091D6
S1138C3062012091630170916601823009F46FC072
S1138C4060916801A091690130916C0150916D01AE
S1138C5097988AE285BB9698969A979A15BB9698A8
S1138C60969A05BB9698969A842F90E00197800F68
S1138C70911F95BB9698969A4150040F05BB969800
S1138C80969A97988BE285BB9698969A979AD5BBB5
S1138C909698969AC5BB9698969ACE01820F911D86
S1138CA095BB9698969AC20FC5BB9698969A979834
S1138CB08CE285BB9698969A979A849131968823EC
S1138CC0C9F098E007C03BBB55BB9698969A880FAD
S1138CD0915049F087FFF7CF6BBBA5BB9698969A46
S1138CE0880F9150B9F7715041F7DF91CF911F91DF
S1138CF00F9108953BBB55BB9698969A9698969A71
S1138D009698969A9698969A9698969A9698969AE7
S1138D109698969A9698969A715079F6E6CF6091BD
S1138D206A01A0916B0130916E0150916F0190CF57
S1138D302F923F924F925F926F927F928F929F9267
S1138D40AF92BF92CF92DF92EF92FF920F931F9355
S1138D50CF93DF93CDB7DEB761970FB6F894DEBF3C
S1138D600FBECDBFDA01EDB6FEB6FF86EE86A0904B
S1138D7062012090630144244394420CF0908501E5
S1138D80F98250918901A59E402D112408E00A150D
S1138D9008F4E6C218E0E42DF0E0EE0FFF1FEDB694
S1138DA0FEB6EE1AFF0A0FB6F894FEBE0FBEEDBE75
S1138DB0EDB7FEB731964F01FA87E987EDB7FEB7F5
S1138DC012821182EA2CF12CF886EF82E0E1F0E0C5
S1138DD0EE19FF0966246A94762C02C0660C771C8F
S1138DE0EA95E2F7823009F4BFC250906801B0906E
S1138DF06901809170018D87909171019B83E7E0F7
S1138E00EA1508F45AC2D12C80E090E0CC24C39433
S1138E10312E3A18E12EF12CFE82ED82E52EF42E4D
S1138E20FB01549144276F5F7F4FEC2DF0E0EE0F70
S1138E30FF1FE80DF91D8A010D2C02C01695079538
S1138E400A94E2F7800F911F8621972191838083F2
S1138E50E1E0EC0DE41520F5D30C8D819E818D1994
S1138E6091098A0102C0000F111F8A95E2F7C80117
S1138E70AD14A0F4F0E0EE0FFF1FE80DF91DA301FF
S1138E804823592351834083C394C394DA180F8031
S1138E9002C0880F991F0A94E2F7C2CFCE2EC0CF2A
S1138EA05E2D4F2D19811111ACC0C40102969A8315
S1138EB08983E52EF12CDD24DA94D50ED20EF70148
S1138EC03197FC83EB83FAE28F2E1BE2912E0CE2A6
S1138ED0A02E0D2DE981FA8161917191FA83E983C4
S1138EE06115710509F45AC0632E8B819C81820F30
S1138EF0931F792E90E0FB01EE27F078EF2B09F415
S1138F0073C080E0660F771F850FFB01EE27F078B2
S1138F103097C1F7979885BA9698969A979A6D0163
S1138F20C90ED11CD5BA9698969A492E4A0E45BABE
S1138F309698969A11E0C11AD108C80ED11CD5BAD8
S1138F409698969A1FEF140D180F15BB9698969A3B
S1138F50979895BA9698969A979A65BA9698969A83
S1138F6025BB9698969A75BA9698969A05BB969844
S1138F70969A9798A5BA9698969A979A5BBAB5BA1C
S1138F80980F589F802D11249698969A8150E1F756
S1138F90941720F46115710509F0B0CF2A942E0DB1
S1138FA03F1D050F211096CFEE84FF840FB6F89471
S1138FB0FEBE0FBEEDBE61960FB6F894DEBF0FBEC7
S1138FC0CDBFDF91CF911F910F91FF90EF90DF9074
S1138FD0CF90BF90AF909F908F907F906F905F9055
S1138FE04F903F902F900895660F771F950F941719
S1138FF008F481CF2A942E0D3F1D050F21106ACF4E
S1139000D3CF23942394152F110F140F852F90E0A1
S11390109E838D83A81BB90B7901E81AF90AF9011B
S113902031974F010FEF050F0E0D1C861B8620E0B4
S113903030E060E070E04AE2642EEBE24E2EFCE2A7
S11390403F2EB98BA88BF1E0F215F0F4E985FA858F
S11390506191719176956795A985BA851296CD909F
S1139060DC901397D694C794B981B43009F4DFC067
S11390708981833009F4EBC0A981A53009F4EEC0DD
S11390807C876B87FA87E987CB01880F991FFB01DF
S1139090E095F0952E233F23CF2CD92C40E07D84FE
S11390A0A889B98998868F8277FF4CC0A12C02C009
S11390B0880F991FBC01220F331FA50E97FDF8CF0F
S11390C0979865BA9698969A979AFD01E40FF11DC0
S11390D0F5BB9698969A942E9A0E95BA9698969A67
S11390E03197EA0DF11DF5BB9698969AEFEFE90DCD
S11390F0EA0DE5BB9698969A979845BA9698969AEB
S1139100979AC5BA9698969AE5BA9698969AD5BAC1
S11391109698969A05BB9698969A979835BA969883
S1139120969A979A5BBAB5BA4A0D5A9DE02D1124C6
S11391309698969AE150E1F7411760F4880F991FC9
S113914077FDB4CF37FD21C0BC01220F331F450F7B
S11391504117A0F3B98BA88B8F8098844981413043
S113916009F45BC08981823009F45CC0998195302F
S113917009F494C02A94ED81FE81EE0EFF1E8E0E3A
S11391809F1E050F21105FCF0FCF912C02C0880FB7
S1139190991FBC01220F331F950E37FDF8CF979806
S11391A065BA9698969A979AFD01E40FF11DF5BB5E
S11391B09698969AA42EAA0EA5BA9698969A31973E
S11391C0E90DF11DF5BB9698969AEFEFEA0DE90DBE
S11391D0E5BB9698969A979845BA9698969A979AD0
S11391E0C5BA9698969AE5BA9698969AD5BA9698E4
S11391F0969A05BB9698969A979835BA9698969AA1
S1139200979A7BBAEB81E5BB490D599DE02D11245A
S11392109698969AE150E1F78FCF2B853C85369549
S11392202795A8CF2B853C85220F331FA3CF42E07F
S1139230241609F425CFCC0CDD1C2C293D297C8770
S11392406B87FA87E987CB01880F991F20CF92E0BB
S1139250291609F415CFD694C794EFCFB2E02B1694
S113926009F40ECFD601AA0FBB1FC9018C299D2971
S11392708A2B9B2B960136952795822B932B9B014A
S113928036952795282B392BCB01880F991F282B2E
S1139290392B7C876B87FA87E987F9CE2B853C8548
S11392A0220F331F8B859C8596958795282B392B08
S11392B0AB85BC852A2B3B2B5DCF88E0A81609F42F
S11392C061C0F0E1AF1609F46DC0F12C80E090E0CC
S11392D0EE24E394312E3A18C12ED12C5D834B87B2
S11392E0FB01559144916E5F7F4F4115510559F033
S11392F0FA010F2C02C0F695E7950A94E2F7E621ED
S1139300F7218E0F9F1FEE2DF0E0EE0FFF1FE80DEB
S1139310F91D91838083E1E0EE0DE41580F5F30CF3
S1139320C6018F1991098A0102C0000F111F8A9585
S1139330E2F7C801AF14B0F4F0E0EE0FFF1FE80D40
S1139340F91DA3014023512351834083E394E39403
S1139350FA180F8002C0880F991F0A94E2F7C0CF51
S113936010E119CDEE2EBCCF50906A01B0906B0184
S1139370F0907201FD86009173010B8340CD5D81F5
S11393804B8590CDC401029611E0FB01F490EE24CC
S1139390FC01E192F192CF016F5F7F4F1F5F1415C3
S11393A0A0F380CDC4010296FF24F394FB01159130
S11393B00491FC0101931193CF016E5F7F4FF394ED
S11393C0F414A0F36FCD2F923F924F925F926F925D
S11393D07F928F929F92AF92BF92CF92DF92EF9241
S11393E0FF920F931F93CF93DF93CDB7DEB7AB9765
S11393F00FB6F894DEBF0FBECDBF888769837A01AC
S113940039015801CDB6DEB6DBA2CAA2D090620102
S1139410DB8E209163012B872F5F2A8F309185018A
S11394203E8740918901D49E502D112459A36D2D5E
S1139430693008F080C478E078A3AA8D8A2F90E080
S1139440880F991FEDB7FEB7E81BF90B0FB6F89418
S1139450FEBF0FBEEDBF2DB73EB72F5F3F4F690173
S1139460398F288F128211827B8D672F70E07D8F58
S11394706C8F80E190E0861B970B2FEF3FEFD901B3
S113948002C0AA0FBB1F8A95E2F7BD8BAC8BE0919B
S11394908001F0918101FF8FEE8F20908201309046
S11394A0830120917A0130917B013D872C87609163
S11394B07C0170917D01798B688B80917E01909104
S11394C07F019B8B8A8B449F902D11249F83A885B9
S11394D0AA2309F42EC43B8D3F5F832F90E0880FAD
S11394E0991FEDB7FEB7E81BF90B0FB6F894FEBF52
S11394F00FBEEDBF0DB71EB70F5F1F4F6DB77EB721
S1139500681B790B0FB6F8947EBF0FBE6DBFADB765
S1139510BEB711964D01EDB7FEB7E81BF90B0FB6B8
S1139520F894FEBF0FBEEDBF6DB77EB76F5F7F4F80
S11395302B01709170017E8B809171018F8B6091F2
S1139540740170917501D8016D937C93E09176015B
S1139550F0917701D401ED93FC938091780190917F
S11395607901ADB7BEB712969C938E9311973230A2
S113957008F49BC0D8011296BA87A987D401129621
S1139580BE83AD83ADB7BEB71396BC83AB83BFEFC9
S11395902B1A3B0AA1E0B0E021E0FDA2ECA2F32EDD
S11395A07FA26EA27884B9A6A8A6B22E9C01DBA6DF
S11395B0CAA6E42EAF0147C0853068F0772009F4CD
S11395C0CCC0C101EE8DFF8D8E179F070CF0C0C07B
S11395D0F981F630E1F1CD01880F991FF801E80F08
S11395E0F91FCC84DD846C197D0971836083F401D7
S11395F0E80FF91FBA01C888D9886C197D097183ED
S11396006083F201E80FF91F6A897B89261B370BF7
S113961031832083B39411969FEF291A390AFB14DE
S1139620D9F1E985FA8561917191FA87E987ED812C
S1139630FE8141915191FE83ED83EB81FC81219167
S11396403191FC83EB838981833009F0B5CFCD015F
S1139650880F991FF801E80FF91FCC84DD846C0D85
S11396607D1D71836083F401E80FF91F688979898E
S1139670640F751F71836083F201E80FF91F6A8913
S11396807B89260F371F31832083B39411969FEF74
S1139690291A390AFB10C5CF4E2DECA0FDA06EA0EF
S11396A07FA0A8A4B9A4CAA4DBA4EB8DE83008F079
S11396B0E5C250E0A0E0B0E061E028A12E1B2983C0
S11396C038A1232E312C1C830B831E2FF701949178
S11396D08827FFEFEF1AFF0AE62FF0E0EE0FFF1FD7
S11396E0EC0DFD1D9C01052E02C0369527950A94AC
S11396F0E2F72A0F3B1FAC89BD892A233B23318320
S1139700208371E0760FBA8D7B1758F52981520FAB
S11397109101251B3109DC0102C0AA0FBB1F2A9548
S1139720E2F71517E0F4E72FF0E0EE0FFF1FEC0D62
S1139730FD1D8C899D898A239B23918380836E5F81
S1139740511B0C8C02C0AA0FBB1F0A94E2F7BECFB8
S11397508981853009F03FCF7ACFCD0133CF672F90
S1139760B5CF0B811C81EE84E110FDC096012E5F04
S11397703F4F3A872987642F70E07F876E878FEF8A
S1139780840F782F7A0D1B822E843F8491E0291A4E
S11397903108860D8D8359A1D72EA985BA856D917F
S11397A07D91BA87A9876115710509F48DC0CB2C09
S11397B0C501820D931D998330E020E077FF7AC0C4
S11397C09798AAE2EA2EE5BA9698969A979AC301D0
S11397D0820F911D95BB9698969AE22FE60DE5BBF4
S11397E09698969A820D931D95BB9698969A8D811C
S11397F0820F85BB9698969A9798BBE2FB2EF5BA92
S11398009698969A979AC5BA9698969AA5BA96985B
S1139810969A898185BB9698969AD5BA9698969A7F
S113982097989CE295BB9698969A979AA885A111C9
S113983098C08B8190E0880F991FD401A80FB91F9D
S1139840F801E80FF91F0190F081E02DEE27FC7775
S11398507F01EE0CEF2CEE1CFF08FD86EC86ED90EC
S1139860FC901197EE24E0E7FE22FF2DF595F59587
S1139870F595F595EC85EF2BEBBBF201E80FF91F9D
S11398808081918188279C77E92FE595E5958D91D5
S11398909C9188279E709595879595958795959524
S11398A08795959587958E2B85BB8F819698969AEB
S11398B08150E1F7660F771F240F3F5F251720F4CF
S11398C06115710509F07ACFEE85FF85AE0EBF1ED6
S11398D0FB81FF5FFB83D40ECB84CF125ECFC884A1
S11398E0CC20F9F08C8D9D8D880F991FF801E80F1D
S11398F0F91F208131813093750120937401F401A3
S1139900E80FF91F2081318130937701209376018C
S1139910F201E80FF91F808191819093790180937E
S113992078018AA19BA10FB6F8949EBF0FBE8DBF8C
S1139930AB960FB6F894DEBF0FBECDBFDF91CF91CB
S11399401F910F91FF90EF90DF90CF90BF90AF9059
S11399509F908F907F906F905F904F903F902F904B
S11399600895832F67CF2B852E5F2B87842F880F35
S113997039A1380F642F70E0798B688B1301261A94
S1139980370AC501861B970B9A8389832FEF240F0F
S1139990A82EA20E615071097E836D83860F971FD6
S11399A09D878C8719861B8A1A8A612C712C80E00A
S11399B090E0220D2C8BCA2CA32EAB85A230F0F0A4
S11399C0E88DF98D8191919196958795A88DB98DA2
S11399D012962D913C91139736952795BE85B430F8
S11399E009F402C16E85633009F413C1AE85A53054
S11399F009F425C19B8B8A8BF98FE88FBC01660F14
S1139A00771F9C012095309562227322EA81EB83B3
S1139A10BD84E22CFC88D12C50E097FF7EC097983F
S1139A20FAE2F5BB9698969A979AC101850F911D13
S1139A3095BB9698969AE5BA9698969A2D813E810A
S1139A40820F931F95BB9698969AF5BA9698969A14
S1139A5097983BE235BB9698969A979A8B8185BBEB
S1139A609698969A998195BB9698969AB5BA96982F
S1139A70969AC5BA9698969A9798ACE2A5BB96988A
S1139A80969A979AB885B11187C0898590E0880F16
S1139A90991FF401E80FF91FD801A80FB91F2D91E0
S1139AA03C9122273C77220F232F221F330BA081C6
S1139AB0B181AA27B0773B2F3595359535953595E6
S1139AC0232B2BBBD201A80FB91F8D919C91882702
S1139AD09C77292F259525958081918188279E70D3
S1139AE0959587959595879595958795959587955A
S1139AF0822B85BB8F819698969A8150E1F7CB0192
S1139B00660C771C540FD394E40EF40E5A1508F027
S1139B1045C0660F771F97FD82CF77FEF0CF9798E9
S1139B20EAE2E5BB9698969A979AC101850F911D32
S1139B3095BB9698969AE5BA9698969A2D813E8109
S1139B40820F931F95BB9698969AF5BA9698969A13
S1139B5097983BE235BB9698969A979A8B8185BBEA
S1139B609698969A998195BB9698969AB5BA96982E
S1139B70969AC5BA9698969A9798ACE2A5BB969889
S1139B80969A979ABE89BBBB2F8925BB8F819698DD
S1139B90969A8150E1F7B3CF8D2D78CF3E85313041
S1139BA0F1F05E85523081F16E856530C9F1BB8577
S1139BB0B150BB87E981FA81E888F988EE0DFF1D71
S1139BC0FA83E98329852F5F2987C40E6C857D85F7
S1139BD06E0D7F1D7D876C87B111EFCE80CE6A88B4
S1139BE07B8876946794E3CF5B85523009F402CF87
S1139BF0220F331F622A732A9B8B8A8BF98FE88F7B
S1139C00BC01660F771FFDCE6A887B88660C771CC3
S1139C10CECF7B85723009F4EDCE36952795EACF09
S1139C206A887B88660C771C2A893B893695279538
S1139C30622A732AAA89BB896A2A7B2AB8CFBB8580
S1139C40B23009F4D7CEB901660F771F622A732A9E
S1139C5066297729390176946794662A772A9C01C4
S1139C6036952795622A732ABC01660F771F662AE8
S1139C70772A9B8B8A8BF98FE88FC3CE3B8D383044
S1139C8009F462C02B8D203109F46EC060E020E03D
S1139C9030E071E038A05B8D351A88A1A82FB0E0C0
S1139CA01A830983142F432DF70135902490E2E0A1
S1139CB0EE0EF11C2114310469F0C101062E02C01C
S1139CC0969587950A94E2F7EC89FD898E239F2364
S1139CD0280F391FE72FF0E0EE0FFF1FEC0DFD1DDD
S1139CE03183208381E0870F2A8D821748F5640F22
S1139CF09D01261B3109F10102C0EE0FFF1F2A95B9
S1139D00E2F79F015617D0F4E82FF0E0EE0FFF1FA3
S1139D10EC0DFD1D8C899D8982239323918380837F
S1139D207E5F651B0C8C02C0220F331F0A94E2F77E
S1139D30BBCF3B85D2CB80E188A37FCB782FB4CF38
S1139D40412F09811A810FCDD601129681E09A8D97
S1139D50F701349122272D933D93FFEFEF1AFF0A69
S1139D608F5F8917A8F3FFCCD601129621E03A8DB4
S1139D70F701959184918D939D9392E0E90EF11CE6
S1139D802F5F2317A8F3EFCC2F923F92CF92DF924D
S1139D90EF92FF920F931F93CF93DF93E1018FA173
S1139DA0882389F1282F30E04DA15EA1FA01E20F4A
S1139DB0F31F319790819032A1F56CA109C0282F2F
S1139DC030E0FA01E20FF31F31979081903249F5A8
S1139DD0611115C09BA1911112C09AA191110FC0DC
S1139DE09D8DE8A1F9A12E8D3F8D2E0F3F1F290FC8
S1139DF0311DEB8DFC8DE217F30708F0A0C18150F3
S1139E008FA38111DCCF1FA21F8E1E8EDF91CF91F5
S1139E101F910F91FF90EF90DF90CF903F902F9084
S1139E2008958BA19D8D929FA001939F500D1124A5
S1139E305F8F4E8F813009F475C1823009F458C1A7
S1139E408E89811124C08D89882309F18C898230FF
S1139E5009F486C180916C018093110180916D0198
S1139E6080931001949869897A8988A199A19B01AA
S1139E70215031094B89240F311D4E8D5F8D480FC0
S1139E80591F4150510901E00E945224949A9C891F
S1139E908FEF890F863008F0B9CF933008F096C061
S1139EA0109283011092820194981B82AFA1AA237D
S1139EB009F487C048A159A180E091ECD92E20EC87
S1139EC0E22E3FEBF32E47C081548A8390916401C4
S1139ED0891B8A8390916501891708F054C090E02A
S1139EE0209160013091610139832883B09166012A
S1139EF0B89FB001B99F700D11246A5F7F4F620F44
S1139F00731F798368838D89882309F440C0908105
S1139F10903259F0883008F043C029893A898C89F5
S1139F200E94984648A159A1AFA18D8D480F511D9B
S1139F3059A348A3209162018091820190918301E9
S1139F40820F911D90938301809382018B818F5F97
S1139F508B838A17B0F5EDA1FEA1E80FF11D808176
S1139F60803C08F0B1CF883A31F1883B39F1893B24
S1139F7051F18A8390916401891B8A8390916501D0
S1139F80891708F4ACCF1A8280E090E0A9CF298920
S1139F903A898C890E94104648A159A1AFA1C5CF26
S1139FA009891A899A01AB016C898C810CDA48A160
S1139FB059A1AFA1BACFFA828FEB88CFEA8280ECA5
S1139FC085CF949A20CFDA8281EC80CF20916801EA
S1139FD0422F487F10E8419FA0011124588B4F87DE
S1139FE0609169012770E22FF0E09F01322F222750
S1139FF03295307FE62FE07E80E1E89FF001112466
S113A000E22BF32BFE87ED876F71262F30E0322F82
S113A0102227330F330F3C872B87A0916A01A87F37
S113A02010E8A19FD0011124BA87A98760916A0121
S113A0306770E62EF12CB701762F66277295707F34
S113A04080916B01807E10E1819F70011124E62ACA
S113A050F72AF886EF8200916B010F7110E0102F40
S113A0600027110F110F1E830D838C8181116DC088
S113A070C0906301D12CD0928101C09280011B82D7
S113A080933009F440C0943041F0D594C794D092F1
S113A0908101C09280019630B1F1509375014093D3
S113A0A07401F0937701E093760130937901209362
S113A0B07801CA018A1B9B0BB6010E94BD73709381
S113A0C07B0160937A01CF018E199F09B6010E942A
S113A0D0BD7370937D0160937C01C901801B910B5A
S113A0E0B6010E94BD7370937F0160937E01D8CE48
S113A0F0298D3A8D8F89988D820F931F841B950B20
S113A10099A388A39DCE81E08B83B0937501A0931E
S113A1107401F0927701E092760110937901009333
S113A1207801C7CF898D9A8D841B950B9695879559
S113A1302F89388D820F931F99A388A381CE899F7D
S113A140C00111249F8F8E8F7BCEC09062018FA19E
S113A150C89E60011124D0928101C09280018FCFEA
S113A16080916E018093110180916F0180931001A1
S113A17079CE2F923F924F925F926F927F928F92FD
S113A1809F92AF92BF92CF92DF92EF92FF920F9382
S113A1901F93CF93DF93CDB7DEB7AA970FB6F8948A
S113A1A0DEBF0FBECDBF362F5A01922E4DB75EB71C
S113A1B05AA749A78D836D8B198F088FDB8ECA8EA2
S113A1C0E0918401EF8B40918901E114F10421F4C1
S113A1D0E0908E01F0908F018091670190E00196EC
S113A1E0489FB001499F700D1124C701861B970B2E
S113A1F001969B8B8A8B0115110509F41AC21AA3C7
S113A20009A3C114D10409F40DC2D0929301C092E0
S113A2109201C6011A82198250916201209187012C
S113A220459F200D11242E8F50916301549F502D72
S113A23011245C8B080F191F1D8F0C8F622F70E087
S113A2400E94A973762E77278DB79EB7861B970B2E
S113A2500FB6F8949EBF0FBE8DBF01969FA38EA329
S113A26018A68DB79EB7861B970B0FB6F8949EBFA2
S113A2700FBE8DBF0DB71EB70F5F1F4F1BA24090BF
S113A2809401249D402C1124809186018CA3E1111A
S113A290C6C11E8A80918501882319F08E89826047
S113A2A08E8B423018F08E8984608E8B333018F098
S113A2B08E8988608E8B30E028A580E2882E512C10
S113A2C09AE0692EF5019110CDC080818DA3813271
S113A2D048F0371508F0DAC0F801E30FF11D808368
S113A2E03F5F3BA397EF980F923018F08F7D09F0F2
S113A2F0C2C0A22F222309F4B8C08E8D829FC00150
S113A300112498A38F8F332309F444C01C828E8DAB
S113A310839FC001112449A15AA1EF8DF8A14E0FCA
S113A3205F1F480F591F6C8D7D8D64177507B0F43E
S113A33021111DC1409188012C8930E0240F311D69
S113A34047FD3A954A895B89420F531F5B8B4A8BC1
S113A350E20EF31E288D398D3AA329A31C8230E026
S113A360EEA1FFA1EA0FF11DD801A30FB11D2C919D
S113A370208328A52F5FA22F28A73C813F5F3C8321
S113A3804BA1341768F31BA2EF8DF8A18E0F9F1F0A
S113A39098A38F8F4DA1403209F4C1C030E080E012
S113A3A090E0493009F4A4C0332309F474C0D12CDB
S113A3B0EF8DF8A1EF2B09F078C03C8980918801DA
S113A3C0082E000C990B830F911D4A895B89480F55
S113A3D0591F5B8B4A8BE80EF91E888D998D9AA3C1
S113A3E089A31C82922F80E0EEA1FFA1E90FF11D49
S113A3F0D801A80FB11D8C91808328A52F5F922FBF
S113A40028A78C818F5F8C833BA1831768F31BA2E1
S113A410DD2071F0822FEEA1FFA1E80FF11D8082F3
S113A42028A581E0820F282F88A7DA94D110F3CFD2
S113A4308DA181111DC0222309F4A0C0FE01319613
S113A4401F01A2DC8DA18A3009F447C1FFEFAF1AC6
S113A450BF0A882309F492C03BA128A5F5019920DD
S113A46009F433CF84918DA332CF18A21F8E4BCF22
S113A4708A3029F03BA14FEFA41AB40A23CF21114B
S113A480DDCF3FEFA31AB30A3BA11CCFF1E0AF1A13
S113A490B1086DA22ECF4DA1442311F04A3051F7DB
S113A4A0D12C8F8D98A1892B21F0CE0101961C010E
S113A4B06BDC8BA1811135C1D11004C08DA18A3010
S113A4C009F0C4CF209188018C8990E0820F911DFE
S113A4D027FD9A952A893B89280F391F3B8B2A8BA4
S113A4E0E80EF91E888D998D9AA389A328A590CF8B
S113A4F0332309F47CC03CA13111A8C0841595050F
S113A50008F40AC1B2010E94A973A201481B590BA5
S113A510CA016E8D70E00E94A973D62EC2CFCE8C74
S113A520D12C6F8D78A189A19AA1860F971F8C0DCC
S113A5309D1D6C8D7D8D6817790708F49BCF8CA1C8
S113A540811168C061E0822FEEA1FFA1E80FF11D27
S113A550808228A52F5F822F28A76150A9F73BA1ED
S113A560EF8DF8A1EC0DFD1DF8A3EF8F1DCF4DA1CC
S113A570403209F016CFDD24D3941CCF8CA1811175
S113A58092C08A899B8990938D0180938C01F0926B
S113A5908F01E0928E0189A19AA1909391018093F9
S113A5A09001888D998D90938B0180938A0189A560
S113A5B09AA50FB6F8949EBF0FBE8DBFAA960FB68C
S113A5C0F894DEBF0FBECDBFDF91CF911F910F91E5
S113A5D0FF90EF90DF90CF90BF90AF909F908F90BF
S113A5E07F906F905F904F903F902F9008953CA183
S113A5F0332389F1CE8CD12C6F8D78A189A19AA1B6
S113A600860F971F8C0D9D1D6C8D7D8D68177907A6
S113A61008F430CF222309F43FCF61E094CF81E0E6
S113A6208E8B38CE80919201909193019B8F8A8F6B
S113A630F1CD80919001909191019AA389A3009109
S113A6408A0110918B01198F088FDBCDDD24D394FF
S113A650EF8DF8A1AFCE29A03AA0EF8DF8A12E0E70
S113A6603F1EAC01420D531DC88CD98CCA018C19F4
S113A6709D098415950508F44AC0B2010E94A97386
S113A6806201C81AD90A6E8D2C0C3D1C8C8D9D8DCF
S113A6908215930508F4EECE70E0C6010E94A973FA
S113A6A0611151CF5FCF80918801082E000C990B66
S113A6B02A893B89280F391F30938D0120938C01FF
S113A6C0E80EF91EF0928F01E0928E01888D998D2B
S113A6D0909391018093900166CF209188018C8999
S113A6E090E0820F911D27FD9A952A893B89280FB6
S113A6F0391F3B8B2A8BE80EF91E888D998D9AA3FE
S113A70089A33BA128A54FEFA41AB40ADBCDC40C3E
S113A710D51CC41AD50AB7CF9201281B390BC9011D
S113A720F8CE28A54ACE2F923F924F925F926F9215
S113A7307F928F929F92AF92BF92CF92DF92EF92CD
S113A740FF920F931F93CF93DF93CDB7DEB7669736
S113A7500FB6F894DEBF0FBECDBF8E8BB62E290187
S113A7603A0118012A2D8D8AACA4222309F45EC073
S113A770263008F06BC0CE0101964C018C014BA52C
S113A780C301B2010E9411749D899E3271F0AE0121
S113A7904B5E5F4FF4019F012819390981918E3274
S113A7A009F456C0E417F507B1F790E2A916F9F0D9
S113A7B020E030E0A901C301B2010E94767187FF55
S113A7C037C08DE28983FE0132969E012B5E3F4F96
S113A7D006C08D3239F03196E217F30741F08081DB
S113A7E08032B9F7A0823196E217F307C1F78101ED
S113A7F020E0A4016B2D8E89BCDC66960FB6F8941C
S113A800DEBF0FBECDBFDF91CF911F910F91FF909F
S113A810EF90DF90CF90BF90AF909F908F907F90FC
S113A8206F905F904F903F902F90089521E0A3CFB9
S113A830F4019E012B5E3F4F04C03196E217F307EB
S113A840B1F280818032C9F7A082F7CF25E093CF9F
S113A850F401E20FF31F8D898083A7CF2F923F92DB
S113A860F101E05AFF4F808190E0AC014F5F5F4FF0
S113A8703FE1349FF001359FF00D1124E20DF31DEB
S113A8802081233008F460C0233009F4B8C0263096
S113A89009F46AC0D10112961C92243009F07AC0DE
S113A8A02FE1289FF001299FF00D1124E20DF31DE3
S113A8B02785308945895689241B350B308B27879A
S113A8C0218932894789508D241B350B328B218B8A
S113A8D023893489418D528D241B350B348B238B72
S113A8E02FE1289FF001299FF00D1124E20DF31DA3
S113A8F0818992892785308922273C77220F232F4B
S113A900221F330BAC0144275077352F35953595ED
S113A91035953595232B20931101238934892227DA
S113A9203C77232F2595259588279E7095958795A7
S113A930959587959595879595958795822B809381
S113A94010013F902F900895389FF001399FF00D2A
S113A9501124E20DF31D8785809311018189809371
S113A96010013F902F90089521E0D10112962C936D
S113A9701297389FF001399FF00D1124E20DF31D59
S113A98040A151A12D913C9142175307B8F4F10114
S113A990128286CF389FF001399FF00D1124E20D09
S113A9A0F31DD1014D915C9120A131A124173507EC
S113A9B008F076CF21E0D10112962C932FE1289F45
S113A9C0F001299FF00D1124E20DF31D47855089F4
S113A9D025893689240F351F308B27874189528971
S113A9E02789308D240F351F328B218B438954895D
S113A9F0218D328D240F351F348B238B71CF21E0B1
S113AA00F1012283DBCF815090E0FC01EE0FFF1FA8
S113AA108E0F9F1F880F991FFC01E050FF4B64911C
S113AA20FC01EF5FFE4B3491FC01EE5FFE4B449161
S113AA30FC01ED5FFE4B5491FC01EC5FFE4B249155
S113AA40FC01EB5FFE4B8491A0E6B1E0E62FE87FCA
S113AA50632F629566956770E62B1896EC931897AA
S113AA60E32FEC71EE0FEE0FEE0F469546954695EB
S113AA70E42B1996EC931997E52FE87F522F529502
S113AA8056955770E52B1A96EC931A97E22FEC71B2
S113AA90EE0FEE0FEE0F869586958695E82B1B96A6
S113AAA0EC9308952F923F924F925F926F927F9210
S113AAB08F929F92AF92BF92CF92DF92EF92FF92CA
S113AAC00F931F93CF93DF93CDB7DEB7C257D1094E
S113AAD00FB6F894DEBF0FBECDBFAD968FAFAD9766
S113AAE0962E2A0139011801AA96CFAEAA971A2DDB
S113AAF0C657DF4F0881CA58D04021E0221A3108D6
S113AB0031E0E31AF1089498882309F490C0509135
S113AB100D01AE965FAFAE97513009F48AC508F4C3
S113AB20B6C5523009F4A9C5533009F08AC5C0909E
S113AB300B01D0900C01C618D708CE18DF0880E0AE
S113AB400E941F22922D832D1701E92EF82E320127
S113AB502601AA966FADAA97662309F470C0AA9637
S113AB609FADAA97892F90E0AC969FAF8EAFAC971C
S113AB70AC01A82DB0E0A02EB12C6D01CA0CDB1CD9
S113AB80C6010196841795070CF40CC482E0800F6B
S113AB90880DAA968FAFAA97482F50E0AC965FAF66
S113ABA04EAFAC9781E090E0FC01E41BF50BC85775
S113ABB0DF4F2881C858D040211158C0AF961FAE2E
S113ABC0AF97C757DF4F7881C958D040772309F42E
S113ABD063C0272F770F330BA217B3070CF0C9C339
S113ABE0C757DF4F8882C958D040882D082C000CE5
S113ABF0990BE1969FAF8EAFE197882DC457DF4F35
S113AC003881CC58D040311154C090E0C357DF4F45
S113AC106881CD58D040662309F45EC0262F660FA4
S113AC20330BA216B3060CF0CEC3202F56C0AE963B
S113AC301FAEAE97AA966FADAA97611190CFA82DBB
S113AC40B0E0A02EB12C6D01CA0CDB1CE1E0F0E0F9
S113AC50AC961FAE1EAEAC9740E050E0C857DF4F35
S113AC602881C858D040222309F4A8CF822F220F6C
S113AC70990BA817B9070CF069C3C857DF4F88822E
S113AC80C858D040AF968FAEAF97C757DF4F788183
S113AC90C958D04071119DCFE1961FAE1EAEE19709
S113ACA080E0C457DF4F3881CC58D040332309F4B7
S113ACB0ACCF632F330F770B222733272A193B0995
S113ACC0621773070CF08AC3902FC357DF4F688154
S113ACD0CD58D0406111A2CF20E0B3016E0D7F1D8D
S113ACE0A4967FAF6EAFA497B201640F751FA796A9
S113ACF07FAF6EAFA797420C531CB201641B750B58
S113AD00A9967FAF6EAFA997A4966EAD7FADA497B9
S113AD10641B750BE3967FAF6EAFE3971E861F86A9
S113AD20C857DF4F7881C858D0407DA7C757DF4F39
S113AD303881C958D0403EA7AF965FADAF97950F05
S113AD402D969FAF2D97820F2E968FAF2E977A82D6
S113AD5069821B82FD83EC83AA966FADAA976F83E9
S113AD601E8218861D86FD8EEC8E970135952795DB
S113AD703F8F2E8F18A3F901E60DF71DFAA3E9A35F
S113AD80AC966EAD7FADAC976A1B7B0B41E050E097
S113AD909A01261B370B3CA32BA3AA969FADAA9717
S113ADA098199EA31DA21FA28CA69D01220F331FDA
S113ADB0D701A21BB30B9D01BCAFABAF3595279553
S113ADC03EAF2DAFC957DF4F2881C758D0402FAFB2
S113ADD0E1962EAD3FADE1972E0F3F1F22963FAF78
S113ADE02EAF22976A197B09461B570B24965FAF37
S113ADF04EAF2497901B26969FAF269725961FAE9D
S113AE00259727961FAE2797800E2C968FAE2C97EA
S113AE10CC0CDD1CEC18FD086C96FFAEEEAE6C9706
S113AE20F594E7946E96FFAEEEAE6E972E01BEE5F6
S113AE304B0E511CC557DF4F9881CB58D040F201BF
S113AE409083280F311D87FD3A95A1963FAF2EAF11
S113AE50A197F2E19F9EC00111249C012C5A3E4B04
S113AE60190127E0A22E21E0B22EBE016F5F7F4FB1
S113AE707B01C12CD12C812C112309F482C081E0E7
S113AE8090E00C2C01C0880F0A94EAF7882A11304C
S113AE9009F4B5C2123009F4D6C291101DC3D5010C
S113AEA0133009F4FCC3163009F4F9C357964C91D6
S113AEB0579750E0CA019695982F882797958795BC
S113AEC0F701908B878758962C91589730E0C901E9
S113AED09695982F882797958795928B818B59966D
S113AEE08C91599790E0BC017695762F66277795DB
S113AEF06795748B638B5A96EC915A970E2F10E0DA
S113AF005B966C915B9770E05C96AC91B0E0401BF3
S113AF10510B5695542F442757954795F701568B57
S113AF20458B261B370B3695322F222737952795CD
S113AF30308F278B8A1B9B0B9695982F8827979584
S113AF408795928F818FF701878D853008F02FC305
S113AF50238D348D2F5F3F4F85899689B9010E94D7
S113AF60BD73768B658B8789908DB9010E94BD7303
S113AF70708F678B818D928DB9010E94BD73728F22
S113AF80618FFFEFCF1ADF0A2FE1E20EF11C36E0EA
S113AF90230E311C56E0A50EB11C63E0C616D10485
S113AFA021F0D7015F961C9167CF8CA5882319F0F7
S113AFB0B82DB8608B2E69817A81AB01A496EEAD71
S113AFC0FFADA497E617F70708F4A8C0A5968FAEBF
S113AFD0A597AA96AFACAA97FE013196D4840D2DFD
S113AFE010E0C6848C2D0C2C000C990B9801280FB2
S113AFF0391F260D371D4217530708F459C0A4966C
S113B0002EAD3FADA497820F931F801B910B841725
S113B010950708F44DC02584022C000C3308A7962C
S113B020AEADBFADA797A20DB31DA9968EAD9FADD2
S113B030A997280E391EAA2009F4A6C0478140FD0D
S113B040DFC05581852F90E0242F2270B22E1AC0C4
S113B0502381348137FD07C0EA94E682F12CEE0C9B
S113B060FF1C2E193F095F5F5583852F90E08C01EB
S113B070000F111F200F311F3483238337FFFAC0C1
S113B080B110FAC0E6802E2D30E08901015011097B
S113B09080179107ECF2142F11601783E51609F459
S113B0A0AEC041FDE2C0A21BB30B220E331EEAC0A8
S113B0B011861086138612867F964E165F0611F04F
S113B0C0AB018CCF88A1811168C0A5963FADA5972F
S113B0D0313009F44EC08FAD882329F08AA59BA591
S113B0E0892B09F0D4C0D2018C91882339F02B9696
S113B0F08EAD9FAD2B97892B09F0EDC069817A81C4
S113B100AB014F5F5F4FBA015A834983A4962EADBA
S113B1103FADA4972417350708F05ECFAD96FFAD79
S113B120AD97FF2329F0AE968FADAE970E941F22F4
S113B130949ACE58DF4F0FB6F894DEBF0FBECDBF42
S113B140DF91CF911F910F91FF90EF90DF90CF90FF
S113B150BF90AF909F908F907F906F905F904F9033
S113B1603F902F900895A5965FADA597513009F0B3
S113B170B2CF69817A814B855C8501E09B01898529
S113B1809A850E945224BACFA00FB11FB187A0871D
S113B190201A310A338622868FCFA2961FAEA29739
S113B1A0BE016F5F7F4F1B0159DB88A18823D9F251
S113B1B0EAA5FBA53097E9F2A5966FADA597613096
S113B1C0C1F28FAD811104C08CA5882309F48BCF03
S113B1D089859A8548A559A58417950708F404C15B
S113B1E04B855C85E417F50708F075CF69817A8192
S113B1F001E09B01CF0101960E94CB236CCF412F2C
S113B20085810DC0148303839F5F968344604783C5
S113B2108150858342FD26C041FF2EC0478188238B
S113B22009F470C0238134819681092F10E0000F46
S113B230111F020F131FE82EF12CEE0CFF1C0E1928
S113B2401F0948015FEF851A950A8E149F04D4F2F2
S113B2502E193F09348323834B7F47838150858391
S113B26042FFDACF41FF08C090E0A81BB90B280EBB
S113B270391E08C041FFF9CF868190E0A81BB90BA5
S113B280280E391EB187A0873386228615CF81E028
S113B290A2968FAFA297CE0101961C01DFDA2B96FE
S113B2A0EEADFFAD2B97309709F48FC188A599A512
S113B2B029964EAD5FAD29978417950708F4D0C140
S113B2C04AA55BA5E417F50708F4C1C1D2018C9126
S113B2D0882309F413CFB2E0A296BFAFA297FE0170
S113B2E031961F01BBDA69817A812B964EAD5FAD31
S113B2F02B9701E09B0129968EAD9FAD29970E9463
S113B3005224FCCE542F527041FDD6CEE3968EAD1E
S113B3109FADE3978C0D911DC7FC9A9586179707EF
S113B32008F0CACE4E7F42604783AC968EAD9FAD87
S113B330AC978D19910921E030E0281B390B348337
S113B34023838A2D8D19868315827CCE2227332769
S113B3502A1B3B0B821793070CF045C1682D61959E
S113B360C857DF4F6883C858D040AF966FAFAF97C8
S113B37028CC882799278A1B9B0B281739070CF0A0
S113B38047C1982D9195C757DF4F9883C958D0402E
S113B390892F292F022E000C330BE1963FAF2EAFDD
S113B3A0E1977FCCCA01880F991F2816390608F443
S113B3B029C1E816F90608F435C181E090E0FC01E2
S113B3C0E41BF50B4BCC662777276A197B092617F4
S113B3D037070CF011C1202F21957FCCC457DF4FC4
S113B3E09881CC58D04012CC69817A81415051095E
S113B3F001E09B010E94CB23EAA5FBA5F1CE9110AD
S113B40046C0D50158968C91589757962C915797CA
S113B410287F982F929596959770292B30E0F70105
S113B420308B27878C7190E0880F991F880F991FA4
S113B430880F991F59962C91269526952695822B2F
S113B440928B818B9ECD9110CBC0D5015B968C9154
S113B4505B975A962C915A97287F982F9295969598
S113B4609770292B30E0F701308B27878C7190E09F
S113B470880F991F880F991F880F991F5C962C912C
S113B480269526952695822B928B818B7ACDF10178
S113B4907297849131969491282F287F892F8295D1
S113B4A086958770822B90E0D70150969C938E935B
S113B4B01F9784913196E4918C7190E0880F991FC5
S113B4C0880F991F880F991FE695E695E6958E2BB0
S113B4D0F701928B818B55CD133009F40EC11630D0
S113B4E009F40BC1A10142515109FA018491F0E818
S113B4F08F9FC0011124D70150969C938E931F9760
S113B500910121513109F9018491F0E88F9FC00123
S113B510112452969C938E935197C1014097FC013C
S113B5206491F0E86F9FB001112454967C936E935C
S113B5305397D1011F97B1016E50710981010D50CC
S113B5401109FA014491FD01A49150E04A1B5109EB
S113B5505695542F442757954795D70156965C9393
S113B5604E935597F9012491FB01649130E0261B19
S113B57031093695322F22273795279558963C93D3
S113B5802E935797FC018491F801049190E0801B5D
S113B59091099695982F8827979587955A969C9305
S113B5A08E935997F701878D853008F4D1CC873075
S113B5B008F0E7CC258D368D2F5F3F4F858996891E
S113B5C0B9010E94BD73F701CCCC69817A814AA587
S113B5D05BA501E09B0188A599A50E9452248ECD0C
S113B5E0F1013F9756CFC857DF4F3881C858D04034
S113B5F0AF963FAFAF97E5CAC357DF4F2881CD5809
S113B600D0406BCB1C01E816F90608F0D6CE0AC070
S113B610C757DF4F8881C958D040E1963FAF2EAF5E
S113B620E1973FCB7C0181E090E0FC01E41BF50B4A
S113B63015CB80910701813009F48BC0630183E04D
S113B6407FCA942D852D2301692E782EF3CA698132
S113B6507A8101E09B01CF0101960E94CB2336CE73
S113B66069817A814150510901E09B010E94CB23F9
S113B6702B96EEADFFAD2B9723CEC0900B01D0904F
S113B6800C01C618D708CE18DF0881E059CA80918A
S113B6900701813009F467C0630182E051CA5A96F8
S113B6A0EC915A970E2F10E0C8019695982F882791
S113B6B097958795F701908B87875B966C915B973D
S113B6C070E0CB019695982F882797958795928B54
S113B6D0818B5C968C91A82FB0E0CD019695982F24
S113B6E0882797958795948B838BF501478950E03C
S113B6F0208D30E0818D90E00ACCD1011F97FD01AF
S113B7008491F0E88F9FC0011124F701908B878703
S113B710B1016E507109FB018491F0E88F9FC00163
S113B7201124F701928B818B81010D501109F801CD
S113B7308491F0E88F9FC0011124F701948B838BCF
S113B740A10142515109910121513109C10140978F
S113B750F8CEC0900B01D0900C01C618D708CE18B3
S113B760DF0883E0EDC9C0900B01D0900C01C6182E
S113B770D708CE18DF0882E0E3C9CF92DF92EF92B8
S113B780FF920F931F9394981FBC1EBC1DBC1CBC3E
S113B7908EB581608EBD86EDC82EDD24D3949CE8E1
S113B7A0E92EF12C05E010E020E040E051E061E0FA
S113B7B080E00E94B950C12CEE24EA9400E020E01D
S113B7C04FEF60E080E00E94C24580E00E94F845AF
S113B7D026EDC22EDD24D3943CE8E32EF12C05E0C3
S113B7E010E020E040E051E061E080E00E94B950C8
S113B7F08EB58E7F8EBD8CB59DB5909305018093DB
S113B8000401949A1F910F91FF90EF90DF90CF90D5
S113B81008954F925F926F927F928F929F92AF9210
S113B820BF92CF92DF92EF92FF920F931F93CF9329
S113B830DF93CDB7DEB7CC5BD3400FB6F894DEBF51
S113B8400FBECDBF20E040E060E080E00E948E2784
S113B85021E04FEF6FEF8FEF0E948E2722E040E050
S113B86060E08FEF0E948E2723E040E06FEF80E0DE
S113B8700E948E2724E04FEF60E080E00E948E2734
S113B88025E040E06FEF8FEF0E948E2726E04FEF18
S113B8906FEF80E00E948E2727E04FEF60E08FEF8C
S113B8A00E948E278AEE99E00E949B4584E00E94C4
S113B8B0984581E00E94FB4585E00E94F84580E0C0
S113B8C00E940A4684E00E94044680E00E940746E3
S113B8D081E00E94FE45C12CEE24EA9400E020E0C1
S113B8E040E060E08FEF0E94C24582E0C82E0FEF77
S113B8F02FEF4FEF6FEF8FEF0E94C2453EDF80E0E6
S113B9000E94CA272FEF33ED80E32150304080405E
S113B910E1F700C0000080EC9FE30E949B4582E0B9
S113B9200E940A4680E00E94F84580E00E94044696
S113B9301F921F9286E08F9394E0B92EBF921F92BC
S113B9401F928F9324E0822E35E0A32E4EE1C42E65
S113B95058E7E52EF12C00EF10E02AE030E047E74D
S113B96050E061E080E09ED8C12C60EAE62E00EA57
S113B97020E04CEF6CEF80E00E94C24572E0C72EDD
S113B980E0E5EE2E00E520E540E560E580E50E9477
S113B990C245F4EBCF2ED12CACE6EA2EF12C05E90E
S113B9A010E021E047EF53E466E080E00E94B950E4
S113B9B09FEF23ED30E3915020403040E1F700C089
S113B9C000001F921F921F92BF921F921F921F92FC
S113B9D0BEE1CB2E18E7E12EF12C00EF10E02AE0B7
S113B9E030E047E750E06CE080E05CD88CE00BD8B6
S113B9F0C12CE12C04EE24EE40E06FEF8FEF0E94A7
S113BA00C24502E0C02E8CE3E82E0CE32CE34CE3A9
S113BA106CE38CE30E94C24594EBC92ED12C2CE636
S113BA20E22EF12C05E910E021E047EF53E466E053
S113BA3080E00E94B9508FEF94E32CE08150904055
S113BA402040E1F700C00000C12CE12C00E024EE0E
S113BA5040E060E08FEF0E94C24532E0C32E4CE329
S113BA60E42E0CE32CE34CE36CE38CE30E94C2452C
S113BA701F921F921F92BF921F921F921F925EE10C
S113BA80C52E68E7E62EF12C00EF10E02AE030E046
S113BA9047E750E069E080E005D874EBC72ED12C6D
S113BAA0ECE6EE2EF12C05E910E021E047EF53E43B
S113BAB066E080E00E94B9503FEF82E597E03150A4
S113BAC080409040E1F700C00000C12CF0EAEF2E66
S113BAD000EA20E04CEF6CEF80E00E94C245A2E057
S113BAE0CA2EB0E5EB2E00E520E540E560E580E5F3
S113BAF00E94C2451F921F921F92BF921F921F92D3
S113BB001F921EE1C12E08E7E02EF12C00EF10E099
S113BB102AE030E047E750E061E080E00E945255BF
S113BB2084EBC82ED12C9CE6E92EF12C05E910E01B
S113BB3021E047EF53E466E080E00E94B9508AEECA
S113BB4099E00E949B4580E00E94F84581E00E94B4
S113BB500A4681E00E94044680E00E94FB45CC2412
S113BB60C394E12C00E020E040E060E080E00E942B
S113BB70C245C12C21EEE22E01EE20E040E066E950
S113BB808BEE0E94C24530EEC32EDD24D3944AEAE4
S113BB90E42EF12C01E010E021E040E853E461E000
S113BBA081E00E94B95082EF98E20E949B4556EDD5
S113BBB0C52EDD24D3946DE1E62EFF24F39405E035
S113BBC010E021E046E553E462E081E00E94B950D0
S113BBD024E535E885E491E02150304080409040F0
S113BBE0D9F700C000C0000060E080E00E94342863
S113BBF02FEF35EA8EE0215030408040E1F700C05D
S113BC00000022E040E060E081E00E94DB279FEF3B
S113BC1027E93AE3915020403040E1F700C00000AA
S113BC2021E040E061E081E00E94DB278FEF97E9AB
S113BC302AE3815090402040E1F700C0000022E058
S113BC4040E061E081E00E94DB273FEF87E99AE36F
S113BC50315080409040E1F700C0000023E040E014
S113BC6061E081E00E94DB272FEF37E98AE321506E
S113BC7030408040E1F700C0000021E040E067E090
S113BC8081E00E94DB279FEF27E93AE391502040AF
S113BC903040E1F700C0000022E040E067E081E0CE
S113BCA00E94DB278FEF97E92AE3815090402040E0
S113BCB0E1F700C0000023E040E067E081E00E947B
S113BCC0DB273FEF87E99AE3315080409040E1F76A
S113BCD000C0000021E040E068E081E00E94DB2732
S113BCE02FEF37E98AE3215030408040E1F700C06C
S113BCF0000022E040E068E081E00E94DB279FEF43
S113BD0027E93AE3915020403040E1F700C00000B9
S113BD1023E040E068E081E00E94DB278FEF97E9B1
S113BD202AE3815090402040E1F700C0000021E068
S113BD3040E069E081E00E94DB273FEF87E99AE376
S113BD40315080409040E1F700C0000022E040E024
S113BD5069E081E00E94DB272FEF37E98AE3215075
S113BD6030408040E1F700C0000023E040E069E09B
S113BD7081E00E94DB279FEF27E93AE391502040BE
S113BD803040E1F700C0000080E00E94CA27949888
S113BD9004E020E331E04FEE50E06FE070E08FEE1E
S113BDA090E00E9452242FE930E04EED51E06FE91B
S113BDB070E081E090E00E9452240FB6F894DEBF58
S113BDC00FBECDBF79E0E72EF12C04E021EA30E08C
S113BDD0A7016DE970E0C7010E9452249AE0E90EC0
S113BDE0F11C2FEDE21621E0F20679F703E1E02ED3
S113BDF0F12C04E0970141EF50E0B7018DEE90E0A3
S113BE000E9452243AE0E30EF11C85E3E81681E037
S113BE10F80679F7B5E4CB2EB3EFDB2EBFE7EB2EB4
S113BE20BFE3FB2E1AED812E18E7912E11EAA12E05
S113BE301CE3B12E01E010E023C0B80180E090E0E3
S113BE400E94117227ED33EA40E95FE30E94FC721D
S113BE5023EC35EF48E450E40E94FC7220E030E02B
S113BE6044E353E40E947D716B017C010E945F7383
S113BE704B015C01C701B6010E947A716B017C0120
S113BE8020E030E04EEB52E4C501B4010E94FC72A4
S113BE9020E030E04FE153E40E9412710E94E5710A
S113BEA042E0C8010E948F2320E030E04EEB52E4D0
S113BEB0C701B6010E94FC7220E030E04FE153E478
S113BEC00E9412710E94E57143E0C8010E948F2311
S113BED00F5F1F4F0E3D91E0190709F0AECF949A02
S113BEE02FEF37EA81E6215030408040E1F700C06F
S113BEF0000080E00E94CA27949804E020E331E027
S113BF004FEE50E06FE070E08FEE90E00E9452241C
S113BF102FE930E04EED51E06FE970E081E090E010
S113BF200E945224A9E0EA2EF12C04E021EA30E038
S113BF30A7016DE970E0C7010E9452249AE0E90E5E
S113BF40F11C2FEDE21621E0F20679F7F3E1EF2E72
S113BF50F12C04E0970141EF50E0B7018DEE90E041
S113BF600E9452243AE0E30EF11C85E3E81681E0D6
S113BF70F80679F7AA24A394B12CEE24E394F12CC7
S113BF80EAE58E2E912C55C040E0C6010E948F2315
S113BF905601B70180E090E00E94117223E333E37D
S113BFA043E35FE30E94FC7223EC35EF48E450E482
S113BFB00E94FC7220E030E044E353E40E947D716F
S113BFC00E945F732B013C019701369527953695A6
S113BFD02795ABE7B4E10E94F27396958795B40177
S113BFE0681B790B80E090E00E941172A30192011A
S113BFF00E94FC7220E030E04FE153E40E94127191
S113C0000E94E5712B013C0143E0C5010E948F238E
S113C010E1E0F0E0EC0FFD1FE00FF11F51824082E0
S113C0209FEFE91AF90A22E0E2162CE1F20609F47C
S113C0304BC065019FEFC91AD90A2FEDC21621E042
S113C040D206F1F030EEE31631E0F30690F18FEE14
S113C050C816D10401F18501000F111FE1E0F0E0E1
S113C060EC0FFD1FE00FF11F608171816F397105C5
S113C07009F08ACF44E0C6010E948F23560189CF7C
S113C08020EEE21621E0F206C8F000E010E0CC2435
S113C090C394D12CE1CFC352DE4F68817981CD5D49
S113C0A0D1400CED11E044E0C6010E948F235601FB
S113C0B070CF85015601000F111F6BCFAA24A394E2
S113C0C0B12C00E010E065CF949A3FEF87EA91E647
S113C0D0315080409040E1F700C0000080EC9FE3C5
S113C0E00E949B4580E00E940A4680E00E94F84539
S113C0F080E00E94044680E00E94FB45C12CEE24AF
S113C100EA940FEF20E04FEF6FEF80E00E94C2450A
S113C110CC24C394E12C00E02FEF4FEF60E080E0EB
S113C1200E94C24522E040E061E081E00E94DB27FA
S113C130A12CEE24E3940FE010E020EE31E040E087
S113C14050E060E070E081E00E94F927AA24A39403
S113C15020EE31E041E351E060E070E081E00E94D4
S113C160F92702E020E040E550E060EA70E080EF6B
S113C17090E00E948D3A21E040E550E060EA70E0F2
S113C18080EF90E00E948D3A22E040E550E060EAC2
S113C19070E080EF90E00E948D3A23E040E550E0AB
S113C1A060EA70E080EF90E00E948D3A06E010E0D3
S113C1B020E044E650E06FE970E08FEE90E00E94EA
S113C1C0F63121E044E650E06FE970E08FEE90E054
S113C1D00E94F63122E044E650E06FE970E08FEE11
S113C1E090E00E94F63123E044E650E06FE970E00D
S113C1F08FEE90E00E94F631E4E6CE2ED12CF2EBE5
S113C200EF2EF12C0EEB10E021E047EF53E462E057
S113C21081E00E94B950AEE0EA2EF12CB70180E033
S113C22090E00E9411722DEC3CEC4CEC5FE30E9418
S113C230FC7220E030E040E751E40E9411710E945A
S113C240E57105E021E331E0AB01B70180E090E066
S113C2500E946A2925E0E20EF11C35E3E31631E081
S113C260F306E1F671E3E72EFF24F394B70180E0CF
S113C27090E00E9411722DEC3CEC4CEC5FE30E94C8
S113C280FC7220E030E040E751E40E9411710E940A
S113C290E57105E02FE030E0AB01B7018FED91E0EF
S113C2A00E946A2985E0E81AF1089AE0E916F10487
S113C2B0E9F661E3E62EFF24F394B70180E090E011
S113C2C00E9411722DEC3CEC4CEC5FE30E94FC727A
S113C2D09B01AC0160E070E084EF93E40E94117173
S113C2E00E94E57103E02FE030E0AB01B70180E08C
S113C2F090E00E946A2925E0E21AF1083AE0E31688
S113C300F104D9F65EE0E52EF12CB70180E090E06F
S113C3100E9411722DEC3CEC4CEC5FE30E94FC7229
S113C3209B01AC0160E070E08BEF93E40E9411711B
S113C3300E94E57103E020E331E0AB01B7018FED2A
S113C34091E00E946A2985E0E80EF11C95E3E91664
S113C35091E0F906D1F62FEF3FE483EC2150304011
S113C3608040E1F700C0000022E040E064E081E0AA
S113C3700E94DB27A12CCC24C3949AE0E92E0FE081
S113C38010E020EE31E040E050E060E070E081E059
S113C3900E94F927AA24A39420EE31E041E351E05E
S113C3A060E070E081E00E94F92704E020E040E5CD
S113C3B050E060EA70E080EF90E00E948D3A21E066
S113C3C040E550E060EA70E080EF90E00E948D3A32
S113C3D022E040E550E060EA70E080EF90E00E94E7
S113C3E08D3A23E040E550E060EA70E080EF90E0B1
S113C3F00E948D3AEE24E39405E010E020E044E648
S113C40050E06FE970E08FEE90E00E94F63121E099
S113C41044E650E06FE970E08FEE90E00E94F63160
S113C42022E044E650E06FE970E08FEE90E00E9475
S113C430F63123E044E650E06FE970E08FEE90E0DF
S113C4400E94F63124E6C22ED12C32EBE32EF12CDD
S113C4500EEB10E021E047EF53E461E081E00E943D
S113C460B9504EE0E42EF12CB70180E090E00E9438
S113C47011722DEC3CEC4CEC5FE30E94FC7220E06A
S113C48030E040E751E40E9411710E94E57105E03B
S113C49021E331E0AB01B70180E090E00E946A291A
S113C4A095E0E90EF11C25E3E21621E0F206E1F63F
S113C4B081E3E82EFF24F394B70180E090E00E942A
S113C4C011722DEC3CEC4CEC5FE30E94FC7220E01A
S113C4D030E040E751E40E9411710E94E57105E0EB
S113C4E02FE030E0AB01B7018FED91E00E946A29A3
S113C4F035E0E31AF1088AE0E816F104E9F601E30D
S113C500E02EFF24F394B70180E090E00E941172C2
S113C5102DEC3CEC4CEC5FE30E94FC729B01AC0103
S113C52060E070E084EF93E40E9411710E94E57171
S113C53003E02FE030E0AB01B70180E090E00E941F
S113C5406A2995E0E91AF1082AE0E216F104D9F61D
S113C5501EE0E12EF12CB70180E090E00E94117200
S113C5602DEC3CEC4CEC5FE30E94FC729B01AC01B3
S113C57060E070E08BEF93E40E9411710E94E5711A
S113C58003E020E331E0AB01B7018FED91E00E94BD
S113C5906A2935E0E30EF11C85E3E81681E0F8062C
S113C5A0D1F69FEF2FE433EC915020403040E1F777
S113C5B000C0000021E041E067E081E00E94DB2749
S113C5C0E12CF12C05E020E431E0A70160E070E00B
S113C5D080E090E00E946A298FE0E80EF11C9FEE53
S113C5E0E91691E0F90671F7B6E3EB2EFF24F39414
S113C5F005E0970140EE51E060E070E080E090E0FB
S113C6000E946A292AE0E21AF10836EFE3163FEFA6
S113C610F30671F7A0EEEA2EFF24F39406E020E07F
S113C62030E0A70160E471E080EE91E00E946A29A5
S113C6308FE0E81AF10891F706E0970140E050E036
S113C64060E471E080EE91E00E946A299AE0E90ECC
S113C650F11C2AE4E21621E0F20671F73FEF8BE7C2
S113C66092E9315080409040E1F700C0000020E0A2
S113C67041E069E081E00E94DB27F0EEEF2EFF2429
S113C680F39405E020E030E0A70160E471E080EE7F
S113C69091E00E946A292FE0E21AF10891F7C12C77
S113C6A0D12C05E0960140E050E060E471E080EEBA
S113C6B091E00E946A293AE0C30ED11C8AE4C816AC
S113C6C081E0D80671F706E020E431E0A70160E0DC
S113C6D070E080E090E00E946A299FE0E90EF11C7E
S113C6E02FEEE21621E0F20671F7E6E3EE2EFF24C8
S113C6F0F39406E0970140EE51E060E070E080E0E2
S113C70090E00E946A293AE0E31AF10886EFE816FD
S113C7108FEFF80671F79FEF2BE732E99150204035
S113C7203040E1F700C0000022E042E069E081E02F
S113C7300E94DB2705E020EA30E040E951E060EAAE
S113C74070E080E590E00E946A29E12CF12C70E40D
S113C750672E7724739443018E189F08570180EF46
S113C760A80EB11C05E0940140EF50E060EA70E0CF
S113C770C5010E946A2980EF90E06C01CE18DF08A1
S113C780940140EF50E060EA70E0C6010E946A291B
S113C790970140EF50E060EA70E0C5010E946A2909
S113C7A0970140EF50E060EA70E0C6010E946A29F8
S113C7B098E0E90EF11C20EAE216F10461F6E12C9E
S113C7C0F12C60E4662E772473945301AE18BF08ED
S113C7D0470130E5830E911C06E0970140E951E0E2
S113C7E060E070E0C4010E946A2980E991E06C0174
S113C7F0CE18DF0820E431E0A601B7010E946A29BF
S113C800950140E550E060E471E0C6010E946A29A8
S113C81020E030E0A401B50180E590E00E946A299F
S113C82088E0E80EF11C98E4E91691E0F90669F64F
S113C8302FEF3FE483EC215030408040E1F700C00B
S113C840000023E040E060E081E00E94DB2702E09A
S113C85020E530E048E750E068E270E084E190E0F1
S113C8600E94A13296E0A92E22E0C22E35E0E32EEA
S113C870F12C00E510E028E730E048E250E064EBFA
S113C88070E081E00E94CB3228E730E048E250E0DB
S113C89064E571E080E00E94CB3222E042E350E0A4
S113C8A060EF70E080E590E00E94633346E0C42EC0
S113C8B052E0E52E05E010E022E330E040EF50E0E6
S113C8C060EF70E081E00E94553422E330E040EFF5
S113C8D050E060E971E080E00E9455349FEF27EA60
S113C8E031E6915020403040E1F700C0000023E0E1
S113C8F040E060E081E00E94DB2704E110E020E5F5
S113C90030E048E750E068E270E084E190E00E94A3
S113C9108B3666E0862E72E0A72EE5E0CE2ED12C73
S113C920F4E1EF2EF12C00E510E028E730E048E2D6
S113C93050E064EB70E081E00E94973728E730E034
S113C94048E250E064E571E080E00E94973702E03D
S113C95020E04CE350E060EF70E080E590E00E945E
S113C9608D3AA6E0AA2EB2E0CB2EE12C05E02CE312
S113C97030E040EF50E060EF70E081E00E94973BD0
S113C9802CE330E040EF50E060E971E080E00E9489
S113C990973B8FEF97EA21E6815090402040E1F7E2
S113C9A000C0000023E040E060E081E00E94DB275B
S113C9B002E028E230E04CE350E060E570E080E51E
S113C9C090E00E94F43D15E0E12EF12C08E210E025
S113C9D02CE330E040E550E060EF70E081E00E943D
S113C9E0213F2CE330E040E550E060E971E080E075
S113C9F00E94213F8CE1E82EF12C20E530E048E74D
S113CA0050E068EC70E084E190E00E947D4196E0A3
S113CA10692E6F9222E0822E35E0A32EB12C4CE1D8
S113CA20C42ED12C58E2E52EF12C00E510E028E7C5
S113CA3030E048EC50E064EB70E081E00E94C842D2
S113CA406F9228E730E048EC50E064E571E080E064
S113CA500E94C8423FEF87EA91E6315080409040FF
S113CA60E1F700C0000080E00E94CA2784EA91E058
S113CA700E949B4584E00E94984581E00E94FB450A
S113CA8081E00E94F84581E00E940A4680E00E940D
S113CA90044680E00E94074681E00E94FE451F9202
S113CAA01F926F9263E0B62EBF921F921F9272E0A4
S113CAB0972E9F92E3E08E2EF3E2CF2EA6E4EA2E89
S113CAC0F12C06E410E028E030E04FE750E061E0AC
S113CAD080E00E9452551F921F926F92BF921F9244
S113CAE01F929F9228E030E04DEC50E061E080E03E
S113CAF00E9452551F921F926F92BF921F921F92D3
S113CB009F9228E030E04BE151E061E080E00E9438
S113CB10525588E00E940355B6E4CB2ED12C14E381
S113CB20E12EF12C0FE710E021E046E652E466E046
S113CB3080E00E94B9500DEC10E021E044E652E49C
S113CB4066E080E00E94B9500BE111E021E042E68A
S113CB5052E466E080E00E94B9501F921F926F92E7
S113CB60BF921F921F929F9203E2C02E86E4E82E8A
S113CB70F12C06E410E026E530E04FE750E062E0F7
S113CB8080E00E9452551F921F926F92BF921F9293
S113CB901F929F9226E530E04DEC50E063E080E088
S113CBA00E9452550FB6F894DEBF0FBECDBF1F9240
S113CBB01F926F92BF921F921F929F9226E530E0C0
S113CBC04BE151E064E080E00E94525589E00E940C
S113CBD0035596E4C92ED12C22E8E22EF12C0FE75E
S113CBE010E021E040E652E466E080E00E94B950A3
S113CBF08AE00E9403550DEC10E021E04EE552E47A
S113CC0066E080E00E94B9508BE00E9403550BE17E
S113CC1011E021E04CE552E466E080E00E94B95066
S113CC201F921F926F92BF921F921F929F9233E2A4
S113CC30C32E46E4E42EF12C06E410E024EA30E0AE
S113CC404FE750E065E080E00E9452551F921F922A
S113CC506F92BF921F921F929F9224EA30E04DEC94
S113CC6050E066E080E00E9452551F921F926F923E
S113CC70BF921F921F929F9224EA30E04BE151E051
S113CC8067E080E00E9452558CE00E94035556E410
S113CC90C52ED12C60EDE62EF12C0FE710E021E03B
S113CCA04AE552E466E080E00E94B9508DE00E94BB
S113CCB003550DEC10E021E048E552E466E080E025
S113CCC00E94B9508EE00E9403550BE111E021E06F
S113CCD046E552E466E080E00E94B9501F921F923C
S113CCE06F92BF921F921F929F9273E2C72EE6E447
S113CCF0EE2EF12C06E410E022EF30E04FE750E096
S113CD0061E080E00E9452550FB6F894DEBF0FBE7A
S113CD10CDBF1F921F926F92BF921F921F929F923C
S113CD2022EF30E04DEC50E061E080E00E9452558B
S113CD301F921F926F92BF921F921F929F9222EF97
S113CD4030E04BE151E061E080E00E94525588E020
S113CD500E940355F6E4CF2ED12CAEE1EA2EFF2437
S113CD60F3940FE710E021E044E552E466E080E04C
S113CD700E94B9500DEC10E021E042E552E466E077
S113CD8080E00E94B9500BE111E021E040E552E45B
S113CD9066E080E00E94B9509FEF29E638E19150A7
S113CDA020403040E1F700C000001F921F921F9204
S113CDB0BF921F921F921F92B3E2CB2E16E4E12E74
S113CDC0F12C06E410E028E030E04FE750E068E0A2
S113CDD080E00E9452558FEF95EA2EE081509040FA
S113CDE02040E1F700C000001F921F921F92BF92E3
S113CDF01F921F921F9228E030E04FE750E069E055
S113CE0080E00E9452553FEF82E597E03150804028
S113CE109040E1F700C000001F921F921F92BF9242
S113CE201F921F921F9228E030E04FE750E061E02C
S113CE3080E00E9452552FEF39E688E121503040BE
S113CE408040E1F700C000000FB6F894DEBF0FBECB
S113CE50CDBF1F921F921F92BF921F921F921F92CB
S113CE6028E030E04DEC50E068E080E00E9452554C
S113CE703FEF85EA9EE0315080409040E1F700C0EA
S113CE8000001F921F921F92BF921F921F921F9227
S113CE9028E030E04DEC50E069E080E00E9452551B
S113CEA02FEF32E587E0215030408040E1F700C0A9
S113CEB000001F921F921F92BF921F921F921F92F7
S113CEC028E030E04DEC50E061E080E00E945255F3
S113CED09FEF29E638E1915020403040E1F700C04F
S113CEE000001F921F921F92BF921F921F921F92C7
S113CEF028E030E04BE151E068E080E00E945255C8
S113CF008FEF95EA2EE0815090402040E1F700C079
S113CF1000001F921F921F92BF921F921F921F9296
S113CF2028E030E04BE151E069E080E00E94525596
S113CF303FEF82E597E0315080409040E1F700C038
S113CF4000000FB6F894DEBF0FBECDBF1F921F9234
S113CF501F92BF921F921F921F9228E030E04BE174
S113CF6051E061E080E00E9452553FEF89E698E18C
S113CF70315080409040E1F700C000001F921F92A2
S113CF801F92BF921F921F921F9226E530E04FE737
S113CF9050E068E080E00E9452552FEF35EA8EE0C1
S113CFA0215030408040E1F700C000001F921F92E2
S113CFB01F92BF921F921F921F9226E530E04FE707
S113CFC050E06BE080E00E9452559FEF22E537E08D
S113CFD0915020403040E1F700C000001F921F92A2
S113CFE01F92BF921F921F921F9226E530E04FE7D7
S113CFF050E062E080E00E9452558FEF99E628E10C
S113D000815090402040E1F700C000001F921F9221
S113D0101F92BF921F921F921F9226E530E04DECA3
S113D02050E068E080E00E9452553FEF85EA9EE0C0
S113D030315080409040E1F700C000000FB6F894F2
S113D040DEBF0FBECDBF1F921F921F92BF921F92D1
S113D0501F921F9226E530E04DEC50E069E080E03D
S113D0600E9452553FEF82E597E031508040904056
S113D070E1F700C000001F921F921F92BF921F92FF
S113D0801F921F9226E530E04DEC50E063E080E013
S113D0900E9452552FEF39E688E1215030408040FC
S113D0A0E1F700C000001F921F921F92BF921F92CF
S113D0B01F921F9226E530E04BE151E068E080E0EA
S113D0C00E9452559FEF25EA3EE0915020403040A7
S113D0D0E1F700C000001F921F921F92BF921F929F
S113D0E01F921F9226E530E04BE151E069E080E0B9
S113D0F00E9452558FEF92E527E0815090402040E6
S113D100E1F700C000001F921F921F92BF921F926E
S113D1101F921F9226E530E04BE151E064E080E08D
S113D1200E9452553FEF83ED90E331508040904090
S113D130E1F700C000000FB6F894DEBF0FBECDBF0C
S113D14080E00E94CA271F921F92BF92BF921F9233
S113D1501F9284E0982E9F9294E0A92E28E030E05C
S113D1604FE750E061E080E00E9452551F921F9209
S113D170BF92BF921F921F929F9228E030E04DEC25
S113D18050E061E080E00E9452551F921F92BF92CE
S113D190BF921F921F929F9228E030E04BE151E032
S113D1A061E080E00E94525581E00E94035526E42C
S113D1B0C22ED12C34E3E32EF12C0FE710E021E052
S113D1C046E652E463E080E00E94B9500DEC10E0C2
S113D1D021E044E652E463E080E00E94B9500BE1B0
S113D1E011E021E042E652E463E080E00E94B9509D
S113D1F01F921F92BF92BF921F921F929F9243E26F
S113D200C42E56E4E52EF12C06E410E026E530E0C9
S113D2104FE750E062E080E00E9452551F921F9257
S113D220BF92BF921F921F929F9226E530E04DEC71
S113D23050E063E080E00E9452550FB6F894DEBFE0
S113D2400FBECDBF1F921F92BF92BF921F921F921B
S113D2509F9226E530E04BE151E064E080E00E94DB
S113D260525582E00E94035566E4C62ED12C72E822
S113D270E72EF12C0FE710E021E040E652E463E0F2
S113D28080E00E94B95083E00E9403550DEC10E049
S113D29021E04EE552E463E080E00E94B95084E06E
S113D2A00E9403550BE111E021E04CE552E463E0F8
S113D2B080E00E94B9501F921F92BF92BF921F92AA
S113D2C01F929F92E3E2CE2EF6E4EF2EF12C06E4B9
S113D2D010E024EA30E04FE750E065E080E00E948F
S113D2E052551F921F92BF92BF921F921F929F92FC
S113D2F024EA30E04DEC50E066E080E00E945255B4
S113D3001F921F92BF92BF921F921F929F9224EA74
S113D31030E04BE151E067E080E00E94525585E047
S113D3200E940355A6E4CA2ED12CB0EDEB2EF12CAD
S113D3300FE710E021E04AE552E463E080E00E9458
S113D340B95086E00E9403550DEC10E021E048E559
S113D35052E463E080E00E94B95087E00E940355E4
S113D3600BE111E021E046E552E463E080E00E9435
S113D370B9501F921F92BF92BF921F921F929F9209
S113D38013E2C12E06E4E02EF12C06E410E022EFB5
S113D39030E04FE750E061E080E00E9452550FB664
S113D3A0F894DEBF0FBECDBF1F921F92BF92BF92F3
S113D3B01F921F929F9222EF30E04DEC50E061E00B
S113D3C080E00E9452551F921F92BF92BF921F92FB
S113D3D01F929F9222EF30E04BE151E061E080E048
S113D3E00E94525581E00E94035586E4C82ED12C38
S113D3F09EE1E92EFF24F3940FE710E021E044E5D9
S113D40052E463E080E00E94B9500DEC10E021E0AA
S113D41042E552E463E080E00E94B9500BE111E080
S113D42021E040E552E463E080E00E94B9503FEF20
S113D4308FE493EC315080409040E1F700C000004D
S113D44080E00E94CA27772473947F921F929F9250
S113D450BF921F921F929F9223E0A22E33E2C32E0B
S113D46046E4E42EF12C06E410E028E030E04FE737
S113D47050E061E080E00E9452557F921F929F929B
S113D480BF921F921F929F9228E030E04DEC50E033
S113D49061E080E00E9452557F921F929F92BF925A
S113D4A01F921F929F9228E030E04BE151E061E02F
S113D4B080E00E9452550FB6F894DEBF0FBECDBF78
S113D4C056E4C52ED12C66E3E62EF12C0FE710E0CE
S113D4D021E046E652E464E080E00E94B9500DEC9D
S113D4E010E021E044E652E464E080E00E94B95098
S113D4F00BE111E021E042E652E464E080E00E94A6
S113D500B9507F921F929F92BF921F921F929F9237
S113D51073E2C72EE6E4EE2EF12C06E410E026E5D5
S113D52030E04FE750E062E080E00E9452557F9285
S113D5301F929F92BF921F921F929F9226E530E006
S113D5404DEC50E063E080E00E9452557F921F92C0
S113D5509F92BF921F921F929F9226E530E04BE16B
S113D56051E064E080E00E94525582E00E9403553D
S113D570F6E4CF2ED12CA4E8EA2EF12C0FE710E02C
S113D58021E040E652E464E080E00E94B95083E088
S113D5900E9403550DEC10E021E04EE552E464E0F6
S113D5A080E00E94B95084E00E9403550BE111E031
S113D5B021E04CE552E464E080E00E94B9507F929F
S113D5C01F929F92BF921F921F929F92B3E2CB2E03
S113D5D016E4E12EF12C06E410E024EA30E04FE7F3
S113D5E050E065E080E00E9452557F921F929F9226
S113D5F0BF921F921F929F9224EA30E04DEC50E0BC
S113D60066E080E00E9452550FB6F894DEBF0FBE6C
S113D610CDBF7F921F929F92BF921F921F929F92A3
S113D62024EA30E04BE151E067E080E00E9452558B
S113D63085E00E94035506E4C02ED12C82EDE82E2D
S113D640F12C0FE710E021E04AE552E464E080E0C9
S113D6500E94B95086E00E9403550DEC10E021E0D1
S113D66048E552E464E080E00E94B95087E00E94FB
S113D67003550BE111E021E046E552E464E080E06B
S113D6800E94B9507F921F929F92BF921F921F9245
S113D6909F9293E2C92E26E4E22EF12C06E410E0D8
S113D6A022EF30E04FE750E061E080E00E94525505
S113D6B07F921F929F92BF921F921F929F9222EF7E
S113D6C030E04DEC50E061E080E00E9452557F92E2
S113D6D01F929F92BF921F921F929F9222EF30E05F
S113D6E04BE151E061E080E00E94525581E00E94EC
S113D6F0035536E4C32ED12C40E2E42EFF24F394E8
S113D7000FE710E021E044E552E464E080E00E9489
S113D710B9500DEC10E021E042E552E464E080E011
S113D7200E94B9500BE111E021E040E552E464E0CD
S113D73080E00E94B9509FEF27EA31E691502040E3
S113D7403040E1F700C0000080E00E94CA277F92C9
S113D7501F929F92BF921F921F929F9254E1C52ED7
S113D76066E4E62EF12C06E410E028E030E04FE712
S113D77050E061E080E00E9452550FB6F894DEBF9D
S113D7800FBECDBF7F921F929F92BF921F921F9296
S113D7909F9228E030E04DEC50E061E080E00E9490
S113D7A052557F921F929F92BF921F921F929F92F7
S113D7B028E030E04BE151E061E080E00E94525506
S113D7C081E00E94035576E4C72ED12CE6E3EE2EC9
S113D7D0F12C0FE710E021E046E652E464E080E03B
S113D7E00E94B9500DEC10E021E044E652E464E0FC
S113D7F080E00E94B9500BE111E021E042E652E4DE
S113D80064E080E00E94B9507F921F929F92BF9281
S113D8101F921F929F92F6E1CF2EA6E4EA2EF12CDE
S113D82006E410E026E530E04FE750E062E080E0F7
S113D8300E9452557F921F929F92BF921F921F92F5
S113D8409F9226E530E04DEC50E063E080E00E94DA
S113D85052557F921F929F92BF921F921F929F9246
S113D86026E530E04BE151E064E080E00E9452554F
S113D8700FB6F894DEBF0FBECDBF82E00E94035501
S113D880B6E4CB2ED12C14E8E12EF12C0FE710E0F6
S113D89021E040E652E464E080E00E94B95083E075
S113D8A00E9403550DEC10E021E04EE552E464E0E3
S113D8B080E00E94B95084E00E9403550BE111E01E
S113D8C021E04CE552E464E080E00E94B9507F928C
S113D8D01F929F92BF921F921F929F9206E1C02EA9
S113D8E086E4E82EF12C06E410E024EA30E04FE769
S113D8F050E065E080E00E9452557F921F929F9213
S113D900BF921F921F929F9224EA30E04DEC50E0A8
S113D91066E080E00E9452557F921F929F92BF92D0
S113D9201F921F929F9224EA30E04BE151E067E09E
S113D93080E00E94525585E00E94035596E4C92E6A
S113D940D12C22EDE22EF12C0FE710E021E04AE584
S113D95052E464E080E00E94B95086E00E940355DE
S113D9600DEC10E021E048E552E464E080E00E9420
S113D970B95087E00E9403550BE111E021E046E530
S113D98052E464E080E00E94B9507F921F929F921B
S113D990BF921F921F929F9236E1C32E46E4E42E5B
S113D9A0F12C06E410E022EF30E04FE750E061E0B4
S113D9B080E00E9452557F921F929F92BF921F92C5
S113D9C01F929F9222EF30E04DEC50E061E080E046
S113D9D00E9452550FB6F894DEBF0FBECDBF7F92A2
S113D9E01F929F92BF921F921F929F9222EF30E04C
S113D9F04BE151E061E080E00E94525581E00E94D9
S113DA00035556E4C52ED12C60E2E62EFF24F39490
S113DA100FE710E021E044E552E464E080E00E9476
S113DA20B9500DEC10E021E042E552E464E080E0FE
S113DA300E94B9500BE111E021E040E552E464E0BA
S113DA4080E00E94B9509FEF23E234EF91502040D0
S113DA503040E1F700C0000080E00E94CA2782EF56
S113DA6098E20E949B4580E00E94044684E00E9464
S113DA70984580E00E94074680E00E94FB4580E0D4
S113DA800E94FE4580E00E94F84580E00E940A461C
S113DA90CC24C39474EBE72E0EE120E040E060E078
S113DAA08EEB0E94C245E12C00E020E040E060E003
S113DAB080E00E94C245C12CEAEFEE2E0AEF20E07E
S113DAC040E06AEF8AEF0E94C24582E00E940A4663
S113DAD081E00E94FE45F6EDCF2EDD24D394A8E22A
S113DAE0EA2EF12C05E010E021E044E453E461E087
S113DAF080E00E94B95080E00E940A4680E00E94C3
S113DB00FE45B0E5EB2EF12C21E04BEF52E462E050
S113DB1080E00E94B950C12CD12CE12CF12C00E002
S113DB2010E021E04BEF52E461E080E00E94B95044
S113DB3021E04BEF52E462E080E00E94B95021E022
S113DB4040EC52E461E080E00E94B9501CE8E12E10
S113DB500FEF2CE840E06AEF8AEF0E94C24500E331
S113DB60402E4F928CE0582E5F929CE2892EC12C5D
S113DB70D12CE12CF12C00E010E02AE63AEE42E14F
S113DB8055EC62E080E00E94935321E04BEF52E4B5
S113DB9061E080E00E94B95021E04BEF52E461E083
S113DBA080E00E94B9508FEF9FE423EC81509040B5
S113DBB02040E1F700C0000028E7E22E08E72CED42
S113DBC044E664E684E60E94AA2723E040E060E09D
S113DBD080E00E94DB2732E0C32EE12C00E020E04D
S113DBE040E060E080E00E94C245C12C4AEFE42E90
S113DBF00AEF20E040E06AEF8AEF0E94C24581E02C
S113DC000E94FB4582E00E940A4681E00E94FE4594
S113DC1056EDC52EDD24D39468E2E62EF12C05E002
S113DC2010E021E044E453E461E080E00E94B95054
S113DC3080E00E940A4680E00E94FE4570E5E72EDF
S113DC40F12C21E04BEF52E462E080E00E94B950F5
S113DC50C12CD12CE12CF12C00E010E021E04BEFA1
S113DC6052E461E080E00E94B95021E04BEF52E4BD
S113DC7062E080E00E94B95021E040EC52E461E0AF
S113DC8080E00E94B950ECE8EE2E0FEF2CE840E063
S113DC906AEF8AEF0E94C2454F925F92C12CD12C49
S113DCA0E12CF12C00E010E02AE63AEE42E155ECDA
S113DCB062E080E00E94935321E04BEF52E461E084
S113DCC080E00E94B95021E04BEF52E461E080E033
S113DCD00E94B9503FEF8FE493EC31508040904064
S113DCE0E1F700C00000FAEFEF2E0AEF20E040E079
S113DCF06AEF8AEF0E94C24523E040E060E080E0E2
S113DD000E94DB2782E00E940A4681E00E94FE45D1
S113DD1081E00E94F845A6EDCA2EDD24D394B8E232
S113DD20EB2EF12C05E010E021E046E353E461E042
S113DD3080E00E94B95080E00E940A4680E00E9480
S113DD40FE4580E5E82EF12C21E04BEF52E462E041
S113DD5080E00E94B950C12CD12CE12CF12C00E0C0
S113DD6010E021E04BEF52E461E080E00E94B95002
S113DD7021E04BEF52E462E080E00E94B95021E0E0
S113DD8040EC52E461E080E00E94B9509CE8E92E46
S113DD900FEF2CE840E06AEF8AEF0E94C2454F92F1
S113DDA05F92C12CD12CE12CF12C00E010E02AE68A
S113DDB03AEE42E155EC62E080E00E94935321E0A8
S113DDC04BEF52E461E080E00E94B95021E04BEF58
S113DDD052E461E080E00E94B9502FEF3FE483EC0D
S113DDE0215030408040E1F700C0000020E040E0D6
S113DDF060E080E00E948E2780E00E94CA278AEEBD
S113DE0099E00E949B4522E0C22E20E040E060E0C1
S113DE1080E00E94C24580E00E94044681E00E94A6
S113DE20F84581E00E940A4681E00E94FE451F9267
S113DE301F926F92BF921F921F9235E0532E5F92F2
S113DE4043E0842E55E0A52E60E1C62E72E3E72E52
S113DE50F12C04E610E020E030E044E150E061E021
S113DE6080E00E94525581E00E940355E4E6CE2EE4
S113DE70D12CF1E2EF2EF12C04E110E021E04AEB89
S113DE8052E466E080E00E94B9501F921F926F92A4
S113DE90BF921F921F925F92A0E1CA2EB2E3EB2EB3
S113DEA0F12C04E610E020E030E042E850E061E0CC
S113DEB081E00E94525581E00E94035514E6C12E70
S113DEC0D12C01E2E02EF12C02E810E021E044EB39
S113DED052E466E081E00E94B9507F921F929F92C3
S113DEE0BF921F921F929F9283E0A82E90E1C92EA9
S113DEF022E3E22EF12C04E610E020E030E040EFD3
S113DF0050E061E080E00E9452550FB6F894DEBF05
S113DF100FBECDBF81E00E94035534E6C32ED12C41
S113DF2042E2E42EF12C00EF10E021E04EEA52E44C
S113DF3064E080E00E94B9507F921F929F92BF924A
S113DF401F921F929F9250E1C52E62E3E62EF12CA0
S113DF5004E610E020E030E04EE551E061E081E0CD
S113DF600E94525581E00E94035574E6C72ED12CBD
S113DF70E1E2EE2EF12C0EE511E021E048EA52E454
S113DF8064E081E00E94B9501F921F925F92BF9299
S113DF901F921F926F92F6E0AF2EA0E1CA2EB2E359
S113DFA0EB2EF12C04E610E02CE330E044E150E0E9
S113DFB061E080E00E94525581E00E94035583E0B5
S113DFC00E94F84514E6C12ED12C0DE5E02EF12C6B
S113DFD004E110E021E043EA52E465E080E00E94BD
S113DFE0B9501F921F925F92BF921F921F926F921D
S113DFF080E1C82E92E3E92EF12C04E610E02CE334
S113E00030E042E850E061E081E00E94525581E056
S113E0100E94035583E00E94F84524E6C22ED12CC9
S113E0203DE5E32EF12C02E810E021E04DE952E455
S113E03065E081E00E94B95099249A949F921F92BE
S113E040BF92BF921F921F92BF9244E0A42E50E150
S113E050C52E62E3E62EF12C04E610E02CE330E05A
S113E06040EF50E061E080E00E94525581E00E9460
S113E070035583E00E94F84574E6C72ED12CECE5E5
S113E080EE2EF12C00EF10E021E047E952E463E0CA
S113E09080E00E94B9509F921F92BF92BF921F923C
S113E0A01F92BF92F0E1CF2EA2E3EA2EF12C04E6F8
S113E0B010E02CE330E04EE551E061E081E00E94A5
S113E0C052550FB6F894DEBF0FBECDBF81E00E945B
S113E0D0035582E00E94F845B4E6CB2ED12C1DE511
S113E0E0E12EF12C0EE511E021E041E952E463E078
S113E0F081E00E94B9508BEF0E94074680E00E94A5
S113E100F84582E00E940A46C12CEE24EA9406E90E
S113E11020E040E066E98FEF0E94C245CC24C3941E
S113E12004EBE02E0EE120E040E060E08EEB0E9484
S113E130C24582E0C82E98ECE92E08EC28EC48ECA5
S113E14068EC88EC0E94C24520EEC22EDD24D394F4
S113E1503FEAE32EF12C01E010E021E049E752E42C
S113E16065E081E00E94B950C12CE12C00E026EE6C
S113E1704FEF68E780E00E94C24585E00E94F845C1
S113E18081E00E94044646EDC42EDD24D39452E27D
S113E190E52EFF24F39405E010E021E048E652E484
S113E1A062E081E00E94B9509FEF2FE433EC91507C
S113E1B020403040E1F700C000000E9443238FEF6D
S113E1C097EA21E6815090402040E1F700C000002A
S113E1D00E9461233FEF89E698E1315080409040EE
S113E1E0E1F700C00000C454DC4F0FB6F894DEBF62
S113E1F00FBECDBFDF91CF911F910F91FF90EF9094
S113E200DF90CF90BF90AF909F908F907F906F9052
S113E2105F904F90089582E00E9468220E94095CFA
S113E220FFCF5058BB27AA270ED09BC164D130F032
S113E23069D120F031F49F3F11F41EF459C10EF45A
S113E240E095E7FB4FC1E92FAED180F3BA1762071F
S113E25073078407950718F071F49EF5C6C10EF490
S113E260E0950B2EBA2FA02D0B01B90190010C01E2
S113E270CA01A0011124FF27591B99F0593F50F4FA
S113E280503E68F11A16F040A22F232F342F442752
S113E290585FF3CF469537952795A795F04053954A
S113E2A0C9F77EF41F16BA0B620B730B840BBAF01A
S113E2B09150A1F0FF0FBB1F661F771F881FC2F785
S113E2C00EC0BA0F621F731F841F48F48795779599
S113E2D06795B795F7959E3F08F0B3CF9395880F50
S113E2E008F09927EE0F979587950895D7D008F4ED
S113E2F081E008950FD1E39545C10CD032C102D11C
S113E30040F0F9D030F021F45F3F19F0EBC0511127
S113E3106DC1EEC048D198F39923C9F35523B1F3E5
S113E320951B550BBB27AA2762177307840738F080
S113E3309F5F5F4F220F331F441FAA1FA9F333D0DF
S113E3400E2E3AF0E0E830D091505040E695001C93
S113E350CAF729D0FE2F27D0660F771F881FBB1F4F
S113E360261737074807AB07B0E809F0BB0B802D29
S113E370BF01FF2793585F4F2AF09E3F510568F075
S113E380B1C034C15F3FECF3983EDCF386957795DA
S113E3906795B795F7959F5FC9F7880F911D969577
S113E3A0879597F90895E1E0660F771F881FBB1FD3
S113E3B0621773078407BA0720F0621B730B840B80
S113E3C0BA0BEE1F88F7E0950895F5D088F09F57B3
S113E3D090F0B92F9927B751A0F0D1F0660F771FAD
S113E3E0881F991F1AF0BA95C9F712C0B13081F08D
S113E3F0FCD0B1E00895F9C0672F782F8827B85F63
S113E40039F0B93FCCF3869577956795B395D9F7ED
S113E4103EF490958095709561957F4F8F4F9F4FF7
S113E4200895E89409C097FB3EF490958095709503
S113E43061957F4F8F4F9F4F9923A9F0F92F96E94C
S113E440BB279395F695879577956795B795F111C1
S113E450F8CFFAF4BB0F11F460FF1BC06F5F7F4F5E
S113E4608F4F9F4F16C0882311F096E911C0772370
S113E47021F09EE8872F762F05C0662371F096E879
S113E480862F70E060E02AF09A95660F771F881F48
S113E490DAF7880F9695879597F90895990F0008EC
S113E4A0550FAA0BE0E8FEEF16161706E807F90762
S113E4B0C0F012161306E407F50798F0621B730BFD
S113E4C0840B950B39F40A2661F0232B242B252B7E
S113E4D021F408950A2609F4A140A6958FEF811D21
S113E4E0811D089597F99F6780E870E060E00895C2
S113E4F09FEF80EC089500240A9416161706180658
S113E5000906089500240A94121613061406050633
S113E5100895EECF50D0E8F3E894E0E0BB279F578E
S113E520F0F02AED3FE049EC06C0EE0FBB0F661F8A
S113E530771F881F28F0B23A62077307840728F010
S113E540B25A620B730B840BE3959A9572F7803879
S113E55030F49A95BB0F661F771F881FD2F7904837
S113E560B6C0092E0394000C11F4882352F0BB0F9B
S113E57040F4BF2B11F460FF04C06F5F7F4F8F4FD7
S113E5809F4F0895EF93E0FF06C0A2EA2AED3FE013
S113E59049EC5FEB58DEE5DF0F90039401FC9058E3
S113E5A0ECE8F0E0A0C057FD9058440F551F59F017
S113E5B05F3F71F04795880F97FB991F61F09F3F6C
S113E5C079F087950895121613061406551FF2CF95
S113E5D04695F1DF08C0161617061806991FF1CFE5
S113E5E086957105610508940895E894BB2766270C
S113E5F07727CB0197F908950BD0B3CF7CDF28F0B0
S113E60081DF18F0952309F06DCF72CF1124EECF7E
S113E610CADFA0F3959FD1F3950F50E0551F629F79
S113E620F001729FBB27F00DB11D639FAA27F00D67
S113E630B11DAA1F649F6627B00DA11D661F829F8E
S113E6402227B00DA11D621F739FB00DA11D621F73
S113E650839FA00D611D221F749F3327A00D611D90
S113E660231F849F600D211D822F762F6A2F112472
S113E6709F5750408AF0E1F088234AF0EE0FFF1FC5
S113E680BB1F661F771F881F91505040A9F79E3FFC
S113E690510570F027CFAACF5F3FECF3983EDCF32F
S113E6A0869577956795B795F795E7959F5FC1F739
S113E6B0FE2B880F911D9695879597F908959F9342
S113E6C029DF0F9007FCEE5F5DCF9F3F31F0915043
S113E6D020F4879577956795B795880F911D969542
S113E6E0879597F908959F938F937F936F93FF93E3
S113E6F0EF939B01AC0180DFEF91FF9105D02F9147
S113E7003F914F915F9178CFDF93CF931F930F93F6
S113E710FF92EF92DF927B018C01689405C0DA2EA0
S113E720EF0176DFFE01E894A5912591359145919D
S113E7305591AEF3EF0187DDFE019701A801DA944C
S113E74079F7DF90EF90FF900F911F91CF91DF91B8
S113E7500895AA1BBB1B51E107C0AA1FBB1FA61724
S113E760B70710F0A61BB70B881F991F5A95A9F776
S113E77080959095BC01CD01089597FB072E16F462
S113E780009406D077FD08D0E4DF07FC05D03EF402
S113E790909581959F4F0895709561957F4F089549
S113E7A0A1E21A2EAA1BBB1BFD010DC0AA1FBB1F91
S113E7B0EE1FFF1FA217B307E407F50720F0A21B03
S113E7C0B30BE40BF50B661F771F881F991F1A9470
S113E7D069F760957095809590959B01AC01BD019A
S113E7E0CF010895A29FB001B39FC001A39F700DF4
S113E7F0811D1124911DB29F700D811D1124911D45
S113E8000895F0DFB7FF0895821B930B0895EADFA4
S113E810A59F900DB49F900DA49F800D911D112470
S113E8200895EF920F931F93CF93DF93E80147FD71
S113E83002C034E001C034E1042E000C550B57FF34
S113E84003C0519541955109E32E022F242FAE01A7
S113E85007D0CE01DF91CF911F910F91EF900895D2
S113E8608F929F92AF92BF92CF92DF92EF92FF92DC
S113E8700F931F93CF93DF93CDB7DEB729970FB6CE
S113E880F894DEBF0FBECDBF6A01122FB02E2BE36A
S113E890201720F0FF24F394F00E02C02CE3F22E94
S113E8A00F2D27E0AE014F5F5F4F50D1BC0149816E
S113E8B0842F8970813031F0E1FC06C0E0FE06C08F
S113E8C090E205C09DE203C09BE201C090E05E2D92
S113E8D0507143FF3CC0911102C083E001C084E049
S113E8E0811718F4212F281B01C020E051110BC0FF
S113E8F0F601822F30E2882319F031938150FBCF47
S113E900C20ED11C20E0992329F0D6019C93F60174
S113E91031966F01C6010396E2FE0AC03EE4D601B9
S113E9203C9341E411964C93119712963C9306C084
S113E9303EE6F601308341E641833283FC01322F07
S113E94040E2332309F442C041933150FACF42FFED
S113E95044C0911102C083E001C084E0811718F41F
S113E960212F281B01C020E051110BC0F601822F7A
S113E97030E2882319F031938150FBCFC20ED11CB1
S113E98020E0992329F0D6019C93F60131966F017A
S113E990C6010396E2FE0BC039E4D6013C933EE483
S113E9A011963C93119736E412963C9307C039E6CE
S113E9B0F60130833EE6318336E63283FC01322FA2
S113E9C040E2332319F041933150FBCFFC01E20FB5
S113E9D0F11D10828EEF9FEFA6C021E030E091116F
S113E9E002C020E030E0161617061CF4FB01319635
S113E9F002C0E1E0F0E02E0F3F1FBB2021F0EB2D21
S113EA00F0E0319602C0E0E0F0E02E0F3F1FE12F6E
S113EA10F0E02E173F071CF4121B212F01C020E049
S113EA208E2D887159F4F601822F30E2882319F073
S113EA3031938150FBCFC20ED11C20E0992329F0E1
S113EA40D6019C93F60131966F0151110BC0F6016A
S113EA50822F90E3882319F091938150FBCFC20E4B
S113EA60D11C20E00F2D060F9A81342F307144FF02
S113EA7003C0913309F40150101624F4093018F03E
S113EA8008E001C001E0AB0177FF02C040E050E0C4
S113EA90FB01E41BF50BA1E0B0E0AC0FBD1FEA0FD6
S113EAA0FB1F8EE2A82E4B01801A91080B2D10E05B
S113EAB01195019511094F3FBFEF5B0721F4D60172
S113EAC0AC9211966D01641775072CF084169506A7
S113EAD014F4818101C080E3415051093196D6017B
S113EAE011967D014017510724F0D6018C936701DC
S113EAF0E2CF6417750739F4963320F4953319F48B
S113EB00311101C081E3F6018083F701822F90E285
S113EB10882319F091938150FBCFF701E20FF11D87
S113EB20108280E090E029960FB6F894DEBF0FBE05
S113EB30CDBFDF91CF911F910F91FF90EF90DF90A8
S113EB40CF90BF90AF909F908F900895283008F099
S113EB5027E03327DA01990F311D87FD9160009674
S113EB606105710539F432602E5F3D9330E32A95D7
S113EB70E1F708959F3F30F080387105610509F091
S113EB803C5F3C5F3D93913008F08068911DDF93BA
S113EB90CF931F930F93FF92EF92192F987F96951F
S113EBA0E92F96959695E90FFF27EC5FFE4F99277D
S113EBB03327EE24FF24A701E70105900894079466
S113EBC028F4360FE71EF81E491F511D660F771FE4
S113EBD0881F991F0694A1F70590079428F4E70E5F
S113EBE0F81E491F561FC11D770F881F991F661FE6
S113EBF00694A1F70590079428F4F80E491F561FB0
S113EC00C71FD11D880F991F661F771F0694A1F790
S113EC100590079420F4490F561FC71FD81F990F5A
S113EC20661F771F881F0694A9F7849110951770A3
S113EC3041F0D695C79557954795F794E7941A955B
S113EC40C1F7EAEAF0E06894159015913591659161
S113EC50959105907FE27395E118F10A430B560BE9
S113EC60C90BD009C0F7E10CF11E431F561FC91F81
S113EC70D01D7EF4703311F48A95E6CFE8940150E8
S113EC8030F0080F0AF40027021708F4202F239508
S113EC90022F7A3328F079E37D932A95E9F710C09F
S113ECA07D932A9589F606949795679537951795D8
S113ECB01794E118F10A430B560BC90BD00998F0CD
S113ECC023957E9173957A3308F070E37C93201337
S113ECD0B8F77E9170617D9330F0839571E37D93F5
S113ECE070E32A95E1F71124EF90FF900F911F91A3
S113ECF0CF91DF91992787FD90950895F894FFCFE0
S107ED00C4D900006E
S9030000FC
