:100000000C94FE210C941D220C941D220C941D2294
:100010000C941D220C941D220C941D220C941D2264
:100020000C941D220C941D220C941D220C941D2254
:100030000C941D220C941D220C941D220C941D2244
:100040000C941D220C941D220C941D220C941D2234
:100050000C941D220C941D220C941D220C941D2224
:100060000C941D220C941D220C941D220C941D2214
:100070000C941D220C941D220C941D220C941D2204
:100080000C941D220C941D220C941D2205A84CCD0D
:10009000B2D44EB93836A9020C50B9918688083CC2
:1000A000A6AAAA2ABE000000803F00407A10F35A98
:1000B00000A0724E18090010A5D4E80000E87648A8
:1000C000170000E40B54020000CA9A3B000000E154
:1000D000F505000080969800000040420F000000E7
:1000E000A08601000000102700000000E8030000C7
:1000F00000006400000000000A0000000000010091
:10010000000000002C76D888DC674F0823DFC1DFB1
:10011000AE59E1B1B796E5E3E453C63AE6519976B4
:1001200096E8E6C28426EB898C9B62ED407C6FFCEE
:10013000EFBC9C9F40F2BAA56FA5F490055A2AF730
:100140005C936B6CF9676DC11BFCE0E40D47FEF539
:1001500020E6B500D0ED902E0300943577050080A1
:10016000841E080000204E0A000000C80C33333300
:10017000330F986E12831141EF8D2114893BE655A0
:1001800016CFFEE6DB18D1844B381BF77C1D901D83
:10019000A4BBE424203284725E228100C9F124ECE5
:1001A000A1E53D271020202140190000000000009B
:1001B000000000000000000000000000000000003F
:1001C000000000000000000000000000000000002F
:1001D000000000000000000000000000000000001F
:1001E000000000000000000000000000000000000F
:1001F0000000000000000380038003800380038070
:1002000003800380038003800380038003800380D6
:10021000038000000000038003800380038000004F
:1002200000000000000000000000000000000000CE
:100230001C701C701C701C701C701C700000000076
:1002400000000000000000000000000000000000AE
:10025000000000000000000000000000000000009E
:10026000000000000000000000000000000000008E
:100270000000000000001C701C701C701C701C70C2
:100280007FFC7FFC1C701C701C701C701C701C7030
:100290007FFC7FFC1C701C701C701C701C700000AC
:1002A000000000000000000000000000000000004E
:1002B00000000000038003801FF03FF8739C739CD4
:1002C00073807380738073803FF01FF8039C039CDE
:1002D000039C039C739C739C3FF81FF00380038076
:1002E000000000000000000000000000000000000E
:1002F0000000000000001F1C3F9C3BB83BB83FF0D3
:100300001F7000E000E001C001C00380038007000F
:1003100007000EF80FFC1DDC1DDC39FC38F800006E
:1003200000000000000000000000000000000000CD
:100330000000000000000F801FC038E038E038E007
:1003400038E038E039C01F800F001F8C39DC70F8AE
:10035000707070707070707070F83FDC1F8C0000EF
:10036000000000000000000000000000000000008D
:10037000038003800380038003800380000000006B
:10038000000000000000000000000000000000006D
:10039000000000000000000000000000000000005D
:1003A000000000000000000000000000000000004D
:1003B0000038007000E000E001C001C001C003800F
:1003C0000380038003800380038003800380038015
:1003D00003800380038001C001C001C000E000E091
:1003E0000070003800000000000000000000000065
:1003F00038001C000E000E000700070007000380F5
:1004000003800380038003800380038003800380D4
:100410000380038003800700070007000E000E0022
:100420001C00380000000000000000000000000078
:10043000000000000000000000000000000038384C
:100440001C700EE007C003807FFC7FFC038007C0A8
:100450000EE01C70383800000000000000000000B2
:10046000000000000000000000000000000000008C
:1004700000000000000000000000000000000380F9
:1004800003800380038003807FFC7FFC0380038064
:1004900003800380038000000000000000000000D3
:1004A000000000000000000000000000000000004C
:1004B000000000000000000000000000000000003C
:1004C000000000000000000000000000000000002C
:1004D0000000000000000380038003800380070009
:1004E0000E000000000000000000000000000000FE
:1004F00000000000000000000000000000000000FC
:1005000000000000000000007FFC7FFC00000000F5
:1005100000000000000000000000000000000000DB
:1005200000000000000000000000000000000000CB
:1005300000000000000000000000000000000000BB
:1005400000000000000000000000000000000000AB
:10055000000000000000038003800380038000008F
:10056000000000000000000000000000000000008B
:10057000000E000E001C001C0038003800700070D7
:1005800000E000E001C001C0038003800700070015
:100590000E000E001C001C003800380070007000B7
:1005A000E000E0000000000000000000000000008B
:1005B0000000000000001FF03FF8701C701C701C51
:1005C000703C707C70FC71DC739C771C7E1C7C1C06
:1005D000781C701C701C701C701C3FF81FF0000011
:1005E000000000000000000000000000000000000B
:1005F000000000000000038007800F801F801F8024
:1006000003800380038003800380038003800380D2
:10061000038003800380038003801FF01FF000002D
:1006200000000000000000000000000000000000CA
:100630000000000000001FF03FF8701C701C701CD0
:10064000701C701C001C0038007000E001C00380AA
:1006500007000E001C00380070007FFC7FFC0000CB
:10066000000000000000000000000000000000008A
:100670000000000000001FF03FF8701C701C001C00
:10068000001C001C001807F007F00018001C001CDC
:10069000001C001C001C701C701C3FF81FF00000A8
:1006A000000000000000000000000000000000004A
:1006B000000000000000001C003C007C00FC01DC8D
:1006C000039C071C0E1C1C1C381C701C701C701C0E
:1006D0007FFC7FFC001C001C001C001C001C000098
:1006E000000000000000000000000000000000000A
:1006F0000000000000007FFC7FFC700070007000B4
:100700007000700070007FF07FF8001C001C001C5F
:10071000001C001C001C701C701C3FF81FF0000027
:1007200000000000000000000000000000000000C9
:100730000000000000001FF83FF87000700070001B
:100740007000700070007FF07FF8701C701C701CCF
:10075000701C701C701C701C701C3FF81FF0000097
:100760000000000000000000000000000000000089
:100770000000000000007FFC7FFC701C701C701CDF
:10078000703800380070007000E000E001C001C067
:1007900003800380038003800380038003800000C4
:1007A0000000000000000000000000000000000049
:1007B0000000000000001FF03FF8701C701C701C4F
:1007C000701C701C701C30181FF01FF03018701C4B
:1007D000701C701C701C701C701C3FF81FF0000017
:1007E0000000000000000000000000000000000009
:1007F0000000000000001FF03FF8701C701C701C0F
:10080000701C701C701C701C701C3FFC1FFC001CBA
:10081000001C001C001C001C001C3FF83FF00000E6
:1008200000000000000000000000000000000000C8
:1008300000000000000000000000000000000000B8
:10084000000003800380038003800000000000009C
:10085000000000000000038003800380038000008C
:100860000000000000000000000000000000000088
:100870000000000000000000000000000000000078
:10088000000003800380038003800000000000005C
:100890000000000000000380038003800380070045
:1008A0000E0000000000000000000000000000003A
:1008B000000000000000001C0038007000E001C0D3
:1008C000038007000E001C00380038001C000E00DA
:1008D0000700038001C000E000700038001C000029
:1008E0000000000000000000000000000000000008
:1008F00000000000000000000000000000000000F8
:1009000000007FFC7FFC00000000000000007FFC76
:100910007FFC00000000000000000000000000005C
:1009200000000000000000000000000000000000C7
:10093000000000000000700038001C000E000700DE
:10094000038001C000E0007000380038007000E053
:1009500001C0038007000E001C003800700000007A
:100960000000000000000000000000000000000087
:100970000000000000001FF03FF8701C701C701C8D
:10098000701C701C0038007000E001C00380038000
:1009900003800000000003800380038003800000C8
:1009A0000000000000000000000000000000000047
:1009B0000000000000001FF03FF8701C701C701C4D
:1009C00070FC71FC739C739C739C739C739C739CF4
:1009D000739C71FC70EC700070003FFC1FFC000009
:1009E000000000000000000000000E1C20A23115D5
:1009F00000000000000000000000000000000000F7
:100A000000000000000000000000000000000000E6
:100A100000000000000000000000000000000000D6
:100A200000000000000000000600180060018006C1
:100A300000180060018006001800600180000000BE
:100A400000600180060018000000000000000000A7
:100A50000000000000018C063018C063018C0630D5
:100A60000000000000000000000000000000000086
:100A70000000000000000000000000000000000076
:100A80000000000000000000000018C063018C0698
:100A9000307FF1FFC18C063018C063018C06307FB7
:100AA000F1FFC18C063018C0630000000000000098
:100AB00000000000000000000000C003003F01FE35
:100AC0000CCC3330CC03300CC01FC03F803300CC83
:100AD0000330CCC33307F80FC00C00300000000017
:100AE0000000000000000000000000003C31F8C6DB
:100AF0006619987EC0F30018006003000C006001C6
:100B0000800CF037E199866631F8C3C00000000020
:100B1000000000000000000000000000000F007E48
:100B2000030C0C3030C0E701F803C00E007C63BB3F
:100B30009C7C60E183860E1C7C3FB87C60000000DA
:100B400000000000000000000000006001800600BE
:100B5000180060018000000000000000000000009C
:100B60000000000000000000000000000000000085
:100B70000000000000000000000000000C00600306
:100B8000000C00600180060018006001800600185B
:100B9000006001800600180060018003000C00184E
:100BA0000030000000000000000000000180030091
:100BB000060018003000C003000C003000C0030025
:100BC0000C003000C003000C003000C0060018000C
:100BD000C00600000000000000000000000000004F
:100BE000000000000000000038E07700F801C07F3E
:100BF000F1FFC07003E01DC0E380000000000000B2
:100C000000000000000000000000000000000000E4
:100C10000000000000000000C003000C003000C015
:100C20007FF9FFE03000C003000C0030000000003E
:100C300000000000000000000000000000000000B4
:100C400000000000000000000000000000000000A4
:100C500000000000000000000000000060018006AD
:100C6000001800C0060000000000000000000000A6
:100C70000000000000000000000000000000000074
:100C800000007FF1FFC00000000000000000000035
:100C90000000000000000000000000000000000054
:100CA0000000000000000000000000000000000044
:100CB00000000000000000000000000000006001D3
:100CC0008006001800000000000000000000000086
:100CD00000000000000C0030018006003000C0065B
:100CE000001800C0030018006003000C00600180C1
:100CF0000C00300180060000000000000000000031
:100D0000000000000000001FC0FF8603180C607187
:100D100083C61F18EC6731B8C7C31E0C703180C67C
:100D200003180C3FE07F00000000000000000000FE
:100D3000000000000000000003001C00F007C003DA
:100D4000000C003000C003000C003000C003000C99
:100D5000003000C01FE07F800000000000000000A5
:100D60000000000000000000001FC0FF8603180CF8
:100D7000603180C003001C00E007003801C00E0095
:100D80007003801C007FF1FFC00000000000000025
:100D9000000000000000000000001FC0FF860318D4
:100DA0000C003000C003000C0FE03F8003000C007B
:100DB0003000C603180C3FE07F0000000000000078
:100DC0000000000000000000000000003001C00F23
:100DD000007C03B01CC0E3070C3831C0C603180CFC
:100DE0007FF1FFC003000C003000C00000000000D5
:100DF0000000000000000000000000007FF1FFC6BE
:100E000000180060018006001FF07FE000C00300B2
:100E10000C003000C603180C3FE07F00000000000B
:100E2000000000000000000000000000001FE0FFC4
:100E30008600180060018006001FF07FE180C60375
:100E4000180C603180C603180C3FE07F00000000E2
:100E500000000000000000000000000000007FF122
:100E6000FFC603180C6030018006003000C0060089
:100E70001800C003000C003000C003000C0000008C
:100E80000000000000000000000000000000001F43
:100E9000C0FF8603180C603180C603180C3FE0FFCA
:100EA0008603180C603180C603180C3FE07F0000F9
:100EB0000000000000000000000000000000000032
:100EC0001FC0FF8603180C603180C603180C603009
:100ED000FFC1FF000C003000C003000C3FE0FF002A
:100EE0000000000000000000000000000000000002
:100EF00000000000000000000000180060018006F3
:100F000000000000000000000000600180060018E2
:100F100000000000000000000000000000000000D1
:100F200000000000000000000000001800600180C8
:100F300006000000000000000000006001800600C4
:100F40001800C006000000000000000000000000C3
:100F5000000000000001C00E007003801C00E007CC
:100F6000003801C0038007000E001C00380070002C
:100F7000E001C000000000000000000000000000D0
:100F800000000000000000000000000001FFC7FF9B
:100F9000000000000000001FFC7FF00000000000C7
:100FA0000000000000000000000000000000000041
:100FB00000000000000001C0038007000E001C00BC
:100FC00038007000E001C00E007003801C00E007D4
:100FD000003801C000000000000000000000000018
:100FE0000000000000001F80FF06061818606181E5
:100FF000800C0060030018006001800000000060A9
:101000000180060018000000000000000000000041
:10101000000000000000001FC0FF8603180C6031B4
:1010200087C63F19CC663198C66319CC63F18746F1
:101030000018003FF07FC00000000000000000002A
:1010400000000000000000001FC0FF8603180C60B5
:101050003180C603180C6031FFC7FF180C60318067
:10106000C603180C603180C00000000000000000C2
:101070000000000000000000007FC1FF8603180C84
:10108000603180C6061FF07FC1818603180C603175
:1010900080C603180C7FE1FF000000000000000084
:1010A000000000000000000000001FC0FF860318C1
:1010B0000C60318006001800600180060018006096
:1010C0000180C603180C3FE07F0000000000000014
:1010D00000000000000000000000007F01FF060E7D
:1010E0001818603180C603180C603180C603180CD4
:1010F000603180C60618387FC1FC00000000000087
:101100000000000000000000000000007FF1FFC6AA
:10111000001800600180060018007F81FE0600189C
:1011200000600180060018007FF1FFC00000000091
:10113000000000000000000000000000007FF1FF40
:10114000C6001800600180060018007F81FE0600BE
:101150001800600180060018006001800000000097
:1011600000000000000000000000000000001FC0A0
:10117000FF8603180C6031800600180063F18FC6EB
:1011800003180C603180C603180C3FE07F0000009C
:1011900000000000000000000000000000000060EF
:1011A0003180C603180C603180C603180C7FF1FF34
:1011B000C603180C603180C603180C603180C00073
:1011C000000000000000000000000000000000001F
:1011D0000FC03F003000C003000C003000C003000F
:1011E0000C003000C003000C003000C00FC03F00F6
:1011F00000000000000000000000000000000000EF
:101200000001F807E00600180060018006001800E1
:10121000600180060018606181860618183FC07E54
:1012200000000000000000000000000000000000BE
:101230000000603181C60E187063819C06E01F00BB
:101240007801E007C01B8067018E061C18386071AA
:1012500080C000000000000000000000000000004E
:101260000000006001800600180060018006001880
:101270000060018006001800600180060018007FF1
:10128000F1FFC000000000000000000000000000AE
:101290000000000040098067039E1E7CF9BF66794C
:1012A00098C66019806601980660198066019806E4
:1012B00060198060000000000000000000000000D5
:1012C0000000000000603180C603180C7031E0C7D8
:1012D000C31B8C67318EC61F183C607180C6031813
:1012E0000C603180C0000000000000000000000021
:1012F0000000000000001FC0FF8603180C60318052
:10130000C603180C603180C603180C603180C60318
:10131000180C3FE07F00000000000000000000000B
:10132000000000000000007FC1FF8603180C603140
:1013300080C603180C6031FF87FC1800600180062E
:1013400000180060018000000000000000000000A4
:1013500000000000000000001FC0FF8603180C60A2
:101360003180C603180C603180C603180C603180D0
:10137000C63B187C3FE07F8007000E0000000000A5
:101380000000000000000000007FC1FF8603180C71
:10139000603180C603180C6031FF87FC1F006E01AE
:1013A0009C0638187060E181C00000000000000059
:1013B000000000000000000000001FC0FF860318AE
:1013C0000C600180060018003FC07F8003000C0005
:1013D0003000C603180C3FE07F0000000000000052
:1013E00000000000000000000000007FF9FFE03076
:1013F00000C003000C003000C003000C003000C02F
:1014000003000C003000C003000C000000000000CE
:10141000000000000000000000000000603180C6F5
:1014200003180C603180C603180C603180C60318A5
:101430000C603180C603180C3FE07F000000000004
:10144000000000000000000000000000006031808B
:10145000C603180C3060C183060C1818C063018CD9
:1014600006300D803600D801C007001C00000000C7
:1014700000000000000000000000000000006019F3
:10148000806601980660198066019806601980667A
:101490003199E66FD9F3E7879C0E601900200000B0
:1014A00000000000000000000000000000000060DC
:1014B0003180C3060C1818C06300D8036007001CF5
:1014C00000D8036018C06303060C18603180C000A8
:1014D000000000000000000000000000000000000C
:1014E00060198063030C0C18606180CC03300780A6
:1014F0001E003000C003000C003000C003000C00D0
:1015000000000000000000000000000000000000DB
:10151000007FF1FFC003000C007003801C00E00797
:10152000003801C00E00700180060018007FF1FF36
:10153000C000000000000000000000000000007E6D
:1015400001F80600180060018006001800600180A4
:101550000600180060018006001800600180060087
:1015600018007E01F80000000000000000000000EC
:101570000018006000C00300060018003000C00121
:101580008006000C00300060018003000C00180091
:101590006000C00300000000000000000000000028
:1015A00003F00FC003000C003000C003000C00303B
:1015B00000C003000C003000C003000C003000C06D
:1015C00003000C03F00FC00000000000000000004A
:1015D00000002001C00F8077038E1C1C000000005B
:1015E00000000000000000000000000000000000FB
:1015F00000000000000000000000000000000000EB
:1016000000000000000000000000000000000000DA
:1016100000000000000000000000000000000000CA
:10162000000000000000001FFC7FF0000000000030
:1016300000000000C0038007000E0018000000003A
:10164000000000000000000000000000000000009A
:10165000000000000000000000000000000000008A
:10166000000000000000000000000000000000007A
:10167000007F01FE000C00307FC3FF180C6031803A
:10168000C603180C3FF07FC00000000000000000FF
:10169000000000000000000000600180060018004B
:1016A0006001FF07FE180C603180C603180C603122
:1016B00080C603180C7FE1FF00000000000000005E
:1016C000000000000000000000000000000000001A
:1016D0000000007F03FE181C6001800600180060F7
:1016E00001800600181C3FE07F00000000000000A1
:1016F0000000000000000000000000003000C003F7
:10170000000C00307FC3FF180C603180C603180C3A
:10171000603180C603180C3FF07FC000000000005D
:1017200000000000000000000000000000000000B9
:1017300000000000007F03FE180C603180C7FF1F0F
:10174000FC6001800600181C3FE07F0000000000E4
:101750000000000000000000000000000003F01F77
:10176000C06001800600FF03FC01800600180060D5
:1017700001800600180060018006001800000000CB
:101780000000000000000000000000000000000059
:10179000000000000000007FC3FF180C603180C60D
:1017A00003180C603180C603180C3FF07FC00300A3
:1017B0000C003000C3FE0FF00000000000000060CD
:1017C0000180060018006001FF07FE180C603180E0
:1017D000C603180C603180C603180C603180C0004D
:1017E00000000000000000000000000000000000F9
:1017F00003000C0030000000003C00F000C00300BB
:101800000C003000C003000C003000C00FC03F00CF
:1018100000000000000000000000000000000000C8
:101820000000600180060000000007801E00180014
:101830006001800600180060018006001800600149
:1018400080060C183060C181FC03E000000000003D
:1018500000003000C003000C003000C1C30E0C704B
:101860003380DC03E00F003E00DC03380C7030E016
:10187000C1C00000000000000000000000000000E7
:101880000000000F003C003000C003000C003000DE
:10189000C003000C003000C003000C003000C00F7B
:1018A000C03F000000000000000000000000000039
:1018B00000000000000000000000000001FF87FFA2
:1018C00018C663198C663198C663198C663198C640
:1018D00063198C60000000000000000000000000A0
:1018E0000000000000000000000000000001FF07F1
:1018F000FE180C603180C603180C603180C60318D6
:101900000C603180C00000000000000000000000FA
:101910000000000000000000000000000000007F48
:1019200003FE180C603180C603180C603180C603BA
:10193000180C3FE07F0000000000000000000000E5
:101940000000000000000000000000000000000196
:10195000FF07FE180C603180C603180C603180C68A
:1019600003180C7FE1FF06001800600180060018D4
:101970000000000000000000000000000000000067
:10198000007FC3FF180C603180C603180C603180E3
:10199000C603180C3FF07FC003000C003000C003EA
:1019A000000C00000000000000000000000000002B
:1019B00000019FC6FF1F007801C0060018006001EB
:1019C0008006001800600180000000000000000098
:1019D0000000000000000000000000000000000007
:1019E0000000007F03FE180C60018003FC07F80074
:1019F0003000C0031C0C3FE07F000000000000002E
:101A00000000000000000000000000060018006058
:101A100001800600FF03FC018006001800600180C1
:101A20000600180060018007E00F80000000000041
:101A300000000000000000000000000000000000A6
:101A4000000000000180C603180C603180C6031836
:101A50000C603180C603180C3FF07FC0000000000E
:101A60000000000000000000000000000000000076
:101A700000000000000180C603180C3060C183061E
:101A8000063018C06300D8036007001C0000000087
:101A90000000000000000000000000000000000046
:101AA00000000000000001806601980660198C6645
:101AB0003198C663198C663198C63FF07F8000006C
:101AC0000000000000000000000000000000000016
:101AD000000000000000000180C6031C1C38E077F5
:101AE00000F801C00F8077038E1C1C603180C0009D
:101AF00000000000000000000000000000000000E6
:101B000000000000000000000180C603180C6031D6
:101B100080C603180C603180C603180C3FF07FC0EC
:101B200003000C003000C3FE0FF0000000000000B6
:101B300000000000000000000001FFC7FF001C00C3
:101B4000E007003801C00E007003801C007FF1FF29
:101B5000C000000000000000000000000000000EB7
:101B6000007803800C003000C003000C00300180BE
:101B70001C0070006000C003000C003000C00300B7
:101B80000E001E00380000000000000000000000F1
:101B900060018006001800600180060018006001E6
:101BA00080060018006001800600180060018006B1
:101BB000001800600180000000000000000000002C
:101BC00003800F000E0018006001800600180060FE
:101BD00000C001C0070030018006001800600180CD
:101BE00006003803C00E00000000000000000000E6
:101BF00000000000000000000000000000000000E5
:101C0000000F0C7E318CC63F1878000000000000E9
:101C100000000000000000000000000000000000C4
:101C20000000000000001FC0FF8603180C60318018
:101C3000C603180C6031FFC7FF180C603180C60363
:101C4000180C603180C0000000000000000000009F
:101C5000000000000000007FE1FF86001800600126
:101C60008006001FF07FE180C603180C603180C63B
:101C700003180C7FE1FF00000000000000000000DE
:101C800000000000000000007FC1FF8603180C6008
:101C90003180C6061FF07FC1818603180C60318039
:101CA000C603180C7FE1FF000000000000000000E8
:101CB0000000000000000000007FF1FFC6001800D7
:101CC00060018006001800600180060018006001B5
:101CD0008006001800600180000000000000000085
:101CE0000000000000000000000007F03FC1830C6E
:101CF0000C603180C603180C603180C603180C607C
:101D00003180C603180CFFFBFFEC01B006C01800C1
:101D100000000000000000000000007FF1FFC6008E
:101D20001800600180060018007F81FE0600180080
:101D3000600180060018007FF1FFC0000000000075
:101D400000000000000000000000000063198C6625
:101D50003198C66319CCE3B707F80FC07F83B71C6F
:101D6000CE63198C663198C663198C600000000040
:101D7000000000000000000000000000001FC0FF85
:101D80008603180C003000C003000C0FE03F8003F6
:101D9000000C003000C603180C3FE07F000000007C
:101DA00000000000000000000000000000006031A2
:101DB00080C603180C603181C60F187C63B19CC6C5
:101DC000E31F0C7831C0C603180C603180C00000DE
:101DD000000000000000000018C07F00F800006054
:101DE0003180C603180C603181C60F187C63B19C2A
:101DF000C6E31F0C7831C0C603180C603180C000E8
:101E000000000000000000000000000000000000D2
:101E1000603181C60E187063819C06E01F00780156
:101E2000E007C01B8067018E061C1838607180C0F7
:101E300000000000000000000000000000000000A2
:101E40000007F03FC183060C183060C183060C18F0
:101E50003060C183060C183060C183060C3831C075
:101E6000C0000000000000000000000000000000B2
:101E7000000040098067039E1E7CF9BF667998C602
:101E800060198066019806601980660198066019DD
:101E90008060000000000000000000000000000062
:101EA000000000603180C603180C603180C6031842
:101EB0000C7FF1FFC603180C603180C603180C605C
:101EC0003180C000000000000000000000000000A1
:101ED000000000001FC0FF8603180C603180C6039D
:101EE000180C603180C603180C603180C603180CD2
:101EF0003FE07F0000000000000000000000000044
:101F000000000000007FF1FFC603180C603180C69E
:101F100003180C603180C603180C603180C60318AA
:101F20000C603180C00000000000000000000000D4
:101F30000000000000007FC1FF8603180C603180A4
:101F4000C603180C6031FF87FC1800600180060092
:101F50001800600180000000000000000000000088
:101F6000000000000000001FC0FF8603180C603155
:101F7000800600180060018006001800600180C61D
:101F800003180C3FE07F000000000000000000008C
:101F900000000000000000007FF9FFE03000C003F7
:101FA000000C003000C003000C003000C003000C27
:101FB000003000C003000C00000000000000000022
:101FC000000000000000000000603180C603180C13
:101FD000603180C603180C6030FFC1FF000C003078
:101FE00000C003000C3FE0FF000000000000000004
:101FF000000000000000003000C01FE0FFC6319864
:10200000C663198C663198C663198C663198C663AD
:10201000198C663198C63FF07F803000C000000008
:102020000000000000000000000000603180C306D6
:102030000C1818C06300D8036007001C00D80360A8
:1020400018C06303060C18603180C0000000000057
:10205000000000000000000000000000603180C6A9
:1020600003180C603180C603180C603180C6031859
:102070000C603180C603180C3FF87FE00180060039
:1020800018006000000000000000000000603180C7
:10209000C603180C603180C603180C3FF07FC003E4
:1020A000000C003000C003000C003000C000000035
:1020B00000000000000000000000000000006319A4
:1020C0008C663198C663198C663198C663198C6624
:1020D0003198C663198C663198C63FF87FE00000DE
:1020E000000000000000000000000000000000638D
:1020F000198C663198C663198C663198C663198C41
:10210000663198C663198C663198C63FFC7FF00033
:10211000C003000C003000000000000000000000C0
:10212000F003C003000C003000C003FE0FFC3018A9
:10213000C063018C063018C063018C063FF0FF803D
:10214000000000000000000000000000000000008F
:10215000006019806601980660198067F19FE6604B
:10216000D983660D983660D983660D98367F99FCC1
:1021700060000000000000000000000000000000FF
:1021800000006001800600180060018007FC1FF855
:10219000603180C603180C603180C603180C7FE1E3
:1021A000FF00000000000000000000000000000030
:1021B0000000001FC0FF8603180C003000C00300A1
:1021C0000C0FF03FC003000C003000C603180C3F9A
:1021D000E07F0000000000000000000000000000A0
:1021E0000000000061E18FC66199866619986661FA
:1021F00099867E19F866619986661998666199864E
:1022000063F1878000000000000000000000000073
:1022100000000000001FF0FFC603180C603180C6EC
:1022200003180C6030FFC1FF007C03B01CC0E30743
:102230000C3831C0C00000000000000000000000A9
:102240000000000000000000000000000000007F0F
:1022500001FE000C00307FC3FF180C603180C60304
:10226000180C3FF07FC000000000000000000000DC
:10227000000000000000001FC0FF06001800600002
:102280008001FC0FF8603180C603180C603180C6F5
:1022900003180C3FE07F0000000000000000000079
:1022A00000000000000000001F00FE070C18306056
:1022B000C18306181FF07FE180C603180C603180CF
:1022C000C6031C183FE07F00000000000000000073
:1022D00000000000000000000000000000000000FE
:1022E0000000FF03FE000C003000C1FE0FF0600193
:1022F00080060018003FE07F800000000000000022
:10230000000000000000000000003FC0FF8003004C
:102310000C00307FC3FF180C603180C603180C60BE
:102320003180C603180C3FE07F0000000000000071
:10233000000000000000000000000000000000009D
:10234000000000007F03FE180C603180C7FF1FFCF7
:102350006001800600181C3FE07F000000000000C4
:10236000000000000000000000000000000000006D
:1023700000000000018C663198C67338EDC1FE0381
:10238000F01FE0EDC73398C663198C6000000000B1
:10239000000000000000000000000000000000003D
:1023A0000000000000007F03FE1C0C003000C0FE97
:1023B00003F8003000C0031C0C3FE07F0000000069
:1023C000000000000000000000000000000000000D
:1023D0000000000000000180C603180C603180C6B8
:1023E00003180C603180C603181C3FF07EC000004B
:1023F00000000000000000000000000000000000DD
:10240000006301FC03E0000180C603180C6031800A
:10241000C603180C603180C603181C3FF07EC00054
:1024200000000000000000000000000000000000AC
:10243000000000000000000000C1C30E0C703380DB
:10244000DC03E00F003E00DC03380C7030E0C1C05C
:10245000000000000000000000000000000000007C
:10246000000000000000000000001FC0FF060C1864
:102470003060C183060C183060C183060C3831C04F
:10248000C00000000000000000000000000000008C
:1024900000000000000000000000010026019C0E6A
:1024A0007879F3E6FD99E66319806601980660196C
:1024B000806000000000000000000000000000003C
:1024C00000000000000000000000000180C60318AA
:1024D0000C603180C7FF1FFC603180C603180C60A0
:1024E0003180C0000000000000000000000000007B
:1024F000000000000000000000000000007F03FE5C
:10250000180C603180C603180C603180C603180CAB
:102510003FE07F000000000000000000000000001D
:102520000000000000000000000000000001FFC7E4
:10253000FF180C603180C603180C603180C6031888
:102540000C603180C00000000000000000000000AE
:10255000000000000000000000000000000001FF7B
:1025600007FE180C603180C603180C603180C6036A
:10257000180C7FE1FF0600180060018006001800BB
:10258000000000000000000000000000000000004B
:102590007F03FE181C6001800600180060018006A1
:1025A00000181C3FE07F0000000000000000000059
:1025B000000000000000000000000000000000001B
:1025C00001FFE7FF80C003000C003000C003000CD7
:1025D000003000C003000C000000000000000000FC
:1025E00000000000000000000000000000000000EB
:1025F000000180C603180C603180C603180C6031DE
:1026000080C603180C3FF07FC003000C003000C3ED
:10261000FE0FF000000000000000000000000000BD
:10262000C003007F83FF18C663198C663198C663A8
:10263000198C663198C63FF07F803000C0000000E2
:10264000000000000000000000000000000000008A
:102650000000000180C6031C1C38E07700F801C0B0
:102660000F8077038E1C1C603180C00000000000CA
:10267000000000000000000000000000000000005A
:10268000000000000180C603180C603180C60318EA
:102690000C603180C603180C3FF87FE00180060013
:1026A00018006000000000000000000000000000B2
:1026B00000000000000180C603180C603180C3FFD9
:1026C00007FC003000C003000C003000C000000018
:1026D00000000000000000000000000000000000FA
:1026E000000000000000018C663198C663198C66FA
:1026F0003198C663198C663198C63FF87FE00000B8
:1027000000000000000000000000000000000000C9
:1027100000000000000000018C663198C663198C2F
:10272000663198C663198C663198C63FFC7FF0000D
:10273000C003000C0030000000000000000000009A
:10274000000000000000000003C00F000C0030007B
:10275000FF03FE0C0C3030C0C3030C0C3FE0FF0045
:102760000000000000000000000000000000000069
:102770000000000000000000000180660198066073
:1027800019FC67F9983660D983660D98367F99FCF5
:1027900060000000000000000000000000000000D9
:1027A0000000000000000000000000C003000C005A
:1027B0003000FF03FE0C0C3030C0C3030C0C3FE0B4
:1027C000FF0000000000000000000000000000000A
:1027D0000000000000000000000000007F03FE1C5D
:1027E0000C003000C0FF03FC003000C0031C0C3F95
:1027F000E07F00000000000000000000000000007A
:102800000000000000000000000000000187863F7B
:10281000198666199866619F867E19986661998601
:1028200063F187800000000000000000000000004D
:1028300000000000000000000000000000007FC356
:10284000FF180C603180C6030FFC1FF00EC073032D
:102850008C1C30E0C00000000000000000000018E8
:10286000C063018C00007FF1FFC60018006001808A
:10287000060018007F81FE06001800600180060037
:1028800018007FF1FFC00000000000000000000001
:1028900000000000000000000063018C0630000012
:1028A0007F03FE180C603180C7FF1FFC60018006AB
:1028B00000181C3FE07F0000000000000000000046
:1028C000000000000000000061E18FC63318CC63F7
:1028D000F18787001C0079F1E7C6D81B6067819EED
:1028E000063818E06181860000000000000000004A
:1028F00000000C1820A224120000000000000000BC
:1029000000000000000000000000000000000000C7
:1029100000000000000000000000000000000000B7
:102920000000060060060060060060060060060009
:1029300060000000060060060000000000000000CB
:10294000000000198198198198090000000000001A
:102950000000000000000000000000000000000077
:102960000000000000000000000019819819819803
:102970007FE1981981981981987FE19819819819B8
:102980008000000000000000000000000060060160
:10299000F836C6666606603601F806C066066666E4
:1029A00036C1F806006000000000000000000000D2
:1029B000000000038C6CC6D86D83B0030060060075
:1029C000C00DC1B61B633631C0000000000000001E
:1029D0000000000000000E01B03183183181B00EFC
:1029E00001E633661C60C60C61C3361E6000000041
:1029F0000000000000000006006006006006000005
:102A000000000000000000000000000000000000C6
:102A1000000000000000000000000000C0180300DB
:102A20003006006006006006006006006006006078
:102A300006003003001800C0000000000000003055
:102A400001800C00C0060060060060060060060001
:102A5000600600600600C00C01803000000000002D
:102A600000000000000000000000060C3181B00EE4
:102A70000FFE0E01B031860C0000000000000000C7
:102A800000000000000000000000000000000060E6
:102A90000600600607FE06006006006000000000F9
:102AA0000000000000000000000000000000000026
:102AB0000000000000000000000000000000000016
:102AC0000600600600200200400000000000000038
:102AD00000000000000000000000000007FE0000F1
:102AE00000000000000000000000000000000000E6
:102AF00000000000000000000000000000000000D6
:102B00000000000000000000060060060000000059
:102B10000000000000000000000600600C00C0186B
:102B20000180300300600600C00C018018030030F3
:102B300006006000000000000000000000001F838D
:102B40000C60660660E61E6366666C6786706606E5
:102B500060630C1F80000000000000000000000007
:102B600000000600E01E036006006006006006002C
:102B7000600600600600603FC0000000000000002A
:102B80000000000000001F830C6066066060060005
:102B9000C0180300600C01803006007FE0000000D8
:102BA000000000000000000000001F830C606006B1
:102BB00000600600C0F800C00600600660630C1FDD
:102BC0008000000000000000000000000000006025
:102BD0000E01E0360660C61863066066066067FE92
:102BE000006006006000000000000000000000001F
:102BF00000007FE6006006006006007F800C006039
:102C00000600600660630C1F8000000000000000EA
:102C10000000000000001FC3006006006006007F87
:102C2000860C60660660660660630C1F800000000C
:102C3000000000000000000000007FE60660600663
:102C400000C00C018018030030060060060060061A
:102C500000000000000000000000000000001F83D2
:102C60000C60660660660630C1F830C6066066060F
:102C700060630C1F800000000000000000000000E6
:102C800000001F830C6066066066066063061FE036
:102C90000600600600600C3F80000000000000009D
:102CA00000000000000000000000000006006006B8
:102CB00000000000000000000600600600000000A8
:102CC0000000000000000000000000000000000004
:102CD000060060060000000000000000060060061C
:102CE0000020020040000000000000000000006022
:102CF0000C0180300600C01803001800C006003028
:102D000001800C00600000000000000000000000D6
:102D100000000000000000000007FE0000000000AE
:102D2000007FE00000000000000000000000000044
:102D30000000000000006003001800C00600300121
:102D4000800C0180300600C0180300600000000005
:102D5000000000000000000000001F830C606606F9
:102D600060600C0180300600600000000600600614
:102D700000000000000000000000000000001F83B1
:102D80000C60660663E66666666666666666663A52
:102D90006003001FE00000000000000000000000D1
:102DA00000001F830C6066066066066066067FE6AC
:102DB00006606606606606606000000000000000B5
:102DC0000000000000007F860C60660660660C7FD5
:102DD000860C60660660660660660C7F80000000F8
:102DE000000000000000000000001F830C60660669
:102DF00060060060060060060060060660630C1F47
:102E000080000000000000000000000000007F863D
:102E10000C606606606606606606606606606606AA
:102E200060660C7F800000000000000000000000D1
:102E300000007FE6006006006006006007F860069C
:102E4000006006006006007FE00000000000000057
:102E50000000000000007FE60060060060060060E1
:102E600007F86006006006006006006000000000D1
:102E7000000000000000000000001F830C606606D8
:102E800060060060063E60660660660660630C1FB2
:102E900080000000000000000000000000006066EC
:102EA000066066066066066067FE60660660660627
:102EB0006066066060000000000000000000000086
:102EC00000001F80600600600600600600600600CB
:102ED000600600600600601F800000000000000027
:102EE00000000000000003F00C00C00C00C00C004B
:102EF000C00C00C00C60C60C60C3181F00000000AE
:102F00000000000000000000000060660C618630D8
:102F10006606C07807007806C066063061860C60D9
:102F200060000000000000000000000000006006DB
:102F30000060060060060060060060060060060093
:102F40006006007FE00000000000000000000000BC
:102F50000000802C06E0EF1EDB6CE6C46C06C06C43
:102F600006C06C06C06C06C06000000000000000D7
:102F70000000000000006066066066067067866CF0
:102F8000666663661E60E6066066066060000000B6
:102F9000000000000000000000001F830C606606B7
:102FA00060660660660660660660660660630C1F03
:102FB00080000000000000000000000000007F868C
:102FC0000C60660660660660C7F860060060060072
:102FD000600600600000000000000000000000002B
:102FE00000001F830C606606606606606606606609
:102FF0000660660666633C1F800C006000000000EF
:103000000000000000007F860C60660660660660B7
:10301000C7F87806C066063061860C606000000064
:10302000000000000000000000001F830C6066002C
:103030006006003001F800C00600600660630C1FE7
:1030400080000000000000000000000000007FE0A1
:103050006006006006006006006006006006006012
:1030600006006006000000000000000000000000F4
:10307000000060660660660660660660660660665A
:103080000660660660630C1F800000000000000000
:1030900000000000000060660660660630C30C3069
:1030A000C30C1981981980F00F0060060000000021
:1030B00000000000000000000000C06C06C06C06AC
:1030C000C06C06C06C06C46CE6DB6F1EE0EC0680CC
:1030D000200000000000000000000000000060660A
:1030E0000630C30C1981980F00600F019819830CEA
:1030F00030C6066060000000000000000000000014
:10310000000060660630C30C1981980F00F00600BD
:10311000600600600600600600000000000000007D
:103120000000000000007FE00600600600C01803F9
:1031300000600C01803006006006007FE0000000A7
:103140000000000000000007C0600600600600608C
:10315000060060060060060060060060060060066B
:10316000006007C0000000000000000006006003CF
:10317000003001801800C00C006006003003001809
:1031800001800C00C0060060000000000000003E4E
:103190000060060060060060060060060060060031
:1031A000600600600600600600603E00000000004F
:1031B0000000000600F019830C60600000000000B1
:1031C00000000000000000000000000000000000FF
:1031D00000000000000000000000000000000000EF
:1031E00000000000000000000000000000000000DF
:1031F00000007FE0000000000000001800C0060092
:10320000300180000000000000000000000000000D
:1032100000000000000000000000000000000000AE
:1032200000000000000000003F800C0060061FE36B
:10323000066066066063061FE000000000000000F4
:103240000000000000006006006006007F860C6041
:10325000660660660660660660660C7F8000000099
:10326000000000000000000000000000000000005E
:103270001F830C60660060060060060060630C1F20
:10328000800000000000000000000000000000605E
:10329000060060061FE30660660660660660660656
:1032A0006063061FE0000000000000000000000056
:1032B00000000000000000001F830C6066066067CD
:1032C000FE6006006003061FC00000000000000052
:1032D00000000000000003E0600600603FC06006E0
:1032E0000060060060060060060060060000000046
:1032F00000000000000000000000000000000000CE
:103300001FE3066066066066066066066063061F69
:10331000E00600600600C3F8000000000000600640
:10332000006006007F860C606606606606606606C2
:103330006066066060000000000000000000000001
:1033400000000600600600001E0060060060060027
:10335000600600600600601F8000000000000000A2
:1033600000000000000000C00C00C00003C00C0002
:10337000C00C00C00C00C00C00C00C00C00C30C35E
:103380000C1980F000000000000030030030030042
:1033900030630C3183303603C036033031830C3058
:1033A00060000000000000000000000000001E009F
:1033B00060060060060060060060060060060060AF
:1033C0000600601F800000000000000000000000F8
:1033D00000000000000000007F866C66666666667E
:1033E000666666666666666660000000000000004D
:1033F0000000000000000000000000007F860C605C
:10340000660660660660660660660660600000002C
:1034100000000000000000000000000000000000AC
:103420001F830C60660660660660660660630C1F9C
:10343000800000000000000000000000000000000C
:10344000000000007F860C60660660660660660607
:1034500060660C7F860060060060060000000000C9
:1034600000000000000000001FE3066066066066C2
:10347000066066066063061FE006006006006006E0
:1034800000000000000000000000000067E6C078B7
:103490000700600600600600600600600000000093
:1034A000000000000000000000000000000000001C
:1034B0003FC6066006006003FC0060060066063F2B
:1034C000C0000000000000000000000000000C0030
:1034D000C00C00C07F80C00C00C00C00C00C00C03D
:1034E0000C00C007C0000000000000000000000049
:1034F000000000000000000060660660660660666E
:10350000066066066063061FE00000000000000021
:10351000000000000000000000000000606606607F
:10352000630C30C1981980F00F00600600000000A5
:10353000000000000000000000000000000000008B
:103540006066066066066666666666666666663F0E
:10355000C0000000000000000000000000000000AB
:103560000000000060660630C1980F00600F0198EF
:1035700030C606606000000000000000000000008F
:1035800000000000000000006066066066066066DD
:10359000066066066063061FE00600600600C3F86A
:1035A0000000000000000000000000007FE00600B6
:1035B000C0180300600C01803006007FE0000000AE
:1035C0000000000000000001C0300600600600603E
:1035D0000600600C01800C006006006006006006BA
:1035E000003001C00000000000000006006006007E
:1035F000600600600600600600600600600600606D
:1036000006006006006006000000000000000038B0
:1036100000C006006006006006006003001803009A
:10362000600600600600600600C038000000000070
:103630000000000000000000000000000000003C4E
:10364000666666663C0000000000000000000000A6
:10365000000000000000000000001F830C606606F0
:103660006066066066067FE606606606606606605F
:1036700060000000000000000000000000007FC6A5
:10368000006006006006007F860C606606606606C5
:1036900060660C7F80000000000000000000000059
:1036A00000007F860C60660660660C7F860C606694
:1036B0000660660660660C7F800000000000000067
:1036C0000000000000007FE6006006006006006069
:1036D0000600600600600600600600600000000052
:1036E000000000000000000000000FC18C30C30C7F
:1036F00030C30C30C30C30C30C30C30C30C30C7F50
:10370000E6066066060000000000000000007FE69C
:10371000006006006006006007F8600600600600B2
:103720006006007FE00000000000000000000000D4
:10373000000066666666666666636C1F80F01F83BF
:103740006C666666666666666000000000000000E3
:103750000000000000001F830C606006006006008F
:10376000C0F800C00600600660630C1F8000000007
:1037700000000000000000000000606606606606B1
:1037800060E61E6366666C67867066066066066045
:10379000600000000000000030C30C1F8000606665
:1037A0000660660660E61E6366666C67867066067F
:1037B000606606606000000000000000000000007D
:1037C000000060660C6186306606C07807007806E7
:1037D000C066063061860C606000000000000000DA
:1037E0000000000000000FE1863063063063063001
:1037F0006306306306306306306606C06000000072
:1038000000000000000000000000802C06E0EF1E19
:10381000DB6CE6C46C06C06C06C06C06C06C06C0EF
:103820006000000000000000000000000000606672
:10383000066066066066066067FE6066066066068D
:1038400060660660600000000000000000000000EC
:1038500000001F830C606606606606606606606690
:103860000660660660630C1F800000000000000018
:103870000000000000007FE60660660660660660E5
:1038800066066066066066066066066060000000A8
:10389000000000000000000000007F860C6066064B
:1038A00060660660C7F8600600600600600600609B
:1038B00000000000000000000000000000001F8366
:1038C0000C60660660060060060060060060060682
:1038D00060630C1F8000000000000000000000007A
:1038E00000007FE0600600600600600600600600E1
:1038F0006006006006006006000000000000000096
:1039000000000000000060660660660660660660F3
:1039100063061FE00600600600600C3F80000000A8
:10392000000000000000000000601F836C666666F7
:1039300066666666666666666666666666636C1F6B
:1039400080600000000000000000000000006066D1
:103950000630C30C1981980F00600F019819830C71
:1039600030C606606000000000000000000000009B
:103970000000606606606606606606606606606651
:10398000066066066063061FF00300300300000057
:103990000000000000006066066066066066063093
:1039A00061FE006006006006006006006000000026
:1039B00000000000000000000000666666666666A3
:1039C0006666666666666666666666666663661FE1
:1039D000E00000000000000000000000000066663B
:1039E0006666666666666666666666666666666677
:1039F0006663661FF0030030030000000000000053
:103A00000000E00E006006006007F860C606606611
:103A10000660660660660C7F800000000000000003
:103A2000000000000000C06C06C06C06C06FC6C677
:103A30006C36C36C36C36C36C36C66FC6000000029
:103A400000000000000000000000600600600600AA
:103A50006007F860C60660660660660660660C7FF2
:103A600080000000000000000000000000001F8334
:103A70000C6060060060060060FE006006006006E4
:103A800060630C1F800000000000000000000000C8
:103A90000000C7CCC6CC6CC6CC6CC6CC6FC6CC6C98
:103AA000C6CC6CC6CC6CC6C7C000000000000000CD
:103AB0000000000000001FE3066066066066063036
:103AC00061FE01E0360660C6186306606000000013
:103AD00000000000000000000000000000000000E6
:103AE0003F800C0060061FE30660660660630E1FE1
:103AF00060000000000000000000000000001FC384
:103B0000006006003001F830C60660660660660692
:103B100060630C1F80000000000000000000000037
:103B200000003F061860C60C60C6187F860C6066F1
:103B30000660660660660C3F800000000000000022
:103B40000000000000000000000000003FC0060070
:103B500060060063FC6006006006003FC0000000D5
:103B6000000000000000000000003F800C00600624
:103B70001FE30E60660660660660660660630C1FE3
:103B800080000000000000000000000000000000B5
:103B9000000000001F830C6066066067FE60060080
:103BA0006003061FC00000000000000000000000CD
:103BB000000000000000000066666666636C1F80FF
:103BC000F01F836C666666666000000000000000FF
:103BD0000000000000000000000000003FC60600DA
:103BE00060060060FC0060060066063FC000000042
:103BF00000000000000000000000000000000000C5
:103C00006066066066066066066066066063061F9C
:103C1000E00000000000000000000000000030C3D1
:103C20000C1F8000606606606606606606606606B9
:103C30006063061FE00000000000000000000000BC
:103C4000000000000000000030630C3183303603B8
:103C5000C036033031830C306000000000000000EB
:103C60000000000000000000000000000FE18630AE
:103C70006306306306306306306306606000000050
:103C80000000000000000000000000000000000034
:103C900040260670E79E6F66666066066066066090
:103CA00060000000000000000000000000000000B4
:103CB000000000006066066066066067FE606606DB
:103CC0006066066060000000000000000000000068
:103CD00000000000000000001F830C6066066066A4
:103CE0000660660660630C1F800000000000000094
:103CF0000000000000000000000000007FE60660F9
:103D00006606606606606606606606606000000023
:103D100000000000000000000000000000000000A3
:103D20007F860C60660660660660660660660C7FCD
:103D30008600600600600600000000000000000031
:103D4000000000001F830C60660060060060060033
:103D500060630C1F800000000000000000000000F5
:103D600000000000000000007FE060060060060028
:103D70006006006006006006000000000000000011
:103D80000000000000000000000000006066066007
:103D900066066066066066066063061FE0060060F1
:103DA0000600C3F8000000000000000000060060EC
:103DB0001F836C66666666666666666666636C1F0B
:103DC000806006000000000000000000000000000D
:103DD0000000000060660630C1980F00600F019877
:103DE00030C6066060000000000000000000000017
:103DF0000000000000000000606606606606606665
:103E0000066066066063061FF003003003000000D2
:103E10000000000000000000000000006066066076
:103E200066063061FE00600600600600600000006B
:103E30000000000000000000000000000000000082
:103E40006666666666666666666666666663661F5C
:103E5000E000000000000000000000000000000082
:103E6000000000006666666666666666666666668A
:103E70006663661FF00300300300000000000000CE
:103E800000000000000000007007003003F830C39D
:103E90000630630630630C3F800000000000000025
:103EA00000000000000000000000000060660660E6
:103EB00067C66666366366366366667C60000000C9
:103EC00000000000000000000000000000000000F2
:103ED0006006006007F061860C60C60C60C6187F43
:103EE00000000000000000000000000000000000D2
:103EF000000000001F830C6060060060FE0060068A
:103F000060630C1F80000000000000000000000043
:103F10000000000000000000C7CCC6CC6CC6CC6F0F
:103F2000C6CC6CC6CC6CC6C7C00000000000000048
:103F30000000000000000000000000003FE60660F6
:103F400066066063FE0360660C61863060000000F8
:103F5000000000001981981980007FE600600600CB
:103F60006006006007F86006006006006006007FDB
:103F7000E0000000000000000000000000001981C7
:103F8000981980001F830C6066066067FE6006005B
:103F90006003061FC00000000000000000000000D9
:103FA000000061C63663663661C60070073E7BE678
:103FB000B06F06706706306300000000000000006C
:103FC0000D2630043E25F807C03E03F01F81FC0F8C
:103FD000E0FF0FF87FC7FE3FF3EF9F7DF3FF9FF8F1
:103FE000FFC7FC3FE1FF8FFE7FF3EFDF3FF9FFC725
:103FF000FE1FF0FF83FC0FE07F01F807C03E01F0D9
:104000000F807C007C07C03E01E00E007003079823
:104010007C83C43E01E01F01F00F80F807C07C03E1
:10402000E01F00FC03E01F807E01F007C43E30F972
:1040300083EE1F787FC1FF0FFC3FE0DF867E13F029
:104040000FC001F807C03E00F003801CF067C31EDC
:1040500008F843C01F007C03E00F807C01F00F8054
:104060007C07E03E03E03F01F01F00F84F86F83781
:10407000C3FC3FC1FE1FE1FE0FB0FD0FF07F87FCC8
:10408000FFFFFFFFFF01FC0FE07F83FE1FF0FFC774
:10409000FE3EF9F7CF9F7CFFE3FF1FF87FC3FE3F93
:1040A000F3FF9FFDFBFF9FF8FFC7FC3FC1FE0FE042
:1040B0007E03F01F00F807C03FFFFFFFFFFC3C3C02
:1040C0003CDCDCDCFFFF00FF5F00FFFF4F004FFF29
:1040D0004FFF00FF4F0000FF4F004FFF00DF4F007A
:1040E000DFFFFF4F00004FFFFF00EF00DFEFFFEFAC
:1040F0000000EFFFEF00FFEFCF00FFD7004FD7002A
:10410000FFFFFFBEBEBEFFBE3CB4780000FF000054
:10411000B400BEBEFF6E6EC8F8E8009A9A0000FFB9
:10412000FF00A0A0FFB4FFA064A0FFFFFFD2D2D287
:10413000FFBE3CD2A00000FF0000D200BEBEFF7850
:1041400078DCF5F500BEBE0000FFFF00BEBEFFB488
:10415000FFBE64BEC8C8C8808080606060404040C8
:10416000C8C8C8686868F85000B050009C00007C5F
:104170000000F0000090000000D0000088000068FF
:104180000000480000D0000070000050FF0050A068
:104190000000900000700028FF002890E8C8007818
:1041A0007000805000603000E8B80088580000C8F7
:1041B000D000808800606800404800C8D000687067
:1041C000E800E8900090700070500050D800D87857
:1041D0000078FFFFFF808080606060404040C8C87A
:1041E000C8686868FF0000A800009C00007C000010
:1041F000F0000090000000FF000088000068000050
:10420000480000D0000070000000FF0000B0000077
:10421000900000700000F8000098FFFF0078700028
:10422000805000603000E8B80088580000FFFF00B0
:10423000808800606800404800C8D0006870FF00B7
:10424000FF900090700070500050E200E27800781B
:104250002A002300300039003800370036003500CE
:10426000340033003200310041746D656C205374AA
:104270007564696F20372E30004B56422D313662FF
:1042800069742D4C43440A41546D6567613132387D
:1042900000C0D3C4C8CE00C7C2D3CAC800D1D2C0E0
:1042A000D0D200C2CDC8C700D1C1D0CED100CDC0C0
:1042B000C7C0C400C2C8C4C5CE00C2C2C5D0D500E4
:1042C00020C2FBE2EEE4E8EC20E220F1F2F0EEEABC
:1042D000E520E2E5F9E5F1F2E2E5EDEDEEE520F7C6
:1042E000E8F1EBEE20F120E4EEE1E0E2EBE5EDE8D1
:1042F000E5EC20EDF3EBE5E92E200020D1FAE5F81E
:10430000FC20E5F9B820FDF2E8F520ECFFE3EAE84F
:10431000F520F4F0E0EDF6F3E7F1EAE8F520E1F35B
:10432000EBEEEA2C20E4E020E2FBEFE5E920E6E515
:1043300020F7E0FE2E00D2E5EAF1F220F120F2E5CE
:10434000EDFCFE00CFE5F0E5EDEEF120EFEE20F123
:10435000EBEEE2E0EC00C1EEF0F3E7E4EEE220CABF
:10436000EEEDF1F2E0EDF2E8ED0AF2E5EB2E202BB6
:1043700037203936352D3336332D34352D3239004B
:10438000CFF0E5E4F1F2E0E2EBFFE5F22C20E3F020
:10439000E0F4E8F7E5F1EAF3FE20E1E8E1EBE8EE2E
:1043A000F2E5EAF3204B564220312E302C20EDE08E
:1043B000EFE8F1E0EDEDF3FE20E8F1EAEBFEF7E8DF
:1043C000F2E5EBFCEDEE20E220F6E5EBEEF7E8F1AE
:1043D000EBE5EDEDEEE920ECE0F2E5ECE0F2E8EA09
:1043E000E520EDE020FFE7FBEAE5203C433E20E24C
:1043F000203C4743433E00303132330011241FBE7E
:10440000CFEFD0E1DEBFCDBF11E0A0E0B1E0E0E052
:10441000FDEE00E00BBF02C007900D92A430B10783
:10442000D9F721E0A4E0B1E001C01D92A539B2079F
:10443000E1F70E940B710C947E760C94000080933F
:104440000D01979896E395BB9698969A8130D1F195
:1044500098F18230D9F08330B1F4979A88E285BB25
:104460009698969A80910D018230C8F08FED91E078
:1044700090930A01809309018FE391E090930C01DE
:1044800080930B01089582E080930D01979A8BE24F
:1044900085BB9698969A80910D01823038F78FE30C
:1044A00091E090930A01809309018FED91E0909340
:1044B0000C0180930B010895979A8AE085BB96982A
:1044C000969AD0CF979A89E085BB9698969ACACF4C
:1044D0001F93CF93DF93182FE7E0F1E01082118252
:1044E00086838FEF84BB8ABB85BB8BBB8E9A8C9AED
:1044F000E4E6F0E08081816080838F9A8D9A8081EC
:1045000082608083959AC5E6D0E088818D7F88831C
:1045100094988881816088838FE39CE90197F1F703
:1045200000C0000088818E7F88839FEF20E782E0B3
:10453000915020408040E1F700C0000088818160F8
:1045400088839FEF2BED85E0915020408040E1F77C
:1045500000C0000081E1D9D09FEF2BED85E09150A4
:1045600020408040E1F700C0000080EDCED087E021
:10457000D1D082E4C6D088E1C4D081EDC6D080E03D
:10458000C9D087E0BED080E1BCD082EDBED081E052
:10459000C1D082E0B6D080ECB8D080E1BBD08BE354
:1045A000B0D080E0AED082E0ACD081E1AAD085EC82
:1045B000ACD080E0AFD088ECA8D080E0ABD082E374
:1045C000A0D086E39ED086E09CD086E09AD080E0A2
:1045D00098D087E396D085E794D087E792D084E59A
:1045E00090D08CE08ED080E08CD0812F28DF8AE3C1
:1045F0008CD085E58FD089E288D09FEF2BED85E0C8
:10460000915020408040E1F700C0000080E0C2D41B
:104610009FEF22E587E0915020408040E1F700C005
:104620000000888182608883949ADF91CF911F91E6
:1046300008959498979823E325BB9698969A979A0D
:1046400095BB9698969A85BB9698969A75BB9698C0
:10465000969A65BB9698969A55BB9698969A45BB3E
:104660009698969A949A08959498979827E325BBDC
:104670009698969A979A95BB9698969A85BB96988F
:10468000969A949A08959498E5E6F0E080818D7F5B
:10469000808388E23AD02FEF89EF90E0215080406C
:1046A0009040E1F700C0000080E12BD02FEF8BEDB0
:1046B00095E0215080409040E1F700C00000949ABE
:1046C0000895949881E121D02FEF8BED95E0215052
:1046D00080409040E1F700C0000089E212D02FEF47
:1046E00089EF90E0215080409040E1F700C0000049
:1046F0008CE207D0E5E6F0E0808182608083949AC6
:10470000089585BB9698969A0895979885BB969834
:10471000969A0895979A85BB9698969A0895979831
:104720002AE225BB9698969A979A95BB9698969A60
:1047300085BB9698969A95BB9698969A85BB9698BF
:10474000969A97988BE285BB9698969A979A75BB9E
:104750009698969A65BB9698969A75BB9698969AEF
:1047600065BB9698969A97988CE285BB9698969A90
:10477000979A50E0FA01EE0FFF1FE15FFE4F808134
:104780008BBB440F551FFA01E95FFE4F878185BB44
:104790009698969A08950F931F939798EAE2E5BB2F
:1047A0009698969A979A95BB9698969A85BB96985E
:1047B000969A55BB9698969A45BB9698969A9798CE
:1047C0009BE295BB9698969A979A75BB9698969AFF
:1047D00065BB9698969A35BB9698969A25BB9698FF
:1047E000969A97989CE295BB9698969A979A10E01D
:1047F000F801EE0FFF1FE15FFE4F90819BBB000FA2
:10480000111FF801E95FFE4F978195BB481B2F5F91
:104810003F4F261B370B429F200D11249698969AE6
:104820002150E1F71F910F910895EF920F93979800
:10483000EAE2E5BB9698969A979A95BB9698969ACF
:1048400085BB9698969A55BB9698969A45BB96982E
:10485000969A97989BE295BB9698969A979A75BB6D
:104860009698969A65BB9698969A35BB9698969A1E
:1048700025BB9698969A97989CE295BB9698969A9F
:10488000979A0BBBE5BA481B2F5F3F4F261B370B90
:10489000429F200D11249698969A2150E1F70F918E
:1048A000EF9008950F931F93D90197982AE225BBA3
:1048B0009698969A979A95BB9698969A85BB96984D
:1048C000969A55BB9698969A45BB9698969A9798BD
:1048D0002BE225BB9698969A979A75BB9698969ACE
:1048E00065BB9698969AB5BB9698969AA5BB9698EE
:1048F000969A97982CE225BB9698969A979A10E0EC
:10490000F801EE0FFF1FE15FFE4F20812BBB000F70
:10491000111FF801E95FFE4F278125BB4F5F5F4FF5
:104920009A01281B390B1196A61BB70B0E94F27334
:104930008B019C0144E036952795179507954A957C
:10494000D1F76F700115110541F19698969A9698D6
:10495000969A9698969A9698969A9698969A9698DF
:10496000969A9698969A9698969A9698969A9698CF
:10497000969A9698969A9698969A9698969A9698BF
:10498000969A9698969A9698969A01501109E9F6F1
:10499000662329F09698969A61506111FBCF1F917A
:1049A0000F910895EF920F931F93D90197982AE2E0
:1049B00025BB9698969A979A95BB9698969A85BB9A
:1049C0009698969A55BB9698969A45BB9698969ABD
:1049D00097982BE225BB9698969A979A75BB9698CE
:1049E000969A65BB9698969AB5BB9698969AA5BBEB
:1049F0009698969A97982CE225BB9698969A979AAD
:104A00000BBBE5BA4F5F5F4F9A01281B390B11961C
:104A1000A61BB70B0E94F2738B019C0184E03695B4
:104A20002795179507958A95D1F76F700115110590
:104A300041F19698969A9698969A9698969A9698FC
:104A4000969A9698969A9698969A9698969A9698EE
:104A5000969A9698969A9698969A9698969A9698DE
:104A6000969A9698969A9698969A9698969A9698CE
:104A7000969A01501109E9F6662329F09698969ABC
:104A800061506111FBCF1F910F91EF9008952F920C
:104A90003F924F925F926F927F928F929F92AF92CE
:104AA000BF92CF92DF92EF92FF920F931F93CF931B
:104AB000DF93CDB7DEB762970FB6F894DEBF0FBEB7
:104AC000CDBF49832A83D701882309F4B6C1862F35
:104AD00090E09C01220F331F820F931F880F991FB4
:104AE000FC01E254FF4B6491687FFC01E154FF4BF1
:104AF00054915C7FFC01E054FF4B3491387FFC0102
:104B0000EF53FF4B4491487FFC01EE53FF4B249140
:104B10002C7FFC01ED53FF4BE491E87F862F90E062
:104B20009F838E83642F70E07D836C83861B970B3D
:104B30009695982F8827979587959A8B898B852F9F
:104B400090E099878887422E512C84199509AC01F1
:104B50005695542F4427579547955E874D87632F69
:104B600070E07B876A872E2E312CCB018219930946
:104B70009C013695322F222737952795388B2F8722
:104B800039813323F1F040910D014B83413009F419
:104B90008BC108F4A1C1423009F493C1433009F03C
:104BA00078C1E0900B01F0900C0147018A189B0836
:104BB000EA1AFB0A80E043DC56016701D801840150
:104BC00001C01B8235015FEF651A750A6A1A7B0AFC
:104BD00076016FEFE61AF60AE01AF10A97988AE270
:104BE00085BB9698969A979A15BB9698969A05BB08
:104BF0009698969AD5BA9698969AC5BA9698969A8D
:104C000097988BE285BB9698969A979AB5BB96989B
:104C1000969AA5BB9698969AB5BA9698969AA5BA7A
:104C20009698969A97988CE285BB9698969A979ABA
:104C30007A81723008F4D3C0262D21702C8743016D
:104C40009694879489899A89B4010E94BD735B0107
:104C50008D859E85B4010E94BD737E876D878F858B
:104C60009889B4010E94BD733A81DD24D394323017
:104C700009F4CEC04E815F815695542F4427579535
:104C80004795288539853695322F222737952795E0
:104C9000EA85FB85F695FE2FEE27F795E79500E070
:104CA000D701B295A295AF70AB27BF70AB271E2D71
:104CB0001F70CC24C3945C841B01CA0188279C7795
:104CC000880F892F881F990B7901EE2460E7F6225F
:104CD0009F2D9595959595959595892B8BBBCF0196
:104CE00088279C77F92EF594F594C90188279E7042
:104CF000959587959595879595958795959587959C
:104D00008F2985BB109719F1CD019698969A9698A0
:104D1000969A9698969A9698969A9698969A96981B
:104D2000969A9698969A9698969A9698969A96980B
:104D3000969A9698969A9698969A9698969A9698FB
:104D4000969A9698969A9698969A0197F1F61123C4
:104D500029F0812F9698969A8150E1F771E0671AB1
:104D60007108DD2019F068147904A1F1002349F1DC
:104D70004A0D5B1D8D859E85280F391FE20DF31DA1
:104D800001E06114710409F098CF7981711167C055
:104D900062960FB6F894DEBF0FBECDBFDF91CF9104
:104DA0001F910F91FF90EF90DF90CF90BF90AF9049
:104DB0009F908F907F906F905F904F903F902F903B
:104DC00008954A195B096D857E85261B370BE2190C
:104DD000F309D7CF0C255110C9CFD12CD2CF898957
:104DE0009A89B3010E94BD735B018D859E85B301D5
:104DF0000E94BD737E876D878F859889B3010E945D
:104E0000BD738A81811185C01C86D12C812C912C87
:104E10004C815D815695542F4427579547959201B3
:104E20003695322F222737952795F101F695FE2FDB
:104E3000EE27F795E79501E033CF862F90E0FC0150
:104E4000EE0FFF1FE80FF91FEE0FFF1FE95FFE4F88
:104E50006789508D318D428D238DE48D5FCE8B819E
:104E600062960FB6F894DEBF0FBECDBFDF91CF9133
:104E70001F910F91FF90EF90DF90CF90BF90AF9078
:104E80009F908F907F906F905F904F903F902F906A
:104E9000D6CA9C2D8D2D6501A92EB82E902F812F5D
:104EA0008D01A92FB82F8ECE809107018130E1F0BE
:104EB00045013D0183E0C3DA56016401D801830155
:104EC00081CEE0900B01F0900C0147018A189B08FD
:104ED000EA1AFB0A81E06FCE80910701813071F000
:104EE00045013D0182E0E7CF80900B0190900C01DD
:104EF00034016A187B088A1A9B0ADCCF80900B0168
:104F000090900C0134016A187B088A1A9B0A82E08F
:104F1000D2CF812C912CD12C1C86ACCE30E0F90163
:104F2000EE0FFF1FE15FFE4F887F962F92959695BB
:104F30009770892B8083220F331FF901E95FFE4FA1
:104F40006C71660F660F660F469546954695642B05
:104F500067830895CF92DF92EF920F93D12CF601E1
:104F6000EE0FFF1FEC0DFD1DEE0FFF1FE95FFE4F63
:104F7000887F878B6C7F608F487F418F287F228F4F
:104F80000C7F038F8E2D887F848F0F91EF90DF90A1
:104F9000CF9008950F939498E7E0F1E02481358154
:104FA00042815381082F60E070E080E090E07ADC7D
:104FB000949A0F910895AF92BF92CF92DF92EF92A1
:104FC000FF920F931F939498E7E0F1E0A480B580DF
:104FD000C280D380E12CF12C00E010E058DD949ADF
:104FE0001F910F91FF90EF90DF90CF90BF90AF9007
:104FF0000895AF92BF92CF92DF92EF92FF920F93FC
:105000001F939E2DAC2DBA2D2115310511F0215085
:1050100031090115110511F0015011096901C60E80
:10502000D71EE0910901F0910A01EC15FD0550F041
:105030005801A40EB51EE0910B01F0910C01EA1588
:10504000FB0548F41F910F91FF90EF90DF90CF90F8
:10505000BF90AF90089594987A018B012B2F4A2F1F
:10506000692F15DD949AEECF9F92AF92BF92CF92A7
:10507000DF92EF92FF920F931F93CF93DF93182F3E
:10508000962EE0900901F0900A018FEFE81AF80AD5
:10509000C0900B01D0900C019FEFC91AD90A8091E2
:1050A0000D0140E050E0823008F469C0B70180E0B3
:1050B00090E0BFDA80910801811151C080910D010B
:1050C000C0E0D0E08230D0F1092D960141E050E0FF
:1050D00060E070E0111118C0CE0101970E94A1326A
:1050E000CE01C2DA8FE99FE00197F1F700C000001E
:1050F0002196EC16FD06A8F1092D960141E050E03D
:1051000060E070E0112341F35701AC1ABD0AC501FC
:105110000E94A132C501A8DAE5CFBE0180E090E08F
:105120000E94A132CE01A0DA8FE99FE00197F1F74A
:1051300000C000002196CC16DD0698F0092D21E074
:1051400030E0A701112349F35601AC1ABD0AB5019D
:1051500080E090E00E94A132C50186DAE5CF81307F
:1051600099F080E090E0DF91CF911F910F91FF9037
:10517000EF90DF90CF90BF90AF909F9075CAB6012F
:1051800080E090E056DA96CF80910D01811127C022
:10519000C0E0D0E013C0BE016150710980E090E032
:1051A0000E94A132CE0160DA8FE99FE00197F1F70A
:1051B00000C000002196CC16DD0698F2092D21E0F2
:1051C00030E0A701112339F35601AC1ABD0AB5012D
:1051D00080E090E00E94A132C50146DAE5CF81303F
:1051E00009F44FC0823039F1833009F0BACFC0E002
:1051F000D0E010C0CE010E94A132CE0135DA8FE995
:105200009FE00197F1F700C000002196EC16FD0623
:1052100008F4A7CF092D960141E050E060E070E06E
:10522000112341F35701AC1ABD0AC5010E94A132F6
:10523000C5011ADAE4CF5701C0E0D0E014C0CE01B6
:1052400001970E94A132C5010FDA8FE99FE0019713
:10525000F1F700C00000219691E0A91AB108EC1600
:10526000FD0608F47ECF092D960141E050E060E094
:1052700070E0112321F3C5010E94A132CE01F4D9BF
:10528000E4CF5601C0E0D0E017C0BE016150710903
:1052900080E090E00E94A132C501E6D98FE99FE04D
:1052A0000197F1F700C00000219691E0A91AB1081A
:1052B000CC16DD0608F455CF092D21E030E0A7011A
:1052C000112319F3B50180E090E00E94A132CE01D4
:1052D000CBD9E4CF2F923F924F925F926F927F9201
:1052E0008F929F92AF92BF92CF92DF92EF92FF92F6
:1052F0000F931F93CF93DF9300D000D0CDB7DEB7CD
:10530000A0910901B0910A014D018A179B0708F489
:105310004C01BA83A9834A175B0710F45A83498367
:10532000E0910B01F0910C01CF016E177F0708F49B
:10533000CB012E173F0708F4F90129803A80821427
:10534000930408F0D2C0281839083C822B82EE243E
:10535000E394F12C8E179F0708F0C0C0BF01681BB3
:10536000790BCC24C394D12C10E09801220F331F69
:10537000215F3E4FD901AC90000F111F095F1E4FF6
:10538000D8011796BC9094982B803C80232809F074
:1053900059C009811A810815190528F4382D292DBD
:1053A000480139832A83E817F90708F42AC1979836
:1053B0002AE225BB9698969A979A95BA9698969AC5
:1053C00085BA9698969A1A8115BB9698969A2981CD
:1053D00025BB9698969A97982BE225BB9698969A15
:1053E000979A95BB9698969A85BB9698969AF5BB90
:1053F0009698969AE5BB9698969A97988CE285BB74
:105400009698969A979AABBAB5BA9698969A61502A
:105410007109D8F7949A0F900F900F900F90DF9129
:10542000CF911F910F91FF90EF90DF90CF90BF90A1
:10543000AF909F908F907F906F905F904F903F9034
:105440002F9008956115710509F05AC049815A815C
:105450004815590528F4382D292D4A0139832A8306
:10546000E817F90708F4D3C097982AE225BB969865
:10547000969A979A95BA9698969A85BA9698969A81
:105480005A8155BB9698969AA981A5BB9698969AEB
:1054900097982BE225BB9698969A979A95BB9698E3
:1054A000969A85BB9698969AF5BB9698969AE5BB80
:1054B0009698969A97988CE285BB9698969A979A22
:1054C000ABBAB5BA9698969A0B811C810150110916
:1054D0001C830B830F3F1F4FA9F79CCFBC016E1B92
:1054E0007F0BCC24CA94DC2C3FCF940149815A8194
:1054F000241B350B3C832B83EE24EA94FE2C2ACF0D
:10550000A4019C018B819C816817790709F485C0EF
:10551000AB81BC81A617B70708F0D2C0DB01B695F6
:10552000A795B195A195B1097C2C88248A94820E07
:10553000C9018A01912C312C0F2EFAE26F2EF02D29
:105540000F2EFBE25F2EF02D0F2EFCE24F2EF02DE2
:1055500031101CC02E173F07C9F091105CCF992461
:1055600093942E173F0709F0912C2C0D3D1D2B8095
:105570003C80A20DB31DB7FDA0C04E0D5F1DA61B44
:10558000B70B33243394870C332021F3979865BAF3
:105590009698969A979A15BB9698969A05BB969860
:1055A000969A15BB9698969A05BB9698969A979850
:1055B00055BA9698969A979A821793070CF064C0FA
:1055C00095BB9698969A85BB9698969A89010150B4
:1055D000110915BB9698969A85BA9698969A9798B7
:1055E00045BA9698969A979A1901281A390AC101CC
:1055F000ABBAB5BA9698969A0197E1F7C9018A01B4
:10560000ACCF382F292FCF01E32FF22FD0CE382F58
:10561000292FCF01E32FF22F27CF6AE29BE28CE202
:1056200004C04E0D5F1D2C0D3D1D979865BB9698CF
:10563000969A979A55BB9698969A45BB9698969A3D
:1056400055BB9698969A45BB9698969A979895BB0F
:105650009698969A979A35BB9698969A25BB96985F
:10566000969A35BB9698969A25BB9698969A97984F
:1056700085BB9698969A979AABBAB5BA9698969A29
:10568000E217F30771F6C6CE89010F5F1F4F15BBF6
:105690009698969A12E0180D15BB9698969A95BB17
:1056A0009698969A85BB9698969A979845BA9698A2
:1056B000969A979A821B930B9BCF312C870C64CFC1
:1056C000EB81FC81F695E795F195E195F1097E2C4A
:1056D00088248A94840E2901CA01912C10E0AAE240
:1056E0006A2EBBE23B2E0CE2202E11111FC0098155
:1056F0001A8104171507D1F091108DCE9924939437
:1057000009811A814017510709F0912C4E0D5F1D38
:10571000E60FF71FF7FD6EC02C0D3D1DAB81BC8160
:10572000EA1BFB0B11E0870C112309F3979865BA6C
:105730009698969A979A8417950794F595BB96989C
:10574000969A85BB9698969A8A010150110915BBC5
:105750009698969A85BA9698969A979835BA969802
:10576000969A979A55BA9698969A45BA9698969A0E
:1057700055BA9698969A45BA9698969A979825BA51
:105780009698969A979ADA01A81BB90BCD01ABBAF5
:10579000B5BA9698969A0197E1F72901CA01ACCF5C
:1057A0008A010F5F1F4F15BB9698969A12E0180D4D
:1057B00015BB9698969A95BB9698969A85BB96989F
:1057C000969A979835BA9698969A979A55BA9698BF
:1057D000969A45BA9698969A55BA9698969A45BAD0
:1057E0009698969A979825BA9698969A979A841B1F
:1057F000950BCDCF10E0870C97CF2F923F924F9211
:105800005F926F927F928F929F92AF92BF92CF9250
:10581000DF92EF92FF920F931F93CF93DF9300D00D
:1058200000D0CDB7DEB7E0910901F0910A01FA830B
:10583000E9835F018E179F0708F45C0189819A81D3
:105840004817590710F45A834983E0910B01F091EE
:105850000C01AF016E177F0708F4AB01FC83EB83EB
:105860002E173F0710F43C832B83E981FA81AE1693
:10587000BF0608F0EBC0DF01AA19BB09EE24E394D0
:10588000F12C8B819C814817590708F0D6C09C01E8
:10589000241B350BCC24C394D12C10E0C801880FF5
:1058A000991F815F9E4FFC018080000F111F095FCF
:1058B0001E4FF80197809498109709F069C00981EC
:1058C0001A810A151B0528F49A2D8B2D58019983EE
:1058D0008A838B819C818417950708F446C1979829
:1058E0008AE285BB9698969A979AB5BA9698969AB0
:1058F000A5BA9698969A89819A81019695BB9698B1
:10590000969A99819F5F95BB9698969A97988BE205
:1059100085BB9698969A979A55BB9698969A45BB4A
:105920009698969A8B819C81019695BB9698969AAB
:10593000EB81EF5FE5BB9698969A97988CE285BBD2
:105940009698969A979A8BBA95BA9698969A9698A8
:10595000969A9698969A9698969A21503109A8F711
:10596000949A0F900F900F900F90DF91CF911F910D
:105970000F91FF90EF90DF90CF90BF90AF909F90EE
:105980008F907F906F905F904F903F902F900895F1
:105990002115310509F063C0E981FA81EA15FB059B
:1059A00028F49A2D8B2D5F0199838A830B811C81AA
:1059B0000417150708F4E0C097988AE285BB96980B
:1059C000969A979AB5BA9698969AA5BA9698969AEC
:1059D00089819A81019695BB9698969A99819F5F45
:1059E00095BB9698969A97988BE285BB9698969ACF
:1059F000979A55BB9698969A45BB9698969A8B819E
:105A00009C81019695BB9698969AEB81EF5FE5BBDA
:105A10009698969A97988CE285BB9698969A979ABC
:105A20008BBA95BA9698969A9698969A9698969AC8
:105A30009698969A1197B0F793CF9A01EB81FC81D3
:105A40002E1B3F0BCC24CA94DC2C27CFD5012981F7
:105A50003A81A21BB30BEE24EA94FE2C12CFB501BF
:105A60002A173B0709F48EC0A217B30708F0F7C046
:105A7000F901F695E795882799278E1B9F0B9A8346
:105A800089835C2C66246394640ECA01712C10E037
:105A9000EAE24E2EFBE23F2E0CE2202E111123C033
:105AA000EB81FC814E175F07F1F071105ACF77241C
:105AB0007394EB81FC814E175F0709F0712C4C0D3C
:105AC0005D1D09811A810A0F1B1F1A83098317FDA7
:105AD000C3C06E0D7F1D021B130B1A83098311E0D7
:105AE000650C1123E9F2979845BA9698969A979A79
:105AF000B5BA9698969AA5BA9698969A85010F5F28
:105B00001F4F15BB9698969AA394A5BA9698969A05
:105B1000979835BA9698969A979A841795070CF0A5
:105B20007FC095BB9698969A85BB9698969A55BBDA
:105B30009698969A45BB9698969A979825BA96986D
:105B4000969A979A8A01081B190BC8018BBA95BAC5
:105B50009698969A9698969A9698969A9698969ACD
:105B60000197B1F7CA015B01A0CF942F852F4B811C
:105B70005C819B838C83B3CE942F852FA8019B835C
:105B80008C831ACF1E2D91E09A0DEC2D81E0840FAD
:105B9000FAE2BBE2ACE204C06E0D7F1D4C0D5D1D50
:105BA0009798F5BB9698969A979A75BB9698969AF9
:105BB00065BB9698969A9B012F5F3F4F35BB969891
:105BC000969A95BB9698969A9798B5BB9698969AFA
:105BD000979A55BB9698969A45BB9698969A9A012D
:105BE0002F5F3F4F35BB9698969A85BB9698969AAD
:105BF0009798A5BB9698969A979A8BBA95BA9698C5
:105C0000969A9698969A9698969A9698969A910FAA
:105C10008E0F2B813C812417350709F0BDCFA0CE14
:105C20008A010F5F1F4F15BB9698969A65BA969892
:105C3000969A8C010F5F1F4F15BB9698969A11E0AC
:105C4000180F15BB9698969A979825BA9698969A93
:105C5000979A841B950B7ACF10E0650C42CFFD011B
:105C6000F695E795F195E195F1095E2C662463942C
:105C70006A0C5A01CB01712C10E00AE2402E0BE2B3
:105C8000302E0CE2202E11111DC009811A81061739
:105C90001707C1F0711065CE7724739409811A81BA
:105CA0006017710709F0712C6E0D7F1DE20FF31F55
:105CB000F7FD7CC04C0D5D1DEA1BFB0B11E0650C74
:105CC000112319F3979845BA9698969A979A86173A
:105CD0009707DCF595BB9698969A85BB9698969A09
:105CE00075BB9698969A65BB9698969A979835BA8A
:105CF0009698969A979AB5BA9698969AA5BA9698BB
:105D0000969A85010F5F1F4F15BB9698969AA3949C
:105D1000A5BA9698969A979825BA9698969A979A29
:105D20008B01081B190BC801870D911D8BBA95BA01
:105D30009698969A9698969A9698969A9698969AEB
:105D40000197B1F75A01CB01A5CF8B010F5F1F4F10
:105D500015BB9698969A65BA9698969A8C010F5F9D
:105D60001F4F15BB9698969A11E0180F15BB969881
:105D7000969A979835BA9698969A979AB5BA9698A9
:105D8000969AA5BA9698969A85010F5F1F4F15BBF4
:105D90009698969AA394A5BA9698969A979825BAA3
:105DA0009698969A979A861B970BC0CF10E0650C31
:105DB00087CF2F923F924F925F926F927F928F92F6
:105DC0009F92AF92BF92CF92DF92EF92FF920F938A
:105DD0001F93CF93DF9300D000D000D0CDB7DEB7B4
:105DE000C0900901D0900A0146018C159D0508F468
:105DF0004C014C155D0508F46A01E0910B01F0912E
:105E00000C01AF016E177F0708F4AB012E173F0797
:105E100008F4F9018C149D0408F0F7C096012819C4
:105E200039093E832D8381E090E09A8389834E1760
:105E30005F0708F0E3C09F01241B350BEE24E394B9
:105E4000F12C10E0C801880F991F815F9E4FDC0183
:105E5000BC90000F111F095F1E4FD8011796AC9020
:105E600094988D819E81892B09F06EC0C814D90445
:105E700028F4982D892D4601C92ED82EE417F50750
:105E800008F467C197988AE285BB9698969A979A84
:105E900095BA9698969A85BA9698969AC601029659
:105EA00095BB9698969AC394C394C5BA9698969AB9
:105EB00097988BE285BB9698969A979A55BB969839
:105EC000969A45BB9698969ACF01029695BB96985E
:105ED000969AEE5FE5BB9698969A97988CE285BB6A
:105EE0009698969A979ABBBAA5BA9698969A9698C3
:105EF000969A9698969A9698969A9698969A96982A
:105F0000969A9698969A9698969A9698969A2150D6
:105F1000310958F7949A26960FB6F894DEBF0FBE53
:105F2000CDBFDF91CF911F910F91FF90EF90DF9048
:105F3000CF90BF90AF909F908F907F906F905F9029
:105F40004F903F902F9008952115310509F067C0BB
:105F5000C814D90428F4982D892D4601C92ED82EAD
:105F6000E417F50708F4FBC097988AE285BB96987A
:105F7000969A979A95BA9698969A85BA9698969A76
:105F8000C601029695BB9698969AC394C394C5BAD7
:105F90009698969A97988BE285BB9698969A979A38
:105FA00055BB9698969A45BB9698969ACF010296BD
:105FB00095BB9698969AEE5FE5BB9698969A9798B9
:105FC0008CE285BB9698969A979ABBBAA5BAAD8192
:105FD000BE819698969A9698969A9698969A96983A
:105FE000969A9698969A9698969A9698969A969839
:105FF000969A9698969A119760F78CCF9A012E1BD5
:106000003F0BEE24EA94FE2C1CCFD401AC19BD0941
:10601000BE83AD832FEF3FEF3A83298308CFB401CE
:106020008D819E812817390709F49FC08D819E813B
:106030008217930708F020C18901169507951195DD
:10604000019511092A019FEF491A590A3E2C88240B
:106050008394840ECA013B01912CD12CBAE22B2EE1
:106060003C832B83AD81BE811EC04E175F07E9F0D4
:10607000911051CF992493944E175F0709F0912CFA
:106080004E0D5F1D0A0F1B1F17FDF4C029813A81B9
:10609000620F731F2B813C81021B130BDD24D394F1
:1060A0004E0C5F1C830CDD2001F3979825BA96985F
:1060B000969A979A75BA9698969A65BA9698969A75
:1060C0006301841795070CF0A8C022E0C20ED11C12
:1060D000D5BA9698969A6394639465BA9698969A68
:1060E00097983BE235BB9698969A979A95BB969867
:1060F000969A85BB9698969A55BA9698969A85BA26
:106100009698969A97982CE225BB9698969A979A85
:106110009A01281B390BC901BBBAA5BA2B813C8156
:106120009698969A9698969A9698969A9698969AF7
:106130009698969A9698969A9698969A9698969AE7
:106140009698969A019761F73C832B83CA013B018D
:106150008FCF942F852FAF01E92FF82F93CE942F57
:10616000852FAF01E92FF82FFFCED98092E0980D4F
:106170000E2D82E0840F1AE2BBE2ACE206C0298158
:106180003A81620F731F4E0D5F1D979815BB96984D
:10619000969A979A75BB9698969A65BB9698969A92
:1061A0009B012E5F3F4F35BB9698969A95BB96986C
:1061B000969A9798B5BB9698969A979A55BB969843
:1061C000969A45BB9698969A9A012E5F3F4F35BB9B
:1061D0009698969A85BB9698969A9798A5BB969806
:1061E000969A979ABBBAA5BA9698969A9698969ABE
:1061F0009698969A9698969A9698969A9698969A27
:106200009698969A9698969A9698969A9D0D800F3B
:10621000E417F50709F0B3CF7DCE32E0C30ED11CF1
:10622000D5BA9698969A6394639465BA9698969A16
:1062300097982BE225BB9698969A979A55BA969876
:10624000969A85BA9698969A6C0132E0C30ED11C44
:10625000D5BA9698969A22E0D22ED80ED5BA9698AC
:10626000969A97982CE225BB9698969A979A841BB3
:10627000950B52CFD12C14CFED81FE81F695E79589
:10628000F195E195F10924018FEF481A580A3980F8
:1062900001E0080D3A0110E080E09AE2292E8B839C
:1062A000AD81BE811DC0C616D706E9F0111133CEEF
:1062B00011E06C157D0509F010E089819A81680F65
:1062C000791FE20FF31FF7FD8FC04E0D5F1DEA1B14
:1062D000FB0B91E09B8389819A81480E591E030D27
:1062E0009B81992301F3979825BA9698969A979A45
:1062F000861697060CF049C095BA9698969A85BA74
:106300009698969A55BA9698969A05BB9698969AA4
:1063100097988BE285BB9698969A979A75BA9698B5
:10632000969A65BA9698969AC301029695BB9698E6
:10633000969A6394639465BA9698969A97989CE215
:1063400095BB9698969A979ACB01881999094C0112
:10635000810E911CBBBAA5BA9698969A9698969A71
:106360009698969A9698969A9698969A9698969AB5
:106370009698969A9698969A9698969A91E0891AEF
:10638000910851F73A014B0191CF55BA9698969AD8
:1063900005BB9698969AC401029695BB9698969AD4
:1063A00082E0880D85BB9698969A97989BE295BB5C
:1063B0009698969A979A75BA9698969A65BA969874
:1063C000969AC301029695BB9698969A63946394A5
:1063D00065BA9698969A97988CE285BB9698969A05
:1063E000979A861A970AB6CF1B8275CF4F925F9203
:1063F0006F927F928F929F92AF92BF92CF92DF92D5
:10640000EF920F931F93CF93DF936C015B01E22F09
:10641000102F27E733E0DA010E940174DC01CB0181
:106420002AE0B595A795979587952A95D1F74A01C2
:1064300095948794E13009F466C008F458C0E230BE
:10644000A1F1E33011F52601481859084501881AD1
:10645000990A3501680E791EE201C40ED51EEE20A0
:1064600091F131E0012F3E1508F05BC09401A201CB
:10647000B501C6019EDC9301AE01B401C20199DCF5
:106480009501A601B301CE0194DCDF91CF911F915C
:106490000F91EF90DF90CF90BF90AF909F908F9033
:1064A0007F906F905F904F90089524014C0C5D1C7D
:1064B0004501881A990A3501680E791EE201C41A4D
:1064C000D50AE110CECF012F9401A201B501C6017A
:1064D0000E946A299301AE01B401C2010E946A2997
:1064E0009501A601B301CE010E946A29CECF2601F3
:1064F000481A590A8A0C9B1CE601C80FD91F34019F
:10650000A41AB50AACCF2601481A590A95012819D0
:1065100039094901E601C80FD91F3901A40EB51E7A
:106520009ECF9401A201B501C60167D99301AE01C6
:10653000B401C20162D99501A601B301CE015DD9B2
:10654000A4CF0F934115510511F041505109211568
:10655000310511F021503109480F591FE09109010F
:10656000F0910A01E417F50760F0260F371FE0915C
:106570000B01F0910C01E217F30730F482E00F9168
:10658000089581E00F91089594980E945224949A5E
:1065900080E00F9108952F923F924F925F926F92F9
:1065A0007F928F929F92AF92BF92CF92DF92EF92A3
:1065B000FF920F931F93CF93DF9323303105A0F405
:1065C00083E0DF91CF911F910F91FF90EF90DF90CB
:1065D000CF90BF90AF909F908F907F906F905F9083
:1065E0004F903F902F900895F701EE0FFF1FE21795
:1065F000F30730F70330110510F484E0E2CFE01721
:10660000F107D8F72B0191E0491A5108E901C40DAF
:10661000D51D2091090130910A012C173D0778F012
:106620004A0191E0891A9108800E911E20910B0178
:1066300030910C012815390520F482E0C2CF81E0A9
:10664000C0CFBC2CFA011B01182F6701C40ED51E48
:1066500034016E187F089498823028F0823039F126
:10666000949A80E0AECF0A2D960121503109AE01F7
:10667000BF01C1010E9452249401AE01B3016F5FBA
:106680007F4FC1010E945224A701440D551D930163
:10669000B601C1010E9452249301AE01B601CE01A0
:1066A0008E199F0901960E9452241111D9CFAE0173
:1066B0004E195F090B2D9301B601C701820D931D81
:1066C0000E945224CDCF2F923F924F925F926F92B1
:1066D0007F928F929F92AF92BF92CF92DF92EF9272
:1066E000FF920F931F93CF93DF93CDB7DEB72C9715
:1066F0000FB6F894DEBF0FBECDBF6C011B015A83ED
:1067000049834230510508F440C0460151E0851AE2
:10671000910849805A80480C591C80910901909138
:106720000A0184159505B8F089819A81C816D906A1
:1067300090F0F1013197FE83ED83CF0149815A81B9
:10674000840F951F40910B0150910C014817590778
:1067500008F582E001C081E02C960FB6F894DEBF08
:106760000FBECDBFDF91CF911F910F91FF90EF90A2
:10677000DF90CF90BF90AF909F908F907F906F9061
:106780005F904F903F902F90089542E050E05A83E1
:106790004983BBCF89819A8128163906D0F281E0DE
:1067A00090E03C01E981FA816E1A7F0A30E0F9013C
:1067B000EE0FFF1FE15FFE4FF080220F331FF90144
:1067C000E95FFE4F17819498B12C49815A8141505D
:1067D00051095C834B839A8689869B2C89819A8197
:1067E0009C878B8777FC12C0EB81FC81FC87EB8751
:1067F000CF01880F991F681A790A2F0149855A8598
:10680000440E551ECF0101979C838B839394A92C32
:10681000B12CC501880F991F680E791E77FC22C024
:10682000E12E0F2DB101EB85FC856E1B7F0B9B01CB
:1068300049855A854A0D5B1D5A834983C6018A19C9
:106840009B0998878F830E94D2246D817E81EB857E
:10685000FC856E0F7F1F9B0149815A818F8198852E
:106860000E94D224B1016A197B09E12E0F2D9B01F0
:10687000A201C601EB85FC858E1B9F0B9A83898341
:106880000E94D2246D817E816A0D7B1D9B01A20135
:1068900089819A810E94D2244B815C81A416B5061D
:1068A00008F4A0CF949A80E057CF2F923F924F9256
:1068B0005F926F927F928F929F92AF92BF92CF9290
:1068C000DF92EF92FF920F931F93CF93DF93CDB799
:1068D000DEB76D970FB6F894DEBF0FBECDBF8983CC
:1068E0002B011A012430310510F424E030E002308D
:1068F000110508F440C0B9016250710960177107B1
:10690000E8F5420141E0841A9108C901880D991DFA
:106910004091090150910A014817590790F0421619
:10692000530678F0C10101979E838D83820F931FD8
:1069300040910B0150910C014817590708F582E06E
:1069400001C081E06D960FB6F894DEBF0FBECDBFDB
:10695000DF91CF911F910F91FF90EF90DF90CF903B
:10696000BF90AF909F908F907F906F905F904F906F
:106970003F902F90089562E070E0C3CFB801C1CF7F
:1069800022163306E0F241E050E0421B530B5C83D9
:106990004B832A83C901861B970B9987888741E01F
:1069A00050E0481B590B5B874A8778848E2D90E016
:1069B000FC01EE0FFF1FE15FFE4F50815E8B880FE1
:1069C000991FFC01E95FFE4F67816F8B8C2D90E072
:1069D000FC01EE0FFF1FE15FFE4F7081788F880F83
:1069E000991FFC01E95FFE4F8781898F9498F22EF1
:1069F000B12C198A188A1F861E86612C10E01B8A0A
:106A00001A8A1D8A1C8A1F82A12C20E030E04A814C
:106A1000842F90E06A857B857D8F6C8F3B8E2A8EDC
:106A20003A2CAC01415051092417350784F57F8178
:106A300071112DC02B813C8137FD0EC03A81315040
:106A40003A83832F90E09C01220F331F4B815C819E
:106A5000421B530B5C834B833394232D30E0A901FD
:106A6000440F551F6B817C81640F751F7C836B8382
:106A700077FDD7CFA201421B530B5D8B4C8BB4012A
:106A8000620F731F7B8B6A8B7A81371620F031106F
:106A9000B6C051E05F83812F90E0272D30E022C007
:106AA000611041C0B1103FC08C8D9D8D97FD0CC011
:106AB0007A94272D30E0C901880F991F4C8D5D8D88
:106AC000481B590B5D8F4C8F1F5F812F90E0AC01ED
:106AD000440F551F6C8D7D8D640F751F7D8F6C8FDE
:106AE00077FF7EC0A9014150510984179507C4F270
:106AF000611019C011111CC066246394CF2CD12CD5
:106B0000888599858C159D05D8F59981923008F472
:106B1000A7C0FA94FF2009F499C0232D30E04A81E0
:106B2000842F90E07ECF112349F371E06712E6CF06
:106B3000B110E2CFAC01440F551FC401821B930B6F
:106B40009F878E87B201620F731F798B688BC90193
:106B5000880F991F2C8D3D8D820F931F841B950BE1
:106B60009C012F5F3F4F241735070CF0CDC0739465
:106B70009D8F8C8F1150BB24B39466246394BECF39
:106B80002981223008F487C0223011F0B12CC1CF06
:106B9000AD80BE80AC0CBD1C6A8D7B8D6C197D09EF
:106BA0007D876C87EF880E892C853D85888999893A
:106BB00001979B878A87AC01B901CE84DF849FEF60
:106BC000C91AD90AC6010E94D224EF880E899501FC
:106BD0004A855B85B501C6010E94D224B12C99CFAC
:106BE000B401681B790B7F876E87B201680F791F2C
:106BF000798B688B171530F5BB24B3947FCFA20136
:106C0000481B590B5D8B4C8BB401680F791F7B8B34
:106C10006A8B880F991F4B815C81840F951F220F0F
:106C2000331F821B930BAC014F5F5F4F421753071B
:106C300084F45A815F5F5A839C838B833A9471E01A
:106C40007F8329CF112309F457CF77CF949A80E01F
:106C500079CE6B817C81621B730B7C836B83EECF5F
:106C60006D817E816C0D7D1DE98C088D9B014A89AB
:106C70005B898C899D890E9415246A8D7B8D6C1996
:106C80007D09E98C088D9B014A895B898C899D89E6
:106C90000E9415243ECF4A8D5B8D4C195D095D879E
:106CA0004C87E98C088D9A014E855F85B9018C89E6
:106CB0009D890E941524E98C088D2C853D854A8983
:106CC0005B89B901888999890E941524AD80BE80AD
:106CD000AC0CBD1CE98C088D95014E855F85B50116
:106CE0008C899D890E941524E98C088D95014A891B
:106CF0005B89B501888999890E941524598155239A
:106D000009F450CFB12C05CF6C8D7D8D641B750BB4
:106D10007D8F6C8F2FCF2F923F924F925F926F9209
:106D20007F928F929F92AF92BF92CF92DF92EF921B
:106D3000FF920F931F93CF93DF93CDB7DEB72897C2
:106D40000FB6F894DEBF0FBECDBF9A8389830230A1
:106D5000110508F4E0C045305105B8F14150510922
:106D600025303105B8F12150310989809A80840E8F
:106D7000951E8091090190910A018815990508F4E2
:106D8000C8C02B01420E531E80910B0190910C0143
:106D90008415950510F582E028960FB6F894DEBFAD
:106DA0000FBECDBFDF91CF911F910F91FF90EF905C
:106DB000DF90CF90BF90AF909F908F907F906F901B
:106DC0005F904F903F902F90089544E050E0253021
:106DD000310548F624E030E0C8CF4217530708F4E5
:106DE0009DC03695279558012017310708F45901A1
:106DF0004A185B0881E090E06C01CA18DB081501B5
:106E0000260E371E8E2D90E0FC01EE0FFF1FE15F76
:106E1000FE4FF080880F991FFC01E95FFE4F17813C
:106E200094980E2D9201A401B10189819A810E944A
:106E3000522494012A193B093C832B8389819A812E
:106E40008A0D9B1D9E838D8318861F82950121507C
:106E500031093A832983D7FC0BC0A980BA80C501C8
:106E6000880F991FC81AD90AC50101979A83898387
:106E70002F8138852F5F3F4F38872F83C901880FB7
:106E8000991FC80ED91ED7FC1CC0E12E0F2DB101D1
:106E90006A197B099B016B807C808F819885680EC5
:106EA000791EA3018D809E80881A990AC4010E94D0
:106EB000D224B501640D751D9B01A301C4010E947C
:106EC000D224E12E0F2DB1012F813885621B730B67
:106ED0009B016B807C806A0C7B1CA3018D809E8053
:106EE0008A189B08C4010E94D2246F817885640DA2
:106EF000751D9B01A301C4010E94D2248F81988536
:106F000029813A818217930708F4A5CF949A80E0EB
:106F100043CF81E041CF02E010E01DCF5695479569
:106F200058014017510708F063CF5A0161CF2F92E3
:106F30003F924F925F926F927F928F929F92AF9209
:106F4000BF92CF92DF92EF92FF920F931F93CF9356
:106F5000DF93CDB7DEB7E4970FB6F894DEBF0FBE70
:106F6000CDBF8A831B01588B4F876A2D44E0E416FE
:106F7000F10418F4A4E0EA2EF12C52E0C516D10475
:106F800008F443C127303105D8F1215031090730C9
:106F90001105D8F101501109C901820D931D9E8779
:106FA0008D878091090190910A01ED85FE858E17EC
:106FB0009F0708F428C140910B0150910C018F8567
:106FC0009889800F911F4817590710F582E0E496C1
:106FD0000FB6F894DEBF0FBECDBFDF91CF911F91EA
:106FE0000F91FF90EF90DF90CF90BF90AF909F9068
:106FF0008F907F906F905F904F903F902F9008956B
:1070000026E030E00730110528F606E010E0C4CF96
:107010002017310708F4FDC0C80196958795FA86B8
:10702000E9868E159F0510F49A87898789859A8548
:107030000297D8A2CF8E8C159D0510F498A38F8F40
:10704000A90189859A85481B590B5EA34DA3F801B8
:10705000E81BF90BFCABEBAB81E090E02C01298540
:107060003A85421A530AC9844F8D58A1241B350B07
:1070700038872F835C01A21AB30ADF80862F90E045
:10708000FC01EE0FFF1FE15FFE4F50815B8F880F09
:10709000991FFC01E95FFE4F67816C8F912CF40111
:1070A000EE0FFF1FE15FFE4F70817D8FC401880FDF
:1070B000991FFC01E95FFE4F87818E8F9498CC2049
:1070C00009F496C089841E8A1D8A1C8A1B8A912C09
:1070D000F12C1A8E198E188E1F8A612C10E0F10186
:1070E0003197FAA3E9A391012F5F3F4F3CA32BA354
:1070F0004DA15EA14150510958A74FA369857A85DA
:107100006F5F7F4F7AA769A789859A85EF85F88990
:107110008E0F9F1F98AB8FA72BA93CA9E20FF31FDF
:10712000FAABE9AB782C892CC9823C862B86362CAD
:107130006D2C812F90E0272D30E016C031101AC041
:1071400057FC08C07A94272D30E0C901880F991F99
:10715000481A590A1F5F812F90E0AC01440F551F58
:10716000440E551E57FE9EC0A90141505109841777
:10717000950724F31111A8C0332433948F2D90E088
:10718000262D30E018C0811084C0911082C0B7FC59
:1071900008C06A94262D30E0C901880F991FA81AEB
:1071A000B90AF3948F2D90E0AC01440F551FA40E43
:1071B000B51EB7FEA8C0A901415051098417950713
:1071C00014F3F110D6C0882483949981C92ED12C50
:1071D000EF81F885EC15FD0530F5FA81F23008F401
:1071E000D4C0F981F150F983F111A3CF2B843C84F1
:1071F0009A81923008F465C12A81223009F445C190
:10720000949A80E0E4CE81E0E2CEF2E0CF2ED12C61
:10721000B9CEC90196958795FA86E9868E159F05A0
:1072200008F004CF01CF9A81923008F4D6C0923092
:1072300011F0912CD6CF4FA558A94C195D095A8B46
:10724000498B69A97AA9C60ED71EEC8C0B8D2989AA
:107250003A898FA198A5ED89FE898E0F9F1F9C8387
:107260008B83AC01B90189A59AA5EB89FC898E0FA6
:107270009F1F9E838D830E94D224EC8C0B8D9601E0
:107280004B815C81B6018D819E810E94D224912C1C
:10729000A8CFFF2009F499CFF1E08F1609F469C057
:1072A000812C93CF4B855C85481B590B588F4F8B96
:1072B0006B857C85680F791F7A8F698F171508F4A5
:1072C0005DCF112309F458CFEB85FC85E21BF30B4E
:1072D000F88FEF8B4B855C85420F531F5A8F498F78
:1072E000220F331F240D351D880F991F281B390BC2
:1072F000A9014F5F5F4F481759070CF042C07394C4
:107300002901115039CF69A17AA1681B790B7C8BB7
:107310006B8BEBA1FCA1E80FF91FFE8BED8BF61434
:1073200018F49924939451CFFF2009F44CCF69A10C
:107330007AA1621B730B7C8B6B8B8BA19CA1820F40
:10734000931F9E8B8D8BC901880F991F8A0D9B1DE2
:10735000841B950B9C012F5F3F4F241735070CF0C2
:1073600091C063945C01FA94992493948824839443
:107370002CCF992009F482C0992493948824839473
:1073800024CF481A590A1150F7CE6FA578A96C1965
:107390007D09EE8C0D8D9B014DA15EA1898D9A8D8D
:1073A000480F591F5C834B83E985FA858F89988D37
:1073B000E80FF91FFE83ED83CF010E94D22469A953
:1073C0007AA96C0D7D1DEE8C0D8D9B014B815C812E
:1073D0008D819E810E94D22404CFEFA5F8A9EC19DB
:1073E000FD09FA8BE98BEE8C0D8D9F0149855A853D
:1073F0006B897C89460F571F5C834B83BF0189854E
:107400009A85EF89F88D8E0F9F1F9E838D830E9432
:107410001524EE8C0D8D29893A894DA15EA1698DC7
:107420007A8D460F571F5CA74BA7B9018D899E899E
:10743000EDA1FEA18E0F9F1F9EA78DA70E94152470
:1074400029A93AA9C20ED31EEE8C0D8D96014B814F
:107450005C81B6018D819E810E941524EE8C0D8D7C
:1074600096014BA55CA5B6018DA59EA50E9415248D
:107470003A81332309F4E9CE912CB3CEAC01440F09
:10748000551F55CFA41AB50A6ECFA984BA842F858B
:107490003889A20EB31E69014BA95CA9C40ED51E82
:1074A0004D855E856F8D78A1461B570BEC8C0B8D3F
:1074B0009601B5018F8D98A1820D931D0E94D22453
:1074C0009FCECF84D8884BA95CA9C40ED51EA984B1
:1074D000BA846F857889A60EB71EA1014150510963
:1074E0008F8D98A1480F591FEE8C0D8D9601B50117
:1074F000C1010E94D224EE8C0D8D96014D855E85D2
:10750000B501CA010196EF8DF8A18E1B9F0B0E9459
:10751000D224FA81FF2321F273CE4F925F926F92B1
:107520007F928F929F92AF92BF92CF92DF92EF9213
:10753000FF920F931F93CF93DF93EC015B017A01CE
:10754000122F433051051CF423E0E22EF12C670189
:10755000CC0EDD1EC60101972091090130910A0170
:107560002817390788F0CE15DF0574F047018A0C1B
:107570009B1CC401019720910B0130910C0128172D
:107580003907A0F482E001C081E0DF91CF911F9123
:107590000F91FF90EF90DF90CF90BF90AF909F90B2
:1075A0008F907F906F905F904F900895AE14BF04BE
:1075B0004CF39701220F331F2E0D3F1DA901559546
:1075C00047954115510511F483E0DFCF27E733E0FC
:1075D000D7010E940174DC01CB016AE0B595A79543
:1075E000979587956A95D1F7092E000CAA0BBB0BCE
:1075F0006627782F892F9A2F9A01550F440B550B28
:107600000E94D0733901802F90E0FC01EE0FFF1F24
:10761000E15FFE4F4080880F991FFC01E95FFE4F3C
:10762000578094981230D8F1123009F473C0F59451
:10763000E794CE19DF094601C814D9042CF594014A
:107640002C193D09269DC001279D900D369D900D5A
:10765000112481589F4F892F99279501280F391F91
:10766000B501681B790BE52C042DA401C4010E940F
:10767000D2248C169D0681F0123051F0F1E08F1A61
:107680009108C814D904DCF2960128193909DACF17
:10769000EFEF8E1A9E0AD0CF949A80E076CF111128
:1076A00041C045018E189F08F594E794AE0CBF1CAD
:1076B00064018C149D0434F5960128193909269D1E
:1076C000C001279D900D369D900D112480589F4F2D
:1076D000892F9927AE01480F591FE52C042D9601DB
:1076E000B601FE01E81BF90BCF010E94D224CA1497
:1076F000DB0491F211110AC0FFEFCF1ADF0A8C14DC
:107700009D04D4F294012C193D09D9CF81E0C81A07
:10771000D108CFCF6E01CE18DF08F594E794CE0DD7
:10772000DF1D89CFF594E794AE18BF08C1CF2F9223
:107730003F924F925F926F927F928F929F92AF9201
:10774000BF92CF92DF92EF92FF920F931F93CF934E
:10775000DF93CDB7DEB760970FB6F894DEBF0FBEEC
:10776000CDBFF82E4B013A013E832D831E2D2330D1
:10777000310524F423E030E03E832D834D805E808C
:10778000480C591CC20101972091090130910A014E
:107790002817390798F04D815E818416950674F09C
:1077A0001A01260C371CC101019720910B01309161
:1077B0000C0128173907E0F482E001C081E06096EF
:1077C0000FB6F894DEBF0FBECDBFDF91CF911F91F2
:1077D0000F91FF90EF90DF90CF90BF90AF909F9070
:1077E0008F907F906F905F904F903F902F90089573
:1077F000641675060CF39A01220F331F240F351FF0
:10780000A901559547954115510511F483E0D7CF4E
:1078100027E733E0AD81BE810E940174DC01CB011A
:10782000EAE0B595A79597958795EA95D1F7092E42
:10783000000CAA0BBB0B6627782F892F9A2F9A0171
:10784000550F440B550B0E94D0733B832A83D12CD8
:10785000F601EE0FFF1FE15FFE4F50815D87C6010D
:10786000880F991FFC01E95FFE4F87818E87B12C3D
:10787000F501EE0FFF1FE15FFE4FE080C501880FAD
:10788000991FFC01E95FFE4F97819C839498123009
:1078900008F4AAC0123009F43FC12D813E8135950C
:1078A00027956401C21AD30A802E912C1201A12CB3
:1078B000B12CA601480D591D5E834D83C601881960
:1078C000990998878F83F982FE2C38C0C1018419E9
:1078D00095094A815B81849F9001859F300D949F1B
:1078E000300D112421583F4F232F3327B301621B42
:1078F000730BC301820F931F988B8F87A814B90451
:107900004CF1123011F14D815E812416350614F1CF
:107910008981882391F19981913009F408C12981E5
:10792000223009F450C02C143D0421F11230F1F042
:1079300041E0241A31085FEFA51AB50A4214530436
:107940002CF2C20182199309C4CF2F8138852215E8
:107950003305F4F65981523031F3EC800F2D2F8529
:107960003889A101C1010E94D224DDCF3FEF231A43
:10797000330AE1CF949A80E022CF9B01280D391D74
:107980003A87298721503109EC800F2DA101C101CF
:107990000E9415244F855889481959095C874B87DF
:1079A00089859A85481759070CF0DAC06B857C8564
:1079B0006F5F7F4FEC800F2D2F853889A101C101AA
:1079C0000E941524B0CF680D791D2F85388928199C
:1079D0003909261737070CF4A6CFEE840D85A101CF
:1079E000C1010E94D2249FCF1111C3C013012D8168
:1079F0003E81221A330A359527956901C60CD71C9A
:107A0000602E712C5101412C512CA601460D571DA1
:107A10005E834D83C6018619970998878F83F98203
:107A2000FE2C39C0C501821993094A815B81849F6C
:107A30009001859F300D949F300D112420583F4FA9
:107A4000232F3327C401821B930BA401420F531F22
:107A5000588B4F874614570454F1111123C02F81BE
:107A600038852A153B051CF12981222381F13981B2
:107A7000313009F497C04981423009F482C0AC1416
:107A8000BD0409F477CF11111EC05FEFA51AB50A26
:107A90009FEF491A590A2A143B0424F2C1018A199A
:107AA0009B09C3CF4D815E81A416B506ECF65981C2
:107AB000523029F3EC800F2D95014F855889B5017F
:107AC0000E94D224DCCF81E0A81AB108E1CFAC013A
:107AD000460D571D5A87498741505109EC800F2D9B
:107AE0009501B5010E9415248F85988986199709FB
:107AF0009C878B8729853A85821793070CF06AC08B
:107B0000EC800F2D95014F855889B5018B859C859B
:107B100001960E941524B3CF24012D813E81421A83
:107B2000530A359527956901C80CD91CBDCE9B0118
:107B3000280D391D21503109EC800F2DA101C10103
:107B40000E9415246F857889681979096F5F7F4FC6
:107B5000EC802F853889A101C1010E941524E3CE54
:107B6000EE840D859A01A101BC01C1010E94D224BD
:107B70001DCF8D819E81959587956301C81AD90A7D
:107B80003FCF860D971D4F855889461957094817CD
:107B900059070CF474CFEE840D859501B5010E9450
:107BA000D2246DCFAC01460D571D41505109EC80D8
:107BB0000F2D9501B5010E9415248F85988986198E
:107BC0009709EC8095014F855889B50101960E946F
:107BD000152455CFEE840D859501AC01B50189853D
:107BE0009A850E94D2248CCF2F923F924F925F921F
:107BF0006F927F928F929F92AF92BF92CF92DF92BD
:107C0000EF92FF920F931F93CF93DF93CDB7DEB721
:107C100066970FB6F894DEBF0FBECDBF6C017A83B6
:107C200069833C872B874230510508F448C02B8577
:107C30003C8522303105F0F1160191E0291A310816
:107C4000CA01820D931D2091090130910A01281764
:107C50003907B0F0C416D50698F0E981FA8131975A
:107C6000F887EF83CF012B853C85820F931F2091EE
:107C70000B0130910C012817390720F582E001C073
:107C800081E066960FB6F894DEBF0FBECDBFDF91E0
:107C9000CF911F910F91FF90EF90DF90CF90BF9009
:107CA000AF909F908F907F906F905F904F903F909C
:107CB0002F90089582E090E09C878B87BDCF42E0B3
:107CC00050E0B5CF8B859C85E981FA81E817F907EB
:107CD000A8F2449F9001459F300D300D11243C8B3C
:107CE0002B8B889FA001899F500D500D11245A871E
:107CF0004987880F991F9E838D83DC0111974A0164
:107D0000A12CB12C0E94F273861A970AA80AB90A0C
:107D1000802F90E0FC01EE0FFF1FE15FFE4F10810E
:107D2000880F991FFC01E95FFE4FF7809498EB895B
:107D3000FC89CF01A0E0B0E022273327A901281B4E
:107D4000390B4A0B5B0B2F87388B498B5A8B1C8264
:107D50001B824B855C855E8B4D8B24C04B815C8187
:107D6000440F551FDA01119629853A850E94F27356
:107D7000461657066806790664F48B819C81019645
:107D80009C838B8312960E94F273860E971EA81E08
:107D9000B91EED89FE89309709F450C0EE0FFF1F20
:107DA000FE83ED8324013501440C551C661C771CB1
:107DB000AD81BE8111972F85388949895A890E94E2
:107DC0000774641575058605970544F669817A81FF
:107DD0008D899E89681B790BEF2C012F9B01EB810C
:107DE000FC81E20DF31DFC87EB87AF01C601EB813F
:107DF000FC818E1B9F0B9E878D870E94D2246F81F2
:107E000078852D893E89620F731F9B014B855C85A8
:107E10008D859E850E94D2244D895E8941505109ED
:107E20005E8B4D8BAD81BE8113972B893C890E945F
:107E3000F273861A970AA80AB90A90CF949A80E03A
:107E400020CF2F923F924F925F926F927F928F92AC
:107E50009F92AF92BF92CF92DF92EF92FF920F93D9
:107E60001F93CF93DF93CDB7DEB7AE970FB6F894DD
:107E7000DEBF0FBECDBF89834B015C874B87A90155
:107E8000C88EAF8A2330310510F443E050E0033050
:107E9000110510F403E010E09401215031093A87F4
:107EA0002987240F351F6091090170910A0162171B
:107EB0007307A0F08416950688F08B859C85019742
:107EC0009C8F8B8F9C01200F311F60910B01709153
:107ED0000C0162177307E0F482E001C081E0AE9606
:107EE0000FB6F894DEBF0FBECDBFDF91CF911F91CB
:107EF0000F91FF90EF90DF90CF90BF90AF909F9049
:107F00008F907F906F905F904F903F902F9008954B
:107F1000AB85BC85A017B107F8F20417150708F068
:107F20004BC1F80132979701EF2811F421E030E0BE
:107F30002E173F0708F4F9011C830B83449F60014F
:107F4000459FD00CD00C1124DE8ECD8E009F600199
:107F5000019FD00CD00C1124D8A2CF8ED801AA0F2B
:107F6000BB1F1197E12CF12C2D8D3E8D0E94F273D9
:107F700097018601061B170B280B390B0D871E87EF
:107F80002F87388BAB80BC801FEFA11AB10AAE1AC5
:107F9000BF0A4F5F5F4F4E1B5F0B449F6001459FC1
:107FA000D00CD00C1124DE82CD82AA9C6001AB9C47
:107FB000D00CD00C1124D886CF82D501AA0FBB1FBC
:107FC0001197E12CF12C2D813E810E94F273260144
:107FD0003701461A570A680A790ADF888D2D90E022
:107FE000FC01EE0FFF1FE15FFE4FF080F9A6880F46
:107FF000991FFC01E95FFE4F17811AA794981A8E0A
:10800000198E22242394312C9401225031093EA34D
:108010002DA3A4014F5F5F4F58A74FA3C12CD12CB4
:10802000DEA6CDA619814BC0123008F4C8C0AB81C2
:10803000BC811197BC83AB83AD89BE8913972D8D0D
:108040003E8D0E940174CD84DE84EF84F888C61AC8
:10805000D70AE80AF90ACD86DE86EF86F88A498DC6
:108060005A8D440F551FDA0111962F8D38A10E94A9
:108070000174C988DA88EB88FC88C616D706E8063A
:10808000F906BCF4298D3A8D2F5F3F4F3A8F298F27
:1080900012962F8D38A10E940174CD84DE84EF8466
:1080A000F888C60ED71EE81EF91ECD86DE86EF863E
:1080B000F88ACB80DC801C141D040CF07AC0CD84BF
:1080C000DE84EF84F888CC0CDD1CEE1CFF1CC98A12
:1080D000DA8AEB8AFC8ACB80DC80CC0CDD1CDE8A61
:1080E000CD8AD101AC19BD092D8D3E8D0E94017440
:1080F000C988DA88EB88FC886C157D058E059F059C
:108100000CF0ADCFCB80DC80CA14DB040CF08CCF3C
:108110001A141B040CF08BCFF501EE0FFF1F730137
:108120006201CC0CDD1CEE1CFF1C4DA55EA5440FAE
:10813000551FDA0111962F8138850E940174C616E9
:10814000D706E806F9067CF42DA53EA52F5F3F4F24
:108150003EA72DA712962F8138850E940174460EE6
:10816000571E681E791E2D813E81D101AE1BBF0BAB
:108170000E9401746C157D058E059F0584F631E023
:10818000A31AB108DF0113972D813E810E9401746B
:10819000461A570A680A790ACB80DC80CA14DB04C5
:1081A00009F0B6CF123008F458C0123061F1560110
:1081B0003ECF949A80E093CEFA013297B4CE0F89E5
:1081C0006B857C85CB80DC806C197D099B01E98403
:1081D000FA84C98CDA8CEC0CFD1CA7016401898D32
:1081E0009A8DC81AD90AC6010E94CB230F896B8DBC
:1081F0007C8DAB81BC816A0F7B1F9B01A701C601EF
:108200000E94CB2314CFAB84BC84CB80DC80AC1821
:10821000BD08EB8CFC8CEC0CFD1CFA82E982088D0D
:108220009501CDA0DEA04DA55EA5C40ED51EA6016C
:10823000B501EFA0F8A48DA59EA5E81AF90AC7011B
:108240000E945224088D29813A81A601B901C701F3
:108250000E945224AB80BC80EACEAB84BC84CB802D
:10826000DC80AC18BD08EAA409A5950164014DA500
:108270005EA5C41AD50AA601B501C401A98DBA8D9F
:108280008A1B9B0B9AA389A30E941524EAA409A523
:108290009501E985FA85498D5A8DE40FF51FFCA3F8
:1082A000EBA3AF01B50189859A85ADA5BEA58A0F5F
:1082B0009B1F9CA78BA70E941524EB8DFC8DEB8048
:1082C000FC80EE0DFF1DFA83E983EAA409A59F0156
:1082D000A601BF0189A19AA10E941524EAA409A5BB
:1082E00029813A814BA15CA1B9018BA59CA50E9473
:1082F0001524112309F493CFADCF2F923F924F92C3
:108300005F926F927F928F929F92AF92BF92CF9225
:10831000DF92EF92FF920F931F93CF93DF93CDB72E
:10832000DEB764970FB6F894DEBF0FBECDBFFC0179
:108330000230110508F41CC182E0E816F10408F4CB
:1083400013C144305105B0F1DA01119724303105E1
:10835000B0F121503109AF014A0F5B1F8091090133
:1083600090910A018417950708F4FCC0CB01820F95
:10837000931FA0900B01B0900C01A816B90610F540
:1083800082E064960FB6F894DEBF0FBECDBFDF91DA
:10839000CF911F910F91FF90EF90DF90CF90BF9002
:1083A000AF909F908F907F906F905F904F903F9095
:1083B0002F900895A3E0B0E02430310550F623E07B
:1083C00030E0C9CFB695A795A017B10708F4D8C07B
:1083D000369527952E153F0508F4D0C05F01A00EF5
:1083E000B11EB88AAF865A01A01AB10ABA8AA98A00
:1083F0005B01AE0CBF1CBC86AB865C01AE18BF082F
:10840000BE86AD86FA82E982009F5001019FB00CC2
:10841000B00C1124BE82AD82EE9C5001EF9CB00CDA
:10842000B00C1124BC82AB82D701AA0FBB1F1197DD
:108430004501A12CB12C2D813E810E94F2731401C3
:108440002501261A370A480A590A8C2D90E0DC01CA
:10845000AA0FBB1FA15FBE4FFC90880F991FDC01C4
:10846000A95FBE4F17961C9194980C2D2D853E85C3
:108470006B857C85CF010E945224612C712CCC2409
:10848000C394D12CA980BA80BC8AAB8A1DC0A30139
:10849000440F551FDA0111962B813C810E94017413
:1084A00086169706A806B90654F49FEF691A790A4A
:1084B00012960E940174260E371E481E591EAB8864
:1084C000BC88AB2809F457C052014101880C991CA3
:1084D000AA1CBB1C2B893C89220F331F3A8329839A
:1084E000D601A21BB30B2D813E810E940174681539
:1084F00079058A059B055CF66B857C858B899C8953
:10850000681B790BE12E0F2D9B0189899A89860DB5
:10851000971D98878F83AC018F8598898619970955
:108520009A8789870E94D2246D857E852B893C8914
:10853000620F731F9B014F81588589859A850E9420
:10854000D2248B899C8901979C8B8B8BA981BA81C2
:1085500013972D813E810E940174261A370A480A1A
:10856000590A95CF81E00DCF82E0E82EF12CE9CEBB
:1085700002E010E0E1CE949A80E003CF79012ECFA3
:108580008D01369527952E153F0508F027CFF6CF9C
:108590002F923F924F925F926F927F928F929F9213
:1085A000AF92BF92CF92DF92EF92FF920F931F9301
:1085B000CF93DF93CDB7DEB7AF970FB6F894DEBF9A
:1085C0000FBECDBF8F8B7A8369838F8284E0E816DC
:1085D000F10418F4F4E0EF2EF12C94E0C916D10464
:1085E00018F4E4E0CE2ED12CA2E0AA16B10408F4CF
:1085F000BBC128303105B8F12150310908301105CF
:10860000B8F10150110989809A80820E931E8091E1
:10861000090190910A018815990508F4A3C1CA01BE
:10862000800F911F60910B0170910C016817790701
:1086300010F582E0AF960FB6F894DEBF0FBECDBF47
:10864000DF91CF911F910F91FF90EF90DF90CF902E
:10865000BF90AF909F908F907F906F905F904F9062
:108660003F902F90089527E030E00830110548F63C
:1086700007E010E0C8CF369527952E153F0508F482
:1086800081C1169507950C151D0508F475C1CE140A
:10869000DF0408F46DC19701225031092A153B050A
:1086A00008F45901E981FA81EE0DFF1DFD8FEC8F71
:1086B00084010E191F091F8F0E8F9A012C0D3D1D6D
:1086C00039A328A3AC014C195D095BA34AA3D88A3E
:1086D000CF86EE9CC001EF9C900D900D11249C8BD9
:1086E0008B8BCC9CD001CD9CB00DB00D1124BE8BDA
:1086F000AD8BD601AA0FBB1F1197ED89FE892F0103
:10870000612C712C9C010E94F27393018201061B63
:10871000170B280B390B0B871C872D873E873601DB
:108720001FEF611A710A6A187B082FEFE21AF20A2A
:10873000EA18FB08EE9CA001EF9C500D500D11248F
:108740005C834B83669CC001679C900D900D112447
:108750009E838D83D301AA0FBB1F11976C01E12C5F
:10876000F12C9A010E94F27316012701261A370A8A
:10877000480A590A1F81812F90E0FC01EE0FFF1F6C
:10878000E15FFE4F10811EA3880F991FFC01E95F76
:10879000FE4F17811FA325968FAD259790E0FC0112
:1087A000EE0FFF1FE15FFE4FF080880F991FFC0165
:1087B000E95FFE4F178194982F89223008F4EDC0AD
:1087C000223009F408C1A12CB12C1A8A198ACC24B0
:1087D000C394D12C4E8D5F8D4150510959A748A7A4
:1087E0008C8D9D8D01969BA78AA78F849888FCA26B
:1087F0001DA348C01F89123008F4FCC091E0891AFB
:108800009108AF85B88913972B893C890E94017420
:108810000B851C852D853E85061B170B280B390BF8
:108820000B871C872D873E8749895A89440F551F1E
:10883000DA0111962D893E890E9401740F811885F5
:1088400029853A850617170728073907BCF42989AF
:108850003A892F5F3F4F3A8B298B12962D893E899B
:108860000E9401740B851C852D853E85060F171F00
:10887000281F391F0B871C872D873E871814190462
:108880000CF088C00B851C852D853E85000F111FBF
:10889000221F331F0F83188729873A879401220FDD
:1088A000331F388B2F87D601A21BB30B2B893C8932
:1088B0000E9401740F81188529853A856017710718
:1088C000820793070CF0B0CF861497040CF092CF78
:1088D000161417040CF092CFF301EE0FFF1F820164
:1088E0007101EE0CFF1C001F111FA501440F551F45
:1088F000DA0111962D813E810E940174E616F70679
:10890000080719075CF4BFEFAB1ABB0ADA0113962C
:108910000E940174260E371E481E591E2B813C8171
:10892000D601AE1BBF0B0E9401746E157F05800738
:108930009107ACF601E0601A7108DF0113970E94FD
:108940000174261A370A480A590A8614970409F04E
:10895000BFCF1F89123008F49DC0123009F470C0D7
:1089600034014CCF81E066CE72E0A72EB12C41CE0F
:1089700096012250310992CE6801CE14DF0408F02E
:108980008ACEF6CF7901169507950C151D0508F0CE
:108990007ECEF2CF949A80E04DCE49815A814150EB
:1089A00051094A0D5B1DE12E0F2D2AA13BA168A1A3
:1089B00079A189819A810E94D2242AA13BA1A40194
:1089C00068A179A1C40101968A199B090E94D22449
:1089D0003F893111F8CEA4014A195B090F812AA100
:1089E0003BA168A179A189819A818A0D9B1D0E9472
:1089F0005224E9CEEDA00CA168A179A168197909EA
:108A00009B014E8D5F8D89899A89480F591F5A8322
:108A10004983AC8DBD8DA81BB90BB98FA88FCD0133
:108A20000E941524EDA00CA16AA17BA1680D791DFF
:108A30009B0149815A81888D998D0E941524DECE33
:108A4000E8A1F9A1E819F909F98FE88F0AA11BA19A
:108A5000080D191D1B8F0A8FEFA00EA1288D398DCF
:108A600068A479A46A0C7B1CA301B9018AA59BA503
:108A70008A199B099A8389830E94D224EFA00EA1B0
:108A80002A8D3B8DA301B90189819A810E94D2244C
:108A90003401B4CE28A139A128193909398F288F7A
:108AA000EDA00CA16C8C7D8C6A187B08A301B90128
:108AB0008C8D9D8DA989BA898A1B9B0B9A8389838A
:108AC0000E941524EDA00CA1288D398DEE8DFF8D0F
:108AD00049895A89E40FF51FFDA7ECA7AF01B90139
:108AE0008E8D9F8D8A0D9B1D9FA78EA70E9415249A
:108AF000AAA1BBA1A80DB91DBB8FAA8FEDA00CA187
:108B00009D01A301BD0189819A810E941524EDA0D8
:108B10000CA12A8D3B8D4CA55DA5B9018EA59FA505
:108B20000E941524BF89BB2309F496CF340166CE79
:108B3000809394010895A0E6B1E011969C938E93E2
:108B4000FC01249112962C9312973196E49113967E
:108B5000EC931397FC013296E4911496EC931497DE
:108B6000FC013396E4911596EC931597FC0134962D
:108B7000E4911696EC931697FC013596849117961E
:108B80008C930895CF92EF920F93EC2DF0E0DF01DC
:108B9000AA0FBB1FAA0FBB1FA859BE4F887F962FD5
:108BA000929596959770892B8C93EE0FFF1FEE0F81
:108BB000FF1FE05AFE4F6C71660F660F660F4695F9
:108BC00046954695642B6187287F802F82958695F0
:108BD0008770282B22870C71000F000F000FE6947E
:108BE000E694E6940E2903870F91EF90CF900895B5
:108BF000809385010895809384010895833008F05F
:108C000080E0809386010895809387010895809382
:108C100088010895811101C081E080938901089540
:108C20000F931F93CF93DF93FB018A01E9014091DA
:108C300062012091630170916601823009F46FC076
:108C400060916801A091690130916C0150916D01B2
:108C500097988AE285BB9698969A979A15BB9698AC
:108C6000969A05BB9698969A842F90E00197800F6C
:108C7000911F95BB9698969A4150040F05BB969804
:108C8000969A97988BE285BB9698969A979AD5BBB9
:108C90009698969AC5BB9698969ACE01820F911D8A
:108CA00095BB9698969AC20FC5BB9698969A979838
:108CB0008CE285BB9698969A979A849131968823F0
:108CC000C9F098E007C03BBB55BB9698969A880FB1
:108CD000915049F087FFF7CF6BBBA5BB9698969A4A
:108CE000880F9150B9F7715041F7DF91CF911F91E3
:108CF0000F9108953BBB55BB9698969A9698969A75
:108D00009698969A9698969A9698969A9698969AEB
:108D10009698969A9698969A715079F6E6CF6091C1
:108D20006A01A0916B0130916E0150916F0190CF5B
:108D30002F923F924F925F926F927F928F929F926B
:108D4000AF92BF92CF92DF92EF92FF920F931F9359
:108D5000CF93DF93CDB7DEB761970FB6F894DEBF40
:108D60000FBECDBFDA01EDB6FEB6FF86EE86A0904F
:108D700062012090630144244394420CF0908501E9
:108D8000F98250918901A59E402D112408E00A1511
:108D900008F4E6C218E0E42DF0E0EE0FFF1FEDB698
:108DA000FEB6EE1AFF0A0FB6F894FEBE0FBEEDBE79
:108DB000EDB7FEB731964F01FA87E987EDB7FEB7F9
:108DC00012821182EA2CF12CF886EF82E0E1F0E0C9
:108DD000EE19FF0966246A94762C02C0660C771C93
:108DE000EA95E2F7823009F4BFC250906801B09072
:108DF0006901809170018D87909171019B83E7E0FB
:108E0000EA1508F45AC2D12C80E090E0CC24C39437
:108E1000312E3A18E12EF12CFE82ED82E52EF42E51
:108E2000FB01549144276F5F7F4FEC2DF0E0EE0F74
:108E3000FF1FE80DF91D8A010D2C02C0169507953C
:108E40000A94E2F7800F911F8621972191838083F6
:108E5000E1E0EC0DE41520F5D30C8D819E818D1998
:108E600091098A0102C0000F111F8A95E2F7C8011B
:108E7000AD14A0F4F0E0EE0FFF1FE80DF91DA30103
:108E80004823592351834083C394C394DA180F8035
:108E900002C0880F991F0A94E2F7C2CFCE2EC0CF2E
:108EA0005E2D4F2D19811111ACC0C40102969A8319
:108EB0008983E52EF12CDD24DA94D50ED20EF7014C
:108EC0003197FC83EB83FAE28F2E1BE2912E0CE2AA
:108ED000A02E0D2DE981FA8161917191FA83E983C8
:108EE0006115710509F45AC0632E8B819C81820F34
:108EF000931F792E90E0FB01EE27F078EF2B09F419
:108F000073C080E0660F771F850FFB01EE27F078B6
:108F10003097C1F7979885BA9698969A979A6D0167
:108F2000C90ED11CD5BA9698969A492E4A0E45BAC2
:108F30009698969A11E0C11AD108C80ED11CD5BADC
:108F40009698969A1FEF140D180F15BB9698969A3F
:108F5000979895BA9698969A979A65BA9698969A87
:108F600025BB9698969A75BA9698969A05BB969848
:108F7000969A9798A5BA9698969A979A5BBAB5BA20
:108F8000980F589F802D11249698969A8150E1F75A
:108F9000941720F46115710509F0B0CF2A942E0DB5
:108FA0003F1D050F211096CFEE84FF840FB6F89475
:108FB000FEBE0FBEEDBE61960FB6F894DEBF0FBECB
:108FC000CDBFDF91CF911F910F91FF90EF90DF9078
:108FD000CF90BF90AF909F908F907F906F905F9059
:108FE0004F903F902F900895660F771F950F94171D
:108FF00008F481CF2A942E0D3F1D050F21106ACF52
:10900000D3CF23942394152F110F140F852F90E0A5
:109010009E838D83A81BB90B7901E81AF90AF9011F
:1090200031974F010FEF050F0E0D1C861B8620E0B8
:1090300030E060E070E04AE2642EEBE24E2EFCE2AB
:109040003F2EB98BA88BF1E0F215F0F4E985FA8593
:109050006191719176956795A985BA851296CD90A3
:10906000DC901397D694C794B981B43009F4DFC06B
:109070008981833009F4EBC0A981A53009F4EEC0E1
:109080007C876B87FA87E987CB01880F991FFB01E3
:10909000E095F0952E233F23CF2CD92C40E07D8402
:1090A000A889B98998868F8277FF4CC0A12C02C00D
:1090B000880F991FBC01220F331FA50E97FDF8CF13
:1090C000979865BA9698969A979AFD01E40FF11DC4
:1090D000F5BB9698969A942E9A0E95BA9698969A6B
:1090E0003197EA0DF11DF5BB9698969AEFEFE90DD1
:1090F000EA0DE5BB9698969A979845BA9698969AEF
:10910000979AC5BA9698969AE5BA9698969AD5BAC5
:109110009698969A05BB9698969A979835BA969887
:10912000969A979A5BBAB5BA4A0D5A9DE02D1124CA
:109130009698969AE150E1F7411760F4880F991FCD
:1091400077FDB4CF37FD21C0BC01220F331F450F7F
:109150004117A0F3B98BA88B8F8098844981413047
:1091600009F45BC08981823009F45CC09981953033
:1091700009F494C02A94ED81FE81EE0EFF1E8E0E3E
:109180009F1E050F21105FCF0FCF912C02C0880FBB
:10919000991FBC01220F331F950E37FDF8CF97980A
:1091A00065BA9698969A979AFD01E40FF11DF5BB62
:1091B0009698969AA42EAA0EA5BA9698969A319742
:1091C000E90DF11DF5BB9698969AEFEFEA0DE90DC2
:1091D000E5BB9698969A979845BA9698969A979AD4
:1091E000C5BA9698969AE5BA9698969AD5BA9698E8
:1091F000969A05BB9698969A979835BA9698969AA5
:10920000979A7BBAEB81E5BB490D599DE02D11245E
:109210009698969AE150E1F78FCF2B853C8536954D
:109220002795A8CF2B853C85220F331FA3CF42E083
:10923000241609F425CFCC0CDD1C2C293D297C8774
:109240006B87FA87E987CB01880F991F20CF92E0BF
:10925000291609F415CFD694C794EFCFB2E02B1698
:1092600009F40ECFD601AA0FBB1FC9018C299D2975
:109270008A2B9B2B960136952795822B932B9B014E
:1092800036952795282B392BCB01880F991F282B32
:10929000392B7C876B87FA87E987F9CE2B853C854C
:1092A000220F331F8B859C8596958795282B392B0C
:1092B000AB85BC852A2B3B2B5DCF88E0A81609F433
:1092C00061C0F0E1AF1609F46DC0F12C80E090E0D0
:1092D000EE24E394312E3A18C12ED12C5D834B87B6
:1092E000FB01559144916E5F7F4F4115510559F037
:1092F000FA010F2C02C0F695E7950A94E2F7E621F1
:10930000F7218E0F9F1FEE2DF0E0EE0FFF1FE80DEF
:10931000F91D91838083E1E0EE0DE41580F5F30CF7
:10932000C6018F1991098A0102C0000F111F8A9589
:10933000E2F7C801AF14B0F4F0E0EE0FFF1FE80D44
:10934000F91DA3014023512351834083E394E39407
:10935000FA180F8002C0880F991F0A94E2F7C0CF55
:1093600010E119CDEE2EBCCF50906A01B0906B0188
:10937000F0907201FD86009173010B8340CD5D81F9
:109380004B8590CDC401029611E0FB01F490EE24D0
:10939000FC01E192F192CF016F5F7F4F1F5F1415C7
:1093A000A0F380CDC4010296FF24F394FB01159134
:1093B0000491FC0101931193CF016E5F7F4FF394F1
:1093C000F414A0F36FCD2F923F924F925F926F9261
:1093D0007F928F929F92AF92BF92CF92DF92EF9245
:1093E000FF920F931F93CF93DF93CDB7DEB7AB9769
:1093F0000FB6F894DEBF0FBECDBF888769837A01B0
:1094000039015801CDB6DEB6DBA2CAA2D090620106
:10941000DB8E209163012B872F5F2A8F309185018E
:109420003E8740918901D49E502D112459A36D2D62
:10943000693008F080C478E078A3AA8D8A2F90E084
:10944000880F991FEDB7FEB7E81BF90B0FB6F8941C
:10945000FEBF0FBEEDBF2DB73EB72F5F3F4F690177
:10946000398F288F128211827B8D672F70E07D8F5C
:109470006C8F80E190E0861B970B2FEF3FEFD901B7
:1094800002C0AA0FBB1F8A95E2F7BD8BAC8BE0919F
:109490008001F0918101FF8FEE8F2090820130904A
:1094A000830120917A0130917B013D872C87609167
:1094B0007C0170917D01798B688B80917E01909108
:1094C0007F019B8B8A8B449F902D11249F83A885BD
:1094D000AA2309F42EC43B8D3F5F832F90E0880FB1
:1094E000991FEDB7FEB7E81BF90B0FB6F894FEBF56
:1094F0000FBEEDBF0DB71EB70F5F1F4F6DB77EB725
:10950000681B790B0FB6F8947EBF0FBE6DBFADB769
:10951000BEB711964D01EDB7FEB7E81BF90B0FB6BC
:10952000F894FEBF0FBEEDBF6DB77EB76F5F7F4F84
:109530002B01709170017E8B809171018F8B6091F6
:10954000740170917501D8016D937C93E09176015F
:10955000F0917701D401ED93FC9380917801909183
:109560007901ADB7BEB712969C938E9311973230A6
:1095700008F49BC0D8011296BA87A987D401129625
:10958000BE83AD83ADB7BEB71396BC83AB83BFEFCD
:109590002B1A3B0AA1E0B0E021E0FDA2ECA2F32EE1
:1095A0007FA26EA27884B9A6A8A6B22E9C01DBA6E3
:1095B000CAA6E42EAF0147C0853068F0772009F4D1
:1095C000CCC0C101EE8DFF8D8E179F070CF0C0C07F
:1095D000F981F630E1F1CD01880F991FF801E80F0C
:1095E000F91FCC84DD846C197D0971836083F401DB
:1095F000E80FF91FBA01C888D9886C197D097183F1
:109600006083F201E80FF91F6A897B89261B370BFB
:1096100031832083B39411969FEF291A390AFB14E2
:10962000D9F1E985FA8561917191FA87E987ED8130
:10963000FE8141915191FE83ED83EB81FC8121916B
:109640003191FC83EB838981833009F0B5CFCD0163
:10965000880F991FF801E80FF91FCC84DD846C0D89
:109660007D1D71836083F401E80FF91F6889798992
:10967000640F751F71836083F201E80FF91F6A8917
:109680007B89260F371F31832083B39411969FEF78
:10969000291A390AFB10C5CF4E2DECA0FDA06EA0F3
:1096A0007FA0A8A4B9A4CAA4DBA4EB8DE83008F07D
:1096B000E5C250E0A0E0B0E061E028A12E1B2983C4
:1096C00038A1232E312C1C830B831E2FF70194917C
:1096D0008827FFEFEF1AFF0AE62FF0E0EE0FFF1FDB
:1096E000EC0DFD1D9C01052E02C0369527950A94B0
:1096F000E2F72A0F3B1FAC89BD892A233B23318324
:10970000208371E0760FBA8D7B1758F52981520FAF
:109710009101251B3109DC0102C0AA0FBB1F2A954C
:10972000E2F71517E0F4E72FF0E0EE0FFF1FEC0D66
:10973000FD1D8C899D898A239B23918380836E5F85
:10974000511B0C8C02C0AA0FBB1F0A94E2F7BECFBC
:109750008981853009F03FCF7ACFCD0133CF672F94
:10976000B5CF0B811C81EE84E110FDC096012E5F08
:109770003F4F3A872987642F70E07F876E878FEF8E
:10978000840F782F7A0D1B822E843F8491E0291A52
:109790003108860D8D8359A1D72EA985BA856D9183
:1097A0007D91BA87A9876115710509F48DC0CB2C0D
:1097B000C501820D931D998330E020E077FF7AC0C8
:1097C0009798AAE2EA2EE5BA9698969A979AC301D4
:1097D000820F911D95BB9698969AE22FE60DE5BBF8
:1097E0009698969A820D931D95BB9698969A8D8120
:1097F000820F85BB9698969A9798BBE2FB2EF5BA96
:109800009698969A979AC5BA9698969AA5BA96985F
:10981000969A898185BB9698969AD5BA9698969A83
:1098200097989CE295BB9698969A979AA885A111CD
:1098300098C08B8190E0880F991FD401A80FB91FA1
:10984000F801E80FF91F0190F081E02DEE27FC7779
:109850007F01EE0CEF2CEE1CFF08FD86EC86ED90F0
:10986000FC901197EE24E0E7FE22FF2DF595F5958B
:10987000F595F595EC85EF2BEBBBF201E80FF91FA1
:109880008081918188279C77E92FE595E5958D91D9
:109890009C9188279E709595879595958795959528
:1098A0008795959587958E2B85BB8F819698969AEF
:1098B0008150E1F7660F771F240F3F5F251720F4D3
:1098C0006115710509F07ACFEE85FF85AE0EBF1EDA
:1098D000FB81FF5FFB83D40ECB84CF125ECFC884A5
:1098E000CC20F9F08C8D9D8D880F991FF801E80F21
:1098F000F91F208131813093750120937401F401A7
:10990000E80FF91F20813181309377012093760190
:10991000F201E80FF91F8081918190937901809382
:1099200078018AA19BA10FB6F8949EBF0FBE8DBF90
:10993000AB960FB6F894DEBF0FBECDBFDF91CF91CF
:109940001F910F91FF90EF90DF90CF90BF90AF905D
:109950009F908F907F906F905F904F903F902F904F
:109960000895832F67CF2B852E5F2B87842F880F39
:1099700039A1380F642F70E0798B688B1301261A98
:10998000370AC501861B970B9A8389832FEF240F13
:10999000A82EA20E615071097E836D83860F971FDA
:1099A0009D878C8719861B8A1A8A612C712C80E00E
:1099B00090E0220D2C8BCA2CA32EAB85A230F0F0A8
:1099C000E88DF98D8191919196958795A88DB98DA6
:1099D00012962D913C91139736952795BE85B430FC
:1099E00009F402C16E85633009F413C1AE85A53058
:1099F00009F425C19B8B8A8BF98FE88FBC01660F18
:109A0000771F9C012095309562227322EA81EB83B7
:109A1000BD84E22CFC88D12C50E097FF7EC0979843
:109A2000FAE2F5BB9698969A979AC101850F911D17
:109A300095BB9698969AE5BA9698969A2D813E810E
:109A4000820F931F95BB9698969AF5BA9698969A18
:109A500097983BE235BB9698969A979A8B8185BBEF
:109A60009698969A998195BB9698969AB5BA969833
:109A7000969AC5BA9698969A9798ACE2A5BB96988E
:109A8000969A979AB885B11187C0898590E0880F1A
:109A9000991FF401E80FF91FD801A80FB91F2D91E4
:109AA0003C9122273C77220F232F221F330BA081CA
:109AB000B181AA27B0773B2F3595359535953595EA
:109AC000232B2BBBD201A80FB91F8D919C91882706
:109AD0009C77292F259525958081918188279E70D7
:109AE000959587959595879595958795959587955E
:109AF000822B85BB8F819698969A8150E1F7CB0196
:109B0000660C771C540FD394E40EF40E5A1508F02B
:109B100045C0660F771F97FD82CF77FEF0CF9798ED
:109B2000EAE2E5BB9698969A979AC101850F911D36
:109B300095BB9698969AE5BA9698969A2D813E810D
:109B4000820F931F95BB9698969AF5BA9698969A17
:109B500097983BE235BB9698969A979A8B8185BBEE
:109B60009698969A998195BB9698969AB5BA969832
:109B7000969AC5BA9698969A9798ACE2A5BB96988D
:109B8000969A979ABE89BBBB2F8925BB8F819698E1
:109B9000969A8150E1F7B3CF8D2D78CF3E85313045
:109BA000F1F05E85523081F16E856530C9F1BB857B
:109BB000B150BB87E981FA81E888F988EE0DFF1D75
:109BC000FA83E98329852F5F2987C40E6C857D85FB
:109BD0006E0D7F1D7D876C87B111EFCE80CE6A88B8
:109BE0007B8876946794E3CF5B85523009F402CF8B
:109BF000220F331F622A732A9B8B8A8BF98FE88F7F
:109C0000BC01660F771FFDCE6A887B88660C771CC7
:109C1000CECF7B85723009F4EDCE36952795EACF0D
:109C20006A887B88660C771C2A893B89369527953C
:109C3000622A732AAA89BB896A2A7B2AB8CFBB8584
:109C4000B23009F4D7CEB901660F771F622A732AA2
:109C500066297729390176946794662A772A9C01C8
:109C600036952795622A732ABC01660F771F662AEC
:109C7000772A9B8B8A8BF98FE88FC3CE3B8D383048
:109C800009F462C02B8D203109F46EC060E020E041
:109C900030E071E038A05B8D351A88A1A82FB0E0C4
:109CA0001A830983142F432DF70135902490E2E0A5
:109CB000EE0EF11C2114310469F0C101062E02C020
:109CC000969587950A94E2F7EC89FD898E239F2368
:109CD000280F391FE72FF0E0EE0FFF1FEC0DFD1DE1
:109CE0003183208381E0870F2A8D821748F5640F26
:109CF0009D01261B3109F10102C0EE0FFF1F2A95BD
:109D0000E2F79F015617D0F4E82FF0E0EE0FFF1FA7
:109D1000EC0DFD1D8C899D89822393239183808383
:109D20007E5F651B0C8C02C0220F331F0A94E2F782
:109D3000BBCF3B85D2CB80E188A37FCB782FB4CF3C
:109D4000412F09811A810FCDD601129681E09A8D9B
:109D5000F701349122272D933D93FFEFEF1AFF0A6D
:109D60008F5F8917A8F3FFCCD601129621E03A8DB8
:109D7000F701959184918D939D9392E0E90EF11CEA
:109D80002F5F2317A8F3EFCC2F923F92CF92DF9251
:109D9000EF92FF920F931F93CF93DF93E1018FA177
:109DA000882389F1282F30E04DA15EA1FA01E20F4E
:109DB000F31F319790819032A1F56CA109C0282F33
:109DC00030E0FA01E20FF31F31979081903249F5AC
:109DD000611115C09BA1911112C09AA191110FC0E0
:109DE0009D8DE8A1F9A12E8D3F8D2E0F3F1F290FCC
:109DF000311DEB8DFC8DE217F30708F0A0C18150F7
:109E00008FA38111DCCF1FA21F8E1E8EDF91CF91F9
:109E10001F910F91FF90EF90DF90CF903F902F9088
:109E200008958BA19D8D929FA001939F500D1124A9
:109E30005F8F4E8F813009F475C1823009F458C1AB
:109E40008E89811124C08D89882309F18C89823003
:109E500009F486C180916C018093110180916D019C
:109E600080931001949869897A8988A199A19B01AE
:109E7000215031094B89240F311D4E8D5F8D480FC4
:109E8000591F4150510901E00E945224949A9C8923
:109E90008FEF890F863008F0B9CF933008F096C065
:109EA000109283011092820194981B82AFA1AA2381
:109EB00009F487C048A159A180E091ECD92E20EC8B
:109EC000E22E3FEBF32E47C081548A8390916401C8
:109ED000891B8A8390916501891708F054C090E02E
:109EE000209160013091610139832883B09166012E
:109EF000B89FB001B99F700D11246A5F7F4F620F48
:109F0000731F798368838D89882309F440C0908109
:109F1000903259F0883008F043C029893A898C89F9
:109F20000E94984648A159A1AFA18D8D480F511D9F
:109F300059A348A3209162018091820190918301ED
:109F4000820F911D90938301809382018B818F5F9B
:109F50008B838A17B0F5EDA1FEA1E80FF11D80817A
:109F6000803C08F0B1CF883A31F1883B39F1893B28
:109F700051F18A8390916401891B8A8390916501D4
:109F8000891708F4ACCF1A8280E090E0A9CF298924
:109F90003A898C890E94104648A159A1AFA1C5CF2A
:109FA00009891A899A01AB016C898C810CDA48A164
:109FB00059A1AFA1BACFFA828FEB88CFEA8280ECA9
:109FC00085CF949A20CFDA8281EC80CF20916801EE
:109FD000422F487F10E8419FA0011124588B4F87E2
:109FE000609169012770E22FF0E09F01322F222754
:109FF0003295307FE62FE07E80E1E89FF00111246A
:10A00000E22BF32BFE87ED876F71262F30E0322F86
:10A010002227330F330F3C872B87A0916A01A87F3B
:10A0200010E8A19FD0011124BA87A98760916A0125
:10A030006770E62EF12CB701762F66277295707F38
:10A0400080916B01807E10E1819F70011124E62ACE
:10A05000F72AF886EF8200916B010F7110E0102F44
:10A060000027110F110F1E830D838C8181116DC08C
:10A07000C0906301D12CD0928101C09280011B82DB
:10A08000933009F440C0943041F0D594C794D092F5
:10A090008101C09280019630B1F1509375014093D7
:10A0A0007401F0937701E093760130937901209366
:10A0B0007801CA018A1B9B0BB6010E94BD73709385
:10A0C0007B0160937A01CF018E199F09B6010E942E
:10A0D000BD7370937D0160937C01C901801B910B5E
:10A0E000B6010E94BD7370937F0160937E01D8CE4C
:10A0F000298D3A8D8F89988D820F931F841B950B24
:10A1000099A388A39DCE81E08B83B0937501A09322
:10A110007401F0927701E092760110937901009337
:10A120007801C7CF898D9A8D841B950B969587955D
:10A130002F89388D820F931F99A388A381CE899F81
:10A14000C00111249F8F8E8F7BCEC09062018FA1A2
:10A15000C89E60011124D0928101C09280018FCFEE
:10A1600080916E018093110180916F0180931001A5
:10A1700079CE2F923F924F925F926F927F928F9201
:10A180009F92AF92BF92CF92DF92EF92FF920F9386
:10A190001F93CF93DF93CDB7DEB7AA970FB6F8948E
:10A1A000DEBF0FBECDBF362F5A01922E4DB75EB720
:10A1B0005AA749A78D836D8B198F088FDB8ECA8EA6
:10A1C000E0918401EF8B40918901E114F10421F4C5
:10A1D000E0908E01F0908F018091670190E00196F0
:10A1E000489FB001499F700D1124C701861B970B32
:10A1F00001969B8B8A8B0115110509F41AC21AA3CB
:10A2000009A3C114D10409F40DC2D0929301C092E4
:10A210009201C6011A821982509162012091870130
:10A22000459F200D11242E8F50916301549F502D76
:10A2300011245C8B080F191F1D8F0C8F622F70E08B
:10A240000E94A973762E77278DB79EB7861B970B32
:10A250000FB6F8949EBF0FBE8DBF01969FA38EA32D
:10A2600018A68DB79EB7861B970B0FB6F8949EBFA6
:10A270000FBE8DBF0DB71EB70F5F1F4F1BA24090C3
:10A280009401249D402C1124809186018CA3E1111E
:10A29000C6C11E8A80918501882319F08E8982604B
:10A2A0008E8B423018F08E8984608E8B333018F09C
:10A2B0008E8988608E8B30E028A580E2882E512C14
:10A2C0009AE0692EF5019110CDC080818DA3813275
:10A2D00048F0371508F0DAC0F801E30FF11D80836C
:10A2E0003F5F3BA397EF980F923018F08F7D09F0F6
:10A2F000C2C0A22F222309F4B8C08E8D829FC00154
:10A30000112498A38F8F332309F444C01C828E8DAF
:10A31000839FC001112449A15AA1EF8DF8A14E0FCE
:10A320005F1F480F591F6C8D7D8D64177507B0F442
:10A3300021111DC1409188012C8930E0240F311D6D
:10A3400047FD3A954A895B89420F531F5B8B4A8BC5
:10A35000E20EF31E288D398D3AA329A31C8230E02A
:10A36000EEA1FFA1EA0FF11DD801A30FB11D2C91A1
:10A37000208328A52F5FA22F28A73C813F5F3C8325
:10A380004BA1341768F31BA2EF8DF8A18E0F9F1F0E
:10A3900098A38F8F4DA1403209F4C1C030E080E016
:10A3A00090E0493009F4A4C0332309F474C0D12CDF
:10A3B000EF8DF8A1EF2B09F078C03C8980918801DE
:10A3C000082E000C990B830F911D4A895B89480F59
:10A3D000591F5B8B4A8BE80EF91E888D998D9AA3C5
:10A3E00089A31C82922F80E0EEA1FFA1E90FF11D4D
:10A3F000D801A80FB11D8C91808328A52F5F922FC3
:10A4000028A78C818F5F8C833BA1831768F31BA2E5
:10A41000DD2071F0822FEEA1FFA1E80FF11D8082F7
:10A4200028A581E0820F282F88A7DA94D110F3CFD6
:10A430008DA181111DC0222309F4A0C0FE01319617
:10A440001F01A2DC8DA18A3009F447C1FFEFAF1ACA
:10A45000BF0A882309F492C03BA128A5F5019920E1
:10A4600009F433CF84918DA332CF18A21F8E4BCF26
:10A470008A3029F03BA14FEFA41AB40A23CF21114F
:10A48000DDCF3FEFA31AB30A3BA11CCFF1E0AF1A17
:10A49000B1086DA22ECF4DA1442311F04A3051F7DF
:10A4A000D12C8F8D98A1892B21F0CE0101961C0112
:10A4B0006BDC8BA1811135C1D11004C08DA18A3014
:10A4C00009F0C4CF209188018C8990E0820F911D02
:10A4D00027FD9A952A893B89280F391F3B8B2A8BA8
:10A4E000E80EF91E888D998D9AA389A328A590CF8F
:10A4F000332309F47CC03CA13111A8C08415950513
:10A5000008F40AC1B2010E94A973A201481B590BA9
:10A51000CA016E8D70E00E94A973D62EC2CFCE8C78
:10A52000D12C6F8D78A189A19AA1860F971F8C0DD0
:10A530009D1D6C8D7D8D6817790708F49BCF8CA1CC
:10A54000811168C061E0822FEEA1FFA1E80FF11D2B
:10A55000808228A52F5F822F28A76150A9F73BA1F1
:10A56000EF8DF8A1EC0DFD1DF8A3EF8F1DCF4DA1D0
:10A57000403209F016CFDD24D3941CCF8CA1811179
:10A5800092C08A899B8990938D0180938C01F0926F
:10A590008F01E0928E0189A19AA1909391018093FD
:10A5A0009001888D998D90938B0180938A0189A564
:10A5B0009AA50FB6F8949EBF0FBE8DBFAA960FB690
:10A5C000F894DEBF0FBECDBFDF91CF911F910F91E9
:10A5D000FF90EF90DF90CF90BF90AF909F908F90C3
:10A5E0007F906F905F904F903F902F9008953CA187
:10A5F000332389F1CE8CD12C6F8D78A189A19AA1BA
:10A60000860F971F8C0D9D1D6C8D7D8D68177907AA
:10A6100008F430CF222309F43FCF61E094CF81E0EA
:10A620008E8B38CE80919201909193019B8F8A8F6F
:10A63000F1CD80919001909191019AA389A300910D
:10A640008A0110918B01198F088FDBCDDD24D39403
:10A65000EF8DF8A1AFCE29A03AA0EF8DF8A12E0E74
:10A660003F1EAC01420D531DC88CD98CCA018C19F8
:10A670009D098415950508F44AC0B2010E94A9738A
:10A680006201C81AD90A6E8D2C0C3D1C8C8D9D8DD3
:10A690008215930508F4EECE70E0C6010E94A973FE
:10A6A000611151CF5FCF80918801082E000C990B6A
:10A6B0002A893B89280F391F30938D0120938C0103
:10A6C000E80EF91EF0928F01E0928E01888D998D2F
:10A6D000909391018093900166CF209188018C899D
:10A6E00090E0820F911D27FD9A952A893B89280FBA
:10A6F000391F3B8B2A8BE80EF91E888D998D9AA302
:10A7000089A33BA128A54FEFA41AB40ADBCDC40C42
:10A71000D51CC41AD50AB7CF9201281B390BC90121
:10A72000F8CE28A54ACE2F923F924F925F926F9219
:10A730007F928F929F92AF92BF92CF92DF92EF92D1
:10A74000FF920F931F93CF93DF93CDB7DEB766973A
:10A750000FB6F894DEBF0FBECDBF8E8BB62E29018B
:10A760003A0118012A2D8D8AACA4222309F45EC077
:10A77000263008F06BC0CE0101964C018C014BA530
:10A78000C301B2010E9411749D899E3271F0AE0125
:10A790004B5E5F4FF4019F012819390981918E3278
:10A7A00009F456C0E417F507B1F790E2A916F9F0DD
:10A7B00020E030E0A901C301B2010E94767187FF59
:10A7C00037C08DE28983FE0132969E012B5E3F4F9A
:10A7D00006C08D3239F03196E217F30741F08081DF
:10A7E0008032B9F7A0823196E217F307C1F78101F1
:10A7F00020E0A4016B2D8E89BCDC66960FB6F89420
:10A80000DEBF0FBECDBFDF91CF911F910F91FF90A3
:10A81000EF90DF90CF90BF90AF909F908F907F9000
:10A820006F905F904F903F902F90089521E0A3CFBD
:10A83000F4019E012B5E3F4F04C03196E217F307EF
:10A84000B1F280818032C9F7A082F7CF25E093CFA3
:10A85000F401E20FF31F8D898083A7CF2F923F92DF
:10A86000F101E05AFF4F808190E0AC014F5F5F4FF4
:10A870003FE1349FF001359FF00D1124E20DF31DEF
:10A880002081233008F460C0233009F4B8C026309A
:10A8900009F46AC0D10112961C92243009F07AC0E2
:10A8A0002FE1289FF001299FF00D1124E20DF31DE7
:10A8B0002785308945895689241B350B308B27879E
:10A8C000218932894789508D241B350B328B218B8E
:10A8D00023893489418D528D241B350B348B238B76
:10A8E0002FE1289FF001299FF00D1124E20DF31DA7
:10A8F000818992892785308922273C77220F232F4F
:10A90000221F330BAC0144275077352F35953595F1
:10A9100035953595232B20931101238934892227DE
:10A920003C77232F2595259588279E7095958795AB
:10A93000959587959595879595958795822B809385
:10A9400010013F902F900895389FF001399FF00D2E
:10A950001124E20DF31D8785809311018189809375
:10A9600010013F902F90089521E0D10112962C9371
:10A970001297389FF001399FF00D1124E20DF31D5D
:10A9800040A151A12D913C9142175307B8F4F10118
:10A99000128286CF389FF001399FF00D1124E20D0D
:10A9A000F31DD1014D915C9120A131A124173507F0
:10A9B00008F076CF21E0D10112962C932FE1289F49
:10A9C000F001299FF00D1124E20DF31D47855089F8
:10A9D00025893689240F351F308B27874189528975
:10A9E0002789308D240F351F328B218B4389548961
:10A9F000218D328D240F351F348B238B71CF21E0B5
:10AA0000F1012283DBCF815090E0FC01EE0FFF1FAC
:10AA10008E0F9F1F880F991FFC01E050FF4B649120
:10AA2000FC01EF5FFE4B3491FC01EE5FFE4B449165
:10AA3000FC01ED5FFE4B5491FC01EC5FFE4B249159
:10AA4000FC01EB5FFE4B8491A0E6B1E0E62FE87FCE
:10AA5000632F629566956770E62B1896EC931897AE
:10AA6000E32FEC71EE0FEE0FEE0F469546954695EF
:10AA7000E42B1996EC931997E52FE87F522F529506
:10AA800056955770E52B1A96EC931A97E22FEC71B6
:10AA9000EE0FEE0FEE0F869586958695E82B1B96AA
:10AAA000EC9308952F923F924F925F926F927F9214
:10AAB0008F929F92AF92BF92CF92DF92EF92FF92CE
:10AAC0000F931F93CF93DF93CDB7DEB7C257D10952
:10AAD0000FB6F894DEBF0FBECDBFAD968FAFAD976A
:10AAE000962E2A0139011801AA96CFAEAA971A2DDF
:10AAF000C657DF4F0881CA58D04021E0221A3108DA
:10AB000031E0E31AF1089498882309F490C0509139
:10AB10000D01AE965FAFAE97513009F48AC508F4C7
:10AB2000B6C5523009F4A9C5533009F08AC5C090A2
:10AB30000B01D0900C01C618D708CE18DF0880E0B2
:10AB40000E941F22922D832D1701E92EF82E32012B
:10AB50002601AA966FADAA97662309F470C0AA963B
:10AB60009FADAA97892F90E0AC969FAF8EAFAC9720
:10AB7000AC01A82DB0E0A02EB12C6D01CA0CDB1CDD
:10AB8000C6010196841795070CF40CC482E0800F6F
:10AB9000880DAA968FAFAA97482F50E0AC965FAF6A
:10ABA0004EAFAC9781E090E0FC01E41BF50BC85779
:10ABB000DF4F2881C858D040211158C0AF961FAE32
:10ABC000AF97C757DF4F7881C958D040772309F432
:10ABD00063C0272F770F330BA217B3070CF0C9C33D
:10ABE000C757DF4F8882C958D040882D082C000CE9
:10ABF000990BE1969FAF8EAFE197882DC457DF4F39
:10AC00003881CC58D040311154C090E0C357DF4F49
:10AC10006881CD58D040662309F45EC0262F660FA8
:10AC2000330BA216B3060CF0CEC3202F56C0AE963F
:10AC30001FAEAE97AA966FADAA97611190CFA82DBF
:10AC4000B0E0A02EB12C6D01CA0CDB1CE1E0F0E0FD
:10AC5000AC961FAE1EAEAC9740E050E0C857DF4F39
:10AC60002881C858D040222309F4A8CF822F220F70
:10AC7000990BA817B9070CF069C3C857DF4F888232
:10AC8000C858D040AF968FAEAF97C757DF4F788187
:10AC9000C958D04071119DCFE1961FAE1EAEE1970D
:10ACA00080E0C457DF4F3881CC58D040332309F4BB
:10ACB000ACCF632F330F770B222733272A193B0999
:10ACC000621773070CF08AC3902FC357DF4F688158
:10ACD000CD58D0406111A2CF20E0B3016E0D7F1D91
:10ACE000A4967FAF6EAFA497B201640F751FA796AD
:10ACF0007FAF6EAFA797420C531CB201641B750B5C
:10AD0000A9967FAF6EAFA997A4966EAD7FADA497BD
:10AD1000641B750BE3967FAF6EAFE3971E861F86AD
:10AD2000C857DF4F7881C858D0407DA7C757DF4F3D
:10AD30003881C958D0403EA7AF965FADAF97950F09
:10AD40002D969FAF2D97820F2E968FAF2E977A82DA
:10AD500069821B82FD83EC83AA966FADAA976F83ED
:10AD60001E8218861D86FD8EEC8E970135952795DF
:10AD70003F8F2E8F18A3F901E60DF71DFAA3E9A363
:10AD8000AC966EAD7FADAC976A1B7B0B41E050E09B
:10AD90009A01261B370B3CA32BA3AA969FADAA971B
:10ADA00098199EA31DA21FA28CA69D01220F331FDE
:10ADB000D701A21BB30B9D01BCAFABAF3595279557
:10ADC0003EAF2DAFC957DF4F2881C758D0402FAFB6
:10ADD000E1962EAD3FADE1972E0F3F1F22963FAF7C
:10ADE0002EAF22976A197B09461B570B24965FAF3B
:10ADF0004EAF2497901B26969FAF269725961FAEA1
:10AE0000259727961FAE2797800E2C968FAE2C97EE
:10AE1000CC0CDD1CEC18FD086C96FFAEEEAE6C970A
:10AE2000F594E7946E96FFAEEEAE6E972E01BEE5FA
:10AE30004B0E511CC557DF4F9881CB58D040F201C3
:10AE40009083280F311D87FD3A95A1963FAF2EAF15
:10AE5000A197F2E19F9EC00111249C012C5A3E4B08
:10AE6000190127E0A22E21E0B22EBE016F5F7F4FB5
:10AE70007B01C12CD12C812C112309F482C081E0EB
:10AE800090E00C2C01C0880F0A94EAF7882A113050
:10AE900009F4B5C2123009F4D6C291101DC3D50110
:10AEA000133009F4FCC3163009F4F9C357964C91DA
:10AEB000579750E0CA019695982F882797958795C0
:10AEC000F701908B878758962C91589730E0C901ED
:10AED0009695982F882797958795928B818B599671
:10AEE0008C91599790E0BC017695762F66277795DF
:10AEF0006795748B638B5A96EC915A970E2F10E0DE
:10AF00005B966C915B9770E05C96AC91B0E0401BF7
:10AF1000510B5695542F442757954795F701568B5B
:10AF2000458B261B370B3695322F222737952795D1
:10AF3000308F278B8A1B9B0B9695982F8827979588
:10AF40008795928F818FF701878D853008F02FC309
:10AF5000238D348D2F5F3F4F85899689B9010E94DB
:10AF6000BD73768B658B8789908DB9010E94BD7307
:10AF7000708F678B818D928DB9010E94BD73728F26
:10AF8000618FFFEFCF1ADF0A2FE1E20EF11C36E0EE
:10AF9000230E311C56E0A50EB11C63E0C616D10489
:10AFA00021F0D7015F961C9167CF8CA5882319F0FB
:10AFB000B82DB8608B2E69817A81AB01A496EEAD75
:10AFC000FFADA497E617F70708F4A8C0A5968FAEC3
:10AFD000A597AA96AFACAA97FE013196D4840D2D01
:10AFE00010E0C6848C2D0C2C000C990B9801280FB6
:10AFF000391F260D371D4217530708F459C0A49670
:10B000002EAD3FADA497820F931F801B910B841729
:10B01000950708F44DC02584022C000C3308A79630
:10B02000AEADBFADA797A20DB31DA9968EAD9FADD6
:10B03000A997280E391EAA2009F4A6C0478140FD11
:10B04000DFC05581852F90E0242F2270B22E1AC0C8
:10B050002381348137FD07C0EA94E682F12CEE0C9F
:10B06000FF1C2E193F095F5F5583852F90E08C01EF
:10B07000000F111F200F311F3483238337FFFAC0C5
:10B08000B110FAC0E6802E2D30E08901015011097F
:10B0900080179107ECF2142F11601783E51609F45D
:10B0A000AEC041FDE2C0A21BB30B220E331EEAC0AC
:10B0B00011861086138612867F964E165F0611F053
:10B0C000AB018CCF88A1811168C0A5963FADA59733
:10B0D000313009F44EC08FAD882329F08AA59BA595
:10B0E000892B09F0D4C0D2018C91882339F02B969A
:10B0F0008EAD9FAD2B97892B09F0EDC069817A81C8
:10B10000AB014F5F5F4FBA015A834983A4962EADBE
:10B110003FADA4972417350708F05ECFAD96FFAD7D
:10B12000AD97FF2329F0AE968FADAE970E941F22F8
:10B13000949ACE58DF4F0FB6F894DEBF0FBECDBF46
:10B14000DF91CF911F910F91FF90EF90DF90CF9003
:10B15000BF90AF909F908F907F906F905F904F9037
:10B160003F902F900895A5965FADA597513009F0B7
:10B17000B2CF69817A814B855C8501E09B0189852D
:10B180009A850E945224BACFA00FB11FB187A08721
:10B19000201A310A338622868FCFA2961FAEA2973D
:10B1A000BE016F5F7F4F1B0159DB88A18823D9F255
:10B1B000EAA5FBA53097E9F2A5966FADA59761309A
:10B1C000C1F28FAD811104C08CA5882309F48BCF07
:10B1D00089859A8548A559A58417950708F404C15F
:10B1E0004B855C85E417F50708F075CF69817A8196
:10B1F00001E09B01CF0101960E94CB236CCF412F30
:10B2000085810DC0148303839F5F968344604783C9
:10B210008150858342FD26C041FF2EC0478188238F
:10B2200009F470C0238134819681092F10E0000F4A
:10B23000111F020F131FE82EF12CEE0CFF1C0E192C
:10B240001F0948015FEF851A950A8E149F04D4F2F6
:10B250002E193F09348323834B7F47838150858395
:10B2600042FFDACF41FF08C090E0A81BB90B280EBF
:10B27000391E08C041FFF9CF868190E0A81BB90BA9
:10B28000280E391EB187A0873386228615CF81E02C
:10B29000A2968FAFA297CE0101961C01DFDA2B9602
:10B2A000EEADFFAD2B97309709F48FC188A599A516
:10B2B00029964EAD5FAD29978417950708F4D0C144
:10B2C0004AA55BA5E417F50708F4C1C1D2018C912A
:10B2D000882309F413CFB2E0A296BFAFA297FE0174
:10B2E00031961F01BBDA69817A812B964EAD5FAD35
:10B2F0002B9701E09B0129968EAD9FAD29970E9467
:10B300005224FCCE542F527041FDD6CEE3968EAD22
:10B310009FADE3978C0D911DC7FC9A9586179707F3
:10B3200008F0CACE4E7F42604783AC968EAD9FAD8B
:10B33000AC978D19910921E030E0281B390B34833B
:10B3400023838A2D8D19868315827CCE222733276D
:10B350002A1B3B0B821793070CF045C1682D6195A2
:10B36000C857DF4F6883C858D040AF966FAFAF97CC
:10B3700028CC882799278A1B9B0B281739070CF0A4
:10B3800047C1982D9195C757DF4F9883C958D04032
:10B39000892F292F022E000C330BE1963FAF2EAFE1
:10B3A000E1977FCCCA01880F991F2816390608F447
:10B3B00029C1E816F90608F435C181E090E0FC01E6
:10B3C000E41BF50B4BCC662777276A197B092617F8
:10B3D00037070CF011C1202F21957FCCC457DF4FC8
:10B3E0009881CC58D04012CC69817A814150510962
:10B3F00001E09B010E94CB23EAA5FBA5F1CE9110B1
:10B4000046C0D50158968C91589757962C915797CE
:10B41000287F982F929596959770292B30E0F70109
:10B42000308B27878C7190E0880F991F880F991FA8
:10B43000880F991F59962C91269526952695822B33
:10B44000928B818B9ECD9110CBC0D5015B968C9158
:10B450005B975A962C915A97287F982F929596959C
:10B460009770292B30E0F701308B27878C7190E0A3
:10B47000880F991F880F991F880F991F5C962C9130
:10B48000269526952695822B928B818B7ACDF1017C
:10B490007297849131969491282F287F892F8295D5
:10B4A00086958770822B90E0D70150969C938E935F
:10B4B0001F9784913196E4918C7190E0880F991FC9
:10B4C000880F991F880F991FE695E695E6958E2BB4
:10B4D000F701928B818B55CD133009F40EC11630D4
:10B4E00009F40BC1A10142515109FA018491F0E81C
:10B4F0008F9FC0011124D70150969C938E931F9764
:10B50000910121513109F9018491F0E88F9FC00127
:10B51000112452969C938E935197C1014097FC0140
:10B520006491F0E86F9FB001112454967C936E9360
:10B530005397D1011F97B1016E50710981010D50D0
:10B540001109FA014491FD01A49150E04A1B5109EF
:10B550005695542F442757954795D70156965C9397
:10B560004E935597F9012491FB01649130E0261B1D
:10B5700031093695322F22273795279558963C93D7
:10B580002E935797FC018491F801049190E0801B61
:10B5900091099695982F8827979587955A969C9309
:10B5A0008E935997F701878D853008F4D1CC873079
:10B5B00008F0E7CC258D368D2F5F3F4F8589968922
:10B5C000B9010E94BD73F701CCCC69817A814AA58B
:10B5D0005BA501E09B0188A599A50E9452248ECD10
:10B5E000F1013F9756CFC857DF4F3881C858D04038
:10B5F000AF963FAFAF97E5CAC357DF4F2881CD580D
:10B60000D0406BCB1C01E816F90608F0D6CE0AC074
:10B61000C757DF4F8881C958D040E1963FAF2EAF62
:10B62000E1973FCB7C0181E090E0FC01E41BF50B4E
:10B6300015CB80910701813009F48BC0630183E051
:10B640007FCA942D852D2301692E782EF3CA698136
:10B650007A8101E09B01CF0101960E94CB2336CE77
:10B6600069817A814150510901E09B010E94CB23FD
:10B670002B96EEADFFAD2B9723CEC0900B01D09053
:10B680000C01C618D708CE18DF0881E059CA80918E
:10B690000701813009F467C0630182E051CA5A96FC
:10B6A000EC915A970E2F10E0C8019695982F882795
:10B6B00097958795F701908B87875B966C915B9741
:10B6C00070E0CB019695982F882797958795928B58
:10B6D000818B5C968C91A82FB0E0CD019695982F28
:10B6E000882797958795948B838BF501478950E040
:10B6F000208D30E0818D90E00ACCD1011F97FD01B3
:10B700008491F0E88F9FC0011124F701908B878707
:10B71000B1016E507109FB018491F0E88F9FC00167
:10B720001124F701928B818B81010D501109F801D1
:10B730008491F0E88F9FC0011124F701948B838BD3
:10B74000A10142515109910121513109C101409793
:10B75000F8CEC0900B01D0900C01C618D708CE18B7
:10B76000DF0883E0EDC9C0900B01D0900C01C61832
:10B77000D708CE18DF0882E0E3C9CF92DF92EF92BC
:10B78000FF920F931F9394981FBC1EBC1DBC1CBC42
:10B790008EB581608EBD86EDC82EDD24D3949CE8E5
:10B7A000E92EF12C05E010E020E040E051E061E0FE
:10B7B00080E00E94B950C12CEE24EA9400E020E021
:10B7C0004FEF60E080E00E94C24580E00E94F845B3
:10B7D00026EDC22EDD24D3943CE8E32EF12C05E0C7
:10B7E00010E020E040E051E061E080E00E94B950CC
:10B7F0008EB58E7F8EBD8CB59DB5909305018093DF
:10B800000401949A1F910F91FF90EF90DF90CF90D9
:10B8100008954F925F926F927F928F929F92AF9214
:10B82000BF92CF92DF92EF92FF920F931F93CF932D
:10B83000DF93CDB7DEB7CC5BD3400FB6F894DEBF55
:10B840000FBECDBF20E040E060E080E00E948E2788
:10B8500021E04FEF6FEF8FEF0E948E2722E040E054
:10B8600060E08FEF0E948E2723E040E06FEF80E0E2
:10B870000E948E2724E04FEF60E080E00E948E2738
:10B8800025E040E06FEF8FEF0E948E2726E04FEF1C
:10B890006FEF80E00E948E2727E04FEF60E08FEF90
:10B8A0000E948E278AEE99E00E949B4584E00E94C8
:10B8B000984581E00E94FB4585E00E94F84580E0C4
:10B8C0000E940A4684E00E94044680E00E940746E7
:10B8D00081E00E94FE45C12CEE24EA9400E020E0C5
:10B8E00040E060E08FEF0E94C24582E0C82E0FEF7B
:10B8F0002FEF4FEF6FEF8FEF0E94C2453EDF80E0EA
:10B900000E94CA272FEF33ED80E321503040804062
:10B91000E1F700C0000080EC9FE30E949B4582E0BD
:10B920000E940A4680E00E94F84580E00E9404469A
:10B930001F921F9286E08F9394E0B92EBF921F92C0
:10B940001F928F9324E0822E35E0A32E4EE1C42E69
:10B9500058E7E52EF12C00EF10E02AE030E047E751
:10B9600050E061E080E09ED8C12C60EAE62E00EA5B
:10B9700020E04CEF6CEF80E00E94C24572E0C72EE1
:10B98000E0E5EE2E00E520E540E560E580E50E947B
:10B99000C245F4EBCF2ED12CACE6EA2EF12C05E912
:10B9A00010E021E047EF53E466E080E00E94B950E8
:10B9B0009FEF23ED30E3915020403040E1F700C08D
:10B9C00000001F921F921F92BF921F921F921F9200
:10B9D000BEE1CB2E18E7E12EF12C00EF10E02AE0BB
:10B9E00030E047E750E06CE080E05CD88CE00BD8BA
:10B9F000C12CE12C04EE24EE40E06FEF8FEF0E94AB
:10BA0000C24502E0C02E8CE3E82E0CE32CE34CE3AD
:10BA10006CE38CE30E94C24594EBC92ED12C2CE63A
:10BA2000E22EF12C05E910E021E047EF53E466E057
:10BA300080E00E94B9508FEF94E32CE08150904059
:10BA40002040E1F700C00000C12CE12C00E024EE12
:10BA500040E060E08FEF0E94C24532E0C32E4CE32D
:10BA6000E42E0CE32CE34CE36CE38CE30E94C24530
:10BA70001F921F921F92BF921F921F921F925EE110
:10BA8000C52E68E7E62EF12C00EF10E02AE030E04A
:10BA900047E750E069E080E005D874EBC72ED12C71
:10BAA000ECE6EE2EF12C05E910E021E047EF53E43F
:10BAB00066E080E00E94B9503FEF82E597E03150A8
:10BAC00080409040E1F700C00000C12CF0EAEF2E6A
:10BAD00000EA20E04CEF6CEF80E00E94C245A2E05B
:10BAE000CA2EB0E5EB2E00E520E540E560E580E5F7
:10BAF0000E94C2451F921F921F92BF921F921F92D7
:10BB00001F921EE1C12E08E7E02EF12C00EF10E09D
:10BB10002AE030E047E750E061E080E00E945255C3
:10BB200084EBC82ED12C9CE6E92EF12C05E910E01F
:10BB300021E047EF53E466E080E00E94B9508AEECE
:10BB400099E00E949B4580E00E94F84581E00E94B8
:10BB50000A4681E00E94044680E00E94FB45CC2416
:10BB6000C394E12C00E020E040E060E080E00E942F
:10BB7000C245C12C21EEE22E01EE20E040E066E954
:10BB80008BEE0E94C24530EEC32EDD24D3944AEAE8
:10BB9000E42EF12C01E010E021E040E853E461E004
:10BBA00081E00E94B95082EF98E20E949B4556EDD9
:10BBB000C52EDD24D3946DE1E62EFF24F39405E039
:10BBC00010E021E046E553E462E081E00E94B950D4
:10BBD00024E535E885E491E02150304080409040F4
:10BBE000D9F700C000C0000060E080E00E94342867
:10BBF0002FEF35EA8EE0215030408040E1F700C061
:10BC0000000022E040E060E081E00E94DB279FEF3F
:10BC100027E93AE3915020403040E1F700C00000AE
:10BC200021E040E061E081E00E94DB278FEF97E9AF
:10BC30002AE3815090402040E1F700C0000022E05C
:10BC400040E061E081E00E94DB273FEF87E99AE373
:10BC5000315080409040E1F700C0000023E040E018
:10BC600061E081E00E94DB272FEF37E98AE3215072
:10BC700030408040E1F700C0000021E040E067E094
:10BC800081E00E94DB279FEF27E93AE391502040B3
:10BC90003040E1F700C0000022E040E067E081E0D2
:10BCA0000E94DB278FEF97E92AE3815090402040E4
:10BCB000E1F700C0000023E040E067E081E00E947F
:10BCC000DB273FEF87E99AE3315080409040E1F76E
:10BCD00000C0000021E040E068E081E00E94DB2736
:10BCE0002FEF37E98AE3215030408040E1F700C070
:10BCF000000022E040E068E081E00E94DB279FEF47
:10BD000027E93AE3915020403040E1F700C00000BD
:10BD100023E040E068E081E00E94DB278FEF97E9B5
:10BD20002AE3815090402040E1F700C0000021E06C
:10BD300040E069E081E00E94DB273FEF87E99AE37A
:10BD4000315080409040E1F700C0000022E040E028
:10BD500069E081E00E94DB272FEF37E98AE3215079
:10BD600030408040E1F700C0000023E040E069E09F
:10BD700081E00E94DB279FEF27E93AE391502040C2
:10BD80003040E1F700C0000080E00E94CA2794988C
:10BD900004E020E331E04FEE50E06FE070E08FEE22
:10BDA00090E00E9452242FE930E04EED51E06FE91F
:10BDB00070E081E090E00E9452240FB6F894DEBF5C
:10BDC0000FBECDBF79E0E72EF12C04E021EA30E090
:10BDD000A7016DE970E0C7010E9452249AE0E90EC4
:10BDE000F11C2FEDE21621E0F20679F703E1E02ED7
:10BDF000F12C04E0970141EF50E0B7018DEE90E0A7
:10BE00000E9452243AE0E30EF11C85E3E81681E03B
:10BE1000F80679F7B5E4CB2EB3EFDB2EBFE7EB2EB8
:10BE2000BFE3FB2E1AED812E18E7912E11EAA12E09
:10BE30001CE3B12E01E010E023C0B80180E090E0E7
:10BE40000E94117227ED33EA40E95FE30E94FC7221
:10BE500023EC35EF48E450E40E94FC7220E030E02F
:10BE600044E353E40E947D716B017C010E945F7387
:10BE70004B015C01C701B6010E947A716B017C0124
:10BE800020E030E04EEB52E4C501B4010E94FC72A8
:10BE900020E030E04FE153E40E9412710E94E5710E
:10BEA00042E0C8010E948F2320E030E04EEB52E4D4
:10BEB000C701B6010E94FC7220E030E04FE153E47C
:10BEC0000E9412710E94E57143E0C8010E948F2315
:10BED0000F5F1F4F0E3D91E0190709F0AECF949A06
:10BEE0002FEF37EA81E6215030408040E1F700C073
:10BEF000000080E00E94CA27949804E020E331E02B
:10BF00004FEE50E06FE070E08FEE90E00E94522420
:10BF10002FE930E04EED51E06FE970E081E090E014
:10BF20000E945224A9E0EA2EF12C04E021EA30E03C
:10BF3000A7016DE970E0C7010E9452249AE0E90E62
:10BF4000F11C2FEDE21621E0F20679F7F3E1EF2E76
:10BF5000F12C04E0970141EF50E0B7018DEE90E045
:10BF60000E9452243AE0E30EF11C85E3E81681E0DA
:10BF7000F80679F7AA24A394B12CEE24E394F12CCB
:10BF8000EAE58E2E912C55C040E0C6010E948F2319
:10BF90005601B70180E090E00E94117223E333E381
:10BFA00043E35FE30E94FC7223EC35EF48E450E486
:10BFB0000E94FC7220E030E044E353E40E947D7173
:10BFC0000E945F732B013C019701369527953695AA
:10BFD0002795ABE7B4E10E94F27396958795B4017B
:10BFE000681B790B80E090E00E941172A30192011E
:10BFF0000E94FC7220E030E04FE153E40E94127195
:10C000000E94E5712B013C0143E0C5010E948F2392
:10C01000E1E0F0E0EC0FFD1FE00FF11F51824082E4
:10C020009FEFE91AF90A22E0E2162CE1F20609F480
:10C030004BC065019FEFC91AD90A2FEDC21621E046
:10C04000D206F1F030EEE31631E0F30690F18FEE18
:10C05000C816D10401F18501000F111FE1E0F0E0E5
:10C06000EC0FFD1FE00FF11F608171816F397105C9
:10C0700009F08ACF44E0C6010E948F23560189CF80
:10C0800020EEE21621E0F206C8F000E010E0CC2439
:10C09000C394D12CE1CFC352DE4F68817981CD5D4D
:10C0A000D1400CED11E044E0C6010E948F235601FF
:10C0B00070CF85015601000F111F6BCFAA24A394E6
:10C0C000B12C00E010E065CF949A3FEF87EA91E64B
:10C0D000315080409040E1F700C0000080EC9FE3C9
:10C0E0000E949B4580E00E940A4680E00E94F8453D
:10C0F00080E00E94044680E00E94FB45C12CEE24B3
:10C10000EA940FEF20E04FEF6FEF80E00E94C2450E
:10C11000CC24C394E12C00E02FEF4FEF60E080E0EF
:10C120000E94C24522E040E061E081E00E94DB27FE
:10C13000A12CEE24E3940FE010E020EE31E040E08B
:10C1400050E060E070E081E00E94F927AA24A39407
:10C1500020EE31E041E351E060E070E081E00E94D8
:10C16000F92702E020E040E550E060EA70E080EF6F
:10C1700090E00E948D3A21E040E550E060EA70E0F6
:10C1800080EF90E00E948D3A22E040E550E060EAC6
:10C1900070E080EF90E00E948D3A23E040E550E0AF
:10C1A00060EA70E080EF90E00E948D3A06E010E0D7
:10C1B00020E044E650E06FE970E08FEE90E00E94EE
:10C1C000F63121E044E650E06FE970E08FEE90E058
:10C1D0000E94F63122E044E650E06FE970E08FEE15
:10C1E00090E00E94F63123E044E650E06FE970E011
:10C1F0008FEE90E00E94F631E4E6CE2ED12CF2EBE9
:10C20000EF2EF12C0EEB10E021E047EF53E462E05B
:10C2100081E00E94B950AEE0EA2EF12CB70180E037
:10C2200090E00E9411722DEC3CEC4CEC5FE30E941C
:10C23000FC7220E030E040E751E40E9411710E945E
:10C24000E57105E021E331E0AB01B70180E090E06A
:10C250000E946A2925E0E20EF11C35E3E31631E085
:10C26000F306E1F671E3E72EFF24F394B70180E0D3
:10C2700090E00E9411722DEC3CEC4CEC5FE30E94CC
:10C28000FC7220E030E040E751E40E9411710E940E
:10C29000E57105E02FE030E0AB01B7018FED91E0F3
:10C2A0000E946A2985E0E81AF1089AE0E916F1048B
:10C2B000E9F661E3E62EFF24F394B70180E090E015
:10C2C0000E9411722DEC3CEC4CEC5FE30E94FC727E
:10C2D0009B01AC0160E070E084EF93E40E94117177
:10C2E0000E94E57103E02FE030E0AB01B70180E090
:10C2F00090E00E946A2925E0E21AF1083AE0E3168C
:10C30000F104D9F65EE0E52EF12CB70180E090E073
:10C310000E9411722DEC3CEC4CEC5FE30E94FC722D
:10C320009B01AC0160E070E08BEF93E40E9411711F
:10C330000E94E57103E020E331E0AB01B7018FED2E
:10C3400091E00E946A2985E0E80EF11C95E3E91668
:10C3500091E0F906D1F62FEF3FE483EC2150304015
:10C360008040E1F700C0000022E040E064E081E0AE
:10C370000E94DB27A12CCC24C3949AE0E92E0FE085
:10C3800010E020EE31E040E050E060E070E081E05D
:10C390000E94F927AA24A39420EE31E041E351E062
:10C3A00060E070E081E00E94F92704E020E040E5D1
:10C3B00050E060EA70E080EF90E00E948D3A21E06A
:10C3C00040E550E060EA70E080EF90E00E948D3A36
:10C3D00022E040E550E060EA70E080EF90E00E94EB
:10C3E0008D3A23E040E550E060EA70E080EF90E0B5
:10C3F0000E948D3AEE24E39405E010E020E044E64C
:10C4000050E06FE970E08FEE90E00E94F63121E09D
:10C4100044E650E06FE970E08FEE90E00E94F63164
:10C4200022E044E650E06FE970E08FEE90E00E9479
:10C43000F63123E044E650E06FE970E08FEE90E0E3
:10C440000E94F63124E6C22ED12C32EBE32EF12CE1
:10C450000EEB10E021E047EF53E461E081E00E9441
:10C46000B9504EE0E42EF12CB70180E090E00E943C
:10C4700011722DEC3CEC4CEC5FE30E94FC7220E06E
:10C4800030E040E751E40E9411710E94E57105E03F
:10C4900021E331E0AB01B70180E090E00E946A291E
:10C4A00095E0E90EF11C25E3E21621E0F206E1F643
:10C4B00081E3E82EFF24F394B70180E090E00E942E
:10C4C00011722DEC3CEC4CEC5FE30E94FC7220E01E
:10C4D00030E040E751E40E9411710E94E57105E0EF
:10C4E0002FE030E0AB01B7018FED91E00E946A29A7
:10C4F00035E0E31AF1088AE0E816F104E9F601E311
:10C50000E02EFF24F394B70180E090E00E941172C6
:10C510002DEC3CEC4CEC5FE30E94FC729B01AC0107
:10C5200060E070E084EF93E40E9411710E94E57175
:10C5300003E02FE030E0AB01B70180E090E00E9423
:10C540006A2995E0E91AF1082AE0E216F104D9F621
:10C550001EE0E12EF12CB70180E090E00E94117204
:10C560002DEC3CEC4CEC5FE30E94FC729B01AC01B7
:10C5700060E070E08BEF93E40E9411710E94E5711E
:10C5800003E020E331E0AB01B7018FED91E00E94C1
:10C590006A2935E0E30EF11C85E3E81681E0F80630
:10C5A000D1F69FEF2FE433EC915020403040E1F77B
:10C5B00000C0000021E041E067E081E00E94DB274D
:10C5C000E12CF12C05E020E431E0A70160E070E00F
:10C5D00080E090E00E946A298FE0E80EF11C9FEE57
:10C5E000E91691E0F90671F7B6E3EB2EFF24F39418
:10C5F00005E0970140EE51E060E070E080E090E0FF
:10C600000E946A292AE0E21AF10836EFE3163FEFAA
:10C61000F30671F7A0EEEA2EFF24F39406E020E083
:10C6200030E0A70160E471E080EE91E00E946A29A9
:10C630008FE0E81AF10891F706E0970140E050E03A
:10C6400060E471E080EE91E00E946A299AE0E90ED0
:10C65000F11C2AE4E21621E0F20671F73FEF8BE7C6
:10C6600092E9315080409040E1F700C0000020E0A6
:10C6700041E069E081E00E94DB27F0EEEF2EFF242D
:10C68000F39405E020E030E0A70160E471E080EE83
:10C6900091E00E946A292FE0E21AF10891F7C12C7B
:10C6A000D12C05E0960140E050E060E471E080EEBE
:10C6B00091E00E946A293AE0C30ED11C8AE4C816B0
:10C6C00081E0D80671F706E020E431E0A70160E0E0
:10C6D00070E080E090E00E946A299FE0E90EF11C82
:10C6E0002FEEE21621E0F20671F7E6E3EE2EFF24CC
:10C6F000F39406E0970140EE51E060E070E080E0E6
:10C7000090E00E946A293AE0E31AF10886EFE81601
:10C710008FEFF80671F79FEF2BE732E99150204039
:10C720003040E1F700C0000022E042E069E081E033
:10C730000E94DB2705E020EA30E040E951E060EAB2
:10C7400070E080E590E00E946A29E12CF12C70E411
:10C75000672E7724739443018E189F08570180EF4A
:10C76000A80EB11C05E0940140EF50E060EA70E0D3
:10C77000C5010E946A2980EF90E06C01CE18DF08A5
:10C78000940140EF50E060EA70E0C6010E946A291F
:10C79000970140EF50E060EA70E0C5010E946A290D
:10C7A000970140EF50E060EA70E0C6010E946A29FC
:10C7B00098E0E90EF11C20EAE216F10461F6E12CA2
:10C7C000F12C60E4662E772473945301AE18BF08F1
:10C7D000470130E5830E911C06E0970140E951E0E6
:10C7E00060E070E0C4010E946A2980E991E06C0178
:10C7F000CE18DF0820E431E0A601B7010E946A29C3
:10C80000950140E550E060E471E0C6010E946A29AC
:10C8100020E030E0A401B50180E590E00E946A29A3
:10C8200088E0E80EF11C98E4E91691E0F90669F653
:10C830002FEF3FE483EC215030408040E1F700C00F
:10C84000000023E040E060E081E00E94DB2702E09E
:10C8500020E530E048E750E068E270E084E190E0F5
:10C860000E94A13296E0A92E22E0C22E35E0E32EEE
:10C87000F12C00E510E028E730E048E250E064EBFE
:10C8800070E081E00E94CB3228E730E048E250E0DF
:10C8900064E571E080E00E94CB3222E042E350E0A8
:10C8A00060EF70E080E590E00E94633346E0C42EC4
:10C8B00052E0E52E05E010E022E330E040EF50E0EA
:10C8C00060EF70E081E00E94553422E330E040EFF9
:10C8D00050E060E971E080E00E9455349FEF27EA64
:10C8E00031E6915020403040E1F700C0000023E0E5
:10C8F00040E060E081E00E94DB2704E110E020E5F9
:10C9000030E048E750E068E270E084E190E00E94A7
:10C910008B3666E0862E72E0A72EE5E0CE2ED12C77
:10C92000F4E1EF2EF12C00E510E028E730E048E2DA
:10C9300050E064EB70E081E00E94973728E730E038
:10C9400048E250E064E571E080E00E94973702E041
:10C9500020E04CE350E060EF70E080E590E00E9462
:10C960008D3AA6E0AA2EB2E0CB2EE12C05E02CE316
:10C9700030E040EF50E060EF70E081E00E94973BD4
:10C980002CE330E040EF50E060E971E080E00E948D
:10C99000973B8FEF97EA21E6815090402040E1F7E6
:10C9A00000C0000023E040E060E081E00E94DB275F
:10C9B00002E028E230E04CE350E060E570E080E522
:10C9C00090E00E94F43D15E0E12EF12C08E210E029
:10C9D0002CE330E040E550E060EF70E081E00E9441
:10C9E000213F2CE330E040E550E060E971E080E079
:10C9F0000E94213F8CE1E82EF12C20E530E048E751
:10CA000050E068EC70E084E190E00E947D4196E0A7
:10CA1000692E6F9222E0822E35E0A32EB12C4CE1DC
:10CA2000C42ED12C58E2E52EF12C00E510E028E7C9
:10CA300030E048EC50E064EB70E081E00E94C842D6
:10CA40006F9228E730E048EC50E064E571E080E068
:10CA50000E94C8423FEF87EA91E631508040904003
:10CA6000E1F700C0000080E00E94CA2784EA91E05C
:10CA70000E949B4584E00E94984581E00E94FB450E
:10CA800081E00E94F84581E00E940A4680E00E9411
:10CA9000044680E00E94074681E00E94FE451F9206
:10CAA0001F926F9263E0B62EBF921F921F9272E0A8
:10CAB000972E9F92E3E08E2EF3E2CF2EA6E4EA2E8D
:10CAC000F12C06E410E028E030E04FE750E061E0B0
:10CAD00080E00E9452551F921F926F92BF921F9248
:10CAE0001F929F9228E030E04DEC50E061E080E042
:10CAF0000E9452551F921F926F92BF921F921F92D7
:10CB00009F9228E030E04BE151E061E080E00E943C
:10CB1000525588E00E940355B6E4CB2ED12C14E385
:10CB2000E12EF12C0FE710E021E046E652E466E04A
:10CB300080E00E94B9500DEC10E021E044E652E4A0
:10CB400066E080E00E94B9500BE111E021E042E68E
:10CB500052E466E080E00E94B9501F921F926F92EB
:10CB6000BF921F921F929F9203E2C02E86E4E82E8E
:10CB7000F12C06E410E026E530E04FE750E062E0FB
:10CB800080E00E9452551F921F926F92BF921F9297
:10CB90001F929F9226E530E04DEC50E063E080E08C
:10CBA0000E9452550FB6F894DEBF0FBECDBF1F9244
:10CBB0001F926F92BF921F921F929F9226E530E0C4
:10CBC0004BE151E064E080E00E94525589E00E9410
:10CBD000035596E4C92ED12C22E8E22EF12C0FE762
:10CBE00010E021E040E652E466E080E00E94B950A7
:10CBF0008AE00E9403550DEC10E021E04EE552E47E
:10CC000066E080E00E94B9508BE00E9403550BE182
:10CC100011E021E04CE552E466E080E00E94B9506A
:10CC20001F921F926F92BF921F921F929F9233E2A8
:10CC3000C32E46E4E42EF12C06E410E024EA30E0B2
:10CC40004FE750E065E080E00E9452551F921F922E
:10CC50006F92BF921F921F929F9224EA30E04DEC98
:10CC600050E066E080E00E9452551F921F926F9242
:10CC7000BF921F921F929F9224EA30E04BE151E055
:10CC800067E080E00E9452558CE00E94035556E414
:10CC9000C52ED12C60EDE62EF12C0FE710E021E03F
:10CCA0004AE552E466E080E00E94B9508DE00E94BF
:10CCB00003550DEC10E021E048E552E466E080E029
:10CCC0000E94B9508EE00E9403550BE111E021E073
:10CCD00046E552E466E080E00E94B9501F921F9240
:10CCE0006F92BF921F921F929F9273E2C72EE6E44B
:10CCF000EE2EF12C06E410E022EF30E04FE750E09A
:10CD000061E080E00E9452550FB6F894DEBF0FBE7E
:10CD1000CDBF1F921F926F92BF921F921F929F9240
:10CD200022EF30E04DEC50E061E080E00E9452558F
:10CD30001F921F926F92BF921F921F929F9222EF9B
:10CD400030E04BE151E061E080E00E94525588E024
:10CD50000E940355F6E4CF2ED12CAEE1EA2EFF243B
:10CD6000F3940FE710E021E044E552E466E080E050
:10CD70000E94B9500DEC10E021E042E552E466E07B
:10CD800080E00E94B9500BE111E021E040E552E45F
:10CD900066E080E00E94B9509FEF29E638E19150AB
:10CDA00020403040E1F700C000001F921F921F9208
:10CDB000BF921F921F921F92B3E2CB2E16E4E12E78
:10CDC000F12C06E410E028E030E04FE750E068E0A6
:10CDD00080E00E9452558FEF95EA2EE081509040FE
:10CDE0002040E1F700C000001F921F921F92BF92E7
:10CDF0001F921F921F9228E030E04FE750E069E059
:10CE000080E00E9452553FEF82E597E0315080402C
:10CE10009040E1F700C000001F921F921F92BF9246
:10CE20001F921F921F9228E030E04FE750E061E030
:10CE300080E00E9452552FEF39E688E121503040C2
:10CE40008040E1F700C000000FB6F894DEBF0FBECF
:10CE5000CDBF1F921F921F92BF921F921F921F92CF
:10CE600028E030E04DEC50E068E080E00E94525550
:10CE70003FEF85EA9EE0315080409040E1F700C0EE
:10CE800000001F921F921F92BF921F921F921F922B
:10CE900028E030E04DEC50E069E080E00E9452551F
:10CEA0002FEF32E587E0215030408040E1F700C0AD
:10CEB00000001F921F921F92BF921F921F921F92FB
:10CEC00028E030E04DEC50E061E080E00E945255F7
:10CED0009FEF29E638E1915020403040E1F700C053
:10CEE00000001F921F921F92BF921F921F921F92CB
:10CEF00028E030E04BE151E068E080E00E945255CC
:10CF00008FEF95EA2EE0815090402040E1F700C07D
:10CF100000001F921F921F92BF921F921F921F929A
:10CF200028E030E04BE151E069E080E00E9452559A
:10CF30003FEF82E597E0315080409040E1F700C03C
:10CF400000000FB6F894DEBF0FBECDBF1F921F9238
:10CF50001F92BF921F921F921F9228E030E04BE178
:10CF600051E061E080E00E9452553FEF89E698E190
:10CF7000315080409040E1F700C000001F921F92A6
:10CF80001F92BF921F921F921F9226E530E04FE73B
:10CF900050E068E080E00E9452552FEF35EA8EE0C5
:10CFA000215030408040E1F700C000001F921F92E6
:10CFB0001F92BF921F921F921F9226E530E04FE70B
:10CFC00050E06BE080E00E9452559FEF22E537E091
:10CFD000915020403040E1F700C000001F921F92A6
:10CFE0001F92BF921F921F921F9226E530E04FE7DB
:10CFF00050E062E080E00E9452558FEF99E628E110
:10D00000815090402040E1F700C000001F921F9225
:10D010001F92BF921F921F921F9226E530E04DECA7
:10D0200050E068E080E00E9452553FEF85EA9EE0C4
:10D03000315080409040E1F700C000000FB6F894F6
:10D04000DEBF0FBECDBF1F921F921F92BF921F92D5
:10D050001F921F9226E530E04DEC50E069E080E041
:10D060000E9452553FEF82E597E03150804090405A
:10D07000E1F700C000001F921F921F92BF921F9203
:10D080001F921F9226E530E04DEC50E063E080E017
:10D090000E9452552FEF39E688E121503040804000
:10D0A000E1F700C000001F921F921F92BF921F92D3
:10D0B0001F921F9226E530E04BE151E068E080E0EE
:10D0C0000E9452559FEF25EA3EE0915020403040AB
:10D0D000E1F700C000001F921F921F92BF921F92A3
:10D0E0001F921F9226E530E04BE151E069E080E0BD
:10D0F0000E9452558FEF92E527E0815090402040EA
:10D10000E1F700C000001F921F921F92BF921F9272
:10D110001F921F9226E530E04BE151E064E080E091
:10D120000E9452553FEF83ED90E331508040904094
:10D13000E1F700C000000FB6F894DEBF0FBECDBF10
:10D1400080E00E94CA271F921F92BF92BF921F9237
:10D150001F9284E0982E9F9294E0A92E28E030E060
:10D160004FE750E061E080E00E9452551F921F920D
:10D17000BF92BF921F921F929F9228E030E04DEC29
:10D1800050E061E080E00E9452551F921F92BF92D2
:10D19000BF921F921F929F9228E030E04BE151E036
:10D1A00061E080E00E94525581E00E94035526E430
:10D1B000C22ED12C34E3E32EF12C0FE710E021E056
:10D1C00046E652E463E080E00E94B9500DEC10E0C6
:10D1D00021E044E652E463E080E00E94B9500BE1B4
:10D1E00011E021E042E652E463E080E00E94B950A1
:10D1F0001F921F92BF92BF921F921F929F9243E273
:10D20000C42E56E4E52EF12C06E410E026E530E0CD
:10D210004FE750E062E080E00E9452551F921F925B
:10D22000BF92BF921F921F929F9226E530E04DEC75
:10D2300050E063E080E00E9452550FB6F894DEBFE4
:10D240000FBECDBF1F921F92BF92BF921F921F921F
:10D250009F9226E530E04BE151E064E080E00E94DF
:10D26000525582E00E94035566E4C62ED12C72E826
:10D27000E72EF12C0FE710E021E040E652E463E0F6
:10D2800080E00E94B95083E00E9403550DEC10E04D
:10D2900021E04EE552E463E080E00E94B95084E072
:10D2A0000E9403550BE111E021E04CE552E463E0FC
:10D2B00080E00E94B9501F921F92BF92BF921F92AE
:10D2C0001F929F92E3E2CE2EF6E4EF2EF12C06E4BD
:10D2D00010E024EA30E04FE750E065E080E00E9493
:10D2E00052551F921F92BF92BF921F921F929F9200
:10D2F00024EA30E04DEC50E066E080E00E945255B8
:10D300001F921F92BF92BF921F921F929F9224EA78
:10D3100030E04BE151E067E080E00E94525585E04B
:10D320000E940355A6E4CA2ED12CB0EDEB2EF12CB1
:10D330000FE710E021E04AE552E463E080E00E945C
:10D34000B95086E00E9403550DEC10E021E048E55D
:10D3500052E463E080E00E94B95087E00E940355E8
:10D360000BE111E021E046E552E463E080E00E9439
:10D37000B9501F921F92BF92BF921F921F929F920D
:10D3800013E2C12E06E4E02EF12C06E410E022EFB9
:10D3900030E04FE750E061E080E00E9452550FB668
:10D3A000F894DEBF0FBECDBF1F921F92BF92BF92F7
:10D3B0001F921F929F9222EF30E04DEC50E061E00F
:10D3C00080E00E9452551F921F92BF92BF921F92FF
:10D3D0001F929F9222EF30E04BE151E061E080E04C
:10D3E0000E94525581E00E94035586E4C82ED12C3C
:10D3F0009EE1E92EFF24F3940FE710E021E044E5DD
:10D4000052E463E080E00E94B9500DEC10E021E0AE
:10D4100042E552E463E080E00E94B9500BE111E084
:10D4200021E040E552E463E080E00E94B9503FEF24
:10D430008FE493EC315080409040E1F700C0000051
:10D4400080E00E94CA27772473947F921F929F9254
:10D45000BF921F921F929F9223E0A22E33E2C32E0F
:10D4600046E4E42EF12C06E410E028E030E04FE73B
:10D4700050E061E080E00E9452557F921F929F929F
:10D48000BF921F921F929F9228E030E04DEC50E037
:10D4900061E080E00E9452557F921F929F92BF925E
:10D4A0001F921F929F9228E030E04BE151E061E033
:10D4B00080E00E9452550FB6F894DEBF0FBECDBF7C
:10D4C00056E4C52ED12C66E3E62EF12C0FE710E0D2
:10D4D00021E046E652E464E080E00E94B9500DECA1
:10D4E00010E021E044E652E464E080E00E94B9509C
:10D4F0000BE111E021E042E652E464E080E00E94AA
:10D50000B9507F921F929F92BF921F921F929F923B
:10D5100073E2C72EE6E4EE2EF12C06E410E026E5D9
:10D5200030E04FE750E062E080E00E9452557F9289
:10D530001F929F92BF921F921F929F9226E530E00A
:10D540004DEC50E063E080E00E9452557F921F92C4
:10D550009F92BF921F921F929F9226E530E04BE16F
:10D5600051E064E080E00E94525582E00E94035541
:10D57000F6E4CF2ED12CA4E8EA2EF12C0FE710E030
:10D5800021E040E652E464E080E00E94B95083E08C
:10D590000E9403550DEC10E021E04EE552E464E0FA
:10D5A00080E00E94B95084E00E9403550BE111E035
:10D5B00021E04CE552E464E080E00E94B9507F92A3
:10D5C0001F929F92BF921F921F929F92B3E2CB2E07
:10D5D00016E4E12EF12C06E410E024EA30E04FE7F7
:10D5E00050E065E080E00E9452557F921F929F922A
:10D5F000BF921F921F929F9224EA30E04DEC50E0C0
:10D6000066E080E00E9452550FB6F894DEBF0FBE70
:10D61000CDBF7F921F929F92BF921F921F929F92A7
:10D6200024EA30E04BE151E067E080E00E9452558F
:10D6300085E00E94035506E4C02ED12C82EDE82E31
:10D64000F12C0FE710E021E04AE552E464E080E0CD
:10D650000E94B95086E00E9403550DEC10E021E0D5
:10D6600048E552E464E080E00E94B95087E00E94FF
:10D6700003550BE111E021E046E552E464E080E06F
:10D680000E94B9507F921F929F92BF921F921F9249
:10D690009F9293E2C92E26E4E22EF12C06E410E0DC
:10D6A00022EF30E04FE750E061E080E00E94525509
:10D6B0007F921F929F92BF921F921F929F9222EF82
:10D6C00030E04DEC50E061E080E00E9452557F92E6
:10D6D0001F929F92BF921F921F929F9222EF30E063
:10D6E0004BE151E061E080E00E94525581E00E94F0
:10D6F000035536E4C32ED12C40E2E42EFF24F394EC
:10D700000FE710E021E044E552E464E080E00E948D
:10D71000B9500DEC10E021E042E552E464E080E015
:10D720000E94B9500BE111E021E040E552E464E0D1
:10D7300080E00E94B9509FEF27EA31E691502040E7
:10D740003040E1F700C0000080E00E94CA277F92CD
:10D750001F929F92BF921F921F929F9254E1C52EDB
:10D7600066E4E62EF12C06E410E028E030E04FE716
:10D7700050E061E080E00E9452550FB6F894DEBFA1
:10D780000FBECDBF7F921F929F92BF921F921F929A
:10D790009F9228E030E04DEC50E061E080E00E9494
:10D7A00052557F921F929F92BF921F921F929F92FB
:10D7B00028E030E04BE151E061E080E00E9452550A
:10D7C00081E00E94035576E4C72ED12CE6E3EE2ECD
:10D7D000F12C0FE710E021E046E652E464E080E03F
:10D7E0000E94B9500DEC10E021E044E652E464E000
:10D7F00080E00E94B9500BE111E021E042E652E4E2
:10D8000064E080E00E94B9507F921F929F92BF9285
:10D810001F921F929F92F6E1CF2EA6E4EA2EF12CE2
:10D8200006E410E026E530E04FE750E062E080E0FB
:10D830000E9452557F921F929F92BF921F921F92F9
:10D840009F9226E530E04DEC50E063E080E00E94DE
:10D8500052557F921F929F92BF921F921F929F924A
:10D8600026E530E04BE151E064E080E00E94525553
:10D870000FB6F894DEBF0FBECDBF82E00E94035505
:10D88000B6E4CB2ED12C14E8E12EF12C0FE710E0FA
:10D8900021E040E652E464E080E00E94B95083E079
:10D8A0000E9403550DEC10E021E04EE552E464E0E7
:10D8B00080E00E94B95084E00E9403550BE111E022
:10D8C00021E04CE552E464E080E00E94B9507F9290
:10D8D0001F929F92BF921F921F929F9206E1C02EAD
:10D8E00086E4E82EF12C06E410E024EA30E04FE76D
:10D8F00050E065E080E00E9452557F921F929F9217
:10D90000BF921F921F929F9224EA30E04DEC50E0AC
:10D9100066E080E00E9452557F921F929F92BF92D4
:10D920001F921F929F9224EA30E04BE151E067E0A2
:10D9300080E00E94525585E00E94035596E4C92E6E
:10D94000D12C22EDE22EF12C0FE710E021E04AE588
:10D9500052E464E080E00E94B95086E00E940355E2
:10D960000DEC10E021E048E552E464E080E00E9424
:10D97000B95087E00E9403550BE111E021E046E534
:10D9800052E464E080E00E94B9507F921F929F921F
:10D99000BF921F921F929F9236E1C32E46E4E42E5F
:10D9A000F12C06E410E022EF30E04FE750E061E0B8
:10D9B00080E00E9452557F921F929F92BF921F92C9
:10D9C0001F929F9222EF30E04DEC50E061E080E04A
:10D9D0000E9452550FB6F894DEBF0FBECDBF7F92A6
:10D9E0001F929F92BF921F921F929F9222EF30E050
:10D9F0004BE151E061E080E00E94525581E00E94DD
:10DA0000035556E4C52ED12C60E2E62EFF24F39494
:10DA10000FE710E021E044E552E464E080E00E947A
:10DA2000B9500DEC10E021E042E552E464E080E002
:10DA30000E94B9500BE111E021E040E552E464E0BE
:10DA400080E00E94B9509FEF23E234EF91502040D4
:10DA50003040E1F700C0000080E00E94CA2782EF5A
:10DA600098E20E949B4580E00E94044684E00E9468
:10DA7000984580E00E94074680E00E94FB4580E0D8
:10DA80000E94FE4580E00E94F84580E00E940A4620
:10DA9000CC24C39474EBE72E0EE120E040E060E07C
:10DAA0008EEB0E94C245E12C00E020E040E060E007
:10DAB00080E00E94C245C12CEAEFEE2E0AEF20E082
:10DAC00040E06AEF8AEF0E94C24582E00E940A4667
:10DAD00081E00E94FE45F6EDCF2EDD24D394A8E22E
:10DAE000EA2EF12C05E010E021E044E453E461E08B
:10DAF00080E00E94B95080E00E940A4680E00E94C7
:10DB0000FE45B0E5EB2EF12C21E04BEF52E462E054
:10DB100080E00E94B950C12CD12CE12CF12C00E006
:10DB200010E021E04BEF52E461E080E00E94B95048
:10DB300021E04BEF52E462E080E00E94B95021E026
:10DB400040EC52E461E080E00E94B9501CE8E12E14
:10DB50000FEF2CE840E06AEF8AEF0E94C24500E335
:10DB6000402E4F928CE0582E5F929CE2892EC12C61
:10DB7000D12CE12CF12C00E010E02AE63AEE42E153
:10DB800055EC62E080E00E94935321E04BEF52E4B9
:10DB900061E080E00E94B95021E04BEF52E461E087
:10DBA00080E00E94B9508FEF9FE423EC81509040B9
:10DBB0002040E1F700C0000028E7E22E08E72CED46
:10DBC00044E664E684E60E94AA2723E040E060E0A1
:10DBD00080E00E94DB2732E0C32EE12C00E020E051
:10DBE00040E060E080E00E94C245C12C4AEFE42E94
:10DBF0000AEF20E040E06AEF8AEF0E94C24581E030
:10DC00000E94FB4582E00E940A4681E00E94FE4598
:10DC100056EDC52EDD24D39468E2E62EF12C05E006
:10DC200010E021E044E453E461E080E00E94B95058
:10DC300080E00E940A4680E00E94FE4570E5E72EE3
:10DC4000F12C21E04BEF52E462E080E00E94B950F9
:10DC5000C12CD12CE12CF12C00E010E021E04BEFA5
:10DC600052E461E080E00E94B95021E04BEF52E4C1
:10DC700062E080E00E94B95021E040EC52E461E0B3
:10DC800080E00E94B950ECE8EE2E0FEF2CE840E067
:10DC90006AEF8AEF0E94C2454F925F92C12CD12C4D
:10DCA000E12CF12C00E010E02AE63AEE42E155ECDE
:10DCB00062E080E00E94935321E04BEF52E461E088
:10DCC00080E00E94B95021E04BEF52E461E080E037
:10DCD0000E94B9503FEF8FE493EC31508040904068
:10DCE000E1F700C00000FAEFEF2E0AEF20E040E07D
:10DCF0006AEF8AEF0E94C24523E040E060E080E0E6
:10DD00000E94DB2782E00E940A4681E00E94FE45D5
:10DD100081E00E94F845A6EDCA2EDD24D394B8E236
:10DD2000EB2EF12C05E010E021E046E353E461E046
:10DD300080E00E94B95080E00E940A4680E00E9484
:10DD4000FE4580E5E82EF12C21E04BEF52E462E045
:10DD500080E00E94B950C12CD12CE12CF12C00E0C4
:10DD600010E021E04BEF52E461E080E00E94B95006
:10DD700021E04BEF52E462E080E00E94B95021E0E4
:10DD800040EC52E461E080E00E94B9509CE8E92E4A
:10DD90000FEF2CE840E06AEF8AEF0E94C2454F92F5
:10DDA0005F92C12CD12CE12CF12C00E010E02AE68E
:10DDB0003AEE42E155EC62E080E00E94935321E0AC
:10DDC0004BEF52E461E080E00E94B95021E04BEF5C
:10DDD00052E461E080E00E94B9502FEF3FE483EC11
:10DDE000215030408040E1F700C0000020E040E0DA
:10DDF00060E080E00E948E2780E00E94CA278AEEC1
:10DE000099E00E949B4522E0C22E20E040E060E0C5
:10DE100080E00E94C24580E00E94044681E00E94AA
:10DE2000F84581E00E940A4681E00E94FE451F926B
:10DE30001F926F92BF921F921F9235E0532E5F92F6
:10DE400043E0842E55E0A52E60E1C62E72E3E72E56
:10DE5000F12C04E610E020E030E044E150E061E025
:10DE600080E00E94525581E00E940355E4E6CE2EE8
:10DE7000D12CF1E2EF2EF12C04E110E021E04AEB8D
:10DE800052E466E080E00E94B9501F921F926F92A8
:10DE9000BF921F921F925F92A0E1CA2EB2E3EB2EB7
:10DEA000F12C04E610E020E030E042E850E061E0D0
:10DEB00081E00E94525581E00E94035514E6C12E74
:10DEC000D12C01E2E02EF12C02E810E021E044EB3D
:10DED00052E466E081E00E94B9507F921F929F92C7
:10DEE000BF921F921F929F9283E0A82E90E1C92EAD
:10DEF00022E3E22EF12C04E610E020E030E040EFD7
:10DF000050E061E080E00E9452550FB6F894DEBF09
:10DF10000FBECDBF81E00E94035534E6C32ED12C45
:10DF200042E2E42EF12C00EF10E021E04EEA52E450
:10DF300064E080E00E94B9507F921F929F92BF924E
:10DF40001F921F929F9250E1C52E62E3E62EF12CA4
:10DF500004E610E020E030E04EE551E061E081E0D1
:10DF60000E94525581E00E94035574E6C72ED12CC1
:10DF7000E1E2EE2EF12C0EE511E021E048EA52E458
:10DF800064E081E00E94B9501F921F925F92BF929D
:10DF90001F921F926F92F6E0AF2EA0E1CA2EB2E35D
:10DFA000EB2EF12C04E610E02CE330E044E150E0ED
:10DFB00061E080E00E94525581E00E94035583E0B9
:10DFC0000E94F84514E6C12ED12C0DE5E02EF12C6F
:10DFD00004E110E021E043EA52E465E080E00E94C1
:10DFE000B9501F921F925F92BF921F921F926F9221
:10DFF00080E1C82E92E3E92EF12C04E610E02CE338
:10E0000030E042E850E061E081E00E94525581E05A
:10E010000E94035583E00E94F84524E6C22ED12CCD
:10E020003DE5E32EF12C02E810E021E04DE952E459
:10E0300065E081E00E94B95099249A949F921F92C2
:10E04000BF92BF921F921F92BF9244E0A42E50E154
:10E05000C52E62E3E62EF12C04E610E02CE330E05E
:10E0600040EF50E061E080E00E94525581E00E9464
:10E07000035583E00E94F84574E6C72ED12CECE5E9
:10E08000EE2EF12C00EF10E021E047E952E463E0CE
:10E0900080E00E94B9509F921F92BF92BF921F9240
:10E0A0001F92BF92F0E1CF2EA2E3EA2EF12C04E6FC
:10E0B00010E02CE330E04EE551E061E081E00E94A9
:10E0C00052550FB6F894DEBF0FBECDBF81E00E945F
:10E0D000035582E00E94F845B4E6CB2ED12C1DE515
:10E0E000E12EF12C0EE511E021E041E952E463E07C
:10E0F00081E00E94B9508BEF0E94074680E00E94A9
:10E10000F84582E00E940A46C12CEE24EA9406E912
:10E1100020E040E066E98FEF0E94C245CC24C39422
:10E1200004EBE02E0EE120E040E060E08EEB0E9488
:10E13000C24582E0C82E98ECE92E08EC28EC48ECA9
:10E1400068EC88EC0E94C24520EEC22EDD24D394F8
:10E150003FEAE32EF12C01E010E021E049E752E430
:10E1600065E081E00E94B950C12CE12C00E026EE70
:10E170004FEF68E780E00E94C24585E00E94F845C5
:10E1800081E00E94044646EDC42EDD24D39452E281
:10E19000E52EFF24F39405E010E021E048E652E488
:10E1A00062E081E00E94B9509FEF2FE433EC915080
:10E1B00020403040E1F700C000000E9443238FEF71
:10E1C00097EA21E6815090402040E1F700C000002E
:10E1D0000E9461233FEF89E698E1315080409040F2
:10E1E000E1F700C00000C454DC4F0FB6F894DEBF66
:10E1F0000FBECDBFDF91CF911F910F91FF90EF9098
:10E20000DF90CF90BF90AF909F908F907F906F9056
:10E210005F904F90089582E00E9468220E94095CFE
:10E22000FFCF5058BB27AA270ED09BC164D130F036
:10E2300069D120F031F49F3F11F41EF459C10EF45E
:10E24000E095E7FB4FC1E92FAED180F3BA17620723
:10E2500073078407950718F071F49EF5C6C10EF494
:10E26000E0950B2EBA2FA02D0B01B90190010C01E6
:10E27000CA01A0011124FF27591B99F0593F50F4FE
:10E28000503E68F11A16F040A22F232F342F442756
:10E29000585FF3CF469537952795A795F04053954E
:10E2A000C9F77EF41F16BA0B620B730B840BBAF01E
:10E2B0009150A1F0FF0FBB1F661F771F881FC2F789
:10E2C0000EC0BA0F621F731F841F48F4879577959D
:10E2D0006795B795F7959E3F08F0B3CF9395880F54
:10E2E00008F09927EE0F979587950895D7D008F4F1
:10E2F00081E008950FD1E39545C10CD032C102D120
:10E3000040F0F9D030F021F45F3F19F0EBC051112B
:10E310006DC1EEC048D198F39923C9F35523B1F3E9
:10E32000951B550BBB27AA2762177307840738F084
:10E330009F5F5F4F220F331F441FAA1FA9F333D0E3
:10E340000E2E3AF0E0E830D091505040E695001C97
:10E35000CAF729D0FE2F27D0660F771F881FBB1F53
:10E36000261737074807AB07B0E809F0BB0B802D2D
:10E37000BF01FF2793585F4F2AF09E3F510568F079
:10E38000B1C034C15F3FECF3983EDCF386957795DE
:10E390006795B795F7959F5FC9F7880F911D96957B
:10E3A000879597F90895E1E0660F771F881FBB1FD7
:10E3B000621773078407BA0720F0621B730B840B84
:10E3C000BA0BEE1F88F7E0950895F5D088F09F57B7
:10E3D00090F0B92F9927B751A0F0D1F0660F771FB1
:10E3E000881F991F1AF0BA95C9F712C0B13081F091
:10E3F000FCD0B1E00895F9C0672F782F8827B85F67
:10E4000039F0B93FCCF3869577956795B395D9F7F1
:10E410003EF490958095709561957F4F8F4F9F4FFB
:10E420000895E89409C097FB3EF490958095709507
:10E4300061957F4F8F4F9F4F9923A9F0F92F96E950
:10E44000BB279395F695879577956795B795F111C5
:10E45000F8CFFAF4BB0F11F460FF1BC06F5F7F4F62
:10E460008F4F9F4F16C0882311F096E911C0772374
:10E4700021F09EE8872F762F05C0662371F096E87D
:10E48000862F70E060E02AF09A95660F771F881F4C
:10E49000DAF7880F9695879597F90895990F0008F0
:10E4A000550FAA0BE0E8FEEF16161706E807F90766
:10E4B000C0F012161306E407F50798F0621B730B01
:10E4C000840B950B39F40A2661F0232B242B252B82
:10E4D00021F408950A2609F4A140A6958FEF811D25
:10E4E000811D089597F99F6780E870E060E00895C6
:10E4F0009FEF80EC089500240A941616170618065C
:10E500000906089500240A94121613061406050637
:10E510000895EECF50D0E8F3E894E0E0BB279F5792
:10E52000F0F02AED3FE049EC06C0EE0FBB0F661F8E
:10E53000771F881F28F0B23A62077307840728F014
:10E54000B25A620B730B840BE3959A9572F780387D
:10E5500030F49A95BB0F661F771F881FD2F790483B
:10E56000B6C0092E0394000C11F4882352F0BB0F9F
:10E5700040F4BF2B11F460FF04C06F5F7F4F8F4FDB
:10E580009F4F0895EF93E0FF06C0A2EA2AED3FE017
:10E5900049EC5FEB58DEE5DF0F90039401FC9058E7
:10E5A000ECE8F0E0A0C057FD9058440F551F59F01B
:10E5B0005F3F71F04795880F97FB991F61F09F3F70
:10E5C00079F087950895121613061406551FF2CF99
:10E5D0004695F1DF08C0161617061806991FF1CFE9
:10E5E00086957105610508940895E894BB27662710
:10E5F0007727CB0197F908950BD0B3CF7CDF28F0B4
:10E6000081DF18F0952309F06DCF72CF1124EECF82
:10E61000CADFA0F3959FD1F3950F50E0551F629F7D
:10E62000F001729FBB27F00DB11D639FAA27F00D6B
:10E63000B11DAA1F649F6627B00DA11D661F829F92
:10E640002227B00DA11D621F739FB00DA11D621F77
:10E65000839FA00D611D221F749F3327A00D611D94
:10E66000231F849F600D211D822F762F6A2F112476
:10E670009F5750408AF0E1F088234AF0EE0FFF1FC9
:10E68000BB1F661F771F881F91505040A9F79E3F00
:10E69000510570F027CFAACF5F3FECF3983EDCF333
:10E6A000869577956795B795F795E7959F5FC1F73D
:10E6B000FE2B880F911D9695879597F908959F9346
:10E6C00029DF0F9007FCEE5F5DCF9F3F31F0915047
:10E6D00020F4879577956795B795880F911D969546
:10E6E000879597F908959F938F937F936F93FF93E7
:10E6F000EF939B01AC0180DFEF91FF9105D02F914B
:10E700003F914F915F9178CFDF93CF931F930F93FA
:10E71000FF92EF92DF927B018C01689405C0DA2EA4
:10E72000EF0176DFFE01E894A591259135914591A1
:10E730005591AEF3EF0187DDFE019701A801DA9450
:10E7400079F7DF90EF90FF900F911F91CF91DF91BC
:10E750000895AA1BBB1B51E107C0AA1FBB1FA61728
:10E76000B70710F0A61BB70B881F991F5A95A9F77A
:10E7700080959095BC01CD01089597FB072E16F466
:10E78000009406D077FD08D0E4DF07FC05D03EF406
:10E79000909581959F4F0895709561957F4F08954D
:10E7A000A1E21A2EAA1BBB1BFD010DC0AA1FBB1F95
:10E7B000EE1FFF1FA217B307E407F50720F0A21B07
:10E7C000B30BE40BF50B661F771F881F991F1A9474
:10E7D00069F760957095809590959B01AC01BD019E
:10E7E000CF010895A29FB001B39FC001A39F700DF8
:10E7F000811D1124911DB29F700D811D1124911D49
:10E800000895F0DFB7FF0895821B930B0895EADFA8
:10E81000A59F900DB49F900DA49F800D911D112474
:10E820000895EF920F931F93CF93DF93E80147FD75
:10E8300002C034E001C034E1042E000C550B57FF38
:10E8400003C0519541955109E32E022F242FAE01AB
:10E8500007D0CE01DF91CF911F910F91EF900895D6
:10E860008F929F92AF92BF92CF92DF92EF92FF92E0
:10E870000F931F93CF93DF93CDB7DEB729970FB6D2
:10E88000F894DEBF0FBECDBF6A01122FB02E2BE36E
:10E89000201720F0FF24F394F00E02C02CE3F22E98
:10E8A0000F2D27E0AE014F5F5F4F50D1BC01498172
:10E8B000842F8970813031F0E1FC06C0E0FE06C093
:10E8C00090E205C09DE203C09BE201C090E05E2D96
:10E8D000507143FF3CC0911102C083E001C084E04D
:10E8E000811718F4212F281B01C020E051110BC003
:10E8F000F601822F30E2882319F031938150FBCF4B
:10E90000C20ED11C20E0992329F0D6019C93F60178
:10E9100031966F01C6010396E2FE0AC03EE4D601BD
:10E920003C9341E411964C93119712963C9306C088
:10E930003EE6F601308341E641833283FC01322F0B
:10E9400040E2332309F442C041933150FACF42FFF1
:10E9500044C0911102C083E001C084E0811718F423
:10E96000212F281B01C020E051110BC0F601822F7E
:10E9700030E2882319F031938150FBCFC20ED11CB5
:10E9800020E0992329F0D6019C93F60131966F017E
:10E99000C6010396E2FE0BC039E4D6013C933EE487
:10E9A00011963C93119736E412963C9307C039E6D2
:10E9B000F60130833EE6318336E63283FC01322FA6
:10E9C00040E2332319F041933150FBCFFC01E20FB9
:10E9D000F11D10828EEF9FEFA6C021E030E0911173
:10E9E00002C020E030E0161617061CF4FB01319639
:10E9F00002C0E1E0F0E02E0F3F1FBB2021F0EB2D25
:10EA0000F0E0319602C0E0E0F0E02E0F3F1FE12F72
:10EA1000F0E02E173F071CF4121B212F01C020E04D
:10EA20008E2D887159F4F601822F30E2882319F077
:10EA300031938150FBCFC20ED11C20E0992329F0E5
:10EA4000D6019C93F60131966F0151110BC0F6016E
:10EA5000822F90E3882319F091938150FBCFC20E4F
:10EA6000D11C20E00F2D060F9A81342F307144FF06
:10EA700003C0913309F40150101624F4093018F042
:10EA800008E001C001E0AB0177FF02C040E050E0C8
:10EA9000FB01E41BF50BA1E0B0E0AC0FBD1FEA0FDA
:10EAA000FB1F8EE2A82E4B01801A91080B2D10E05F
:10EAB0001195019511094F3FBFEF5B0721F4D60176
:10EAC000AC9211966D01641775072CF084169506AB
:10EAD00014F4818101C080E3415051093196D6017F
:10EAE00011967D014017510724F0D6018C936701E0
:10EAF000E2CF6417750739F4963320F4953319F48F
:10EB0000311101C081E3F6018083F701822F90E289
:10EB1000882319F091938150FBCFF701E20FF11D8B
:10EB2000108280E090E029960FB6F894DEBF0FBE09
:10EB3000CDBFDF91CF911F910F91FF90EF90DF90AC
:10EB4000CF90BF90AF909F908F900895283008F09D
:10EB500027E03327DA01990F311D87FD9160009678
:10EB60006105710539F432602E5F3D9330E32A95DB
:10EB7000E1F708959F3F30F080387105610509F095
:10EB80003C5F3C5F3D93913008F08068911DDF93BE
:10EB9000CF931F930F93FF92EF92192F987F969523
:10EBA000E92F96959695E90FFF27EC5FFE4F992781
:10EBB0003327EE24FF24A701E7010590089407946A
:10EBC00028F4360FE71EF81E491F511D660F771FE8
:10EBD000881F991F0694A1F70590079428F4E70E63
:10EBE000F81E491F561FC11D770F881F991F661FEA
:10EBF0000694A1F70590079428F4F80E491F561FB4
:10EC0000C71FD11D880F991F661F771F0694A1F794
:10EC10000590079420F4490F561FC71FD81F990F5E
:10EC2000661F771F881F0694A9F7849110951770A7
:10EC300041F0D695C79557954795F794E7941A955F
:10EC4000C1F7EAEAF0E06894159015913591659165
:10EC5000959105907FE27395E118F10A430B560BED
:10EC6000C90BD009C0F7E10CF11E431F561FC91F85
:10EC7000D01D7EF4703311F48A95E6CFE8940150EC
:10EC800030F0080F0AF40027021708F4202F23950C
:10EC9000022F7A3328F079E37D932A95E9F710C0A3
:10ECA0007D932A9589F606949795679537951795DC
:10ECB0001794E118F10A430B560BC90BD00998F0D1
:10ECC00023957E9173957A3308F070E37C9320133B
:10ECD000B8F77E9170617D9330F0839571E37D93F9
:10ECE00070E32A95E1F71124EF90FF900F911F91A7
:10ECF000CF91DF91992787FD90950895F894FFCFE4
:04ED0000C4D9000072
:00000001FF
